{"type": "FeatureCollection", "features": [{"type": "Feature", "geometry": {"type": "Polygon", "coordinates": [[[121.25, 31.74], [121.25, 31.75], [121.26, 31.75], [121.26, 31.74], [121.25, 31.74]]]}, "properties": {"grid_id": "r015_c040", "phase": "morning_09h", "target_time": "2026-09-18 09:00:00+08:00", "hour": 9, "air_temperature_c": 26.18, "relative_humidity_pct": 72.0, "wind_speed_10m_ms": 1.66, "utci_c": 32.14, "p_base": 0.3985, "p_enhanced": 0.3271, "delta_p": -0.0714, "rel_mitigation_pct": 17.91, "risk_level": "high"}}, {"type": "Feature", "geometry": {"type": "Polygon", "coordinates": [[[121.21, 31.74], [121.22, 31.74], [121.22, 31.73240103623328], [121.213275, 31.733689], [121.21, 31.73785940554726], [121.21, 31.74]]]}, "properties": {"grid_id": "r016_c036", "phase": "morning_09h", "target_time": "2026-09-18 09:00:00+08:00", "hour": 9, "air_temperature_c": 26.18, "relative_humidity_pct": 72.0, "wind_speed_10m_ms": 1.66, "utci_c": 35.38, "p_base": 0.5834, "p_enhanced": 0.6302, "delta_p": 0.0468, "rel_mitigation_pct": -8.02, "risk_level": "high"}}, {"type": "Feature", "geometry": {"type": "Polygon", "coordinates": [[[121.23, 31.74], [121.24, 31.74], [121.24, 31.73], [121.23253681903644, 31.73], [121.23, 31.73048584847608], [121.23, 31.74]]]}, "properties": {"grid_id": "r016_c038", "phase": "morning_09h", "target_time": "2026-09-18 09:00:00+08:00", "hour": 9, "air_temperature_c": 26.18, "relative_humidity_pct": 72.0, "wind_speed_10m_ms": 1.66, "utci_c": 35.26, "p_base": 0.5767, "p_enhanced": 0.651, "delta_p": 0.0743, "rel_mitigation_pct": -12.88, "risk_level": "high"}}, {"type": "Feature", "geometry": {"type": "Polygon", "coordinates": [[[121.33, 31.7], [121.33, 31.71], [121.34, 31.71], [121.34, 31.7], [121.33, 31.7]]]}, "properties": {"grid_id": "r019_c048", "phase": "morning_09h", "target_time": "2026-09-18 09:00:00+08:00", "hour": 9, "air_temperature_c": 26.18, "relative_humidity_pct": 72.0, "wind_speed_10m_ms": 1.66, "utci_c": 35.45, "p_base": 0.5876, "p_enhanced": 0.6446, "delta_p": 0.0571, "rel_mitigation_pct": -9.71, "risk_level": "high"}}, {"type": "Feature", "geometry": {"type": "Polygon", "coordinates": [[[121.42, 31.68], [121.42, 31.69], [121.43, 31.69], [121.43, 31.68], [121.42, 31.68]]]}, "properties": {"grid_id": "r021_c057", "phase": "morning_09h", "target_time": "2026-09-18 09:00:00+08:00", "hour": 9, "air_temperature_c": 26.18, "relative_humidity_pct": 72.0, "wind_speed_10m_ms": 1.66, "utci_c": 35.43, "p_base": 0.5865, "p_enhanced": 0.641, "delta_p": 0.0545, "rel_mitigation_pct": -9.29, "risk_level": "high"}}, {"type": "Feature", "geometry": {"type": "Polygon", "coordinates": [[[121.47, 31.68], [121.47, 31.69], [121.48, 31.69], [121.48, 31.68], [121.47, 31.68]]]}, "properties": {"grid_id": "r021_c062", "phase": "morning_09h", "target_time": "2026-09-18 09:00:00+08:00", "hour": 9, "air_temperature_c": 26.18, "relative_humidity_pct": 72.0, "wind_speed_10m_ms": 1.66, "utci_c": 34.16, "p_base": 0.5121, "p_enhanced": 0.6648, "delta_p": 0.1526, "rel_mitigation_pct": -29.8, "risk_level": "high"}}, {"type": "Feature", "geometry": {"type": "Polygon", "coordinates": [[[121.47, 31.67], [121.47, 31.68], [121.48, 31.68], [121.48, 31.67], [121.47, 31.67]]]}, "properties": {"grid_id": "r022_c062", "phase": "morning_09h", "target_time": "2026-09-18 09:00:00+08:00", "hour": 9, "air_temperature_c": 26.18, "relative_humidity_pct": 72.0, "wind_speed_10m_ms": 1.66, "utci_c": 35.14, "p_base": 0.5696, "p_enhanced": 0.6336, "delta_p": 0.064, "rel_mitigation_pct": -11.24, "risk_level": "high"}}, {"type": "Feature", "geometry": {"type": "Polygon", "coordinates": [[[121.46, 31.66], [121.46, 31.67], [121.47, 31.67], [121.47, 31.66], [121.46, 31.66]]]}, "properties": {"grid_id": "r023_c061", "phase": "morning_09h", "target_time": "2026-09-18 09:00:00+08:00", "hour": 9, "air_temperature_c": 26.18, "relative_humidity_pct": 72.0, "wind_speed_10m_ms": 1.66, "utci_c": 35.45, "p_base": 0.5877, "p_enhanced": 0.6446, "delta_p": 0.0569, "rel_mitigation_pct": -9.68, "risk_level": "high"}}, {"type": "Feature", "geometry": {"type": "Polygon", "coordinates": [[[121.49, 31.65], [121.49, 31.66], [121.5, 31.66], [121.5, 31.65], [121.49, 31.65]]]}, "properties": {"grid_id": "r024_c064", "phase": "morning_09h", "target_time": "2026-09-18 09:00:00+08:00", "hour": 9, "air_temperature_c": 26.18, "relative_humidity_pct": 72.0, "wind_speed_10m_ms": 1.66, "utci_c": 35.45, "p_base": 0.5876, "p_enhanced": 0.6446, "delta_p": 0.0571, "rel_mitigation_pct": -9.71, "risk_level": "high"}}, {"type": "Feature", "geometry": {"type": "Polygon", "coordinates": [[[121.56, 31.64], [121.56, 31.65], [121.57, 31.65], [121.57, 31.64], [121.56, 31.64]]]}, "properties": {"grid_id": "r025_c071", "phase": "morning_09h", "target_time": "2026-09-18 09:00:00+08:00", "hour": 9, "air_temperature_c": 26.18, "relative_humidity_pct": 72.0, "wind_speed_10m_ms": 1.66, "utci_c": 35.45, "p_base": 0.5876, "p_enhanced": 0.6446, "delta_p": 0.0571, "rel_mitigation_pct": -9.71, "risk_level": "high"}}, {"type": "Feature", "geometry": {"type": "Polygon", "coordinates": [[[121.39, 31.63], [121.4, 31.63], [121.4, 31.62], [121.39686060949383, 31.62], [121.39, 31.623211543520505], [121.39, 31.63]]]}, "properties": {"grid_id": "r027_c054", "phase": "morning_09h", "target_time": "2026-09-18 09:00:00+08:00", "hour": 9, "air_temperature_c": 26.18, "relative_humidity_pct": 72.0, "wind_speed_10m_ms": 1.66, "utci_c": 35.6, "p_base": 0.5966, "p_enhanced": 0.639, "delta_p": 0.0424, "rel_mitigation_pct": -7.11, "risk_level": "high"}}, {"type": "Feature", "geometry": {"type": "Polygon", "coordinates": [[[121.41, 31.62], [121.41, 31.63], [121.42, 31.63], [121.42, 31.62], [121.41, 31.62]]]}, "properties": {"grid_id": "r027_c056", "phase": "morning_09h", "target_time": "2026-09-18 09:00:00+08:00", "hour": 9, "air_temperature_c": 26.18, "relative_humidity_pct": 72.0, "wind_speed_10m_ms": 1.66, "utci_c": 34.93, "p_base": 0.5571, "p_enhanced": 0.5765, "delta_p": 0.0194, "rel_mitigation_pct": -3.48, "risk_level": "high"}}, {"type": "Feature", "geometry": {"type": "Polygon", "coordinates": [[[121.42, 31.62], [121.42, 31.63], [121.43, 31.63], [121.43, 31.62], [121.42, 31.62]]]}, "properties": {"grid_id": "r027_c057", "phase": "morning_09h", "target_time": "2026-09-18 09:00:00+08:00", "hour": 9, "air_temperature_c": 26.18, "relative_humidity_pct": 72.0, "wind_speed_10m_ms": 1.66, "utci_c": 35.38, "p_base": 0.5834, "p_enhanced": 0.6396, "delta_p": 0.0561, "rel_mitigation_pct": -9.62, "risk_level": "high"}}, {"type": "Feature", "geometry": {"type": "Polygon", "coordinates": [[[121.51, 31.6], [121.51, 31.61], [121.52, 31.61], [121.52, 31.6], [121.51, 31.6]]]}, "properties": {"grid_id": "r029_c066", "phase": "morning_09h", "target_time": "2026-09-18 09:00:00+08:00", "hour": 9, "air_temperature_c": 26.18, "relative_humidity_pct": 72.0, "wind_speed_10m_ms": 1.66, "utci_c": 35.39, "p_base": 0.5838, "p_enhanced": 0.6318, "delta_p": 0.048, "rel_mitigation_pct": -8.22, "risk_level": "high"}}, {"type": "Feature", "geometry": {"type": "Polygon", "coordinates": [[[121.63, 31.57], [121.63, 31.58], [121.64, 31.58], [121.64, 31.57], [121.63, 31.57]]]}, "properties": {"grid_id": "r032_c078", "phase": "morning_09h", "target_time": "2026-09-18 09:00:00+08:00", "hour": 9, "air_temperature_c": 26.18, "relative_humidity_pct": 72.0, "wind_speed_10m_ms": 1.66, "utci_c": 35.32, "p_base": 0.5801, "p_enhanced": 0.6185, "delta_p": 0.0385, "rel_mitigation_pct": -6.63, "risk_level": "high"}}, {"type": "Feature", "geometry": {"type": "Polygon", "coordinates": [[[121.85, 31.53], [121.85, 31.54], [121.86, 31.54], [121.86, 31.53], [121.85, 31.53]]]}, "properties": {"grid_id": "r036_c100", "phase": "morning_09h", "target_time": "2026-09-18 09:00:00+08:00", "hour": 9, "air_temperature_c": 26.18, "relative_humidity_pct": 72.0, "wind_speed_10m_ms": 1.66, "utci_c": 35.28, "p_base": 0.5778, "p_enhanced": 0.6475, "delta_p": 0.0697, "rel_mitigation_pct": -12.06, "risk_level": "high"}}, {"type": "Feature", "geometry": {"type": "Polygon", "coordinates": [[[121.83, 31.52], [121.83, 31.53], [121.84, 31.53], [121.84, 31.52], [121.83, 31.52]]]}, "properties": {"grid_id": "r037_c098", "phase": "morning_09h", "target_time": "2026-09-18 09:00:00+08:00", "hour": 9, "air_temperature_c": 26.18, "relative_humidity_pct": 72.0, "wind_speed_10m_ms": 1.66, "utci_c": 35.37, "p_base": 0.583, "p_enhanced": 0.6287, "delta_p": 0.0458, "rel_mitigation_pct": -7.85, "risk_level": "high"}}, {"type": "Feature", "geometry": {"type": "Polygon", "coordinates": [[[121.94, 31.51], [121.94, 31.52], [121.95, 31.52], [121.95, 31.51], [121.94, 31.51]]]}, "properties": {"grid_id": "r038_c109", "phase": "morning_09h", "target_time": "2026-09-18 09:00:00+08:00", "hour": 9, "air_temperature_c": 26.18, "relative_humidity_pct": 72.0, "wind_speed_10m_ms": 1.66, "utci_c": 34.21, "p_base": 0.5147, "p_enhanced": 0.6139, "delta_p": 0.0992, "rel_mitigation_pct": -19.27, "risk_level": "high"}}, {"type": "Feature", "geometry": {"type": "Polygon", "coordinates": [[[121.95, 31.51], [121.95, 31.52], [121.96, 31.52], [121.96, 31.51], [121.95, 31.51]]]}, "properties": {"grid_id": "r038_c110", "phase": "morning_09h", "target_time": "2026-09-18 09:00:00+08:00", "hour": 9, "air_temperature_c": 26.18, "relative_humidity_pct": 72.0, "wind_speed_10m_ms": 1.66, "utci_c": 32.81, "p_base": 0.4351, "p_enhanced": 0.4072, "delta_p": -0.0279, "rel_mitigation_pct": 6.41, "risk_level": "high"}}, {"type": "Feature", "geometry": {"type": "Polygon", "coordinates": [[[121.3, 31.49], [121.3, 31.5], [121.31, 31.5], [121.31, 31.49], [121.3, 31.49]]]}, "properties": {"grid_id": "r040_c045", "phase": "morning_09h", "target_time": "2026-09-18 09:00:00+08:00", "hour": 9, "air_temperature_c": 26.18, "relative_humidity_pct": 72.0, "wind_speed_10m_ms": 1.66, "utci_c": 35.45, "p_base": 0.5876, "p_enhanced": 0.6446, "delta_p": 0.0571, "rel_mitigation_pct": -9.71, "risk_level": "high"}}, {"type": "Feature", "geometry": {"type": "Polygon", "coordinates": [[[121.29, 31.49], [121.29, 31.48], [121.28, 31.48], [121.28, 31.48745662042014], [121.28759661160615, 31.49], [121.29, 31.49]]]}, "properties": {"grid_id": "r041_c043", "phase": "morning_09h", "target_time": "2026-09-18 09:00:00+08:00", "hour": 9, "air_temperature_c": 26.18, "relative_humidity_pct": 72.0, "wind_speed_10m_ms": 1.66, "utci_c": 35.45, "p_base": 0.5876, "p_enhanced": 0.6446, "delta_p": 0.0571, "rel_mitigation_pct": -9.71, "risk_level": "high"}}, {"type": "Feature", "geometry": {"type": "Polygon", "coordinates": [[[121.82, 31.48], [121.82, 31.49], [121.83, 31.49], [121.83, 31.48], [121.82, 31.48]]]}, "properties": {"grid_id": "r041_c097", "phase": "morning_09h", "target_time": "2026-09-18 09:00:00+08:00", "hour": 9, "air_temperature_c": 26.18, "relative_humidity_pct": 72.0, "wind_speed_10m_ms": 1.66, "utci_c": 35.2, "p_base": 0.5729, "p_enhanced": 0.5777, "delta_p": 0.0048, "rel_mitigation_pct": -0.84, "risk_level": "high"}}, {"type": "Feature", "geometry": {"type": "Polygon", "coordinates": [[[121.79, 31.46], [121.79, 31.47], [121.8, 31.47], [121.8, 31.46], [121.79, 31.46]]]}, "properties": {"grid_id": "r043_c094", "phase": "morning_09h", "target_time": "2026-09-18 09:00:00+08:00", "hour": 9, "air_temperature_c": 26.18, "relative_humidity_pct": 72.0, "wind_speed_10m_ms": 1.66, "utci_c": 35.26, "p_base": 0.5766, "p_enhanced": 0.6244, "delta_p": 0.0478, "rel_mitigation_pct": -8.29, "risk_level": "high"}}, {"type": "Feature", "geometry": {"type": "Polygon", "coordinates": [[[121.81, 31.46], [121.81, 31.47], [121.82, 31.47], [121.82, 31.46], [121.81, 31.46]]]}, "properties": {"grid_id": "r043_c096", "phase": "morning_09h", "target_time": "2026-09-18 09:00:00+08:00", "hour": 9, "air_temperature_c": 26.18, "relative_humidity_pct": 72.0, "wind_speed_10m_ms": 1.66, "utci_c": 35.29, "p_base": 0.5782, "p_enhanced": 0.6121, "delta_p": 0.0339, "rel_mitigation_pct": -5.86, "risk_level": "high"}}, {"type": "Feature", "geometry": {"type": "Polygon", "coordinates": [[[121.34, 31.43], [121.34, 31.44], [121.35, 31.44], [121.35, 31.43], [121.34, 31.43]]]}, "properties": {"grid_id": "r046_c049", "phase": "morning_09h", "target_time": "2026-09-18 09:00:00+08:00", "hour": 9, "air_temperature_c": 26.18, "relative_humidity_pct": 72.0, "wind_speed_10m_ms": 1.66, "utci_c": 35.07, "p_base": 0.5653, "p_enhanced": 0.6594, "delta_p": 0.0941, "rel_mitigation_pct": -16.65, "risk_level": "high"}}, {"type": "Feature", "geometry": {"type": "Polygon", "coordinates": [[[121.33, 31.42], [121.33, 31.43], [121.34, 31.43], [121.34, 31.42], [121.33, 31.42]]]}, "properties": {"grid_id": "r047_c048", "phase": "morning_09h", "target_time": "2026-09-18 09:00:00+08:00", "hour": 9, "air_temperature_c": 26.18, "relative_humidity_pct": 72.0, "wind_speed_10m_ms": 1.66, "utci_c": 35.45, "p_base": 0.5876, "p_enhanced": 0.6446, "delta_p": 0.0571, "rel_mitigation_pct": -9.71, "risk_level": "high"}}, {"type": "Feature", "geometry": {"type": "Polygon", "coordinates": [[[121.33, 31.41], [121.33, 31.42], [121.34, 31.42], [121.34, 31.41], [121.33, 31.41]]]}, "properties": {"grid_id": "r048_c048", "phase": "morning_09h", "target_time": "2026-09-18 09:00:00+08:00", "hour": 9, "air_temperature_c": 26.18, "relative_humidity_pct": 72.0, "wind_speed_10m_ms": 1.66, "utci_c": 35.35, "p_base": 0.5815, "p_enhanced": 0.6237, "delta_p": 0.0422, "rel_mitigation_pct": -7.26, "risk_level": "high"}}, {"type": "Feature", "geometry": {"type": "Polygon", "coordinates": [[[121.47, 31.41], [121.47, 31.42], [121.48, 31.42], [121.48, 31.41], [121.47, 31.41]]]}, "properties": {"grid_id": "r048_c062", "phase": "morning_09h", "target_time": "2026-09-18 09:00:00+08:00", "hour": 9, "air_temperature_c": 26.18, "relative_humidity_pct": 72.0, "wind_speed_10m_ms": 1.66, "utci_c": 35.26, "p_base": 0.5763, "p_enhanced": 0.6521, "delta_p": 0.0759, "rel_mitigation_pct": -13.16, "risk_level": "high"}}, {"type": "Feature", "geometry": {"type": "Polygon", "coordinates": [[[121.49, 31.41], [121.48, 31.41], [121.48, 31.42], [121.48375298797204, 31.42], [121.489165, 31.416353], [121.49, 31.41530457020918], [121.49, 31.41]]]}, "properties": {"grid_id": "r048_c063", "phase": "morning_09h", "target_time": "2026-09-18 09:00:00+08:00", "hour": 9, "air_temperature_c": 26.18, "relative_humidity_pct": 72.0, "wind_speed_10m_ms": 1.66, "utci_c": 35.23, "p_base": 0.5745, "p_enhanced": 0.645, "delta_p": 0.0704, "rel_mitigation_pct": -12.26, "risk_level": "high"}}, {"type": "Feature", "geometry": {"type": "Polygon", "coordinates": [[[121.23, 31.4], [121.23, 31.41], [121.24, 31.41], [121.24, 31.4], [121.23, 31.4]]]}, "properties": {"grid_id": "r049_c038", "phase": "morning_09h", "target_time": "2026-09-18 09:00:00+08:00", "hour": 9, "air_temperature_c": 26.18, "relative_humidity_pct": 72.0, "wind_speed_10m_ms": 1.66, "utci_c": 35.08, "p_base": 0.5656, "p_enhanced": 0.6184, "delta_p": 0.0528, "rel_mitigation_pct": -9.33, "risk_level": "high"}}, {"type": "Feature", "geometry": {"type": "Polygon", "coordinates": [[[121.35, 31.4], [121.35, 31.41], [121.36, 31.41], [121.36, 31.4], [121.35, 31.4]]]}, "properties": {"grid_id": "r049_c050", "phase": "morning_09h", "target_time": "2026-09-18 09:00:00+08:00", "hour": 9, "air_temperature_c": 26.18, "relative_humidity_pct": 72.0, "wind_speed_10m_ms": 1.66, "utci_c": 35.2, "p_base": 0.5726, "p_enhanced": 0.6112, "delta_p": 0.0385, "rel_mitigation_pct": -6.72, "risk_level": "high"}}, {"type": "Feature", "geometry": {"type": "Polygon", "coordinates": [[[121.69, 31.4], [121.69, 31.41], [121.7, 31.41], [121.7, 31.4], [121.69, 31.4]]]}, "properties": {"grid_id": "r049_c084", "phase": "morning_09h", "target_time": "2026-09-18 09:00:00+08:00", "hour": 9, "air_temperature_c": 26.18, "relative_humidity_pct": 72.0, "wind_speed_10m_ms": 1.66, "utci_c": 34.38, "p_base": 0.5249, "p_enhanced": 0.6772, "delta_p": 0.1523, "rel_mitigation_pct": -29.02, "risk_level": "high"}}, {"type": "Feature", "geometry": {"type": "Polygon", "coordinates": [[[121.7, 31.4], [121.7, 31.41], [121.71, 31.41], [121.71, 31.4], [121.7, 31.4]]]}, "properties": {"grid_id": "r049_c085", "phase": "morning_09h", "target_time": "2026-09-18 09:00:00+08:00", "hour": 9, "air_temperature_c": 26.18, "relative_humidity_pct": 72.0, "wind_speed_10m_ms": 1.66, "utci_c": 33.69, "p_base": 0.4848, "p_enhanced": 0.6732, "delta_p": 0.1884, "rel_mitigation_pct": -38.86, "risk_level": "high"}}, {"type": "Feature", "geometry": {"type": "Polygon", "coordinates": [[[121.72, 31.4], [121.71, 31.4], [121.71, 31.41], [121.71852895582931, 31.41], [121.72, 31.409345531571713], [121.72, 31.4]]]}, "properties": {"grid_id": "r049_c086", "phase": "morning_09h", "target_time": "2026-09-18 09:00:00+08:00", "hour": 9, "air_temperature_c": 26.18, "relative_humidity_pct": 72.0, "wind_speed_10m_ms": 1.66, "utci_c": 33.82, "p_base": 0.4919, "p_enhanced": 0.6096, "delta_p": 0.1177, "rel_mitigation_pct": -23.92, "risk_level": "high"}}, {"type": "Feature", "geometry": {"type": "Polygon", "coordinates": [[[121.47, 31.39], [121.47, 31.4], [121.48, 31.4], [121.48, 31.39], [121.47, 31.39]]]}, "properties": {"grid_id": "r050_c062", "phase": "morning_09h", "target_time": "2026-09-18 09:00:00+08:00", "hour": 9, "air_temperature_c": 26.18, "relative_humidity_pct": 72.0, "wind_speed_10m_ms": 1.66, "utci_c": 35.51, "p_base": 0.5909, "p_enhanced": 0.6427, "delta_p": 0.0518, "rel_mitigation_pct": -8.77, "risk_level": "high"}}, {"type": "Feature", "geometry": {"type": "Polygon", "coordinates": [[[121.7, 31.39], [121.7, 31.4], [121.71, 31.4], [121.71, 31.39], [121.7, 31.39]]]}, "properties": {"grid_id": "r050_c085", "phase": "morning_09h", "target_time": "2026-09-18 09:00:00+08:00", "hour": 9, "air_temperature_c": 26.18, "relative_humidity_pct": 72.0, "wind_speed_10m_ms": 1.66, "utci_c": 35.11, "p_base": 0.5674, "p_enhanced": 0.6375, "delta_p": 0.0701, "rel_mitigation_pct": -12.36, "risk_level": "high"}}, {"type": "Feature", "geometry": {"type": "Polygon", "coordinates": [[[121.23, 31.38], [121.23, 31.39], [121.24, 31.39], [121.24, 31.38], [121.23, 31.38]]]}, "properties": {"grid_id": "r051_c038", "phase": "morning_09h", "target_time": "2026-09-18 09:00:00+08:00", "hour": 9, "air_temperature_c": 26.18, "relative_humidity_pct": 72.0, "wind_speed_10m_ms": 1.66, "utci_c": 35.35, "p_base": 0.5817, "p_enhanced": 0.6256, "delta_p": 0.0439, "rel_mitigation_pct": -7.55, "risk_level": "high"}}, {"type": "Feature", "geometry": {"type": "Polygon", "coordinates": [[[121.24, 31.38], [121.24, 31.39], [121.25, 31.39], [121.25, 31.38], [121.24, 31.38]]]}, "properties": {"grid_id": "r051_c039", "phase": "morning_09h", "target_time": "2026-09-18 09:00:00+08:00", "hour": 9, "air_temperature_c": 26.18, "relative_humidity_pct": 72.0, "wind_speed_10m_ms": 1.66, "utci_c": 35.44, "p_base": 0.5868, "p_enhanced": 0.6427, "delta_p": 0.0559, "rel_mitigation_pct": -9.54, "risk_level": "high"}}, {"type": "Feature", "geometry": {"type": "Polygon", "coordinates": [[[121.31, 31.38], [121.31, 31.39], [121.32, 31.39], [121.32, 31.38], [121.31, 31.38]]]}, "properties": {"grid_id": "r051_c046", "phase": "morning_09h", "target_time": "2026-09-18 09:00:00+08:00", "hour": 9, "air_temperature_c": 26.18, "relative_humidity_pct": 72.0, "wind_speed_10m_ms": 1.66, "utci_c": 35.45, "p_base": 0.5876, "p_enhanced": 0.6446, "delta_p": 0.0571, "rel_mitigation_pct": -9.71, "risk_level": "high"}}, {"type": "Feature", "geometry": {"type": "Polygon", "coordinates": [[[121.52, 31.38], [121.51, 31.38], [121.51, 31.39], [121.51015329620499, 31.39], [121.510487, 31.389581], [121.52, 31.389588318943407], [121.52, 31.38]]]}, "properties": {"grid_id": "r051_c066", "phase": "morning_09h", "target_time": "2026-09-18 09:00:00+08:00", "hour": 9, "air_temperature_c": 26.18, "relative_humidity_pct": 72.0, "wind_speed_10m_ms": 1.66, "utci_c": 34.39, "p_base": 0.5255, "p_enhanced": 0.5544, "delta_p": 0.0289, "rel_mitigation_pct": -5.51, "risk_level": "high"}}, {"type": "Feature", "geometry": {"type": "Polygon", "coordinates": [[[121.53, 31.38], [121.52, 31.38], [121.52, 31.389588318943407], [121.522185, 31.38959], [121.53, 31.387382108905328], [121.53, 31.38]]]}, "properties": {"grid_id": "r051_c067", "phase": "morning_09h", "target_time": "2026-09-18 09:00:00+08:00", "hour": 9, "air_temperature_c": 26.18, "relative_humidity_pct": 72.0, "wind_speed_10m_ms": 1.66, "utci_c": 33.79, "p_base": 0.4904, "p_enhanced": 0.68, "delta_p": 0.1896, "rel_mitigation_pct": -38.66, "risk_level": "high"}}, {"type": "Feature", "geometry": {"type": "Polygon", "coordinates": [[[121.54, 31.38], [121.53, 31.38], [121.53, 31.387382108905328], [121.54, 31.38455691236705], [121.54, 31.38]]]}, "properties": {"grid_id": "r051_c068", "phase": "morning_09h", "target_time": "2026-09-18 09:00:00+08:00", "hour": 9, "air_temperature_c": 26.18, "relative_humidity_pct": 72.0, "wind_speed_10m_ms": 1.66, "utci_c": 34.7, "p_base": 0.5435, "p_enhanced": 0.6682, "delta_p": 0.1247, "rel_mitigation_pct": -22.95, "risk_level": "high"}}, {"type": "Feature", "geometry": {"type": "Polygon", "coordinates": [[[121.7, 31.38], [121.7, 31.39], [121.71, 31.39], [121.71, 31.38], [121.7, 31.38]]]}, "properties": {"grid_id": "r051_c085", "phase": "morning_09h", "target_time": "2026-09-18 09:00:00+08:00", "hour": 9, "air_temperature_c": 26.18, "relative_humidity_pct": 72.0, "wind_speed_10m_ms": 1.66, "utci_c": 35.28, "p_base": 0.5773, "p_enhanced": 0.6285, "delta_p": 0.0512, "rel_mitigation_pct": -8.87, "risk_level": "high"}}, {"type": "Feature", "geometry": {"type": "Polygon", "coordinates": [[[121.52, 31.37], [121.52, 31.38], [121.53, 31.38], [121.53, 31.37], [121.52, 31.37]]]}, "properties": {"grid_id": "r052_c067", "phase": "morning_09h", "target_time": "2026-09-18 09:00:00+08:00", "hour": 9, "air_temperature_c": 26.18, "relative_humidity_pct": 72.0, "wind_speed_10m_ms": 1.66, "utci_c": 35.02, "p_base": 0.5621, "p_enhanced": 0.6615, "delta_p": 0.0994, "rel_mitigation_pct": -17.68, "risk_level": "high"}}, {"type": "Feature", "geometry": {"type": "Polygon", "coordinates": [[[121.25, 31.36], [121.25, 31.37], [121.26, 31.37], [121.26, 31.36], [121.25, 31.36]]]}, "properties": {"grid_id": "r053_c040", "phase": "morning_09h", "target_time": "2026-09-18 09:00:00+08:00", "hour": 9, "air_temperature_c": 26.18, "relative_humidity_pct": 72.0, "wind_speed_10m_ms": 1.66, "utci_c": 35.32, "p_base": 0.5802, "p_enhanced": 0.6359, "delta_p": 0.0558, "rel_mitigation_pct": -9.61, "risk_level": "high"}}, {"type": "Feature", "geometry": {"type": "Polygon", "coordinates": [[[121.42, 31.36], [121.42, 31.37], [121.43, 31.37], [121.43, 31.36], [121.42, 31.36]]]}, "properties": {"grid_id": "r053_c057", "phase": "morning_09h", "target_time": "2026-09-18 09:00:00+08:00", "hour": 9, "air_temperature_c": 26.18, "relative_humidity_pct": 72.0, "wind_speed_10m_ms": 1.66, "utci_c": 35.46, "p_base": 0.5881, "p_enhanced": 0.6444, "delta_p": 0.0563, "rel_mitigation_pct": -9.57, "risk_level": "high"}}, {"type": "Feature", "geometry": {"type": "Polygon", "coordinates": [[[121.36, 31.35], [121.36, 31.36], [121.37, 31.36], [121.37, 31.35], [121.36, 31.35]]]}, "properties": {"grid_id": "r054_c051", "phase": "morning_09h", "target_time": "2026-09-18 09:00:00+08:00", "hour": 9, "air_temperature_c": 26.18, "relative_humidity_pct": 72.0, "wind_speed_10m_ms": 1.66, "utci_c": 35.45, "p_base": 0.5876, "p_enhanced": 0.6446, "delta_p": 0.0571, "rel_mitigation_pct": -9.71, "risk_level": "high"}}, {"type": "Feature", "geometry": {"type": "Polygon", "coordinates": [[[121.42, 31.35], [121.42, 31.36], [121.43, 31.36], [121.43, 31.35], [121.42, 31.35]]]}, "properties": {"grid_id": "r054_c057", "phase": "morning_09h", "target_time": "2026-09-18 09:00:00+08:00", "hour": 9, "air_temperature_c": 26.18, "relative_humidity_pct": 72.0, "wind_speed_10m_ms": 1.66, "utci_c": 34.98, "p_base": 0.5598, "p_enhanced": 0.663, "delta_p": 0.1031, "rel_mitigation_pct": -18.42, "risk_level": "high"}}, {"type": "Feature", "geometry": {"type": "Polygon", "coordinates": [[[121.78, 31.35], [121.78, 31.36], [121.78667307180206, 31.36], [121.786709, 31.359951], [121.78777437729488, 31.35], [121.78, 31.35]]]}, "properties": {"grid_id": "r054_c093", "phase": "morning_09h", "target_time": "2026-09-18 09:00:00+08:00", "hour": 9, "air_temperature_c": 26.18, "relative_humidity_pct": 72.0, "wind_speed_10m_ms": 1.66, "utci_c": 35.22, "p_base": 0.574, "p_enhanced": 0.6118, "delta_p": 0.0378, "rel_mitigation_pct": -6.59, "risk_level": "high"}}, {"type": "Feature", "geometry": {"type": "Polygon", "coordinates": [[[121.36, 31.34], [121.36, 31.35], [121.37, 31.35], [121.37, 31.34], [121.36, 31.34]]]}, "properties": {"grid_id": "r055_c051", "phase": "morning_09h", "target_time": "2026-09-18 09:00:00+08:00", "hour": 9, "air_temperature_c": 26.18, "relative_humidity_pct": 72.0, "wind_speed_10m_ms": 1.66, "utci_c": 34.63, "p_base": 0.5397, "p_enhanced": 0.6369, "delta_p": 0.0971, "rel_mitigation_pct": -18.0, "risk_level": "high"}}, {"type": "Feature", "geometry": {"type": "Polygon", "coordinates": [[[121.42, 31.34], [121.42, 31.35], [121.43, 31.35], [121.43, 31.34], [121.42, 31.34]]]}, "properties": {"grid_id": "r055_c057", "phase": "morning_09h", "target_time": "2026-09-18 09:00:00+08:00", "hour": 9, "air_temperature_c": 26.18, "relative_humidity_pct": 72.0, "wind_speed_10m_ms": 1.66, "utci_c": 35.18, "p_base": 0.5719, "p_enhanced": 0.5973, "delta_p": 0.0254, "rel_mitigation_pct": -4.44, "risk_level": "high"}}, {"type": "Feature", "geometry": {"type": "Polygon", "coordinates": [[[121.43, 31.34], [121.43, 31.35], [121.44, 31.35], [121.44, 31.34], [121.43, 31.34]]]}, "properties": {"grid_id": "r055_c058", "phase": "morning_09h", "target_time": "2026-09-18 09:00:00+08:00", "hour": 9, "air_temperature_c": 26.18, "relative_humidity_pct": 72.0, "wind_speed_10m_ms": 1.66, "utci_c": 35.24, "p_base": 0.5754, "p_enhanced": 0.5929, "delta_p": 0.0175, "rel_mitigation_pct": -3.04, "risk_level": "high"}}, {"type": "Feature", "geometry": {"type": "Polygon", "coordinates": [[[121.44, 31.34], [121.44, 31.35], [121.45, 31.35], [121.45, 31.34], [121.44, 31.34]]]}, "properties": {"grid_id": "r055_c059", "phase": "morning_09h", "target_time": "2026-09-18 09:00:00+08:00", "hour": 9, "air_temperature_c": 26.18, "relative_humidity_pct": 72.0, "wind_speed_10m_ms": 1.66, "utci_c": 35.23, "p_base": 0.5746, "p_enhanced": 0.6274, "delta_p": 0.0528, "rel_mitigation_pct": -9.19, "risk_level": "high"}}, {"type": "Feature", "geometry": {"type": "Polygon", "coordinates": [[[121.46, 31.34], [121.46, 31.35], [121.47, 31.35], [121.47, 31.34], [121.46, 31.34]]]}, "properties": {"grid_id": "r055_c061", "phase": "morning_09h", "target_time": "2026-09-18 09:00:00+08:00", "hour": 9, "air_temperature_c": 26.18, "relative_humidity_pct": 72.0, "wind_speed_10m_ms": 1.66, "utci_c": 35.4, "p_base": 0.5845, "p_enhanced": 0.6468, "delta_p": 0.0622, "rel_mitigation_pct": -10.65, "risk_level": "high"}}, {"type": "Feature", "geometry": {"type": "Polygon", "coordinates": [[[121.48, 31.34], [121.48, 31.35], [121.49, 31.35], [121.49, 31.34], [121.48, 31.34]]]}, "properties": {"grid_id": "r055_c063", "phase": "morning_09h", "target_time": "2026-09-18 09:00:00+08:00", "hour": 9, "air_temperature_c": 26.18, "relative_humidity_pct": 72.0, "wind_speed_10m_ms": 1.66, "utci_c": 35.52, "p_base": 0.5919, "p_enhanced": 0.6298, "delta_p": 0.0378, "rel_mitigation_pct": -6.39, "risk_level": "high"}}, {"type": "Feature", "geometry": {"type": "Polygon", "coordinates": [[[121.49, 31.34], [121.49, 31.35], [121.5, 31.35], [121.5, 31.34], [121.49, 31.34]]]}, "properties": {"grid_id": "r055_c064", "phase": "morning_09h", "target_time": "2026-09-18 09:00:00+08:00", "hour": 9, "air_temperature_c": 26.18, "relative_humidity_pct": 72.0, "wind_speed_10m_ms": 1.66, "utci_c": 35.48, "p_base": 0.5894, "p_enhanced": 0.626, "delta_p": 0.0365, "rel_mitigation_pct": -6.2, "risk_level": "high"}}, {"type": "Feature", "geometry": {"type": "Polygon", "coordinates": [[[121.57, 31.34], [121.57, 31.35], [121.58, 31.35], [121.58, 31.34], [121.57, 31.34]]]}, "properties": {"grid_id": "r055_c072", "phase": "morning_09h", "target_time": "2026-09-18 09:00:00+08:00", "hour": 9, "air_temperature_c": 26.18, "relative_humidity_pct": 72.0, "wind_speed_10m_ms": 1.66, "utci_c": 35.46, "p_base": 0.5881, "p_enhanced": 0.6212, "delta_p": 0.0331, "rel_mitigation_pct": -5.63, "risk_level": "high"}}, {"type": "Feature", "geometry": {"type": "Polygon", "coordinates": [[[121.22, 31.33], [121.22, 31.34], [121.23, 31.34], [121.23, 31.33], [121.22, 31.33]]]}, "properties": {"grid_id": "r056_c037", "phase": "morning_09h", "target_time": "2026-09-18 09:00:00+08:00", "hour": 9, "air_temperature_c": 26.18, "relative_humidity_pct": 72.0, "wind_speed_10m_ms": 1.66, "utci_c": 35.37, "p_base": 0.5829, "p_enhanced": 0.6163, "delta_p": 0.0334, "rel_mitigation_pct": -5.73, "risk_level": "high"}}, {"type": "Feature", "geometry": {"type": "Polygon", "coordinates": [[[121.26, 31.33], [121.26, 31.34], [121.27, 31.34], [121.27, 31.33], [121.26, 31.33]]]}, "properties": {"grid_id": "r056_c041", "phase": "morning_09h", "target_time": "2026-09-18 09:00:00+08:00", "hour": 9, "air_temperature_c": 26.18, "relative_humidity_pct": 72.0, "wind_speed_10m_ms": 1.66, "utci_c": 35.47, "p_base": 0.5885, "p_enhanced": 0.6418, "delta_p": 0.0533, "rel_mitigation_pct": -9.05, "risk_level": "high"}}, {"type": "Feature", "geometry": {"type": "Polygon", "coordinates": [[[121.88, 31.33], [121.88, 31.34], [121.89, 31.34], [121.89, 31.33], [121.88, 31.33]]]}, "properties": {"grid_id": "r056_c103", "phase": "morning_09h", "target_time": "2026-09-18 09:00:00+08:00", "hour": 9, "air_temperature_c": 26.18, "relative_humidity_pct": 72.0, "wind_speed_10m_ms": 1.66, "utci_c": 35.19, "p_base": 0.5722, "p_enhanced": 0.5907, "delta_p": 0.0185, "rel_mitigation_pct": -3.23, "risk_level": "high"}}, {"type": "Feature", "geometry": {"type": "Polygon", "coordinates": [[[121.39, 31.32], [121.39, 31.33], [121.4, 31.33], [121.4, 31.32], [121.39, 31.32]]]}, "properties": {"grid_id": "r057_c054", "phase": "morning_09h", "target_time": "2026-09-18 09:00:00+08:00", "hour": 9, "air_temperature_c": 26.18, "relative_humidity_pct": 72.0, "wind_speed_10m_ms": 1.66, "utci_c": 35.25, "p_base": 0.5761, "p_enhanced": 0.6058, "delta_p": 0.0297, "rel_mitigation_pct": -5.16, "risk_level": "high"}}, {"type": "Feature", "geometry": {"type": "Polygon", "coordinates": [[[121.43, 31.32], [121.43, 31.33], [121.44, 31.33], [121.44, 31.32], [121.43, 31.32]]]}, "properties": {"grid_id": "r057_c058", "phase": "morning_09h", "target_time": "2026-09-18 09:00:00+08:00", "hour": 9, "air_temperature_c": 26.18, "relative_humidity_pct": 72.0, "wind_speed_10m_ms": 1.66, "utci_c": 35.44, "p_base": 0.5869, "p_enhanced": 0.6451, "delta_p": 0.0582, "rel_mitigation_pct": -9.92, "risk_level": "high"}}, {"type": "Feature", "geometry": {"type": "Polygon", "coordinates": [[[121.46, 31.32], [121.46, 31.33], [121.47, 31.33], [121.47, 31.32], [121.46, 31.32]]]}, "properties": {"grid_id": "r057_c061", "phase": "morning_09h", "target_time": "2026-09-18 09:00:00+08:00", "hour": 9, "air_temperature_c": 26.18, "relative_humidity_pct": 72.0, "wind_speed_10m_ms": 1.66, "utci_c": 35.4, "p_base": 0.5847, "p_enhanced": 0.6258, "delta_p": 0.0411, "rel_mitigation_pct": -7.02, "risk_level": "high"}}, {"type": "Feature", "geometry": {"type": "Polygon", "coordinates": [[[121.5, 31.32], [121.5, 31.33], [121.51, 31.33], [121.51, 31.32], [121.5, 31.32]]]}, "properties": {"grid_id": "r057_c065", "phase": "morning_09h", "target_time": "2026-09-18 09:00:00+08:00", "hour": 9, "air_temperature_c": 26.18, "relative_humidity_pct": 72.0, "wind_speed_10m_ms": 1.66, "utci_c": 35.16, "p_base": 0.5706, "p_enhanced": 0.6143, "delta_p": 0.0437, "rel_mitigation_pct": -7.66, "risk_level": "high"}}, {"type": "Feature", "geometry": {"type": "Polygon", "coordinates": [[[121.54, 31.32], [121.54, 31.33], [121.55, 31.33], [121.55, 31.32], [121.54, 31.32]]]}, "properties": {"grid_id": "r057_c069", "phase": "morning_09h", "target_time": "2026-09-18 09:00:00+08:00", "hour": 9, "air_temperature_c": 26.18, "relative_humidity_pct": 72.0, "wind_speed_10m_ms": 1.66, "utci_c": 34.34, "p_base": 0.5226, "p_enhanced": 0.6572, "delta_p": 0.1346, "rel_mitigation_pct": -25.75, "risk_level": "high"}}, {"type": "Feature", "geometry": {"type": "Polygon", "coordinates": [[[121.59, 31.32], [121.59, 31.33], [121.6, 31.33], [121.6, 31.32], [121.59, 31.32]]]}, "properties": {"grid_id": "r057_c074", "phase": "morning_09h", "target_time": "2026-09-18 09:00:00+08:00", "hour": 9, "air_temperature_c": 26.18, "relative_humidity_pct": 72.0, "wind_speed_10m_ms": 1.66, "utci_c": 34.77, "p_base": 0.5476, "p_enhanced": 0.6613, "delta_p": 0.1137, "rel_mitigation_pct": -20.77, "risk_level": "high"}}, {"type": "Feature", "geometry": {"type": "Polygon", "coordinates": [[[121.3, 31.31], [121.3, 31.32], [121.31, 31.32], [121.31, 31.31], [121.3, 31.31]]]}, "properties": {"grid_id": "r058_c045", "phase": "morning_09h", "target_time": "2026-09-18 09:00:00+08:00", "hour": 9, "air_temperature_c": 26.18, "relative_humidity_pct": 72.0, "wind_speed_10m_ms": 1.66, "utci_c": 35.0, "p_base": 0.5612, "p_enhanced": 0.5945, "delta_p": 0.0333, "rel_mitigation_pct": -5.94, "risk_level": "high"}}, {"type": "Feature", "geometry": {"type": "Polygon", "coordinates": [[[121.4, 31.31], [121.4, 31.32], [121.41, 31.32], [121.41, 31.31], [121.4, 31.31]]]}, "properties": {"grid_id": "r058_c055", "phase": "morning_09h", "target_time": "2026-09-18 09:00:00+08:00", "hour": 9, "air_temperature_c": 26.18, "relative_humidity_pct": 72.0, "wind_speed_10m_ms": 1.66, "utci_c": 35.42, "p_base": 0.5859, "p_enhanced": 0.6457, "delta_p": 0.0598, "rel_mitigation_pct": -10.2, "risk_level": "high"}}, {"type": "Feature", "geometry": {"type": "Polygon", "coordinates": [[[121.45, 31.31], [121.45, 31.32], [121.46, 31.32], [121.46, 31.31], [121.45, 31.31]]]}, "properties": {"grid_id": "r058_c060", "phase": "morning_09h", "target_time": "2026-09-18 09:00:00+08:00", "hour": 9, "air_temperature_c": 26.18, "relative_humidity_pct": 72.0, "wind_speed_10m_ms": 1.66, "utci_c": 35.34, "p_base": 0.581, "p_enhanced": 0.6357, "delta_p": 0.0547, "rel_mitigation_pct": -9.42, "risk_level": "high"}}, {"type": "Feature", "geometry": {"type": "Polygon", "coordinates": [[[121.47, 31.31], [121.47, 31.32], [121.48, 31.32], [121.48, 31.31], [121.47, 31.31]]]}, "properties": {"grid_id": "r058_c062", "phase": "morning_09h", "target_time": "2026-09-18 09:00:00+08:00", "hour": 9, "air_temperature_c": 26.18, "relative_humidity_pct": 72.0, "wind_speed_10m_ms": 1.66, "utci_c": 35.37, "p_base": 0.5831, "p_enhanced": 0.6341, "delta_p": 0.051, "rel_mitigation_pct": -8.75, "risk_level": "high"}}, {"type": "Feature", "geometry": {"type": "Polygon", "coordinates": [[[121.52, 31.31], [121.52, 31.32], [121.53, 31.32], [121.53, 31.31], [121.52, 31.31]]]}, "properties": {"grid_id": "r058_c067", "phase": "morning_09h", "target_time": "2026-09-18 09:00:00+08:00", "hour": 9, "air_temperature_c": 26.18, "relative_humidity_pct": 72.0, "wind_speed_10m_ms": 1.66, "utci_c": 35.48, "p_base": 0.5894, "p_enhanced": 0.6411, "delta_p": 0.0517, "rel_mitigation_pct": -8.77, "risk_level": "high"}}, {"type": "Feature", "geometry": {"type": "Polygon", "coordinates": [[[121.55, 31.31], [121.55, 31.32], [121.56, 31.32], [121.56, 31.31], [121.55, 31.31]]]}, "properties": {"grid_id": "r058_c070", "phase": "morning_09h", "target_time": "2026-09-18 09:00:00+08:00", "hour": 9, "air_temperature_c": 26.18, "relative_humidity_pct": 72.0, "wind_speed_10m_ms": 1.66, "utci_c": 33.6, "p_base": 0.4793, "p_enhanced": 0.332, "delta_p": -0.1473, "rel_mitigation_pct": 30.74, "risk_level": "high"}}, {"type": "Feature", "geometry": {"type": "Polygon", "coordinates": [[[121.58, 31.31], [121.58, 31.32], [121.59, 31.32], [121.59, 31.31], [121.58, 31.31]]]}, "properties": {"grid_id": "r058_c073", "phase": "morning_09h", "target_time": "2026-09-18 09:00:00+08:00", "hour": 9, "air_temperature_c": 26.18, "relative_humidity_pct": 72.0, "wind_speed_10m_ms": 1.66, "utci_c": 35.44, "p_base": 0.587, "p_enhanced": 0.6445, "delta_p": 0.0574, "rel_mitigation_pct": -9.78, "risk_level": "high"}}, {"type": "Feature", "geometry": {"type": "Polygon", "coordinates": [[[121.85, 31.31], [121.85, 31.32], [121.86, 31.32], [121.86, 31.31], [121.85, 31.31]]]}, "properties": {"grid_id": "r058_c100", "phase": "morning_09h", "target_time": "2026-09-18 09:00:00+08:00", "hour": 9, "air_temperature_c": 26.18, "relative_humidity_pct": 72.0, "wind_speed_10m_ms": 1.66, "utci_c": 35.45, "p_base": 0.5876, "p_enhanced": 0.6446, "delta_p": 0.0571, "rel_mitigation_pct": -9.71, "risk_level": "high"}}, {"type": "Feature", "geometry": {"type": "Polygon", "coordinates": [[[121.14, 31.31], [121.15, 31.31], [121.15, 31.3], [121.14554022818477, 31.3], [121.145554, 31.302572], [121.14, 31.30333631912589], [121.14, 31.31]]]}, "properties": {"grid_id": "r059_c029", "phase": "morning_09h", "target_time": "2026-09-18 09:00:00+08:00", "hour": 9, "air_temperature_c": 26.18, "relative_humidity_pct": 72.0, "wind_speed_10m_ms": 1.66, "utci_c": 35.48, "p_base": 0.589, "p_enhanced": 0.6437, "delta_p": 0.0547, "rel_mitigation_pct": -9.28, "risk_level": "high"}}, {"type": "Feature", "geometry": {"type": "Polygon", "coordinates": [[[121.16, 31.3], [121.16, 31.31], [121.17, 31.31], [121.17, 31.3], [121.16, 31.3]]]}, "properties": {"grid_id": "r059_c031", "phase": "morning_09h", "target_time": "2026-09-18 09:00:00+08:00", "hour": 9, "air_temperature_c": 26.18, "relative_humidity_pct": 72.0, "wind_speed_10m_ms": 1.66, "utci_c": 35.63, "p_base": 0.5984, "p_enhanced": 0.638, "delta_p": 0.0396, "rel_mitigation_pct": -6.62, "risk_level": "high"}}, {"type": "Feature", "geometry": {"type": "Polygon", "coordinates": [[[121.44, 31.3], [121.44, 31.31], [121.45, 31.31], [121.45, 31.3], [121.44, 31.3]]]}, "properties": {"grid_id": "r059_c059", "phase": "morning_09h", "target_time": "2026-09-18 09:00:00+08:00", "hour": 9, "air_temperature_c": 26.18, "relative_humidity_pct": 72.0, "wind_speed_10m_ms": 1.66, "utci_c": 35.42, "p_base": 0.5856, "p_enhanced": 0.6328, "delta_p": 0.0472, "rel_mitigation_pct": -8.07, "risk_level": "high"}}, {"type": "Feature", "geometry": {"type": "Polygon", "coordinates": [[[121.46, 31.3], [121.46, 31.31], [121.47, 31.31], [121.47, 31.3], [121.46, 31.3]]]}, "properties": {"grid_id": "r059_c061", "phase": "morning_09h", "target_time": "2026-09-18 09:00:00+08:00", "hour": 9, "air_temperature_c": 26.18, "relative_humidity_pct": 72.0, "wind_speed_10m_ms": 1.66, "utci_c": 35.45, "p_base": 0.5876, "p_enhanced": 0.6363, "delta_p": 0.0487, "rel_mitigation_pct": -8.29, "risk_level": "high"}}, {"type": "Feature", "geometry": {"type": "Polygon", "coordinates": [[[121.47, 31.3], [121.47, 31.31], [121.48, 31.31], [121.48, 31.3], [121.47, 31.3]]]}, "properties": {"grid_id": "r059_c062", "phase": "morning_09h", "target_time": "2026-09-18 09:00:00+08:00", "hour": 9, "air_temperature_c": 26.18, "relative_humidity_pct": 72.0, "wind_speed_10m_ms": 1.66, "utci_c": 35.4, "p_base": 0.5846, "p_enhanced": 0.6317, "delta_p": 0.0471, "rel_mitigation_pct": -8.06, "risk_level": "high"}}, {"type": "Feature", "geometry": {"type": "Polygon", "coordinates": [[[121.49, 31.3], [121.49, 31.31], [121.5, 31.31], [121.5, 31.3], [121.49, 31.3]]]}, "properties": {"grid_id": "r059_c064", "phase": "morning_09h", "target_time": "2026-09-18 09:00:00+08:00", "hour": 9, "air_temperature_c": 26.18, "relative_humidity_pct": 72.0, "wind_speed_10m_ms": 1.66, "utci_c": 35.47, "p_base": 0.5887, "p_enhanced": 0.6385, "delta_p": 0.0498, "rel_mitigation_pct": -8.46, "risk_level": "high"}}, {"type": "Feature", "geometry": {"type": "Polygon", "coordinates": [[[121.5, 31.3], [121.5, 31.31], [121.51, 31.31], [121.51, 31.3], [121.5, 31.3]]]}, "properties": {"grid_id": "r059_c065", "phase": "morning_09h", "target_time": "2026-09-18 09:00:00+08:00", "hour": 9, "air_temperature_c": 26.18, "relative_humidity_pct": 72.0, "wind_speed_10m_ms": 1.66, "utci_c": 35.71, "p_base": 0.6028, "p_enhanced": 0.6352, "delta_p": 0.0324, "rel_mitigation_pct": -5.38, "risk_level": "high"}}, {"type": "Feature", "geometry": {"type": "Polygon", "coordinates": [[[121.51, 31.3], [121.51, 31.31], [121.52, 31.31], [121.52, 31.3], [121.51, 31.3]]]}, "properties": {"grid_id": "r059_c066", "phase": "morning_09h", "target_time": "2026-09-18 09:00:00+08:00", "hour": 9, "air_temperature_c": 26.18, "relative_humidity_pct": 72.0, "wind_speed_10m_ms": 1.66, "utci_c": 35.63, "p_base": 0.598, "p_enhanced": 0.6361, "delta_p": 0.0382, "rel_mitigation_pct": -6.38, "risk_level": "high"}}, {"type": "Feature", "geometry": {"type": "Polygon", "coordinates": [[[121.15, 31.29], [121.15, 31.3], [121.16, 31.3], [121.16, 31.29], [121.15, 31.29]]]}, "properties": {"grid_id": "r060_c030", "phase": "morning_09h", "target_time": "2026-09-18 09:00:00+08:00", "hour": 9, "air_temperature_c": 26.18, "relative_humidity_pct": 72.0, "wind_speed_10m_ms": 1.66, "utci_c": 35.66, "p_base": 0.6, "p_enhanced": 0.6364, "delta_p": 0.0364, "rel_mitigation_pct": -6.06, "risk_level": "high"}}, {"type": "Feature", "geometry": {"type": "Polygon", "coordinates": [[[121.3, 31.29], [121.3, 31.3], [121.31, 31.3], [121.31, 31.29], [121.3, 31.29]]]}, "properties": {"grid_id": "r060_c045", "phase": "morning_09h", "target_time": "2026-09-18 09:00:00+08:00", "hour": 9, "air_temperature_c": 26.18, "relative_humidity_pct": 72.0, "wind_speed_10m_ms": 1.66, "utci_c": 35.45, "p_base": 0.5873, "p_enhanced": 0.6424, "delta_p": 0.0551, "rel_mitigation_pct": -9.38, "risk_level": "high"}}, {"type": "Feature", "geometry": {"type": "Polygon", "coordinates": [[[121.31, 31.29], [121.31, 31.3], [121.32, 31.3], [121.32, 31.29], [121.31, 31.29]]]}, "properties": {"grid_id": "r060_c046", "phase": "morning_09h", "target_time": "2026-09-18 09:00:00+08:00", "hour": 9, "air_temperature_c": 26.18, "relative_humidity_pct": 72.0, "wind_speed_10m_ms": 1.66, "utci_c": 35.37, "p_base": 0.5828, "p_enhanced": 0.6418, "delta_p": 0.059, "rel_mitigation_pct": -10.13, "risk_level": "high"}}, {"type": "Feature", "geometry": {"type": "Polygon", "coordinates": [[[121.43, 31.29], [121.43, 31.3], [121.44, 31.3], [121.44, 31.29], [121.43, 31.29]]]}, "properties": {"grid_id": "r060_c058", "phase": "morning_09h", "target_time": "2026-09-18 09:00:00+08:00", "hour": 9, "air_temperature_c": 26.18, "relative_humidity_pct": 72.0, "wind_speed_10m_ms": 1.66, "utci_c": 35.52, "p_base": 0.5914, "p_enhanced": 0.6252, "delta_p": 0.0338, "rel_mitigation_pct": -5.72, "risk_level": "high"}}, {"type": "Feature", "geometry": {"type": "Polygon", "coordinates": [[[121.49, 31.29], [121.49, 31.3], [121.5, 31.3], [121.5, 31.29], [121.49, 31.29]]]}, "properties": {"grid_id": "r060_c064", "phase": "morning_09h", "target_time": "2026-09-18 09:00:00+08:00", "hour": 9, "air_temperature_c": 26.18, "relative_humidity_pct": 72.0, "wind_speed_10m_ms": 1.66, "utci_c": 35.67, "p_base": 0.6004, "p_enhanced": 0.6343, "delta_p": 0.0339, "rel_mitigation_pct": -5.65, "risk_level": "high"}}, {"type": "Feature", "geometry": {"type": "Polygon", "coordinates": [[[121.16, 31.28], [121.16, 31.29], [121.17, 31.29], [121.17, 31.28], [121.16, 31.28]]]}, "properties": {"grid_id": "r061_c031", "phase": "morning_09h", "target_time": "2026-09-18 09:00:00+08:00", "hour": 9, "air_temperature_c": 26.18, "relative_humidity_pct": 72.0, "wind_speed_10m_ms": 1.66, "utci_c": 35.04, "p_base": 0.5635, "p_enhanced": 0.6117, "delta_p": 0.0482, "rel_mitigation_pct": -8.55, "risk_level": "high"}}, {"type": "Feature", "geometry": {"type": "Polygon", "coordinates": [[[121.41, 31.28], [121.41, 31.29], [121.42, 31.29], [121.42, 31.28], [121.41, 31.28]]]}, "properties": {"grid_id": "r061_c056", "phase": "morning_09h", "target_time": "2026-09-18 09:00:00+08:00", "hour": 9, "air_temperature_c": 26.18, "relative_humidity_pct": 72.0, "wind_speed_10m_ms": 1.66, "utci_c": 35.62, "p_base": 0.5975, "p_enhanced": 0.6377, "delta_p": 0.0402, "rel_mitigation_pct": -6.73, "risk_level": "high"}}, {"type": "Feature", "geometry": {"type": "Polygon", "coordinates": [[[121.42, 31.28], [121.42, 31.29], [121.43, 31.29], [121.43, 31.28], [121.42, 31.28]]]}, "properties": {"grid_id": "r061_c057", "phase": "morning_09h", "target_time": "2026-09-18 09:00:00+08:00", "hour": 9, "air_temperature_c": 26.18, "relative_humidity_pct": 72.0, "wind_speed_10m_ms": 1.66, "utci_c": 35.64, "p_base": 0.5989, "p_enhanced": 0.6236, "delta_p": 0.0247, "rel_mitigation_pct": -4.12, "risk_level": "high"}}, {"type": "Feature", "geometry": {"type": "Polygon", "coordinates": [[[121.44, 31.28], [121.44, 31.29], [121.45, 31.29], [121.45, 31.28], [121.44, 31.28]]]}, "properties": {"grid_id": "r061_c059", "phase": "morning_09h", "target_time": "2026-09-18 09:00:00+08:00", "hour": 9, "air_temperature_c": 26.18, "relative_humidity_pct": 72.0, "wind_speed_10m_ms": 1.66, "utci_c": 35.43, "p_base": 0.5864, "p_enhanced": 0.6447, "delta_p": 0.0583, "rel_mitigation_pct": -9.94, "risk_level": "high"}}, {"type": "Feature", "geometry": {"type": "Polygon", "coordinates": [[[121.47, 31.28], [121.47, 31.29], [121.48, 31.29], [121.48, 31.28], [121.47, 31.28]]]}, "properties": {"grid_id": "r061_c062", "phase": "morning_09h", "target_time": "2026-09-18 09:00:00+08:00", "hour": 9, "air_temperature_c": 26.18, "relative_humidity_pct": 72.0, "wind_speed_10m_ms": 1.66, "utci_c": 35.71, "p_base": 0.6027, "p_enhanced": 0.6178, "delta_p": 0.0151, "rel_mitigation_pct": -2.5, "risk_level": "high"}}, {"type": "Feature", "geometry": {"type": "Polygon", "coordinates": [[[121.49, 31.28], [121.49, 31.29], [121.5, 31.29], [121.5, 31.28], [121.49, 31.28]]]}, "properties": {"grid_id": "r061_c064", "phase": "morning_09h", "target_time": "2026-09-18 09:00:00+08:00", "hour": 9, "air_temperature_c": 26.18, "relative_humidity_pct": 72.0, "wind_speed_10m_ms": 1.66, "utci_c": 35.71, "p_base": 0.6029, "p_enhanced": 0.6346, "delta_p": 0.0317, "rel_mitigation_pct": -5.26, "risk_level": "high"}}, {"type": "Feature", "geometry": {"type": "Polygon", "coordinates": [[[121.53, 31.28], [121.53, 31.29], [121.54, 31.29], [121.54, 31.28], [121.53, 31.28]]]}, "properties": {"grid_id": "r061_c068", "phase": "morning_09h", "target_time": "2026-09-18 09:00:00+08:00", "hour": 9, "air_temperature_c": 26.18, "relative_humidity_pct": 72.0, "wind_speed_10m_ms": 1.66, "utci_c": 35.2, "p_base": 0.5732, "p_enhanced": 0.6401, "delta_p": 0.0669, "rel_mitigation_pct": -11.68, "risk_level": "high"}}, {"type": "Feature", "geometry": {"type": "Polygon", "coordinates": [[[121.67, 31.28], [121.67, 31.29], [121.68, 31.29], [121.68, 31.28], [121.67, 31.28]]]}, "properties": {"grid_id": "r061_c082", "phase": "morning_09h", "target_time": "2026-09-18 09:00:00+08:00", "hour": 9, "air_temperature_c": 26.18, "relative_humidity_pct": 72.0, "wind_speed_10m_ms": 1.66, "utci_c": 35.5, "p_base": 0.5903, "p_enhanced": 0.643, "delta_p": 0.0527, "rel_mitigation_pct": -8.93, "risk_level": "high"}}, {"type": "Feature", "geometry": {"type": "Polygon", "coordinates": [[[121.4, 31.27], [121.4, 31.28], [121.41, 31.28], [121.41, 31.27], [121.4, 31.27]]]}, "properties": {"grid_id": "r062_c055", "phase": "morning_09h", "target_time": "2026-09-18 09:00:00+08:00", "hour": 9, "air_temperature_c": 26.18, "relative_humidity_pct": 72.0, "wind_speed_10m_ms": 1.66, "utci_c": 35.42, "p_base": 0.5861, "p_enhanced": 0.6431, "delta_p": 0.057, "rel_mitigation_pct": -9.73, "risk_level": "high"}}, {"type": "Feature", "geometry": {"type": "Polygon", "coordinates": [[[121.42, 31.27], [121.42, 31.28], [121.43, 31.28], [121.43, 31.27], [121.42, 31.27]]]}, "properties": {"grid_id": "r062_c057", "phase": "morning_09h", "target_time": "2026-09-18 09:00:00+08:00", "hour": 9, "air_temperature_c": 26.18, "relative_humidity_pct": 72.0, "wind_speed_10m_ms": 1.66, "utci_c": 35.66, "p_base": 0.6, "p_enhanced": 0.6369, "delta_p": 0.0369, "rel_mitigation_pct": -6.16, "risk_level": "high"}}, {"type": "Feature", "geometry": {"type": "Polygon", "coordinates": [[[121.43, 31.27], [121.43, 31.28], [121.44, 31.28], [121.44, 31.27], [121.43, 31.27]]]}, "properties": {"grid_id": "r062_c058", "phase": "morning_09h", "target_time": "2026-09-18 09:00:00+08:00", "hour": 9, "air_temperature_c": 26.18, "relative_humidity_pct": 72.0, "wind_speed_10m_ms": 1.66, "utci_c": 34.95, "p_base": 0.5582, "p_enhanced": 0.6346, "delta_p": 0.0763, "rel_mitigation_pct": -13.67, "risk_level": "high"}}, {"type": "Feature", "geometry": {"type": "Polygon", "coordinates": [[[121.44, 31.27], [121.44, 31.28], [121.45, 31.28], [121.45, 31.27], [121.44, 31.27]]]}, "properties": {"grid_id": "r062_c059", "phase": "morning_09h", "target_time": "2026-09-18 09:00:00+08:00", "hour": 9, "air_temperature_c": 26.18, "relative_humidity_pct": 72.0, "wind_speed_10m_ms": 1.66, "utci_c": 35.42, "p_base": 0.5859, "p_enhanced": 0.6146, "delta_p": 0.0287, "rel_mitigation_pct": -4.9, "risk_level": "high"}}, {"type": "Feature", "geometry": {"type": "Polygon", "coordinates": [[[121.45, 31.27], [121.45, 31.28], [121.46, 31.28], [121.46, 31.27], [121.45, 31.27]]]}, "properties": {"grid_id": "r062_c060", "phase": "morning_09h", "target_time": "2026-09-18 09:00:00+08:00", "hour": 9, "air_temperature_c": 26.18, "relative_humidity_pct": 72.0, "wind_speed_10m_ms": 1.66, "utci_c": 35.47, "p_base": 0.5889, "p_enhanced": 0.6308, "delta_p": 0.0419, "rel_mitigation_pct": -7.11, "risk_level": "high"}}, {"type": "Feature", "geometry": {"type": "Polygon", "coordinates": [[[121.47, 31.27], [121.47, 31.28], [121.48, 31.28], [121.48, 31.27], [121.47, 31.27]]]}, "properties": {"grid_id": "r062_c062", "phase": "morning_09h", "target_time": "2026-09-18 09:00:00+08:00", "hour": 9, "air_temperature_c": 26.18, "relative_humidity_pct": 72.0, "wind_speed_10m_ms": 1.66, "utci_c": 35.53, "p_base": 0.5924, "p_enhanced": 0.6258, "delta_p": 0.0334, "rel_mitigation_pct": -5.63, "risk_level": "high"}}, {"type": "Feature", "geometry": {"type": "Polygon", "coordinates": [[[121.49, 31.27], [121.49, 31.28], [121.5, 31.28], [121.5, 31.27], [121.49, 31.27]]]}, "properties": {"grid_id": "r062_c064", "phase": "morning_09h", "target_time": "2026-09-18 09:00:00+08:00", "hour": 9, "air_temperature_c": 26.18, "relative_humidity_pct": 72.0, "wind_speed_10m_ms": 1.66, "utci_c": 35.48, "p_base": 0.5894, "p_enhanced": 0.6334, "delta_p": 0.044, "rel_mitigation_pct": -7.47, "risk_level": "high"}}, {"type": "Feature", "geometry": {"type": "Polygon", "coordinates": [[[121.51, 31.27], [121.51, 31.28], [121.52, 31.28], [121.52, 31.27], [121.51, 31.27]]]}, "properties": {"grid_id": "r062_c066", "phase": "morning_09h", "target_time": "2026-09-18 09:00:00+08:00", "hour": 9, "air_temperature_c": 26.18, "relative_humidity_pct": 72.0, "wind_speed_10m_ms": 1.66, "utci_c": 35.66, "p_base": 0.5999, "p_enhanced": 0.6239, "delta_p": 0.024, "rel_mitigation_pct": -4.0, "risk_level": "high"}}, {"type": "Feature", "geometry": {"type": "Polygon", "coordinates": [[[121.53, 31.27], [121.53, 31.28], [121.54, 31.28], [121.54, 31.27], [121.53, 31.27]]]}, "properties": {"grid_id": "r062_c068", "phase": "morning_09h", "target_time": "2026-09-18 09:00:00+08:00", "hour": 9, "air_temperature_c": 26.18, "relative_humidity_pct": 72.0, "wind_speed_10m_ms": 1.66, "utci_c": 35.52, "p_base": 0.5914, "p_enhanced": 0.6422, "delta_p": 0.0508, "rel_mitigation_pct": -8.59, "risk_level": "high"}}, {"type": "Feature", "geometry": {"type": "Polygon", "coordinates": [[[121.54, 31.27], [121.54, 31.28], [121.55, 31.28], [121.55, 31.27], [121.54, 31.27]]]}, "properties": {"grid_id": "r062_c069", "phase": "morning_09h", "target_time": "2026-09-18 09:00:00+08:00", "hour": 9, "air_temperature_c": 26.18, "relative_humidity_pct": 72.0, "wind_speed_10m_ms": 1.66, "utci_c": 35.46, "p_base": 0.5882, "p_enhanced": 0.6443, "delta_p": 0.0561, "rel_mitigation_pct": -9.55, "risk_level": "high"}}, {"type": "Feature", "geometry": {"type": "Polygon", "coordinates": [[[121.47, 31.26], [121.47, 31.27], [121.48, 31.27], [121.48, 31.26], [121.47, 31.26]]]}, "properties": {"grid_id": "r063_c062", "phase": "morning_09h", "target_time": "2026-09-18 09:00:00+08:00", "hour": 9, "air_temperature_c": 26.18, "relative_humidity_pct": 72.0, "wind_speed_10m_ms": 1.66, "utci_c": 35.58, "p_base": 0.5954, "p_enhanced": 0.6221, "delta_p": 0.0267, "rel_mitigation_pct": -4.49, "risk_level": "high"}}, {"type": "Feature", "geometry": {"type": "Polygon", "coordinates": [[[121.48, 31.26], [121.48, 31.27], [121.49, 31.27], [121.49, 31.26], [121.48, 31.26]]]}, "properties": {"grid_id": "r063_c063", "phase": "morning_09h", "target_time": "2026-09-18 09:00:00+08:00", "hour": 9, "air_temperature_c": 26.18, "relative_humidity_pct": 72.0, "wind_speed_10m_ms": 1.66, "utci_c": 35.63, "p_base": 0.5981, "p_enhanced": 0.6232, "delta_p": 0.0251, "rel_mitigation_pct": -4.2, "risk_level": "high"}}, {"type": "Feature", "geometry": {"type": "Polygon", "coordinates": [[[121.49, 31.26], [121.49, 31.27], [121.5, 31.27], [121.5, 31.26], [121.49, 31.26]]]}, "properties": {"grid_id": "r063_c064", "phase": "morning_09h", "target_time": "2026-09-18 09:00:00+08:00", "hour": 9, "air_temperature_c": 26.18, "relative_humidity_pct": 72.0, "wind_speed_10m_ms": 1.66, "utci_c": 35.77, "p_base": 0.6065, "p_enhanced": 0.6327, "delta_p": 0.0261, "rel_mitigation_pct": -4.31, "risk_level": "high"}}, {"type": "Feature", "geometry": {"type": "Polygon", "coordinates": [[[121.51, 31.26], [121.51, 31.27], [121.52, 31.27], [121.52, 31.26], [121.51, 31.26]]]}, "properties": {"grid_id": "r063_c066", "phase": "morning_09h", "target_time": "2026-09-18 09:00:00+08:00", "hour": 9, "air_temperature_c": 26.18, "relative_humidity_pct": 72.0, "wind_speed_10m_ms": 1.66, "utci_c": 35.72, "p_base": 0.6031, "p_enhanced": 0.635, "delta_p": 0.0319, "rel_mitigation_pct": -5.29, "risk_level": "high"}}, {"type": "Feature", "geometry": {"type": "Polygon", "coordinates": [[[121.53, 31.26], [121.53, 31.27], [121.54, 31.27], [121.54, 31.26], [121.53, 31.26]]]}, "properties": {"grid_id": "r063_c068", "phase": "morning_09h", "target_time": "2026-09-18 09:00:00+08:00", "hour": 9, "air_temperature_c": 26.18, "relative_humidity_pct": 72.0, "wind_speed_10m_ms": 1.66, "utci_c": 35.51, "p_base": 0.591, "p_enhanced": 0.6425, "delta_p": 0.0515, "rel_mitigation_pct": -8.71, "risk_level": "high"}}, {"type": "Feature", "geometry": {"type": "Polygon", "coordinates": [[[121.56, 31.26], [121.56, 31.27], [121.57, 31.27], [121.57, 31.26], [121.56, 31.26]]]}, "properties": {"grid_id": "r063_c071", "phase": "morning_09h", "target_time": "2026-09-18 09:00:00+08:00", "hour": 9, "air_temperature_c": 26.18, "relative_humidity_pct": 72.0, "wind_speed_10m_ms": 1.66, "utci_c": 35.46, "p_base": 0.5884, "p_enhanced": 0.6302, "delta_p": 0.0418, "rel_mitigation_pct": -7.1, "risk_level": "high"}}, {"type": "Feature", "geometry": {"type": "Polygon", "coordinates": [[[121.39, 31.25], [121.39, 31.26], [121.4, 31.26], [121.4, 31.25], [121.39, 31.25]]]}, "properties": {"grid_id": "r064_c054", "phase": "morning_09h", "target_time": "2026-09-18 09:00:00+08:00", "hour": 9, "air_temperature_c": 26.18, "relative_humidity_pct": 72.0, "wind_speed_10m_ms": 1.66, "utci_c": 35.39, "p_base": 0.5841, "p_enhanced": 0.6428, "delta_p": 0.0587, "rel_mitigation_pct": -10.05, "risk_level": "high"}}, {"type": "Feature", "geometry": {"type": "Polygon", "coordinates": [[[121.4, 31.25], [121.4, 31.26], [121.41, 31.26], [121.41, 31.25], [121.4, 31.25]]]}, "properties": {"grid_id": "r064_c055", "phase": "morning_09h", "target_time": "2026-09-18 09:00:00+08:00", "hour": 9, "air_temperature_c": 26.18, "relative_humidity_pct": 72.0, "wind_speed_10m_ms": 1.66, "utci_c": 35.57, "p_base": 0.5945, "p_enhanced": 0.6309, "delta_p": 0.0364, "rel_mitigation_pct": -6.12, "risk_level": "high"}}, {"type": "Feature", "geometry": {"type": "Polygon", "coordinates": [[[121.41, 31.25], [121.41, 31.26], [121.42, 31.26], [121.42, 31.25], [121.41, 31.25]]]}, "properties": {"grid_id": "r064_c056", "phase": "morning_09h", "target_time": "2026-09-18 09:00:00+08:00", "hour": 9, "air_temperature_c": 26.18, "relative_humidity_pct": 72.0, "wind_speed_10m_ms": 1.66, "utci_c": 35.58, "p_base": 0.5953, "p_enhanced": 0.6365, "delta_p": 0.0412, "rel_mitigation_pct": -6.92, "risk_level": "high"}}, {"type": "Feature", "geometry": {"type": "Polygon", "coordinates": [[[121.42, 31.25], [121.42, 31.26], [121.43, 31.26], [121.43, 31.25], [121.42, 31.25]]]}, "properties": {"grid_id": "r064_c057", "phase": "morning_09h", "target_time": "2026-09-18 09:00:00+08:00", "hour": 9, "air_temperature_c": 26.18, "relative_humidity_pct": 72.0, "wind_speed_10m_ms": 1.66, "utci_c": 35.68, "p_base": 0.6007, "p_enhanced": 0.6286, "delta_p": 0.0278, "rel_mitigation_pct": -4.64, "risk_level": "high"}}, {"type": "Feature", "geometry": {"type": "Polygon", "coordinates": [[[121.43, 31.25], [121.43, 31.26], [121.44, 31.26], [121.44, 31.25], [121.43, 31.25]]]}, "properties": {"grid_id": "r064_c058", "phase": "morning_09h", "target_time": "2026-09-18 09:00:00+08:00", "hour": 9, "air_temperature_c": 26.18, "relative_humidity_pct": 72.0, "wind_speed_10m_ms": 1.66, "utci_c": 35.19, "p_base": 0.5725, "p_enhanced": 0.6053, "delta_p": 0.0328, "rel_mitigation_pct": -5.74, "risk_level": "high"}}, {"type": "Feature", "geometry": {"type": "Polygon", "coordinates": [[[121.44, 31.25], [121.44, 31.26], [121.45, 31.26], [121.45, 31.25], [121.44, 31.25]]]}, "properties": {"grid_id": "r064_c059", "phase": "morning_09h", "target_time": "2026-09-18 09:00:00+08:00", "hour": 9, "air_temperature_c": 26.18, "relative_humidity_pct": 72.0, "wind_speed_10m_ms": 1.66, "utci_c": 35.51, "p_base": 0.5909, "p_enhanced": 0.5958, "delta_p": 0.0048, "rel_mitigation_pct": -0.82, "risk_level": "high"}}, {"type": "Feature", "geometry": {"type": "Polygon", "coordinates": [[[121.46, 31.25], [121.46, 31.26], [121.47, 31.26], [121.47, 31.25], [121.46, 31.25]]]}, "properties": {"grid_id": "r064_c061", "phase": "morning_09h", "target_time": "2026-09-18 09:00:00+08:00", "hour": 9, "air_temperature_c": 26.18, "relative_humidity_pct": 72.0, "wind_speed_10m_ms": 1.66, "utci_c": 35.46, "p_base": 0.588, "p_enhanced": 0.6445, "delta_p": 0.0565, "rel_mitigation_pct": -9.6, "risk_level": "high"}}, {"type": "Feature", "geometry": {"type": "Polygon", "coordinates": [[[121.47, 31.25], [121.47, 31.26], [121.48, 31.26], [121.48, 31.25], [121.47, 31.25]]]}, "properties": {"grid_id": "r064_c062", "phase": "morning_09h", "target_time": "2026-09-18 09:00:00+08:00", "hour": 9, "air_temperature_c": 26.18, "relative_humidity_pct": 72.0, "wind_speed_10m_ms": 1.66, "utci_c": 35.53, "p_base": 0.5923, "p_enhanced": 0.6416, "delta_p": 0.0492, "rel_mitigation_pct": -8.31, "risk_level": "high"}}, {"type": "Feature", "geometry": {"type": "Polygon", "coordinates": [[[121.48, 31.25], [121.48, 31.26], [121.49, 31.26], [121.49, 31.25], [121.48, 31.25]]]}, "properties": {"grid_id": "r064_c063", "phase": "morning_09h", "target_time": "2026-09-18 09:00:00+08:00", "hour": 9, "air_temperature_c": 26.18, "relative_humidity_pct": 72.0, "wind_speed_10m_ms": 1.66, "utci_c": 35.61, "p_base": 0.5972, "p_enhanced": 0.6138, "delta_p": 0.0166, "rel_mitigation_pct": -2.78, "risk_level": "high"}}, {"type": "Feature", "geometry": {"type": "Polygon", "coordinates": [[[121.49, 31.25], [121.49, 31.26], [121.5, 31.26], [121.5, 31.25], [121.49, 31.25]]]}, "properties": {"grid_id": "r064_c064", "phase": "morning_09h", "target_time": "2026-09-18 09:00:00+08:00", "hour": 9, "air_temperature_c": 26.18, "relative_humidity_pct": 72.0, "wind_speed_10m_ms": 1.66, "utci_c": 35.61, "p_base": 0.5968, "p_enhanced": 0.636, "delta_p": 0.0392, "rel_mitigation_pct": -6.57, "risk_level": "high"}}, {"type": "Feature", "geometry": {"type": "Polygon", "coordinates": [[[121.5, 31.25], [121.5, 31.26], [121.51, 31.26], [121.51, 31.25], [121.5, 31.25]]]}, "properties": {"grid_id": "r064_c065", "phase": "morning_09h", "target_time": "2026-09-18 09:00:00+08:00", "hour": 9, "air_temperature_c": 26.18, "relative_humidity_pct": 72.0, "wind_speed_10m_ms": 1.66, "utci_c": 35.2, "p_base": 0.5726, "p_enhanced": 0.5678, "delta_p": -0.0048, "rel_mitigation_pct": 0.84, "risk_level": "high"}}, {"type": "Feature", "geometry": {"type": "Polygon", "coordinates": [[[121.51, 31.25], [121.51, 31.26], [121.52, 31.26], [121.52, 31.25], [121.51, 31.25]]]}, "properties": {"grid_id": "r064_c066", "phase": "morning_09h", "target_time": "2026-09-18 09:00:00+08:00", "hour": 9, "air_temperature_c": 26.18, "relative_humidity_pct": 72.0, "wind_speed_10m_ms": 1.66, "utci_c": 35.18, "p_base": 0.5715, "p_enhanced": 0.5782, "delta_p": 0.0066, "rel_mitigation_pct": -1.16, "risk_level": "high"}}, {"type": "Feature", "geometry": {"type": "Polygon", "coordinates": [[[121.52, 31.25], [121.52, 31.26], [121.53, 31.26], [121.53, 31.25], [121.52, 31.25]]]}, "properties": {"grid_id": "r064_c067", "phase": "morning_09h", "target_time": "2026-09-18 09:00:00+08:00", "hour": 9, "air_temperature_c": 26.18, "relative_humidity_pct": 72.0, "wind_speed_10m_ms": 1.66, "utci_c": 34.99, "p_base": 0.5605, "p_enhanced": 0.5282, "delta_p": -0.0323, "rel_mitigation_pct": 5.76, "risk_level": "high"}}, {"type": "Feature", "geometry": {"type": "Polygon", "coordinates": [[[121.53, 31.25], [121.53, 31.26], [121.54, 31.26], [121.54, 31.25], [121.53, 31.25]]]}, "properties": {"grid_id": "r064_c068", "phase": "morning_09h", "target_time": "2026-09-18 09:00:00+08:00", "hour": 9, "air_temperature_c": 26.18, "relative_humidity_pct": 72.0, "wind_speed_10m_ms": 1.66, "utci_c": 34.08, "p_base": 0.5074, "p_enhanced": 0.348, "delta_p": -0.1593, "rel_mitigation_pct": 31.41, "risk_level": "high"}}, {"type": "Feature", "geometry": {"type": "Polygon", "coordinates": [[[121.57, 31.25], [121.57, 31.26], [121.58, 31.26], [121.58, 31.25], [121.57, 31.25]]]}, "properties": {"grid_id": "r064_c072", "phase": "morning_09h", "target_time": "2026-09-18 09:00:00+08:00", "hour": 9, "air_temperature_c": 26.18, "relative_humidity_pct": 72.0, "wind_speed_10m_ms": 1.66, "utci_c": 35.5, "p_base": 0.5907, "p_enhanced": 0.6419, "delta_p": 0.0512, "rel_mitigation_pct": -8.67, "risk_level": "high"}}, {"type": "Feature", "geometry": {"type": "Polygon", "coordinates": [[[121.59, 31.25], [121.59, 31.26], [121.6, 31.26], [121.6, 31.25], [121.59, 31.25]]]}, "properties": {"grid_id": "r064_c074", "phase": "morning_09h", "target_time": "2026-09-18 09:00:00+08:00", "hour": 9, "air_temperature_c": 26.18, "relative_humidity_pct": 72.0, "wind_speed_10m_ms": 1.66, "utci_c": 35.54, "p_base": 0.5931, "p_enhanced": 0.6388, "delta_p": 0.0457, "rel_mitigation_pct": -7.71, "risk_level": "high"}}, {"type": "Feature", "geometry": {"type": "Polygon", "coordinates": [[[121.66, 31.25], [121.66, 31.26], [121.67, 31.26], [121.67, 31.25], [121.66, 31.25]]]}, "properties": {"grid_id": "r064_c081", "phase": "morning_09h", "target_time": "2026-09-18 09:00:00+08:00", "hour": 9, "air_temperature_c": 26.18, "relative_humidity_pct": 72.0, "wind_speed_10m_ms": 1.66, "utci_c": 35.46, "p_base": 0.588, "p_enhanced": 0.6444, "delta_p": 0.0564, "rel_mitigation_pct": -9.59, "risk_level": "high"}}, {"type": "Feature", "geometry": {"type": "Polygon", "coordinates": [[[121.16, 31.24], [121.16, 31.25], [121.17, 31.25], [121.17, 31.24], [121.16, 31.24]]]}, "properties": {"grid_id": "r065_c031", "phase": "morning_09h", "target_time": "2026-09-18 09:00:00+08:00", "hour": 9, "air_temperature_c": 26.18, "relative_humidity_pct": 72.0, "wind_speed_10m_ms": 1.66, "utci_c": 35.45, "p_base": 0.5876, "p_enhanced": 0.6446, "delta_p": 0.0571, "rel_mitigation_pct": -9.71, "risk_level": "high"}}, {"type": "Feature", "geometry": {"type": "Polygon", "coordinates": [[[121.31, 31.24], [121.31, 31.25], [121.32, 31.25], [121.32, 31.24], [121.31, 31.24]]]}, "properties": {"grid_id": "r065_c046", "phase": "morning_09h", "target_time": "2026-09-18 09:00:00+08:00", "hour": 9, "air_temperature_c": 26.18, "relative_humidity_pct": 72.0, "wind_speed_10m_ms": 1.66, "utci_c": 35.51, "p_base": 0.5912, "p_enhanced": 0.6406, "delta_p": 0.0495, "rel_mitigation_pct": -8.37, "risk_level": "high"}}, {"type": "Feature", "geometry": {"type": "Polygon", "coordinates": [[[121.33, 31.24], [121.33, 31.25], [121.34, 31.25], [121.34, 31.24], [121.33, 31.24]]]}, "properties": {"grid_id": "r065_c048", "phase": "morning_09h", "target_time": "2026-09-18 09:00:00+08:00", "hour": 9, "air_temperature_c": 26.18, "relative_humidity_pct": 72.0, "wind_speed_10m_ms": 1.66, "utci_c": 35.34, "p_base": 0.581, "p_enhanced": 0.6178, "delta_p": 0.0368, "rel_mitigation_pct": -6.33, "risk_level": "high"}}, {"type": "Feature", "geometry": {"type": "Polygon", "coordinates": [[[121.37, 31.24], [121.37, 31.25], [121.38, 31.25], [121.38, 31.24], [121.37, 31.24]]]}, "properties": {"grid_id": "r065_c052", "phase": "morning_09h", "target_time": "2026-09-18 09:00:00+08:00", "hour": 9, "air_temperature_c": 26.18, "relative_humidity_pct": 72.0, "wind_speed_10m_ms": 1.66, "utci_c": 35.49, "p_base": 0.5901, "p_enhanced": 0.6431, "delta_p": 0.053, "rel_mitigation_pct": -8.99, "risk_level": "high"}}, {"type": "Feature", "geometry": {"type": "Polygon", "coordinates": [[[121.42, 31.24], [121.42, 31.25], [121.43, 31.25], [121.43, 31.24], [121.42, 31.24]]]}, "properties": {"grid_id": "r065_c057", "phase": "morning_09h", "target_time": "2026-09-18 09:00:00+08:00", "hour": 9, "air_temperature_c": 26.18, "relative_humidity_pct": 72.0, "wind_speed_10m_ms": 1.66, "utci_c": 35.5, "p_base": 0.5904, "p_enhanced": 0.601, "delta_p": 0.0105, "rel_mitigation_pct": -1.78, "risk_level": "high"}}, {"type": "Feature", "geometry": {"type": "Polygon", "coordinates": [[[121.43, 31.24], [121.43, 31.25], [121.44, 31.25], [121.44, 31.24], [121.43, 31.24]]]}, "properties": {"grid_id": "r065_c058", "phase": "morning_09h", "target_time": "2026-09-18 09:00:00+08:00", "hour": 9, "air_temperature_c": 26.18, "relative_humidity_pct": 72.0, "wind_speed_10m_ms": 1.66, "utci_c": 35.64, "p_base": 0.5987, "p_enhanced": 0.6342, "delta_p": 0.0354, "rel_mitigation_pct": -5.92, "risk_level": "high"}}, {"type": "Feature", "geometry": {"type": "Polygon", "coordinates": [[[121.44, 31.24], [121.44, 31.25], [121.45, 31.25], [121.45, 31.24], [121.44, 31.24]]]}, "properties": {"grid_id": "r065_c059", "phase": "morning_09h", "target_time": "2026-09-18 09:00:00+08:00", "hour": 9, "air_temperature_c": 26.18, "relative_humidity_pct": 72.0, "wind_speed_10m_ms": 1.66, "utci_c": 35.49, "p_base": 0.5898, "p_enhanced": 0.5994, "delta_p": 0.0095, "rel_mitigation_pct": -1.62, "risk_level": "high"}}, {"type": "Feature", "geometry": {"type": "Polygon", "coordinates": [[[121.45, 31.24], [121.45, 31.25], [121.46, 31.25], [121.46, 31.24], [121.45, 31.24]]]}, "properties": {"grid_id": "r065_c060", "phase": "morning_09h", "target_time": "2026-09-18 09:00:00+08:00", "hour": 9, "air_temperature_c": 26.18, "relative_humidity_pct": 72.0, "wind_speed_10m_ms": 1.66, "utci_c": 35.42, "p_base": 0.5856, "p_enhanced": 0.6141, "delta_p": 0.0284, "rel_mitigation_pct": -4.85, "risk_level": "high"}}, {"type": "Feature", "geometry": {"type": "Polygon", "coordinates": [[[121.46, 31.24], [121.46, 31.25], [121.47, 31.25], [121.47, 31.24], [121.46, 31.24]]]}, "properties": {"grid_id": "r065_c061", "phase": "morning_09h", "target_time": "2026-09-18 09:00:00+08:00", "hour": 9, "air_temperature_c": 26.18, "relative_humidity_pct": 72.0, "wind_speed_10m_ms": 1.66, "utci_c": 35.51, "p_base": 0.5908, "p_enhanced": 0.6079, "delta_p": 0.0171, "rel_mitigation_pct": -2.89, "risk_level": "high"}}, {"type": "Feature", "geometry": {"type": "Polygon", "coordinates": [[[121.47, 31.24], [121.47, 31.25], [121.48, 31.25], [121.48, 31.24], [121.47, 31.24]]]}, "properties": {"grid_id": "r065_c062", "phase": "morning_09h", "target_time": "2026-09-18 09:00:00+08:00", "hour": 9, "air_temperature_c": 26.18, "relative_humidity_pct": 72.0, "wind_speed_10m_ms": 1.66, "utci_c": 35.64, "p_base": 0.5987, "p_enhanced": 0.6007, "delta_p": 0.0021, "rel_mitigation_pct": -0.34, "risk_level": "high"}}, {"type": "Feature", "geometry": {"type": "Polygon", "coordinates": [[[121.48, 31.24], [121.48, 31.25], [121.49, 31.25], [121.49, 31.24], [121.48, 31.24]]]}, "properties": {"grid_id": "r065_c063", "phase": "morning_09h", "target_time": "2026-09-18 09:00:00+08:00", "hour": 9, "air_temperature_c": 26.18, "relative_humidity_pct": 72.0, "wind_speed_10m_ms": 1.66, "utci_c": 35.05, "p_base": 0.5639, "p_enhanced": 0.492, "delta_p": -0.0719, "rel_mitigation_pct": 12.76, "risk_level": "high"}}, {"type": "Feature", "geometry": {"type": "Polygon", "coordinates": [[[121.49, 31.24], [121.49, 31.25], [121.5, 31.25], [121.5, 31.24], [121.49, 31.24]]]}, "properties": {"grid_id": "r065_c064", "phase": "morning_09h", "target_time": "2026-09-18 09:00:00+08:00", "hour": 9, "air_temperature_c": 26.18, "relative_humidity_pct": 72.0, "wind_speed_10m_ms": 1.66, "utci_c": 34.0, "p_base": 0.5024, "p_enhanced": 0.3628, "delta_p": -0.1396, "rel_mitigation_pct": 27.78, "risk_level": "high"}}, {"type": "Feature", "geometry": {"type": "Polygon", "coordinates": [[[121.5, 31.24], [121.5, 31.25], [121.51, 31.25], [121.51, 31.24], [121.5, 31.24]]]}, "properties": {"grid_id": "r065_c065", "phase": "morning_09h", "target_time": "2026-09-18 09:00:00+08:00", "hour": 9, "air_temperature_c": 26.18, "relative_humidity_pct": 72.0, "wind_speed_10m_ms": 1.66, "utci_c": 34.46, "p_base": 0.5292, "p_enhanced": 0.4536, "delta_p": -0.0756, "rel_mitigation_pct": 14.28, "risk_level": "high"}}, {"type": "Feature", "geometry": {"type": "Polygon", "coordinates": [[[121.51, 31.24], [121.51, 31.25], [121.52, 31.25], [121.52, 31.24], [121.51, 31.24]]]}, "properties": {"grid_id": "r065_c066", "phase": "morning_09h", "target_time": "2026-09-18 09:00:00+08:00", "hour": 9, "air_temperature_c": 26.18, "relative_humidity_pct": 72.0, "wind_speed_10m_ms": 1.66, "utci_c": 34.58, "p_base": 0.5364, "p_enhanced": 0.4592, "delta_p": -0.0772, "rel_mitigation_pct": 14.4, "risk_level": "high"}}, {"type": "Feature", "geometry": {"type": "Polygon", "coordinates": [[[121.52, 31.24], [121.52, 31.25], [121.53, 31.25], [121.53, 31.24], [121.52, 31.24]]]}, "properties": {"grid_id": "r065_c067", "phase": "morning_09h", "target_time": "2026-09-18 09:00:00+08:00", "hour": 9, "air_temperature_c": 26.18, "relative_humidity_pct": 72.0, "wind_speed_10m_ms": 1.66, "utci_c": 34.71, "p_base": 0.544, "p_enhanced": 0.5025, "delta_p": -0.0415, "rel_mitigation_pct": 7.62, "risk_level": "high"}}, {"type": "Feature", "geometry": {"type": "Polygon", "coordinates": [[[121.53, 31.24], [121.53, 31.25], [121.54, 31.25], [121.54, 31.24], [121.53, 31.24]]]}, "properties": {"grid_id": "r065_c068", "phase": "morning_09h", "target_time": "2026-09-18 09:00:00+08:00", "hour": 9, "air_temperature_c": 26.18, "relative_humidity_pct": 72.0, "wind_speed_10m_ms": 1.66, "utci_c": 35.37, "p_base": 0.583, "p_enhanced": 0.6285, "delta_p": 0.0455, "rel_mitigation_pct": -7.81, "risk_level": "high"}}, {"type": "Feature", "geometry": {"type": "Polygon", "coordinates": [[[121.54, 31.24], [121.54, 31.25], [121.55, 31.25], [121.55, 31.24], [121.54, 31.24]]]}, "properties": {"grid_id": "r065_c069", "phase": "morning_09h", "target_time": "2026-09-18 09:00:00+08:00", "hour": 9, "air_temperature_c": 26.18, "relative_humidity_pct": 72.0, "wind_speed_10m_ms": 1.66, "utci_c": 35.43, "p_base": 0.5864, "p_enhanced": 0.6259, "delta_p": 0.0395, "rel_mitigation_pct": -6.74, "risk_level": "high"}}, {"type": "Feature", "geometry": {"type": "Polygon", "coordinates": [[[121.55, 31.24], [121.55, 31.25], [121.56, 31.25], [121.56, 31.24], [121.55, 31.24]]]}, "properties": {"grid_id": "r065_c070", "phase": "morning_09h", "target_time": "2026-09-18 09:00:00+08:00", "hour": 9, "air_temperature_c": 26.18, "relative_humidity_pct": 72.0, "wind_speed_10m_ms": 1.66, "utci_c": 35.5, "p_base": 0.5903, "p_enhanced": 0.6309, "delta_p": 0.0405, "rel_mitigation_pct": -6.87, "risk_level": "high"}}, {"type": "Feature", "geometry": {"type": "Polygon", "coordinates": [[[121.58, 31.24], [121.58, 31.25], [121.59, 31.25], [121.59, 31.24], [121.58, 31.24]]]}, "properties": {"grid_id": "r065_c073", "phase": "morning_09h", "target_time": "2026-09-18 09:00:00+08:00", "hour": 9, "air_temperature_c": 26.18, "relative_humidity_pct": 72.0, "wind_speed_10m_ms": 1.66, "utci_c": 35.45, "p_base": 0.5878, "p_enhanced": 0.6218, "delta_p": 0.034, "rel_mitigation_pct": -5.78, "risk_level": "high"}}, {"type": "Feature", "geometry": {"type": "Polygon", "coordinates": [[[121.13, 31.23], [121.13, 31.24], [121.14, 31.24], [121.14, 31.23], [121.13, 31.23]]]}, "properties": {"grid_id": "r066_c028", "phase": "morning_09h", "target_time": "2026-09-18 09:00:00+08:00", "hour": 9, "air_temperature_c": 26.18, "relative_humidity_pct": 72.0, "wind_speed_10m_ms": 1.66, "utci_c": 35.44, "p_base": 0.5871, "p_enhanced": 0.6375, "delta_p": 0.0503, "rel_mitigation_pct": -8.58, "risk_level": "high"}}, {"type": "Feature", "geometry": {"type": "Polygon", "coordinates": [[[121.33, 31.23], [121.33, 31.24], [121.34, 31.24], [121.34, 31.23], [121.33, 31.23]]]}, "properties": {"grid_id": "r066_c048", "phase": "morning_09h", "target_time": "2026-09-18 09:00:00+08:00", "hour": 9, "air_temperature_c": 26.18, "relative_humidity_pct": 72.0, "wind_speed_10m_ms": 1.66, "utci_c": 35.33, "p_base": 0.5806, "p_enhanced": 0.5928, "delta_p": 0.0122, "rel_mitigation_pct": -2.11, "risk_level": "high"}}, {"type": "Feature", "geometry": {"type": "Polygon", "coordinates": [[[121.36, 31.23], [121.36, 31.24], [121.37, 31.24], [121.37, 31.23], [121.36, 31.23]]]}, "properties": {"grid_id": "r066_c051", "phase": "morning_09h", "target_time": "2026-09-18 09:00:00+08:00", "hour": 9, "air_temperature_c": 26.18, "relative_humidity_pct": 72.0, "wind_speed_10m_ms": 1.66, "utci_c": 35.45, "p_base": 0.5876, "p_enhanced": 0.6446, "delta_p": 0.0571, "rel_mitigation_pct": -9.71, "risk_level": "high"}}, {"type": "Feature", "geometry": {"type": "Polygon", "coordinates": [[[121.37, 31.23], [121.37, 31.24], [121.38, 31.24], [121.38, 31.23], [121.37, 31.23]]]}, "properties": {"grid_id": "r066_c052", "phase": "morning_09h", "target_time": "2026-09-18 09:00:00+08:00", "hour": 9, "air_temperature_c": 26.18, "relative_humidity_pct": 72.0, "wind_speed_10m_ms": 1.66, "utci_c": 35.59, "p_base": 0.5959, "p_enhanced": 0.6394, "delta_p": 0.0435, "rel_mitigation_pct": -7.3, "risk_level": "high"}}, {"type": "Feature", "geometry": {"type": "Polygon", "coordinates": [[[121.4, 31.23], [121.4, 31.24], [121.41, 31.24], [121.41, 31.23], [121.4, 31.23]]]}, "properties": {"grid_id": "r066_c055", "phase": "morning_09h", "target_time": "2026-09-18 09:00:00+08:00", "hour": 9, "air_temperature_c": 26.18, "relative_humidity_pct": 72.0, "wind_speed_10m_ms": 1.66, "utci_c": 35.7, "p_base": 0.6021, "p_enhanced": 0.6257, "delta_p": 0.0236, "rel_mitigation_pct": -3.93, "risk_level": "high"}}, {"type": "Feature", "geometry": {"type": "Polygon", "coordinates": [[[121.41, 31.23], [121.41, 31.24], [121.42, 31.24], [121.42, 31.23], [121.41, 31.23]]]}, "properties": {"grid_id": "r066_c056", "phase": "morning_09h", "target_time": "2026-09-18 09:00:00+08:00", "hour": 9, "air_temperature_c": 26.18, "relative_humidity_pct": 72.0, "wind_speed_10m_ms": 1.66, "utci_c": 35.66, "p_base": 0.6, "p_enhanced": 0.6248, "delta_p": 0.0248, "rel_mitigation_pct": -4.13, "risk_level": "high"}}, {"type": "Feature", "geometry": {"type": "Polygon", "coordinates": [[[121.42, 31.23], [121.42, 31.24], [121.43, 31.24], [121.43, 31.23], [121.42, 31.23]]]}, "properties": {"grid_id": "r066_c057", "phase": "morning_09h", "target_time": "2026-09-18 09:00:00+08:00", "hour": 9, "air_temperature_c": 26.18, "relative_humidity_pct": 72.0, "wind_speed_10m_ms": 1.66, "utci_c": 35.53, "p_base": 0.592, "p_enhanced": 0.6103, "delta_p": 0.0183, "rel_mitigation_pct": -3.08, "risk_level": "high"}}, {"type": "Feature", "geometry": {"type": "Polygon", "coordinates": [[[121.43, 31.23], [121.43, 31.24], [121.44, 31.24], [121.44, 31.23], [121.43, 31.23]]]}, "properties": {"grid_id": "r066_c058", "phase": "morning_09h", "target_time": "2026-09-18 09:00:00+08:00", "hour": 9, "air_temperature_c": 26.18, "relative_humidity_pct": 72.0, "wind_speed_10m_ms": 1.66, "utci_c": 35.67, "p_base": 0.6005, "p_enhanced": 0.6365, "delta_p": 0.036, "rel_mitigation_pct": -5.99, "risk_level": "high"}}, {"type": "Feature", "geometry": {"type": "Polygon", "coordinates": [[[121.44, 31.23], [121.44, 31.24], [121.45, 31.24], [121.45, 31.23], [121.44, 31.23]]]}, "properties": {"grid_id": "r066_c059", "phase": "morning_09h", "target_time": "2026-09-18 09:00:00+08:00", "hour": 9, "air_temperature_c": 26.18, "relative_humidity_pct": 72.0, "wind_speed_10m_ms": 1.66, "utci_c": 35.69, "p_base": 0.6018, "p_enhanced": 0.6357, "delta_p": 0.034, "rel_mitigation_pct": -5.64, "risk_level": "high"}}, {"type": "Feature", "geometry": {"type": "Polygon", "coordinates": [[[121.45, 31.23], [121.45, 31.24], [121.46, 31.24], [121.46, 31.23], [121.45, 31.23]]]}, "properties": {"grid_id": "r066_c060", "phase": "morning_09h", "target_time": "2026-09-18 09:00:00+08:00", "hour": 9, "air_temperature_c": 26.18, "relative_humidity_pct": 72.0, "wind_speed_10m_ms": 1.66, "utci_c": 35.66, "p_base": 0.5999, "p_enhanced": 0.6326, "delta_p": 0.0328, "rel_mitigation_pct": -5.46, "risk_level": "high"}}, {"type": "Feature", "geometry": {"type": "Polygon", "coordinates": [[[121.46, 31.23], [121.46, 31.24], [121.47, 31.24], [121.47, 31.23], [121.46, 31.23]]]}, "properties": {"grid_id": "r066_c061", "phase": "morning_09h", "target_time": "2026-09-18 09:00:00+08:00", "hour": 9, "air_temperature_c": 26.18, "relative_humidity_pct": 72.0, "wind_speed_10m_ms": 1.66, "utci_c": 35.63, "p_base": 0.5978, "p_enhanced": 0.6373, "delta_p": 0.0395, "rel_mitigation_pct": -6.62, "risk_level": "high"}}, {"type": "Feature", "geometry": {"type": "Polygon", "coordinates": [[[121.47, 31.23], [121.47, 31.24], [121.48, 31.24], [121.48, 31.23], [121.47, 31.23]]]}, "properties": {"grid_id": "r066_c062", "phase": "morning_09h", "target_time": "2026-09-18 09:00:00+08:00", "hour": 9, "air_temperature_c": 26.18, "relative_humidity_pct": 72.0, "wind_speed_10m_ms": 1.66, "utci_c": 35.85, "p_base": 0.6111, "p_enhanced": 0.6303, "delta_p": 0.0192, "rel_mitigation_pct": -3.14, "risk_level": "high"}}, {"type": "Feature", "geometry": {"type": "Polygon", "coordinates": [[[121.48, 31.23], [121.48, 31.24], [121.49, 31.24], [121.49, 31.23], [121.48, 31.23]]]}, "properties": {"grid_id": "r066_c063", "phase": "morning_09h", "target_time": "2026-09-18 09:00:00+08:00", "hour": 9, "air_temperature_c": 26.18, "relative_humidity_pct": 72.0, "wind_speed_10m_ms": 1.66, "utci_c": 35.35, "p_base": 0.5815, "p_enhanced": 0.5335, "delta_p": -0.048, "rel_mitigation_pct": 8.26, "risk_level": "high"}}, {"type": "Feature", "geometry": {"type": "Polygon", "coordinates": [[[121.49, 31.23], [121.49, 31.24], [121.5, 31.24], [121.5, 31.23], [121.49, 31.23]]]}, "properties": {"grid_id": "r066_c064", "phase": "morning_09h", "target_time": "2026-09-18 09:00:00+08:00", "hour": 9, "air_temperature_c": 26.18, "relative_humidity_pct": 72.0, "wind_speed_10m_ms": 1.66, "utci_c": 34.2, "p_base": 0.5145, "p_enhanced": 0.3824, "delta_p": -0.132, "rel_mitigation_pct": 25.66, "risk_level": "high"}}, {"type": "Feature", "geometry": {"type": "Polygon", "coordinates": [[[121.5, 31.23], [121.5, 31.24], [121.51, 31.24], [121.51, 31.23], [121.5, 31.23]]]}, "properties": {"grid_id": "r066_c065", "phase": "morning_09h", "target_time": "2026-09-18 09:00:00+08:00", "hour": 9, "air_temperature_c": 26.18, "relative_humidity_pct": 72.0, "wind_speed_10m_ms": 1.66, "utci_c": 35.57, "p_base": 0.5945, "p_enhanced": 0.6372, "delta_p": 0.0428, "rel_mitigation_pct": -7.2, "risk_level": "high"}}, {"type": "Feature", "geometry": {"type": "Polygon", "coordinates": [[[121.51, 31.23], [121.51, 31.24], [121.52, 31.24], [121.52, 31.23], [121.51, 31.23]]]}, "properties": {"grid_id": "r066_c066", "phase": "morning_09h", "target_time": "2026-09-18 09:00:00+08:00", "hour": 9, "air_temperature_c": 26.18, "relative_humidity_pct": 72.0, "wind_speed_10m_ms": 1.66, "utci_c": 35.77, "p_base": 0.6064, "p_enhanced": 0.633, "delta_p": 0.0266, "rel_mitigation_pct": -4.39, "risk_level": "high"}}, {"type": "Feature", "geometry": {"type": "Polygon", "coordinates": [[[121.52, 31.23], [121.52, 31.24], [121.53, 31.24], [121.53, 31.23], [121.52, 31.23]]]}, "properties": {"grid_id": "r066_c067", "phase": "morning_09h", "target_time": "2026-09-18 09:00:00+08:00", "hour": 9, "air_temperature_c": 26.18, "relative_humidity_pct": 72.0, "wind_speed_10m_ms": 1.66, "utci_c": 35.7, "p_base": 0.6024, "p_enhanced": 0.6353, "delta_p": 0.0329, "rel_mitigation_pct": -5.46, "risk_level": "high"}}, {"type": "Feature", "geometry": {"type": "Polygon", "coordinates": [[[121.55, 31.23], [121.55, 31.24], [121.56, 31.24], [121.56, 31.23], [121.55, 31.23]]]}, "properties": {"grid_id": "r066_c070", "phase": "morning_09h", "target_time": "2026-09-18 09:00:00+08:00", "hour": 9, "air_temperature_c": 26.18, "relative_humidity_pct": 72.0, "wind_speed_10m_ms": 1.66, "utci_c": 35.46, "p_base": 0.5884, "p_enhanced": 0.6141, "delta_p": 0.0257, "rel_mitigation_pct": -4.36, "risk_level": "high"}}, {"type": "Feature", "geometry": {"type": "Polygon", "coordinates": [[[121.59, 31.23], [121.59, 31.24], [121.6, 31.24], [121.6, 31.23], [121.59, 31.23]]]}, "properties": {"grid_id": "r066_c074", "phase": "morning_09h", "target_time": "2026-09-18 09:00:00+08:00", "hour": 9, "air_temperature_c": 26.18, "relative_humidity_pct": 72.0, "wind_speed_10m_ms": 1.66, "utci_c": 34.75, "p_base": 0.5463, "p_enhanced": 0.6393, "delta_p": 0.093, "rel_mitigation_pct": -17.03, "risk_level": "high"}}, {"type": "Feature", "geometry": {"type": "Polygon", "coordinates": [[[121.3, 31.22], [121.3, 31.23], [121.31, 31.23], [121.31, 31.22], [121.3, 31.22]]]}, "properties": {"grid_id": "r067_c045", "phase": "morning_09h", "target_time": "2026-09-18 09:00:00+08:00", "hour": 9, "air_temperature_c": 26.18, "relative_humidity_pct": 72.0, "wind_speed_10m_ms": 1.66, "utci_c": 35.04, "p_base": 0.5637, "p_enhanced": 0.5871, "delta_p": 0.0234, "rel_mitigation_pct": -4.15, "risk_level": "high"}}, {"type": "Feature", "geometry": {"type": "Polygon", "coordinates": [[[121.36, 31.22], [121.36, 31.23], [121.37, 31.23], [121.37, 31.22], [121.36, 31.22]]]}, "properties": {"grid_id": "r067_c051", "phase": "morning_09h", "target_time": "2026-09-18 09:00:00+08:00", "hour": 9, "air_temperature_c": 26.18, "relative_humidity_pct": 72.0, "wind_speed_10m_ms": 1.66, "utci_c": 35.18, "p_base": 0.5717, "p_enhanced": 0.6083, "delta_p": 0.0366, "rel_mitigation_pct": -6.41, "risk_level": "high"}}, {"type": "Feature", "geometry": {"type": "Polygon", "coordinates": [[[121.37, 31.22], [121.37, 31.23], [121.38, 31.23], [121.38, 31.22], [121.37, 31.22]]]}, "properties": {"grid_id": "r067_c052", "phase": "morning_09h", "target_time": "2026-09-18 09:00:00+08:00", "hour": 9, "air_temperature_c": 26.18, "relative_humidity_pct": 72.0, "wind_speed_10m_ms": 1.66, "utci_c": 35.02, "p_base": 0.5621, "p_enhanced": 0.6238, "delta_p": 0.0618, "rel_mitigation_pct": -10.99, "risk_level": "high"}}, {"type": "Feature", "geometry": {"type": "Polygon", "coordinates": [[[121.38, 31.22], [121.38, 31.23], [121.39, 31.23], [121.39, 31.22], [121.38, 31.22]]]}, "properties": {"grid_id": "r067_c053", "phase": "morning_09h", "target_time": "2026-09-18 09:00:00+08:00", "hour": 9, "air_temperature_c": 26.18, "relative_humidity_pct": 72.0, "wind_speed_10m_ms": 1.66, "utci_c": 35.24, "p_base": 0.5754, "p_enhanced": 0.6224, "delta_p": 0.047, "rel_mitigation_pct": -8.17, "risk_level": "high"}}, {"type": "Feature", "geometry": {"type": "Polygon", "coordinates": [[[121.39, 31.22], [121.39, 31.23], [121.4, 31.23], [121.4, 31.22], [121.39, 31.22]]]}, "properties": {"grid_id": "r067_c054", "phase": "morning_09h", "target_time": "2026-09-18 09:00:00+08:00", "hour": 9, "air_temperature_c": 26.18, "relative_humidity_pct": 72.0, "wind_speed_10m_ms": 1.66, "utci_c": 34.48, "p_base": 0.5305, "p_enhanced": 0.5637, "delta_p": 0.0332, "rel_mitigation_pct": -6.26, "risk_level": "high"}}, {"type": "Feature", "geometry": {"type": "Polygon", "coordinates": [[[121.4, 31.22], [121.4, 31.23], [121.41, 31.23], [121.41, 31.22], [121.4, 31.22]]]}, "properties": {"grid_id": "r067_c055", "phase": "morning_09h", "target_time": "2026-09-18 09:00:00+08:00", "hour": 9, "air_temperature_c": 26.18, "relative_humidity_pct": 72.0, "wind_speed_10m_ms": 1.66, "utci_c": 35.42, "p_base": 0.5857, "p_enhanced": 0.607, "delta_p": 0.0213, "rel_mitigation_pct": -3.64, "risk_level": "high"}}, {"type": "Feature", "geometry": {"type": "Polygon", "coordinates": [[[121.41, 31.22], [121.41, 31.23], [121.42, 31.23], [121.42, 31.22], [121.41, 31.22]]]}, "properties": {"grid_id": "r067_c056", "phase": "morning_09h", "target_time": "2026-09-18 09:00:00+08:00", "hour": 9, "air_temperature_c": 26.18, "relative_humidity_pct": 72.0, "wind_speed_10m_ms": 1.66, "utci_c": 35.15, "p_base": 0.57, "p_enhanced": 0.606, "delta_p": 0.036, "rel_mitigation_pct": -6.32, "risk_level": "high"}}, {"type": "Feature", "geometry": {"type": "Polygon", "coordinates": [[[121.42, 31.22], [121.42, 31.23], [121.43, 31.23], [121.43, 31.22], [121.42, 31.22]]]}, "properties": {"grid_id": "r067_c057", "phase": "morning_09h", "target_time": "2026-09-18 09:00:00+08:00", "hour": 9, "air_temperature_c": 26.18, "relative_humidity_pct": 72.0, "wind_speed_10m_ms": 1.66, "utci_c": 35.76, "p_base": 0.6058, "p_enhanced": 0.6332, "delta_p": 0.0274, "rel_mitigation_pct": -4.53, "risk_level": "high"}}, {"type": "Feature", "geometry": {"type": "Polygon", "coordinates": [[[121.43, 31.22], [121.43, 31.23], [121.44, 31.23], [121.44, 31.22], [121.43, 31.22]]]}, "properties": {"grid_id": "r067_c058", "phase": "morning_09h", "target_time": "2026-09-18 09:00:00+08:00", "hour": 9, "air_temperature_c": 26.18, "relative_humidity_pct": 72.0, "wind_speed_10m_ms": 1.66, "utci_c": 35.63, "p_base": 0.5981, "p_enhanced": 0.638, "delta_p": 0.0399, "rel_mitigation_pct": -6.68, "risk_level": "high"}}, {"type": "Feature", "geometry": {"type": "Polygon", "coordinates": [[[121.44, 31.22], [121.44, 31.23], [121.45, 31.23], [121.45, 31.22], [121.44, 31.22]]]}, "properties": {"grid_id": "r067_c059", "phase": "morning_09h", "target_time": "2026-09-18 09:00:00+08:00", "hour": 9, "air_temperature_c": 26.18, "relative_humidity_pct": 72.0, "wind_speed_10m_ms": 1.66, "utci_c": 35.74, "p_base": 0.6046, "p_enhanced": 0.6329, "delta_p": 0.0284, "rel_mitigation_pct": -4.69, "risk_level": "high"}}, {"type": "Feature", "geometry": {"type": "Polygon", "coordinates": [[[121.45, 31.22], [121.45, 31.23], [121.46, 31.23], [121.46, 31.22], [121.45, 31.22]]]}, "properties": {"grid_id": "r067_c060", "phase": "morning_09h", "target_time": "2026-09-18 09:00:00+08:00", "hour": 9, "air_temperature_c": 26.18, "relative_humidity_pct": 72.0, "wind_speed_10m_ms": 1.66, "utci_c": 35.83, "p_base": 0.6094, "p_enhanced": 0.6308, "delta_p": 0.0214, "rel_mitigation_pct": -3.51, "risk_level": "high"}}, {"type": "Feature", "geometry": {"type": "Polygon", "coordinates": [[[121.46, 31.22], [121.46, 31.23], [121.47, 31.23], [121.47, 31.22], [121.46, 31.22]]]}, "properties": {"grid_id": "r067_c061", "phase": "morning_09h", "target_time": "2026-09-18 09:00:00+08:00", "hour": 9, "air_temperature_c": 26.18, "relative_humidity_pct": 72.0, "wind_speed_10m_ms": 1.66, "utci_c": 35.49, "p_base": 0.59, "p_enhanced": 0.64, "delta_p": 0.05, "rel_mitigation_pct": -8.47, "risk_level": "high"}}, {"type": "Feature", "geometry": {"type": "Polygon", "coordinates": [[[121.47, 31.22], [121.47, 31.23], [121.48, 31.23], [121.48, 31.22], [121.47, 31.22]]]}, "properties": {"grid_id": "r067_c062", "phase": "morning_09h", "target_time": "2026-09-18 09:00:00+08:00", "hour": 9, "air_temperature_c": 26.18, "relative_humidity_pct": 72.0, "wind_speed_10m_ms": 1.66, "utci_c": 35.54, "p_base": 0.5928, "p_enhanced": 0.6343, "delta_p": 0.0415, "rel_mitigation_pct": -7.01, "risk_level": "high"}}, {"type": "Feature", "geometry": {"type": "Polygon", "coordinates": [[[121.48, 31.22], [121.48, 31.23], [121.49, 31.23], [121.49, 31.22], [121.48, 31.22]]]}, "properties": {"grid_id": "r067_c063", "phase": "morning_09h", "target_time": "2026-09-18 09:00:00+08:00", "hour": 9, "air_temperature_c": 26.18, "relative_humidity_pct": 72.0, "wind_speed_10m_ms": 1.66, "utci_c": 35.63, "p_base": 0.598, "p_enhanced": 0.6353, "delta_p": 0.0373, "rel_mitigation_pct": -6.24, "risk_level": "high"}}, {"type": "Feature", "geometry": {"type": "Polygon", "coordinates": [[[121.49, 31.22], [121.49, 31.23], [121.5, 31.23], [121.5, 31.22], [121.49, 31.22]]]}, "properties": {"grid_id": "r067_c064", "phase": "morning_09h", "target_time": "2026-09-18 09:00:00+08:00", "hour": 9, "air_temperature_c": 26.18, "relative_humidity_pct": 72.0, "wind_speed_10m_ms": 1.66, "utci_c": 35.24, "p_base": 0.5755, "p_enhanced": 0.5547, "delta_p": -0.0208, "rel_mitigation_pct": 3.61, "risk_level": "high"}}, {"type": "Feature", "geometry": {"type": "Polygon", "coordinates": [[[121.51, 31.22], [121.51, 31.23], [121.52, 31.23], [121.52, 31.22], [121.51, 31.22]]]}, "properties": {"grid_id": "r067_c066", "phase": "morning_09h", "target_time": "2026-09-18 09:00:00+08:00", "hour": 9, "air_temperature_c": 26.18, "relative_humidity_pct": 72.0, "wind_speed_10m_ms": 1.66, "utci_c": 35.79, "p_base": 0.6074, "p_enhanced": 0.6312, "delta_p": 0.0237, "rel_mitigation_pct": -3.91, "risk_level": "high"}}, {"type": "Feature", "geometry": {"type": "Polygon", "coordinates": [[[121.52, 31.22], [121.52, 31.23], [121.53, 31.23], [121.53, 31.22], [121.52, 31.22]]]}, "properties": {"grid_id": "r067_c067", "phase": "morning_09h", "target_time": "2026-09-18 09:00:00+08:00", "hour": 9, "air_temperature_c": 26.18, "relative_humidity_pct": 72.0, "wind_speed_10m_ms": 1.66, "utci_c": 35.45, "p_base": 0.5877, "p_enhanced": 0.6299, "delta_p": 0.0422, "rel_mitigation_pct": -7.19, "risk_level": "high"}}, {"type": "Feature", "geometry": {"type": "Polygon", "coordinates": [[[121.53, 31.22], [121.53, 31.23], [121.54, 31.23], [121.54, 31.22], [121.53, 31.22]]]}, "properties": {"grid_id": "r067_c068", "phase": "morning_09h", "target_time": "2026-09-18 09:00:00+08:00", "hour": 9, "air_temperature_c": 26.18, "relative_humidity_pct": 72.0, "wind_speed_10m_ms": 1.66, "utci_c": 35.29, "p_base": 0.5781, "p_enhanced": 0.6414, "delta_p": 0.0633, "rel_mitigation_pct": -10.95, "risk_level": "high"}}, {"type": "Feature", "geometry": {"type": "Polygon", "coordinates": [[[121.54, 31.22], [121.54, 31.23], [121.55, 31.23], [121.55, 31.22], [121.54, 31.22]]]}, "properties": {"grid_id": "r067_c069", "phase": "morning_09h", "target_time": "2026-09-18 09:00:00+08:00", "hour": 9, "air_temperature_c": 26.18, "relative_humidity_pct": 72.0, "wind_speed_10m_ms": 1.66, "utci_c": 35.24, "p_base": 0.5752, "p_enhanced": 0.6524, "delta_p": 0.0772, "rel_mitigation_pct": -13.41, "risk_level": "high"}}, {"type": "Feature", "geometry": {"type": "Polygon", "coordinates": [[[121.55, 31.22], [121.55, 31.23], [121.56, 31.23], [121.56, 31.22], [121.55, 31.22]]]}, "properties": {"grid_id": "r067_c070", "phase": "morning_09h", "target_time": "2026-09-18 09:00:00+08:00", "hour": 9, "air_temperature_c": 26.18, "relative_humidity_pct": 72.0, "wind_speed_10m_ms": 1.66, "utci_c": 35.16, "p_base": 0.5704, "p_enhanced": 0.626, "delta_p": 0.0556, "rel_mitigation_pct": -9.75, "risk_level": "high"}}, {"type": "Feature", "geometry": {"type": "Polygon", "coordinates": [[[121.62, 31.22], [121.62, 31.23], [121.63, 31.23], [121.63, 31.22], [121.62, 31.22]]]}, "properties": {"grid_id": "r067_c077", "phase": "morning_09h", "target_time": "2026-09-18 09:00:00+08:00", "hour": 9, "air_temperature_c": 26.18, "relative_humidity_pct": 72.0, "wind_speed_10m_ms": 1.66, "utci_c": 35.08, "p_base": 0.5659, "p_enhanced": 0.6486, "delta_p": 0.0827, "rel_mitigation_pct": -14.62, "risk_level": "high"}}, {"type": "Feature", "geometry": {"type": "Polygon", "coordinates": [[[121.31, 31.21], [121.31, 31.22], [121.32, 31.22], [121.32, 31.21], [121.31, 31.21]]]}, "properties": {"grid_id": "r068_c046", "phase": "morning_09h", "target_time": "2026-09-18 09:00:00+08:00", "hour": 9, "air_temperature_c": 26.18, "relative_humidity_pct": 72.0, "wind_speed_10m_ms": 1.66, "utci_c": 35.29, "p_base": 0.5785, "p_enhanced": 0.6172, "delta_p": 0.0388, "rel_mitigation_pct": -6.7, "risk_level": "high"}}, {"type": "Feature", "geometry": {"type": "Polygon", "coordinates": [[[121.34, 31.21], [121.34, 31.22], [121.35, 31.22], [121.35, 31.21], [121.34, 31.21]]]}, "properties": {"grid_id": "r068_c049", "phase": "morning_09h", "target_time": "2026-09-18 09:00:00+08:00", "hour": 9, "air_temperature_c": 26.18, "relative_humidity_pct": 72.0, "wind_speed_10m_ms": 1.66, "utci_c": 35.25, "p_base": 0.5757, "p_enhanced": 0.6468, "delta_p": 0.0711, "rel_mitigation_pct": -12.35, "risk_level": "high"}}, {"type": "Feature", "geometry": {"type": "Polygon", "coordinates": [[[121.35, 31.21], [121.35, 31.22], [121.36, 31.22], [121.36, 31.21], [121.35, 31.21]]]}, "properties": {"grid_id": "r068_c050", "phase": "morning_09h", "target_time": "2026-09-18 09:00:00+08:00", "hour": 9, "air_temperature_c": 26.18, "relative_humidity_pct": 72.0, "wind_speed_10m_ms": 1.66, "utci_c": 35.45, "p_base": 0.5878, "p_enhanced": 0.6445, "delta_p": 0.0567, "rel_mitigation_pct": -9.64, "risk_level": "high"}}, {"type": "Feature", "geometry": {"type": "Polygon", "coordinates": [[[121.38, 31.21], [121.38, 31.22], [121.39, 31.22], [121.39, 31.21], [121.38, 31.21]]]}, "properties": {"grid_id": "r068_c053", "phase": "morning_09h", "target_time": "2026-09-18 09:00:00+08:00", "hour": 9, "air_temperature_c": 26.18, "relative_humidity_pct": 72.0, "wind_speed_10m_ms": 1.66, "utci_c": 35.65, "p_base": 0.5991, "p_enhanced": 0.6376, "delta_p": 0.0385, "rel_mitigation_pct": -6.43, "risk_level": "high"}}, {"type": "Feature", "geometry": {"type": "Polygon", "coordinates": [[[121.39, 31.21], [121.39, 31.22], [121.4, 31.22], [121.4, 31.21], [121.39, 31.21]]]}, "properties": {"grid_id": "r068_c054", "phase": "morning_09h", "target_time": "2026-09-18 09:00:00+08:00", "hour": 9, "air_temperature_c": 26.18, "relative_humidity_pct": 72.0, "wind_speed_10m_ms": 1.66, "utci_c": 35.8, "p_base": 0.6079, "p_enhanced": 0.6316, "delta_p": 0.0237, "rel_mitigation_pct": -3.89, "risk_level": "high"}}, {"type": "Feature", "geometry": {"type": "Polygon", "coordinates": [[[121.4, 31.21], [121.4, 31.22], [121.41, 31.22], [121.41, 31.21], [121.4, 31.21]]]}, "properties": {"grid_id": "r068_c055", "phase": "morning_09h", "target_time": "2026-09-18 09:00:00+08:00", "hour": 9, "air_temperature_c": 26.18, "relative_humidity_pct": 72.0, "wind_speed_10m_ms": 1.66, "utci_c": 35.77, "p_base": 0.6065, "p_enhanced": 0.6329, "delta_p": 0.0264, "rel_mitigation_pct": -4.35, "risk_level": "high"}}, {"type": "Feature", "geometry": {"type": "Polygon", "coordinates": [[[121.41, 31.21], [121.41, 31.22], [121.42, 31.22], [121.42, 31.21], [121.41, 31.21]]]}, "properties": {"grid_id": "r068_c056", "phase": "morning_09h", "target_time": "2026-09-18 09:00:00+08:00", "hour": 9, "air_temperature_c": 26.18, "relative_humidity_pct": 72.0, "wind_speed_10m_ms": 1.66, "utci_c": 35.6, "p_base": 0.5962, "p_enhanced": 0.6307, "delta_p": 0.0345, "rel_mitigation_pct": -5.78, "risk_level": "high"}}, {"type": "Feature", "geometry": {"type": "Polygon", "coordinates": [[[121.42, 31.21], [121.42, 31.22], [121.43, 31.22], [121.43, 31.21], [121.42, 31.21]]]}, "properties": {"grid_id": "r068_c057", "phase": "morning_09h", "target_time": "2026-09-18 09:00:00+08:00", "hour": 9, "air_temperature_c": 26.18, "relative_humidity_pct": 72.0, "wind_speed_10m_ms": 1.66, "utci_c": 35.79, "p_base": 0.6076, "p_enhanced": 0.6321, "delta_p": 0.0246, "rel_mitigation_pct": -4.04, "risk_level": "high"}}, {"type": "Feature", "geometry": {"type": "Polygon", "coordinates": [[[121.43, 31.21], [121.43, 31.22], [121.44, 31.22], [121.44, 31.21], [121.43, 31.21]]]}, "properties": {"grid_id": "r068_c058", "phase": "morning_09h", "target_time": "2026-09-18 09:00:00+08:00", "hour": 9, "air_temperature_c": 26.18, "relative_humidity_pct": 72.0, "wind_speed_10m_ms": 1.66, "utci_c": 35.62, "p_base": 0.5977, "p_enhanced": 0.6385, "delta_p": 0.0408, "rel_mitigation_pct": -6.82, "risk_level": "high"}}, {"type": "Feature", "geometry": {"type": "Polygon", "coordinates": [[[121.44, 31.21], [121.44, 31.22], [121.45, 31.22], [121.45, 31.21], [121.44, 31.21]]]}, "properties": {"grid_id": "r068_c059", "phase": "morning_09h", "target_time": "2026-09-18 09:00:00+08:00", "hour": 9, "air_temperature_c": 26.18, "relative_humidity_pct": 72.0, "wind_speed_10m_ms": 1.66, "utci_c": 35.72, "p_base": 0.6036, "p_enhanced": 0.6348, "delta_p": 0.0312, "rel_mitigation_pct": -5.18, "risk_level": "high"}}, {"type": "Feature", "geometry": {"type": "Polygon", "coordinates": [[[121.45, 31.21], [121.45, 31.22], [121.46, 31.22], [121.46, 31.21], [121.45, 31.21]]]}, "properties": {"grid_id": "r068_c060", "phase": "morning_09h", "target_time": "2026-09-18 09:00:00+08:00", "hour": 9, "air_temperature_c": 26.18, "relative_humidity_pct": 72.0, "wind_speed_10m_ms": 1.66, "utci_c": 35.75, "p_base": 0.6052, "p_enhanced": 0.6339, "delta_p": 0.0287, "rel_mitigation_pct": -4.74, "risk_level": "high"}}, {"type": "Feature", "geometry": {"type": "Polygon", "coordinates": [[[121.46, 31.21], [121.46, 31.22], [121.47, 31.22], [121.47, 31.21], [121.46, 31.21]]]}, "properties": {"grid_id": "r068_c061", "phase": "morning_09h", "target_time": "2026-09-18 09:00:00+08:00", "hour": 9, "air_temperature_c": 26.18, "relative_humidity_pct": 72.0, "wind_speed_10m_ms": 1.66, "utci_c": 35.61, "p_base": 0.5972, "p_enhanced": 0.638, "delta_p": 0.0409, "rel_mitigation_pct": -6.84, "risk_level": "high"}}, {"type": "Feature", "geometry": {"type": "Polygon", "coordinates": [[[121.47, 31.21], [121.47, 31.22], [121.48, 31.22], [121.48, 31.21], [121.47, 31.21]]]}, "properties": {"grid_id": "r068_c062", "phase": "morning_09h", "target_time": "2026-09-18 09:00:00+08:00", "hour": 9, "air_temperature_c": 26.18, "relative_humidity_pct": 72.0, "wind_speed_10m_ms": 1.66, "utci_c": 35.71, "p_base": 0.603, "p_enhanced": 0.635, "delta_p": 0.0321, "rel_mitigation_pct": -5.32, "risk_level": "high"}}, {"type": "Feature", "geometry": {"type": "Polygon", "coordinates": [[[121.48, 31.21], [121.48, 31.22], [121.49, 31.22], [121.49, 31.21], [121.48, 31.21]]]}, "properties": {"grid_id": "r068_c063", "phase": "morning_09h", "target_time": "2026-09-18 09:00:00+08:00", "hour": 9, "air_temperature_c": 26.18, "relative_humidity_pct": 72.0, "wind_speed_10m_ms": 1.66, "utci_c": 35.77, "p_base": 0.6061, "p_enhanced": 0.6329, "delta_p": 0.0268, "rel_mitigation_pct": -4.42, "risk_level": "high"}}, {"type": "Feature", "geometry": {"type": "Polygon", "coordinates": [[[121.49, 31.21], [121.49, 31.22], [121.5, 31.22], [121.5, 31.21], [121.49, 31.21]]]}, "properties": {"grid_id": "r068_c064", "phase": "morning_09h", "target_time": "2026-09-18 09:00:00+08:00", "hour": 9, "air_temperature_c": 26.18, "relative_humidity_pct": 72.0, "wind_speed_10m_ms": 1.66, "utci_c": 35.63, "p_base": 0.598, "p_enhanced": 0.6383, "delta_p": 0.0402, "rel_mitigation_pct": -6.73, "risk_level": "high"}}, {"type": "Feature", "geometry": {"type": "Polygon", "coordinates": [[[121.5, 31.21], [121.5, 31.22], [121.51, 31.22], [121.51, 31.21], [121.5, 31.21]]]}, "properties": {"grid_id": "r068_c065", "phase": "morning_09h", "target_time": "2026-09-18 09:00:00+08:00", "hour": 9, "air_temperature_c": 26.18, "relative_humidity_pct": 72.0, "wind_speed_10m_ms": 1.66, "utci_c": 34.44, "p_base": 0.5285, "p_enhanced": 0.4143, "delta_p": -0.1142, "rel_mitigation_pct": 21.61, "risk_level": "high"}}, {"type": "Feature", "geometry": {"type": "Polygon", "coordinates": [[[121.54, 31.21], [121.54, 31.22], [121.55, 31.22], [121.55, 31.21], [121.54, 31.21]]]}, "properties": {"grid_id": "r068_c069", "phase": "morning_09h", "target_time": "2026-09-18 09:00:00+08:00", "hour": 9, "air_temperature_c": 26.18, "relative_humidity_pct": 72.0, "wind_speed_10m_ms": 1.66, "utci_c": 34.05, "p_base": 0.5054, "p_enhanced": 0.5787, "delta_p": 0.0734, "rel_mitigation_pct": -14.51, "risk_level": "high"}}, {"type": "Feature", "geometry": {"type": "Polygon", "coordinates": [[[121.55, 31.21], [121.55, 31.22], [121.56, 31.22], [121.56, 31.21], [121.55, 31.21]]]}, "properties": {"grid_id": "r068_c070", "phase": "morning_09h", "target_time": "2026-09-18 09:00:00+08:00", "hour": 9, "air_temperature_c": 26.18, "relative_humidity_pct": 72.0, "wind_speed_10m_ms": 1.66, "utci_c": 34.93, "p_base": 0.5573, "p_enhanced": 0.6356, "delta_p": 0.0783, "rel_mitigation_pct": -14.05, "risk_level": "high"}}, {"type": "Feature", "geometry": {"type": "Polygon", "coordinates": [[[121.56, 31.21], [121.56, 31.22], [121.57, 31.22], [121.57, 31.21], [121.56, 31.21]]]}, "properties": {"grid_id": "r068_c071", "phase": "morning_09h", "target_time": "2026-09-18 09:00:00+08:00", "hour": 9, "air_temperature_c": 26.18, "relative_humidity_pct": 72.0, "wind_speed_10m_ms": 1.66, "utci_c": 35.75, "p_base": 0.6049, "p_enhanced": 0.6338, "delta_p": 0.0289, "rel_mitigation_pct": -4.78, "risk_level": "high"}}, {"type": "Feature", "geometry": {"type": "Polygon", "coordinates": [[[121.61, 31.21], [121.61, 31.22], [121.62, 31.22], [121.62, 31.21], [121.61, 31.21]]]}, "properties": {"grid_id": "r068_c076", "phase": "morning_09h", "target_time": "2026-09-18 09:00:00+08:00", "hour": 9, "air_temperature_c": 26.18, "relative_humidity_pct": 72.0, "wind_speed_10m_ms": 1.66, "utci_c": 35.43, "p_base": 0.5864, "p_enhanced": 0.6439, "delta_p": 0.0575, "rel_mitigation_pct": -9.81, "risk_level": "high"}}, {"type": "Feature", "geometry": {"type": "Polygon", "coordinates": [[[121.62, 31.21], [121.62, 31.22], [121.63, 31.22], [121.63, 31.21], [121.62, 31.21]]]}, "properties": {"grid_id": "r068_c077", "phase": "morning_09h", "target_time": "2026-09-18 09:00:00+08:00", "hour": 9, "air_temperature_c": 26.18, "relative_humidity_pct": 72.0, "wind_speed_10m_ms": 1.66, "utci_c": 35.43, "p_base": 0.5864, "p_enhanced": 0.6455, "delta_p": 0.0591, "rel_mitigation_pct": -10.08, "risk_level": "high"}}, {"type": "Feature", "geometry": {"type": "Polygon", "coordinates": [[[121.65, 31.21], [121.65, 31.22], [121.66, 31.22], [121.66, 31.21], [121.65, 31.21]]]}, "properties": {"grid_id": "r068_c080", "phase": "morning_09h", "target_time": "2026-09-18 09:00:00+08:00", "hour": 9, "air_temperature_c": 26.18, "relative_humidity_pct": 72.0, "wind_speed_10m_ms": 1.66, "utci_c": 35.43, "p_base": 0.5866, "p_enhanced": 0.6322, "delta_p": 0.0457, "rel_mitigation_pct": -7.78, "risk_level": "high"}}, {"type": "Feature", "geometry": {"type": "Polygon", "coordinates": [[[121.69, 31.21], [121.69, 31.22], [121.7, 31.22], [121.7, 31.21], [121.69, 31.21]]]}, "properties": {"grid_id": "r068_c084", "phase": "morning_09h", "target_time": "2026-09-18 09:00:00+08:00", "hour": 9, "air_temperature_c": 26.18, "relative_humidity_pct": 72.0, "wind_speed_10m_ms": 1.66, "utci_c": 35.45, "p_base": 0.5876, "p_enhanced": 0.6446, "delta_p": 0.0571, "rel_mitigation_pct": -9.71, "risk_level": "high"}}, {"type": "Feature", "geometry": {"type": "Polygon", "coordinates": [[[121.27, 31.2], [121.27, 31.21], [121.28, 31.21], [121.28, 31.2], [121.27, 31.2]]]}, "properties": {"grid_id": "r069_c042", "phase": "morning_09h", "target_time": "2026-09-18 09:00:00+08:00", "hour": 9, "air_temperature_c": 26.18, "relative_humidity_pct": 72.0, "wind_speed_10m_ms": 1.66, "utci_c": 35.53, "p_base": 0.5924, "p_enhanced": 0.6416, "delta_p": 0.0491, "rel_mitigation_pct": -8.29, "risk_level": "high"}}, {"type": "Feature", "geometry": {"type": "Polygon", "coordinates": [[[121.36, 31.2], [121.36, 31.21], [121.37, 31.21], [121.37, 31.2], [121.36, 31.2]]]}, "properties": {"grid_id": "r069_c051", "phase": "morning_09h", "target_time": "2026-09-18 09:00:00+08:00", "hour": 9, "air_temperature_c": 26.18, "relative_humidity_pct": 72.0, "wind_speed_10m_ms": 1.66, "utci_c": 35.39, "p_base": 0.5842, "p_enhanced": 0.6464, "delta_p": 0.0622, "rel_mitigation_pct": -10.65, "risk_level": "high"}}, {"type": "Feature", "geometry": {"type": "Polygon", "coordinates": [[[121.37, 31.2], [121.37, 31.21], [121.38, 31.21], [121.38, 31.2], [121.37, 31.2]]]}, "properties": {"grid_id": "r069_c052", "phase": "morning_09h", "target_time": "2026-09-18 09:00:00+08:00", "hour": 9, "air_temperature_c": 26.18, "relative_humidity_pct": 72.0, "wind_speed_10m_ms": 1.66, "utci_c": 34.67, "p_base": 0.5419, "p_enhanced": 0.6341, "delta_p": 0.0922, "rel_mitigation_pct": -17.02, "risk_level": "high"}}, {"type": "Feature", "geometry": {"type": "Polygon", "coordinates": [[[121.38, 31.2], [121.38, 31.21], [121.39, 31.21], [121.39, 31.2], [121.38, 31.2]]]}, "properties": {"grid_id": "r069_c053", "phase": "morning_09h", "target_time": "2026-09-18 09:00:00+08:00", "hour": 9, "air_temperature_c": 26.18, "relative_humidity_pct": 72.0, "wind_speed_10m_ms": 1.66, "utci_c": 35.75, "p_base": 0.6051, "p_enhanced": 0.6319, "delta_p": 0.0268, "rel_mitigation_pct": -4.43, "risk_level": "high"}}, {"type": "Feature", "geometry": {"type": "Polygon", "coordinates": [[[121.39, 31.2], [121.39, 31.21], [121.4, 31.21], [121.4, 31.2], [121.39, 31.2]]]}, "properties": {"grid_id": "r069_c054", "phase": "morning_09h", "target_time": "2026-09-18 09:00:00+08:00", "hour": 9, "air_temperature_c": 26.18, "relative_humidity_pct": 72.0, "wind_speed_10m_ms": 1.66, "utci_c": 35.54, "p_base": 0.5927, "p_enhanced": 0.6407, "delta_p": 0.048, "rel_mitigation_pct": -8.09, "risk_level": "high"}}, {"type": "Feature", "geometry": {"type": "Polygon", "coordinates": [[[121.4, 31.2], [121.4, 31.21], [121.41, 31.21], [121.41, 31.2], [121.4, 31.2]]]}, "properties": {"grid_id": "r069_c055", "phase": "morning_09h", "target_time": "2026-09-18 09:00:00+08:00", "hour": 9, "air_temperature_c": 26.18, "relative_humidity_pct": 72.0, "wind_speed_10m_ms": 1.66, "utci_c": 35.52, "p_base": 0.5916, "p_enhanced": 0.6382, "delta_p": 0.0466, "rel_mitigation_pct": -7.87, "risk_level": "high"}}, {"type": "Feature", "geometry": {"type": "Polygon", "coordinates": [[[121.41, 31.2], [121.41, 31.21], [121.42, 31.21], [121.42, 31.2], [121.41, 31.2]]]}, "properties": {"grid_id": "r069_c056", "phase": "morning_09h", "target_time": "2026-09-18 09:00:00+08:00", "hour": 9, "air_temperature_c": 26.18, "relative_humidity_pct": 72.0, "wind_speed_10m_ms": 1.66, "utci_c": 35.79, "p_base": 0.6071, "p_enhanced": 0.6324, "delta_p": 0.0253, "rel_mitigation_pct": -4.16, "risk_level": "high"}}, {"type": "Feature", "geometry": {"type": "Polygon", "coordinates": [[[121.42, 31.2], [121.42, 31.21], [121.43, 31.21], [121.43, 31.2], [121.42, 31.2]]]}, "properties": {"grid_id": "r069_c057", "phase": "morning_09h", "target_time": "2026-09-18 09:00:00+08:00", "hour": 9, "air_temperature_c": 26.18, "relative_humidity_pct": 72.0, "wind_speed_10m_ms": 1.66, "utci_c": 35.73, "p_base": 0.6042, "p_enhanced": 0.6344, "delta_p": 0.0302, "rel_mitigation_pct": -5.0, "risk_level": "high"}}, {"type": "Feature", "geometry": {"type": "Polygon", "coordinates": [[[121.43, 31.2], [121.43, 31.21], [121.44, 31.21], [121.44, 31.2], [121.43, 31.2]]]}, "properties": {"grid_id": "r069_c058", "phase": "morning_09h", "target_time": "2026-09-18 09:00:00+08:00", "hour": 9, "air_temperature_c": 26.18, "relative_humidity_pct": 72.0, "wind_speed_10m_ms": 1.66, "utci_c": 35.67, "p_base": 0.6005, "p_enhanced": 0.6367, "delta_p": 0.0362, "rel_mitigation_pct": -6.03, "risk_level": "high"}}, {"type": "Feature", "geometry": {"type": "Polygon", "coordinates": [[[121.44, 31.2], [121.44, 31.21], [121.45, 31.21], [121.45, 31.2], [121.44, 31.2]]]}, "properties": {"grid_id": "r069_c059", "phase": "morning_09h", "target_time": "2026-09-18 09:00:00+08:00", "hour": 9, "air_temperature_c": 26.18, "relative_humidity_pct": 72.0, "wind_speed_10m_ms": 1.66, "utci_c": 35.7, "p_base": 0.6019, "p_enhanced": 0.6358, "delta_p": 0.0338, "rel_mitigation_pct": -5.62, "risk_level": "high"}}, {"type": "Feature", "geometry": {"type": "Polygon", "coordinates": [[[121.45, 31.2], [121.45, 31.21], [121.46, 31.21], [121.46, 31.2], [121.45, 31.2]]]}, "properties": {"grid_id": "r069_c060", "phase": "morning_09h", "target_time": "2026-09-18 09:00:00+08:00", "hour": 9, "air_temperature_c": 26.18, "relative_humidity_pct": 72.0, "wind_speed_10m_ms": 1.66, "utci_c": 35.76, "p_base": 0.6055, "p_enhanced": 0.6335, "delta_p": 0.028, "rel_mitigation_pct": -4.62, "risk_level": "high"}}, {"type": "Feature", "geometry": {"type": "Polygon", "coordinates": [[[121.46, 31.2], [121.46, 31.21], [121.47, 31.21], [121.47, 31.2], [121.46, 31.2]]]}, "properties": {"grid_id": "r069_c061", "phase": "morning_09h", "target_time": "2026-09-18 09:00:00+08:00", "hour": 9, "air_temperature_c": 26.18, "relative_humidity_pct": 72.0, "wind_speed_10m_ms": 1.66, "utci_c": 35.74, "p_base": 0.6046, "p_enhanced": 0.634, "delta_p": 0.0294, "rel_mitigation_pct": -4.86, "risk_level": "high"}}, {"type": "Feature", "geometry": {"type": "Polygon", "coordinates": [[[121.47, 31.2], [121.47, 31.21], [121.48, 31.21], [121.48, 31.2], [121.47, 31.2]]]}, "properties": {"grid_id": "r069_c062", "phase": "morning_09h", "target_time": "2026-09-18 09:00:00+08:00", "hour": 9, "air_temperature_c": 26.18, "relative_humidity_pct": 72.0, "wind_speed_10m_ms": 1.66, "utci_c": 35.85, "p_base": 0.6107, "p_enhanced": 0.6302, "delta_p": 0.0195, "rel_mitigation_pct": -3.2, "risk_level": "high"}}, {"type": "Feature", "geometry": {"type": "Polygon", "coordinates": [[[121.48, 31.2], [121.48, 31.21], [121.49, 31.21], [121.49, 31.2], [121.48, 31.2]]]}, "properties": {"grid_id": "r069_c063", "phase": "morning_09h", "target_time": "2026-09-18 09:00:00+08:00", "hour": 9, "air_temperature_c": 26.18, "relative_humidity_pct": 72.0, "wind_speed_10m_ms": 1.66, "utci_c": 35.68, "p_base": 0.6009, "p_enhanced": 0.6363, "delta_p": 0.0354, "rel_mitigation_pct": -5.9, "risk_level": "high"}}, {"type": "Feature", "geometry": {"type": "Polygon", "coordinates": [[[121.49, 31.2], [121.49, 31.21], [121.5, 31.21], [121.5, 31.2], [121.49, 31.2]]]}, "properties": {"grid_id": "r069_c064", "phase": "morning_09h", "target_time": "2026-09-18 09:00:00+08:00", "hour": 9, "air_temperature_c": 26.18, "relative_humidity_pct": 72.0, "wind_speed_10m_ms": 1.66, "utci_c": 34.74, "p_base": 0.5456, "p_enhanced": 0.4761, "delta_p": -0.0695, "rel_mitigation_pct": 12.74, "risk_level": "high"}}, {"type": "Feature", "geometry": {"type": "Polygon", "coordinates": [[[121.5, 31.2], [121.5, 31.21], [121.51, 31.21], [121.51, 31.2], [121.5, 31.2]]]}, "properties": {"grid_id": "r069_c065", "phase": "morning_09h", "target_time": "2026-09-18 09:00:00+08:00", "hour": 9, "air_temperature_c": 26.18, "relative_humidity_pct": 72.0, "wind_speed_10m_ms": 1.66, "utci_c": 34.93, "p_base": 0.557, "p_enhanced": 0.5518, "delta_p": -0.0052, "rel_mitigation_pct": 0.94, "risk_level": "high"}}, {"type": "Feature", "geometry": {"type": "Polygon", "coordinates": [[[121.51, 31.2], [121.51, 31.21], [121.52, 31.21], [121.52, 31.2], [121.51, 31.2]]]}, "properties": {"grid_id": "r069_c066", "phase": "morning_09h", "target_time": "2026-09-18 09:00:00+08:00", "hour": 9, "air_temperature_c": 26.18, "relative_humidity_pct": 72.0, "wind_speed_10m_ms": 1.66, "utci_c": 35.57, "p_base": 0.5946, "p_enhanced": 0.6404, "delta_p": 0.0458, "rel_mitigation_pct": -7.7, "risk_level": "high"}}, {"type": "Feature", "geometry": {"type": "Polygon", "coordinates": [[[121.55, 31.2], [121.55, 31.21], [121.56, 31.21], [121.56, 31.2], [121.55, 31.2]]]}, "properties": {"grid_id": "r069_c070", "phase": "morning_09h", "target_time": "2026-09-18 09:00:00+08:00", "hour": 9, "air_temperature_c": 26.18, "relative_humidity_pct": 72.0, "wind_speed_10m_ms": 1.66, "utci_c": 35.53, "p_base": 0.5924, "p_enhanced": 0.6407, "delta_p": 0.0483, "rel_mitigation_pct": -8.15, "risk_level": "high"}}, {"type": "Feature", "geometry": {"type": "Polygon", "coordinates": [[[121.58, 31.2], [121.58, 31.21], [121.59, 31.21], [121.59, 31.2], [121.58, 31.2]]]}, "properties": {"grid_id": "r069_c073", "phase": "morning_09h", "target_time": "2026-09-18 09:00:00+08:00", "hour": 9, "air_temperature_c": 26.18, "relative_humidity_pct": 72.0, "wind_speed_10m_ms": 1.66, "utci_c": 35.47, "p_base": 0.5887, "p_enhanced": 0.6442, "delta_p": 0.0554, "rel_mitigation_pct": -9.42, "risk_level": "high"}}, {"type": "Feature", "geometry": {"type": "Polygon", "coordinates": [[[121.59, 31.2], [121.59, 31.21], [121.6, 31.21], [121.6, 31.2], [121.59, 31.2]]]}, "properties": {"grid_id": "r069_c074", "phase": "morning_09h", "target_time": "2026-09-18 09:00:00+08:00", "hour": 9, "air_temperature_c": 26.18, "relative_humidity_pct": 72.0, "wind_speed_10m_ms": 1.66, "utci_c": 35.51, "p_base": 0.591, "p_enhanced": 0.6387, "delta_p": 0.0476, "rel_mitigation_pct": -8.06, "risk_level": "high"}}, {"type": "Feature", "geometry": {"type": "Polygon", "coordinates": [[[121.6, 31.2], [121.6, 31.21], [121.61, 31.21], [121.61, 31.2], [121.6, 31.2]]]}, "properties": {"grid_id": "r069_c075", "phase": "morning_09h", "target_time": "2026-09-18 09:00:00+08:00", "hour": 9, "air_temperature_c": 26.18, "relative_humidity_pct": 72.0, "wind_speed_10m_ms": 1.66, "utci_c": 35.25, "p_base": 0.5757, "p_enhanced": 0.6325, "delta_p": 0.0568, "rel_mitigation_pct": -9.86, "risk_level": "high"}}, {"type": "Feature", "geometry": {"type": "Polygon", "coordinates": [[[121.66, 31.2], [121.66, 31.21], [121.67, 31.21], [121.67, 31.2], [121.66, 31.2]]]}, "properties": {"grid_id": "r069_c081", "phase": "morning_09h", "target_time": "2026-09-18 09:00:00+08:00", "hour": 9, "air_temperature_c": 26.18, "relative_humidity_pct": 72.0, "wind_speed_10m_ms": 1.66, "utci_c": 35.29, "p_base": 0.5781, "p_enhanced": 0.6125, "delta_p": 0.0344, "rel_mitigation_pct": -5.95, "risk_level": "high"}}, {"type": "Feature", "geometry": {"type": "Polygon", "coordinates": [[[121.27, 31.19], [121.27, 31.2], [121.28, 31.2], [121.28, 31.19], [121.27, 31.19]]]}, "properties": {"grid_id": "r070_c042", "phase": "morning_09h", "target_time": "2026-09-18 09:00:00+08:00", "hour": 9, "air_temperature_c": 26.18, "relative_humidity_pct": 72.0, "wind_speed_10m_ms": 1.66, "utci_c": 35.42, "p_base": 0.5858, "p_enhanced": 0.6459, "delta_p": 0.0601, "rel_mitigation_pct": -10.26, "risk_level": "high"}}, {"type": "Feature", "geometry": {"type": "Polygon", "coordinates": [[[121.3, 31.19], [121.3, 31.2], [121.31, 31.2], [121.31, 31.19], [121.3, 31.19]]]}, "properties": {"grid_id": "r070_c045", "phase": "morning_09h", "target_time": "2026-09-18 09:00:00+08:00", "hour": 9, "air_temperature_c": 26.18, "relative_humidity_pct": 72.0, "wind_speed_10m_ms": 1.66, "utci_c": 35.35, "p_base": 0.5818, "p_enhanced": 0.6039, "delta_p": 0.0221, "rel_mitigation_pct": -3.8, "risk_level": "high"}}, {"type": "Feature", "geometry": {"type": "Polygon", "coordinates": [[[121.31, 31.19], [121.31, 31.2], [121.32, 31.2], [121.32, 31.19], [121.31, 31.19]]]}, "properties": {"grid_id": "r070_c046", "phase": "morning_09h", "target_time": "2026-09-18 09:00:00+08:00", "hour": 9, "air_temperature_c": 26.18, "relative_humidity_pct": 72.0, "wind_speed_10m_ms": 1.66, "utci_c": 35.85, "p_base": 0.6108, "p_enhanced": 0.6301, "delta_p": 0.0193, "rel_mitigation_pct": -3.17, "risk_level": "high"}}, {"type": "Feature", "geometry": {"type": "Polygon", "coordinates": [[[121.35, 31.19], [121.35, 31.2], [121.36, 31.2], [121.36, 31.19], [121.35, 31.19]]]}, "properties": {"grid_id": "r070_c050", "phase": "morning_09h", "target_time": "2026-09-18 09:00:00+08:00", "hour": 9, "air_temperature_c": 26.18, "relative_humidity_pct": 72.0, "wind_speed_10m_ms": 1.66, "utci_c": 35.21, "p_base": 0.5733, "p_enhanced": 0.6448, "delta_p": 0.0715, "rel_mitigation_pct": -12.48, "risk_level": "high"}}, {"type": "Feature", "geometry": {"type": "Polygon", "coordinates": [[[121.36, 31.19], [121.36, 31.2], [121.37, 31.2], [121.37, 31.19], [121.36, 31.19]]]}, "properties": {"grid_id": "r070_c051", "phase": "morning_09h", "target_time": "2026-09-18 09:00:00+08:00", "hour": 9, "air_temperature_c": 26.18, "relative_humidity_pct": 72.0, "wind_speed_10m_ms": 1.66, "utci_c": 35.44, "p_base": 0.5868, "p_enhanced": 0.6364, "delta_p": 0.0496, "rel_mitigation_pct": -8.45, "risk_level": "high"}}, {"type": "Feature", "geometry": {"type": "Polygon", "coordinates": [[[121.37, 31.19], [121.37, 31.2], [121.38, 31.2], [121.38, 31.19], [121.37, 31.19]]]}, "properties": {"grid_id": "r070_c052", "phase": "morning_09h", "target_time": "2026-09-18 09:00:00+08:00", "hour": 9, "air_temperature_c": 26.18, "relative_humidity_pct": 72.0, "wind_speed_10m_ms": 1.66, "utci_c": 35.47, "p_base": 0.5888, "p_enhanced": 0.6439, "delta_p": 0.055, "rel_mitigation_pct": -9.35, "risk_level": "high"}}, {"type": "Feature", "geometry": {"type": "Polygon", "coordinates": [[[121.38, 31.19], [121.38, 31.2], [121.39, 31.2], [121.39, 31.19], [121.38, 31.19]]]}, "properties": {"grid_id": "r070_c053", "phase": "morning_09h", "target_time": "2026-09-18 09:00:00+08:00", "hour": 9, "air_temperature_c": 26.18, "relative_humidity_pct": 72.0, "wind_speed_10m_ms": 1.66, "utci_c": 35.53, "p_base": 0.5922, "p_enhanced": 0.6409, "delta_p": 0.0487, "rel_mitigation_pct": -8.23, "risk_level": "high"}}, {"type": "Feature", "geometry": {"type": "Polygon", "coordinates": [[[121.4, 31.19], [121.4, 31.2], [121.41, 31.2], [121.41, 31.19], [121.4, 31.19]]]}, "properties": {"grid_id": "r070_c055", "phase": "morning_09h", "target_time": "2026-09-18 09:00:00+08:00", "hour": 9, "air_temperature_c": 26.18, "relative_humidity_pct": 72.0, "wind_speed_10m_ms": 1.66, "utci_c": 35.63, "p_base": 0.5979, "p_enhanced": 0.6383, "delta_p": 0.0403, "rel_mitigation_pct": -6.75, "risk_level": "high"}}, {"type": "Feature", "geometry": {"type": "Polygon", "coordinates": [[[121.42, 31.19], [121.42, 31.2], [121.43, 31.2], [121.43, 31.19], [121.42, 31.19]]]}, "properties": {"grid_id": "r070_c057", "phase": "morning_09h", "target_time": "2026-09-18 09:00:00+08:00", "hour": 9, "air_temperature_c": 26.18, "relative_humidity_pct": 72.0, "wind_speed_10m_ms": 1.66, "utci_c": 35.62, "p_base": 0.5973, "p_enhanced": 0.6385, "delta_p": 0.0412, "rel_mitigation_pct": -6.9, "risk_level": "high"}}, {"type": "Feature", "geometry": {"type": "Polygon", "coordinates": [[[121.43, 31.19], [121.43, 31.2], [121.44, 31.2], [121.44, 31.19], [121.43, 31.19]]]}, "properties": {"grid_id": "r070_c058", "phase": "morning_09h", "target_time": "2026-09-18 09:00:00+08:00", "hour": 9, "air_temperature_c": 26.18, "relative_humidity_pct": 72.0, "wind_speed_10m_ms": 1.66, "utci_c": 35.6, "p_base": 0.5963, "p_enhanced": 0.6369, "delta_p": 0.0406, "rel_mitigation_pct": -6.81, "risk_level": "high"}}, {"type": "Feature", "geometry": {"type": "Polygon", "coordinates": [[[121.44, 31.19], [121.44, 31.2], [121.45, 31.2], [121.45, 31.19], [121.44, 31.19]]]}, "properties": {"grid_id": "r070_c059", "phase": "morning_09h", "target_time": "2026-09-18 09:00:00+08:00", "hour": 9, "air_temperature_c": 26.18, "relative_humidity_pct": 72.0, "wind_speed_10m_ms": 1.66, "utci_c": 35.6, "p_base": 0.5965, "p_enhanced": 0.6389, "delta_p": 0.0424, "rel_mitigation_pct": -7.11, "risk_level": "high"}}, {"type": "Feature", "geometry": {"type": "Polygon", "coordinates": [[[121.45, 31.19], [121.45, 31.2], [121.46, 31.2], [121.46, 31.19], [121.45, 31.19]]]}, "properties": {"grid_id": "r070_c060", "phase": "morning_09h", "target_time": "2026-09-18 09:00:00+08:00", "hour": 9, "air_temperature_c": 26.18, "relative_humidity_pct": 72.0, "wind_speed_10m_ms": 1.66, "utci_c": 35.75, "p_base": 0.6052, "p_enhanced": 0.6337, "delta_p": 0.0285, "rel_mitigation_pct": -4.71, "risk_level": "high"}}, {"type": "Feature", "geometry": {"type": "Polygon", "coordinates": [[[121.46, 31.19], [121.46, 31.2], [121.47, 31.2], [121.47, 31.19], [121.46, 31.19]]]}, "properties": {"grid_id": "r070_c061", "phase": "morning_09h", "target_time": "2026-09-18 09:00:00+08:00", "hour": 9, "air_temperature_c": 26.18, "relative_humidity_pct": 72.0, "wind_speed_10m_ms": 1.66, "utci_c": 35.44, "p_base": 0.587, "p_enhanced": 0.6201, "delta_p": 0.0331, "rel_mitigation_pct": -5.63, "risk_level": "high"}}, {"type": "Feature", "geometry": {"type": "Polygon", "coordinates": [[[121.47, 31.19], [121.47, 31.2], [121.48, 31.2], [121.48, 31.19], [121.47, 31.19]]]}, "properties": {"grid_id": "r070_c062", "phase": "morning_09h", "target_time": "2026-09-18 09:00:00+08:00", "hour": 9, "air_temperature_c": 26.18, "relative_humidity_pct": 72.0, "wind_speed_10m_ms": 1.66, "utci_c": 34.57, "p_base": 0.5356, "p_enhanced": 0.4583, "delta_p": -0.0773, "rel_mitigation_pct": 14.44, "risk_level": "high"}}, {"type": "Feature", "geometry": {"type": "Polygon", "coordinates": [[[121.48, 31.19], [121.48, 31.2], [121.49, 31.2], [121.49, 31.19], [121.48, 31.19]]]}, "properties": {"grid_id": "r070_c063", "phase": "morning_09h", "target_time": "2026-09-18 09:00:00+08:00", "hour": 9, "air_temperature_c": 26.18, "relative_humidity_pct": 72.0, "wind_speed_10m_ms": 1.66, "utci_c": 34.23, "p_base": 0.5158, "p_enhanced": 0.3866, "delta_p": -0.1293, "rel_mitigation_pct": 25.06, "risk_level": "high"}}, {"type": "Feature", "geometry": {"type": "Polygon", "coordinates": [[[121.49, 31.19], [121.49, 31.2], [121.5, 31.2], [121.5, 31.19], [121.49, 31.19]]]}, "properties": {"grid_id": "r070_c064", "phase": "morning_09h", "target_time": "2026-09-18 09:00:00+08:00", "hour": 9, "air_temperature_c": 26.18, "relative_humidity_pct": 72.0, "wind_speed_10m_ms": 1.66, "utci_c": 34.4, "p_base": 0.5257, "p_enhanced": 0.4431, "delta_p": -0.0827, "rel_mitigation_pct": 15.72, "risk_level": "high"}}, {"type": "Feature", "geometry": {"type": "Polygon", "coordinates": [[[121.51, 31.19], [121.51, 31.2], [121.52, 31.2], [121.52, 31.19], [121.51, 31.19]]]}, "properties": {"grid_id": "r070_c066", "phase": "morning_09h", "target_time": "2026-09-18 09:00:00+08:00", "hour": 9, "air_temperature_c": 26.18, "relative_humidity_pct": 72.0, "wind_speed_10m_ms": 1.66, "utci_c": 35.42, "p_base": 0.5859, "p_enhanced": 0.6099, "delta_p": 0.024, "rel_mitigation_pct": -4.09, "risk_level": "high"}}, {"type": "Feature", "geometry": {"type": "Polygon", "coordinates": [[[121.53, 31.19], [121.53, 31.2], [121.54, 31.2], [121.54, 31.19], [121.53, 31.19]]]}, "properties": {"grid_id": "r070_c068", "phase": "morning_09h", "target_time": "2026-09-18 09:00:00+08:00", "hour": 9, "air_temperature_c": 26.18, "relative_humidity_pct": 72.0, "wind_speed_10m_ms": 1.66, "utci_c": 35.08, "p_base": 0.5657, "p_enhanced": 0.6214, "delta_p": 0.0557, "rel_mitigation_pct": -9.85, "risk_level": "high"}}, {"type": "Feature", "geometry": {"type": "Polygon", "coordinates": [[[121.69, 31.19], [121.69, 31.2], [121.7, 31.2], [121.7, 31.19], [121.69, 31.19]]]}, "properties": {"grid_id": "r070_c084", "phase": "morning_09h", "target_time": "2026-09-18 09:00:00+08:00", "hour": 9, "air_temperature_c": 26.18, "relative_humidity_pct": 72.0, "wind_speed_10m_ms": 1.66, "utci_c": 35.49, "p_base": 0.5901, "p_enhanced": 0.6409, "delta_p": 0.0508, "rel_mitigation_pct": -8.61, "risk_level": "high"}}, {"type": "Feature", "geometry": {"type": "Polygon", "coordinates": [[[121.7, 31.19], [121.7, 31.2], [121.71, 31.2], [121.71, 31.19], [121.7, 31.19]]]}, "properties": {"grid_id": "r070_c085", "phase": "morning_09h", "target_time": "2026-09-18 09:00:00+08:00", "hour": 9, "air_temperature_c": 26.18, "relative_humidity_pct": 72.0, "wind_speed_10m_ms": 1.66, "utci_c": 35.46, "p_base": 0.5879, "p_enhanced": 0.6445, "delta_p": 0.0566, "rel_mitigation_pct": -9.63, "risk_level": "high"}}, {"type": "Feature", "geometry": {"type": "Polygon", "coordinates": [[[121.27, 31.18], [121.27, 31.19], [121.28, 31.19], [121.28, 31.18], [121.27, 31.18]]]}, "properties": {"grid_id": "r071_c042", "phase": "morning_09h", "target_time": "2026-09-18 09:00:00+08:00", "hour": 9, "air_temperature_c": 26.18, "relative_humidity_pct": 72.0, "wind_speed_10m_ms": 1.66, "utci_c": 35.3, "p_base": 0.5786, "p_enhanced": 0.6507, "delta_p": 0.0721, "rel_mitigation_pct": -12.46, "risk_level": "high"}}, {"type": "Feature", "geometry": {"type": "Polygon", "coordinates": [[[121.36, 31.18], [121.36, 31.19], [121.37, 31.19], [121.37, 31.18], [121.36, 31.18]]]}, "properties": {"grid_id": "r071_c051", "phase": "morning_09h", "target_time": "2026-09-18 09:00:00+08:00", "hour": 9, "air_temperature_c": 26.18, "relative_humidity_pct": 72.0, "wind_speed_10m_ms": 1.66, "utci_c": 35.54, "p_base": 0.593, "p_enhanced": 0.6412, "delta_p": 0.0482, "rel_mitigation_pct": -8.13, "risk_level": "high"}}, {"type": "Feature", "geometry": {"type": "Polygon", "coordinates": [[[121.38, 31.18], [121.38, 31.19], [121.39, 31.19], [121.39, 31.18], [121.38, 31.18]]]}, "properties": {"grid_id": "r071_c053", "phase": "morning_09h", "target_time": "2026-09-18 09:00:00+08:00", "hour": 9, "air_temperature_c": 26.18, "relative_humidity_pct": 72.0, "wind_speed_10m_ms": 1.66, "utci_c": 35.45, "p_base": 0.5877, "p_enhanced": 0.6369, "delta_p": 0.0492, "rel_mitigation_pct": -8.38, "risk_level": "high"}}, {"type": "Feature", "geometry": {"type": "Polygon", "coordinates": [[[121.42, 31.18], [121.42, 31.19], [121.43, 31.19], [121.43, 31.18], [121.42, 31.18]]]}, "properties": {"grid_id": "r071_c057", "phase": "morning_09h", "target_time": "2026-09-18 09:00:00+08:00", "hour": 9, "air_temperature_c": 26.18, "relative_humidity_pct": 72.0, "wind_speed_10m_ms": 1.66, "utci_c": 35.76, "p_base": 0.6059, "p_enhanced": 0.6332, "delta_p": 0.0273, "rel_mitigation_pct": -4.5, "risk_level": "high"}}, {"type": "Feature", "geometry": {"type": "Polygon", "coordinates": [[[121.43, 31.18], [121.43, 31.19], [121.44, 31.19], [121.44, 31.18], [121.43, 31.18]]]}, "properties": {"grid_id": "r071_c058", "phase": "morning_09h", "target_time": "2026-09-18 09:00:00+08:00", "hour": 9, "air_temperature_c": 26.18, "relative_humidity_pct": 72.0, "wind_speed_10m_ms": 1.66, "utci_c": 35.58, "p_base": 0.5954, "p_enhanced": 0.6399, "delta_p": 0.0445, "rel_mitigation_pct": -7.48, "risk_level": "high"}}, {"type": "Feature", "geometry": {"type": "Polygon", "coordinates": [[[121.44, 31.18], [121.44, 31.19], [121.45, 31.19], [121.45, 31.18], [121.44, 31.18]]]}, "properties": {"grid_id": "r071_c059", "phase": "morning_09h", "target_time": "2026-09-18 09:00:00+08:00", "hour": 9, "air_temperature_c": 26.18, "relative_humidity_pct": 72.0, "wind_speed_10m_ms": 1.66, "utci_c": 35.63, "p_base": 0.5982, "p_enhanced": 0.6381, "delta_p": 0.04, "rel_mitigation_pct": -6.68, "risk_level": "high"}}, {"type": "Feature", "geometry": {"type": "Polygon", "coordinates": [[[121.45, 31.18], [121.45, 31.19], [121.46, 31.19], [121.46, 31.18], [121.45, 31.18]]]}, "properties": {"grid_id": "r071_c060", "phase": "morning_09h", "target_time": "2026-09-18 09:00:00+08:00", "hour": 9, "air_temperature_c": 26.18, "relative_humidity_pct": 72.0, "wind_speed_10m_ms": 1.66, "utci_c": 35.46, "p_base": 0.5884, "p_enhanced": 0.6189, "delta_p": 0.0305, "rel_mitigation_pct": -5.18, "risk_level": "high"}}, {"type": "Feature", "geometry": {"type": "Polygon", "coordinates": [[[121.46, 31.18], [121.46, 31.19], [121.47, 31.19], [121.47, 31.18], [121.46, 31.18]]]}, "properties": {"grid_id": "r071_c061", "phase": "morning_09h", "target_time": "2026-09-18 09:00:00+08:00", "hour": 9, "air_temperature_c": 26.18, "relative_humidity_pct": 72.0, "wind_speed_10m_ms": 1.66, "utci_c": 33.55, "p_base": 0.4765, "p_enhanced": 0.373, "delta_p": -0.1035, "rel_mitigation_pct": 21.72, "risk_level": "high"}}, {"type": "Feature", "geometry": {"type": "Polygon", "coordinates": [[[121.47, 31.18], [121.47, 31.19], [121.48, 31.19], [121.48, 31.18], [121.47, 31.18]]]}, "properties": {"grid_id": "r071_c062", "phase": "morning_09h", "target_time": "2026-09-18 09:00:00+08:00", "hour": 9, "air_temperature_c": 26.18, "relative_humidity_pct": 72.0, "wind_speed_10m_ms": 1.66, "utci_c": 33.65, "p_base": 0.4822, "p_enhanced": 0.5534, "delta_p": 0.0712, "rel_mitigation_pct": -14.76, "risk_level": "high"}}, {"type": "Feature", "geometry": {"type": "Polygon", "coordinates": [[[121.48, 31.18], [121.48, 31.19], [121.49, 31.19], [121.49, 31.18], [121.48, 31.18]]]}, "properties": {"grid_id": "r071_c063", "phase": "morning_09h", "target_time": "2026-09-18 09:00:00+08:00", "hour": 9, "air_temperature_c": 26.18, "relative_humidity_pct": 72.0, "wind_speed_10m_ms": 1.66, "utci_c": 35.66, "p_base": 0.5999, "p_enhanced": 0.6354, "delta_p": 0.0355, "rel_mitigation_pct": -5.92, "risk_level": "high"}}, {"type": "Feature", "geometry": {"type": "Polygon", "coordinates": [[[121.49, 31.18], [121.49, 31.19], [121.5, 31.19], [121.5, 31.18], [121.49, 31.18]]]}, "properties": {"grid_id": "r071_c064", "phase": "morning_09h", "target_time": "2026-09-18 09:00:00+08:00", "hour": 9, "air_temperature_c": 26.18, "relative_humidity_pct": 72.0, "wind_speed_10m_ms": 1.66, "utci_c": 35.62, "p_base": 0.5972, "p_enhanced": 0.6303, "delta_p": 0.0331, "rel_mitigation_pct": -5.54, "risk_level": "high"}}, {"type": "Feature", "geometry": {"type": "Polygon", "coordinates": [[[121.54, 31.18], [121.54, 31.19], [121.55, 31.19], [121.55, 31.18], [121.54, 31.18]]]}, "properties": {"grid_id": "r071_c069", "phase": "morning_09h", "target_time": "2026-09-18 09:00:00+08:00", "hour": 9, "air_temperature_c": 26.18, "relative_humidity_pct": 72.0, "wind_speed_10m_ms": 1.66, "utci_c": 35.51, "p_base": 0.5909, "p_enhanced": 0.6133, "delta_p": 0.0224, "rel_mitigation_pct": -3.79, "risk_level": "high"}}, {"type": "Feature", "geometry": {"type": "Polygon", "coordinates": [[[121.59, 31.18], [121.59, 31.19], [121.6, 31.19], [121.6, 31.18], [121.59, 31.18]]]}, "properties": {"grid_id": "r071_c074", "phase": "morning_09h", "target_time": "2026-09-18 09:00:00+08:00", "hour": 9, "air_temperature_c": 26.18, "relative_humidity_pct": 72.0, "wind_speed_10m_ms": 1.66, "utci_c": 35.43, "p_base": 0.5864, "p_enhanced": 0.6138, "delta_p": 0.0274, "rel_mitigation_pct": -4.67, "risk_level": "high"}}, {"type": "Feature", "geometry": {"type": "Polygon", "coordinates": [[[121.62, 31.18], [121.62, 31.19], [121.63, 31.19], [121.63, 31.18], [121.62, 31.18]]]}, "properties": {"grid_id": "r071_c077", "phase": "morning_09h", "target_time": "2026-09-18 09:00:00+08:00", "hour": 9, "air_temperature_c": 26.18, "relative_humidity_pct": 72.0, "wind_speed_10m_ms": 1.66, "utci_c": 35.38, "p_base": 0.5837, "p_enhanced": 0.6417, "delta_p": 0.058, "rel_mitigation_pct": -9.94, "risk_level": "high"}}, {"type": "Feature", "geometry": {"type": "Polygon", "coordinates": [[[121.24, 31.17], [121.24, 31.18], [121.25, 31.18], [121.25, 31.17], [121.24, 31.17]]]}, "properties": {"grid_id": "r072_c039", "phase": "morning_09h", "target_time": "2026-09-18 09:00:00+08:00", "hour": 9, "air_temperature_c": 26.18, "relative_humidity_pct": 72.0, "wind_speed_10m_ms": 1.66, "utci_c": 35.48, "p_base": 0.5896, "p_enhanced": 0.6435, "delta_p": 0.0539, "rel_mitigation_pct": -9.14, "risk_level": "high"}}, {"type": "Feature", "geometry": {"type": "Polygon", "coordinates": [[[121.28, 31.17], [121.28, 31.18], [121.29, 31.18], [121.29, 31.17], [121.28, 31.17]]]}, "properties": {"grid_id": "r072_c043", "phase": "morning_09h", "target_time": "2026-09-18 09:00:00+08:00", "hour": 9, "air_temperature_c": 26.18, "relative_humidity_pct": 72.0, "wind_speed_10m_ms": 1.66, "utci_c": 35.45, "p_base": 0.5873, "p_enhanced": 0.6406, "delta_p": 0.0533, "rel_mitigation_pct": -9.08, "risk_level": "high"}}, {"type": "Feature", "geometry": {"type": "Polygon", "coordinates": [[[121.35, 31.17], [121.35, 31.18], [121.36, 31.18], [121.36, 31.17], [121.35, 31.17]]]}, "properties": {"grid_id": "r072_c050", "phase": "morning_09h", "target_time": "2026-09-18 09:00:00+08:00", "hour": 9, "air_temperature_c": 26.18, "relative_humidity_pct": 72.0, "wind_speed_10m_ms": 1.66, "utci_c": 35.24, "p_base": 0.5754, "p_enhanced": 0.6528, "delta_p": 0.0774, "rel_mitigation_pct": -13.45, "risk_level": "high"}}, {"type": "Feature", "geometry": {"type": "Polygon", "coordinates": [[[121.36, 31.17], [121.36, 31.18], [121.37, 31.18], [121.37, 31.17], [121.36, 31.17]]]}, "properties": {"grid_id": "r072_c051", "phase": "morning_09h", "target_time": "2026-09-18 09:00:00+08:00", "hour": 9, "air_temperature_c": 26.18, "relative_humidity_pct": 72.0, "wind_speed_10m_ms": 1.66, "utci_c": 35.62, "p_base": 0.5978, "p_enhanced": 0.6383, "delta_p": 0.0406, "rel_mitigation_pct": -6.78, "risk_level": "high"}}, {"type": "Feature", "geometry": {"type": "Polygon", "coordinates": [[[121.37, 31.17], [121.37, 31.18], [121.38, 31.18], [121.38, 31.17], [121.37, 31.17]]]}, "properties": {"grid_id": "r072_c052", "phase": "morning_09h", "target_time": "2026-09-18 09:00:00+08:00", "hour": 9, "air_temperature_c": 26.18, "relative_humidity_pct": 72.0, "wind_speed_10m_ms": 1.66, "utci_c": 35.48, "p_base": 0.5893, "p_enhanced": 0.6437, "delta_p": 0.0543, "rel_mitigation_pct": -9.22, "risk_level": "high"}}, {"type": "Feature", "geometry": {"type": "Polygon", "coordinates": [[[121.38, 31.17], [121.38, 31.18], [121.39, 31.18], [121.39, 31.17], [121.38, 31.17]]]}, "properties": {"grid_id": "r072_c053", "phase": "morning_09h", "target_time": "2026-09-18 09:00:00+08:00", "hour": 9, "air_temperature_c": 26.18, "relative_humidity_pct": 72.0, "wind_speed_10m_ms": 1.66, "utci_c": 35.49, "p_base": 0.5901, "p_enhanced": 0.6431, "delta_p": 0.0531, "rel_mitigation_pct": -8.99, "risk_level": "high"}}, {"type": "Feature", "geometry": {"type": "Polygon", "coordinates": [[[121.41, 31.17], [121.41, 31.18], [121.42, 31.18], [121.42, 31.17], [121.41, 31.17]]]}, "properties": {"grid_id": "r072_c056", "phase": "morning_09h", "target_time": "2026-09-18 09:00:00+08:00", "hour": 9, "air_temperature_c": 26.18, "relative_humidity_pct": 72.0, "wind_speed_10m_ms": 1.66, "utci_c": 35.8, "p_base": 0.6078, "p_enhanced": 0.6315, "delta_p": 0.0237, "rel_mitigation_pct": -3.89, "risk_level": "high"}}, {"type": "Feature", "geometry": {"type": "Polygon", "coordinates": [[[121.42, 31.17], [121.42, 31.18], [121.43, 31.18], [121.43, 31.17], [121.42, 31.17]]]}, "properties": {"grid_id": "r072_c057", "phase": "morning_09h", "target_time": "2026-09-18 09:00:00+08:00", "hour": 9, "air_temperature_c": 26.18, "relative_humidity_pct": 72.0, "wind_speed_10m_ms": 1.66, "utci_c": 35.76, "p_base": 0.6058, "p_enhanced": 0.6333, "delta_p": 0.0275, "rel_mitigation_pct": -4.53, "risk_level": "high"}}, {"type": "Feature", "geometry": {"type": "Polygon", "coordinates": [[[121.43, 31.17], [121.43, 31.18], [121.44, 31.18], [121.44, 31.17], [121.43, 31.17]]]}, "properties": {"grid_id": "r072_c058", "phase": "morning_09h", "target_time": "2026-09-18 09:00:00+08:00", "hour": 9, "air_temperature_c": 26.18, "relative_humidity_pct": 72.0, "wind_speed_10m_ms": 1.66, "utci_c": 35.71, "p_base": 0.6026, "p_enhanced": 0.6349, "delta_p": 0.0324, "rel_mitigation_pct": -5.37, "risk_level": "high"}}, {"type": "Feature", "geometry": {"type": "Polygon", "coordinates": [[[121.44, 31.17], [121.44, 31.18], [121.45, 31.18], [121.45, 31.17], [121.44, 31.17]]]}, "properties": {"grid_id": "r072_c059", "phase": "morning_09h", "target_time": "2026-09-18 09:00:00+08:00", "hour": 9, "air_temperature_c": 26.18, "relative_humidity_pct": 72.0, "wind_speed_10m_ms": 1.66, "utci_c": 35.44, "p_base": 0.5873, "p_enhanced": 0.6454, "delta_p": 0.0581, "rel_mitigation_pct": -9.9, "risk_level": "high"}}, {"type": "Feature", "geometry": {"type": "Polygon", "coordinates": [[[121.45, 31.17], [121.45, 31.18], [121.46, 31.18], [121.46, 31.17], [121.45, 31.17]]]}, "properties": {"grid_id": "r072_c060", "phase": "morning_09h", "target_time": "2026-09-18 09:00:00+08:00", "hour": 9, "air_temperature_c": 26.18, "relative_humidity_pct": 72.0, "wind_speed_10m_ms": 1.66, "utci_c": 35.07, "p_base": 0.5653, "p_enhanced": 0.5402, "delta_p": -0.025, "rel_mitigation_pct": 4.43, "risk_level": "high"}}, {"type": "Feature", "geometry": {"type": "Polygon", "coordinates": [[[121.46, 31.17], [121.46, 31.18], [121.47, 31.18], [121.47, 31.17], [121.46, 31.17]]]}, "properties": {"grid_id": "r072_c061", "phase": "morning_09h", "target_time": "2026-09-18 09:00:00+08:00", "hour": 9, "air_temperature_c": 26.18, "relative_humidity_pct": 72.0, "wind_speed_10m_ms": 1.66, "utci_c": 34.0, "p_base": 0.5023, "p_enhanced": 0.4252, "delta_p": -0.0771, "rel_mitigation_pct": 15.34, "risk_level": "high"}}, {"type": "Feature", "geometry": {"type": "Polygon", "coordinates": [[[121.47, 31.17], [121.47, 31.18], [121.48, 31.18], [121.48, 31.17], [121.47, 31.17]]]}, "properties": {"grid_id": "r072_c062", "phase": "morning_09h", "target_time": "2026-09-18 09:00:00+08:00", "hour": 9, "air_temperature_c": 26.18, "relative_humidity_pct": 72.0, "wind_speed_10m_ms": 1.66, "utci_c": 35.22, "p_base": 0.5742, "p_enhanced": 0.6467, "delta_p": 0.0725, "rel_mitigation_pct": -12.63, "risk_level": "high"}}, {"type": "Feature", "geometry": {"type": "Polygon", "coordinates": [[[121.49, 31.17], [121.49, 31.18], [121.5, 31.18], [121.5, 31.17], [121.49, 31.17]]]}, "properties": {"grid_id": "r072_c064", "phase": "morning_09h", "target_time": "2026-09-18 09:00:00+08:00", "hour": 9, "air_temperature_c": 26.18, "relative_humidity_pct": 72.0, "wind_speed_10m_ms": 1.66, "utci_c": 35.7, "p_base": 0.6022, "p_enhanced": 0.6355, "delta_p": 0.0333, "rel_mitigation_pct": -5.53, "risk_level": "high"}}, {"type": "Feature", "geometry": {"type": "Polygon", "coordinates": [[[121.65, 31.17], [121.65, 31.18], [121.66, 31.18], [121.66, 31.17], [121.65, 31.17]]]}, "properties": {"grid_id": "r072_c080", "phase": "morning_09h", "target_time": "2026-09-18 09:00:00+08:00", "hour": 9, "air_temperature_c": 26.18, "relative_humidity_pct": 72.0, "wind_speed_10m_ms": 1.66, "utci_c": 35.36, "p_base": 0.5824, "p_enhanced": 0.6237, "delta_p": 0.0413, "rel_mitigation_pct": -7.1, "risk_level": "high"}}, {"type": "Feature", "geometry": {"type": "Polygon", "coordinates": [[[121.69, 31.17], [121.69, 31.18], [121.7, 31.18], [121.7, 31.17], [121.69, 31.17]]]}, "properties": {"grid_id": "r072_c084", "phase": "morning_09h", "target_time": "2026-09-18 09:00:00+08:00", "hour": 9, "air_temperature_c": 26.18, "relative_humidity_pct": 72.0, "wind_speed_10m_ms": 1.66, "utci_c": 34.75, "p_base": 0.5465, "p_enhanced": 0.6661, "delta_p": 0.1196, "rel_mitigation_pct": -21.89, "risk_level": "high"}}, {"type": "Feature", "geometry": {"type": "Polygon", "coordinates": [[[121.35, 31.16], [121.35, 31.17], [121.36, 31.17], [121.36, 31.16], [121.35, 31.16]]]}, "properties": {"grid_id": "r073_c050", "phase": "morning_09h", "target_time": "2026-09-18 09:00:00+08:00", "hour": 9, "air_temperature_c": 26.18, "relative_humidity_pct": 72.0, "wind_speed_10m_ms": 1.66, "utci_c": 34.2, "p_base": 0.5142, "p_enhanced": 0.6307, "delta_p": 0.1165, "rel_mitigation_pct": -22.65, "risk_level": "high"}}, {"type": "Feature", "geometry": {"type": "Polygon", "coordinates": [[[121.4, 31.16], [121.4, 31.17], [121.41, 31.17], [121.41, 31.16], [121.4, 31.16]]]}, "properties": {"grid_id": "r073_c055", "phase": "morning_09h", "target_time": "2026-09-18 09:00:00+08:00", "hour": 9, "air_temperature_c": 26.18, "relative_humidity_pct": 72.0, "wind_speed_10m_ms": 1.66, "utci_c": 35.71, "p_base": 0.6028, "p_enhanced": 0.6351, "delta_p": 0.0323, "rel_mitigation_pct": -5.36, "risk_level": "high"}}, {"type": "Feature", "geometry": {"type": "Polygon", "coordinates": [[[121.41, 31.16], [121.41, 31.17], [121.42, 31.17], [121.42, 31.16], [121.41, 31.16]]]}, "properties": {"grid_id": "r073_c056", "phase": "morning_09h", "target_time": "2026-09-18 09:00:00+08:00", "hour": 9, "air_temperature_c": 26.18, "relative_humidity_pct": 72.0, "wind_speed_10m_ms": 1.66, "utci_c": 35.4, "p_base": 0.5848, "p_enhanced": 0.6268, "delta_p": 0.0419, "rel_mitigation_pct": -7.17, "risk_level": "high"}}, {"type": "Feature", "geometry": {"type": "Polygon", "coordinates": [[[121.42, 31.16], [121.42, 31.17], [121.43, 31.17], [121.43, 31.16], [121.42, 31.16]]]}, "properties": {"grid_id": "r073_c057", "phase": "morning_09h", "target_time": "2026-09-18 09:00:00+08:00", "hour": 9, "air_temperature_c": 26.18, "relative_humidity_pct": 72.0, "wind_speed_10m_ms": 1.66, "utci_c": 35.75, "p_base": 0.605, "p_enhanced": 0.6333, "delta_p": 0.0283, "rel_mitigation_pct": -4.68, "risk_level": "high"}}, {"type": "Feature", "geometry": {"type": "Polygon", "coordinates": [[[121.45, 31.16], [121.45, 31.17], [121.46, 31.17], [121.46, 31.16], [121.45, 31.16]]]}, "properties": {"grid_id": "r073_c060", "phase": "morning_09h", "target_time": "2026-09-18 09:00:00+08:00", "hour": 9, "air_temperature_c": 26.18, "relative_humidity_pct": 72.0, "wind_speed_10m_ms": 1.66, "utci_c": 35.73, "p_base": 0.6038, "p_enhanced": 0.6338, "delta_p": 0.03, "rel_mitigation_pct": -4.97, "risk_level": "high"}}, {"type": "Feature", "geometry": {"type": "Polygon", "coordinates": [[[121.46, 31.16], [121.46, 31.17], [121.47, 31.17], [121.47, 31.16], [121.46, 31.16]]]}, "properties": {"grid_id": "r073_c061", "phase": "morning_09h", "target_time": "2026-09-18 09:00:00+08:00", "hour": 9, "air_temperature_c": 26.18, "relative_humidity_pct": 72.0, "wind_speed_10m_ms": 1.66, "utci_c": 33.68, "p_base": 0.484, "p_enhanced": 0.3095, "delta_p": -0.1745, "rel_mitigation_pct": 36.06, "risk_level": "high"}}, {"type": "Feature", "geometry": {"type": "Polygon", "coordinates": [[[121.47, 31.16], [121.47, 31.17], [121.48, 31.17], [121.48, 31.16], [121.47, 31.16]]]}, "properties": {"grid_id": "r073_c062", "phase": "morning_09h", "target_time": "2026-09-18 09:00:00+08:00", "hour": 9, "air_temperature_c": 26.18, "relative_humidity_pct": 72.0, "wind_speed_10m_ms": 1.66, "utci_c": 35.36, "p_base": 0.5825, "p_enhanced": 0.5915, "delta_p": 0.009, "rel_mitigation_pct": -1.55, "risk_level": "high"}}, {"type": "Feature", "geometry": {"type": "Polygon", "coordinates": [[[121.49, 31.16], [121.49, 31.17], [121.5, 31.17], [121.5, 31.16], [121.49, 31.16]]]}, "properties": {"grid_id": "r073_c064", "phase": "morning_09h", "target_time": "2026-09-18 09:00:00+08:00", "hour": 9, "air_temperature_c": 26.18, "relative_humidity_pct": 72.0, "wind_speed_10m_ms": 1.66, "utci_c": 35.47, "p_base": 0.589, "p_enhanced": 0.6087, "delta_p": 0.0197, "rel_mitigation_pct": -3.34, "risk_level": "high"}}, {"type": "Feature", "geometry": {"type": "Polygon", "coordinates": [[[121.55, 31.16], [121.55, 31.17], [121.56, 31.17], [121.56, 31.16], [121.55, 31.16]]]}, "properties": {"grid_id": "r073_c070", "phase": "morning_09h", "target_time": "2026-09-18 09:00:00+08:00", "hour": 9, "air_temperature_c": 26.18, "relative_humidity_pct": 72.0, "wind_speed_10m_ms": 1.66, "utci_c": 35.51, "p_base": 0.5912, "p_enhanced": 0.6219, "delta_p": 0.0307, "rel_mitigation_pct": -5.2, "risk_level": "high"}}, {"type": "Feature", "geometry": {"type": "Polygon", "coordinates": [[[121.59, 31.16], [121.59, 31.17], [121.6, 31.17], [121.6, 31.16], [121.59, 31.16]]]}, "properties": {"grid_id": "r073_c074", "phase": "morning_09h", "target_time": "2026-09-18 09:00:00+08:00", "hour": 9, "air_temperature_c": 26.18, "relative_humidity_pct": 72.0, "wind_speed_10m_ms": 1.66, "utci_c": 35.42, "p_base": 0.5857, "p_enhanced": 0.6066, "delta_p": 0.0209, "rel_mitigation_pct": -3.57, "risk_level": "high"}}, {"type": "Feature", "geometry": {"type": "Polygon", "coordinates": [[[121.13, 31.15], [121.13, 31.16], [121.14, 31.16], [121.14, 31.15], [121.13, 31.15]]]}, "properties": {"grid_id": "r074_c028", "phase": "morning_09h", "target_time": "2026-09-18 09:00:00+08:00", "hour": 9, "air_temperature_c": 26.18, "relative_humidity_pct": 72.0, "wind_speed_10m_ms": 1.66, "utci_c": 34.79, "p_base": 0.5489, "p_enhanced": 0.5888, "delta_p": 0.0399, "rel_mitigation_pct": -7.27, "risk_level": "high"}}, {"type": "Feature", "geometry": {"type": "Polygon", "coordinates": [[[121.22, 31.15], [121.22, 31.16], [121.23, 31.16], [121.23, 31.15], [121.22, 31.15]]]}, "properties": {"grid_id": "r074_c037", "phase": "morning_09h", "target_time": "2026-09-18 09:00:00+08:00", "hour": 9, "air_temperature_c": 26.18, "relative_humidity_pct": 72.0, "wind_speed_10m_ms": 1.66, "utci_c": 35.39, "p_base": 0.5839, "p_enhanced": 0.6013, "delta_p": 0.0174, "rel_mitigation_pct": -2.97, "risk_level": "high"}}, {"type": "Feature", "geometry": {"type": "Polygon", "coordinates": [[[121.34, 31.15], [121.34, 31.16], [121.35, 31.16], [121.35, 31.15], [121.34, 31.15]]]}, "properties": {"grid_id": "r074_c049", "phase": "morning_09h", "target_time": "2026-09-18 09:00:00+08:00", "hour": 9, "air_temperature_c": 26.18, "relative_humidity_pct": 72.0, "wind_speed_10m_ms": 1.66, "utci_c": 35.68, "p_base": 0.6012, "p_enhanced": 0.6361, "delta_p": 0.0348, "rel_mitigation_pct": -5.79, "risk_level": "high"}}, {"type": "Feature", "geometry": {"type": "Polygon", "coordinates": [[[121.35, 31.15], [121.35, 31.16], [121.36, 31.16], [121.36, 31.15], [121.35, 31.15]]]}, "properties": {"grid_id": "r074_c050", "phase": "morning_09h", "target_time": "2026-09-18 09:00:00+08:00", "hour": 9, "air_temperature_c": 26.18, "relative_humidity_pct": 72.0, "wind_speed_10m_ms": 1.66, "utci_c": 35.46, "p_base": 0.5882, "p_enhanced": 0.6441, "delta_p": 0.0559, "rel_mitigation_pct": -9.5, "risk_level": "high"}}, {"type": "Feature", "geometry": {"type": "Polygon", "coordinates": [[[121.44, 31.15], [121.44, 31.16], [121.45, 31.16], [121.45, 31.15], [121.44, 31.15]]]}, "properties": {"grid_id": "r074_c059", "phase": "morning_09h", "target_time": "2026-09-18 09:00:00+08:00", "hour": 9, "air_temperature_c": 26.18, "relative_humidity_pct": 72.0, "wind_speed_10m_ms": 1.66, "utci_c": 35.35, "p_base": 0.5815, "p_enhanced": 0.6484, "delta_p": 0.0669, "rel_mitigation_pct": -11.5, "risk_level": "high"}}, {"type": "Feature", "geometry": {"type": "Polygon", "coordinates": [[[121.46, 31.15], [121.46, 31.16], [121.47, 31.16], [121.47, 31.15], [121.46, 31.15]]]}, "properties": {"grid_id": "r074_c061", "phase": "morning_09h", "target_time": "2026-09-18 09:00:00+08:00", "hour": 9, "air_temperature_c": 26.18, "relative_humidity_pct": 72.0, "wind_speed_10m_ms": 1.66, "utci_c": 34.12, "p_base": 0.5095, "p_enhanced": 0.4615, "delta_p": -0.0481, "rel_mitigation_pct": 9.44, "risk_level": "high"}}, {"type": "Feature", "geometry": {"type": "Polygon", "coordinates": [[[121.47, 31.15], [121.47, 31.16], [121.48, 31.16], [121.48, 31.15], [121.47, 31.15]]]}, "properties": {"grid_id": "r074_c062", "phase": "morning_09h", "target_time": "2026-09-18 09:00:00+08:00", "hour": 9, "air_temperature_c": 26.18, "relative_humidity_pct": 72.0, "wind_speed_10m_ms": 1.66, "utci_c": 35.48, "p_base": 0.5892, "p_enhanced": 0.604, "delta_p": 0.0148, "rel_mitigation_pct": -2.5, "risk_level": "high"}}, {"type": "Feature", "geometry": {"type": "Polygon", "coordinates": [[[121.49, 31.15], [121.49, 31.16], [121.5, 31.16], [121.5, 31.15], [121.49, 31.15]]]}, "properties": {"grid_id": "r074_c064", "phase": "morning_09h", "target_time": "2026-09-18 09:00:00+08:00", "hour": 9, "air_temperature_c": 26.18, "relative_humidity_pct": 72.0, "wind_speed_10m_ms": 1.66, "utci_c": 35.69, "p_base": 0.6016, "p_enhanced": 0.6358, "delta_p": 0.0342, "rel_mitigation_pct": -5.69, "risk_level": "high"}}, {"type": "Feature", "geometry": {"type": "Polygon", "coordinates": [[[121.02, 31.14], [121.01, 31.14], [121.01, 31.141167947588553], [121.010307, 31.141247], [121.02, 31.140881950380734], [121.02, 31.14]]]}, "properties": {"grid_id": "r075_c016", "phase": "morning_09h", "target_time": "2026-09-18 09:00:00+08:00", "hour": 9, "air_temperature_c": 26.18, "relative_humidity_pct": 72.0, "wind_speed_10m_ms": 1.66, "utci_c": 32.89, "p_base": 0.4391, "p_enhanced": 0.1657, "delta_p": -0.2734, "rel_mitigation_pct": 62.26, "risk_level": "high"}}, {"type": "Feature", "geometry": {"type": "Polygon", "coordinates": [[[121.1, 31.14], [121.1, 31.15], [121.11, 31.15], [121.11, 31.14], [121.1, 31.14]]]}, "properties": {"grid_id": "r075_c025", "phase": "morning_09h", "target_time": "2026-09-18 09:00:00+08:00", "hour": 9, "air_temperature_c": 26.18, "relative_humidity_pct": 72.0, "wind_speed_10m_ms": 1.66, "utci_c": 34.79, "p_base": 0.549, "p_enhanced": 0.5805, "delta_p": 0.0315, "rel_mitigation_pct": -5.74, "risk_level": "high"}}, {"type": "Feature", "geometry": {"type": "Polygon", "coordinates": [[[121.22, 31.14], [121.22, 31.15], [121.23, 31.15], [121.23, 31.14], [121.22, 31.14]]]}, "properties": {"grid_id": "r075_c037", "phase": "morning_09h", "target_time": "2026-09-18 09:00:00+08:00", "hour": 9, "air_temperature_c": 26.18, "relative_humidity_pct": 72.0, "wind_speed_10m_ms": 1.66, "utci_c": 35.04, "p_base": 0.5634, "p_enhanced": 0.5866, "delta_p": 0.0232, "rel_mitigation_pct": -4.11, "risk_level": "high"}}, {"type": "Feature", "geometry": {"type": "Polygon", "coordinates": [[[121.39, 31.14], [121.39, 31.15], [121.4, 31.15], [121.4, 31.14], [121.39, 31.14]]]}, "properties": {"grid_id": "r075_c054", "phase": "morning_09h", "target_time": "2026-09-18 09:00:00+08:00", "hour": 9, "air_temperature_c": 26.18, "relative_humidity_pct": 72.0, "wind_speed_10m_ms": 1.66, "utci_c": 35.56, "p_base": 0.5939, "p_enhanced": 0.638, "delta_p": 0.0441, "rel_mitigation_pct": -7.42, "risk_level": "high"}}, {"type": "Feature", "geometry": {"type": "Polygon", "coordinates": [[[121.4, 31.14], [121.4, 31.15], [121.41, 31.15], [121.41, 31.14], [121.4, 31.14]]]}, "properties": {"grid_id": "r075_c055", "phase": "morning_09h", "target_time": "2026-09-18 09:00:00+08:00", "hour": 9, "air_temperature_c": 26.18, "relative_humidity_pct": 72.0, "wind_speed_10m_ms": 1.66, "utci_c": 35.28, "p_base": 0.5778, "p_enhanced": 0.6314, "delta_p": 0.0536, "rel_mitigation_pct": -9.27, "risk_level": "high"}}, {"type": "Feature", "geometry": {"type": "Polygon", "coordinates": [[[121.43, 31.14], [121.43, 31.15], [121.44, 31.15], [121.44, 31.14], [121.43, 31.14]]]}, "properties": {"grid_id": "r075_c058", "phase": "morning_09h", "target_time": "2026-09-18 09:00:00+08:00", "hour": 9, "air_temperature_c": 26.18, "relative_humidity_pct": 72.0, "wind_speed_10m_ms": 1.66, "utci_c": 34.97, "p_base": 0.5595, "p_enhanced": 0.6484, "delta_p": 0.0888, "rel_mitigation_pct": -15.88, "risk_level": "high"}}, {"type": "Feature", "geometry": {"type": "Polygon", "coordinates": [[[121.44, 31.14], [121.44, 31.15], [121.45, 31.15], [121.45, 31.14], [121.44, 31.14]]]}, "properties": {"grid_id": "r075_c059", "phase": "morning_09h", "target_time": "2026-09-18 09:00:00+08:00", "hour": 9, "air_temperature_c": 26.18, "relative_humidity_pct": 72.0, "wind_speed_10m_ms": 1.66, "utci_c": 35.3, "p_base": 0.579, "p_enhanced": 0.6239, "delta_p": 0.0449, "rel_mitigation_pct": -7.76, "risk_level": "high"}}, {"type": "Feature", "geometry": {"type": "Polygon", "coordinates": [[[121.46, 31.14], [121.46, 31.15], [121.47, 31.15], [121.47, 31.14], [121.46, 31.14]]]}, "properties": {"grid_id": "r075_c061", "phase": "morning_09h", "target_time": "2026-09-18 09:00:00+08:00", "hour": 9, "air_temperature_c": 26.18, "relative_humidity_pct": 72.0, "wind_speed_10m_ms": 1.66, "utci_c": 35.29, "p_base": 0.5784, "p_enhanced": 0.6478, "delta_p": 0.0693, "rel_mitigation_pct": -11.99, "risk_level": "high"}}, {"type": "Feature", "geometry": {"type": "Polygon", "coordinates": [[[121.49, 31.14], [121.49, 31.15], [121.5, 31.15], [121.5, 31.14], [121.49, 31.14]]]}, "properties": {"grid_id": "r075_c064", "phase": "morning_09h", "target_time": "2026-09-18 09:00:00+08:00", "hour": 9, "air_temperature_c": 26.18, "relative_humidity_pct": 72.0, "wind_speed_10m_ms": 1.66, "utci_c": 35.81, "p_base": 0.6085, "p_enhanced": 0.6315, "delta_p": 0.0231, "rel_mitigation_pct": -3.79, "risk_level": "high"}}, {"type": "Feature", "geometry": {"type": "Polygon", "coordinates": [[[121.51, 31.14], [121.51, 31.15], [121.52, 31.15], [121.52, 31.14], [121.51, 31.14]]]}, "properties": {"grid_id": "r075_c066", "phase": "morning_09h", "target_time": "2026-09-18 09:00:00+08:00", "hour": 9, "air_temperature_c": 26.18, "relative_humidity_pct": 72.0, "wind_speed_10m_ms": 1.66, "utci_c": 35.45, "p_base": 0.5875, "p_enhanced": 0.6223, "delta_p": 0.0348, "rel_mitigation_pct": -5.92, "risk_level": "high"}}, {"type": "Feature", "geometry": {"type": "Polygon", "coordinates": [[[121.54, 31.14], [121.54, 31.15], [121.55, 31.15], [121.55, 31.14], [121.54, 31.14]]]}, "properties": {"grid_id": "r075_c069", "phase": "morning_09h", "target_time": "2026-09-18 09:00:00+08:00", "hour": 9, "air_temperature_c": 26.18, "relative_humidity_pct": 72.0, "wind_speed_10m_ms": 1.66, "utci_c": 34.92, "p_base": 0.5565, "p_enhanced": 0.6652, "delta_p": 0.1087, "rel_mitigation_pct": -19.53, "risk_level": "high"}}, {"type": "Feature", "geometry": {"type": "Polygon", "coordinates": [[[121.65, 31.14], [121.65, 31.15], [121.66, 31.15], [121.66, 31.14], [121.65, 31.14]]]}, "properties": {"grid_id": "r075_c080", "phase": "morning_09h", "target_time": "2026-09-18 09:00:00+08:00", "hour": 9, "air_temperature_c": 26.18, "relative_humidity_pct": 72.0, "wind_speed_10m_ms": 1.66, "utci_c": 35.19, "p_base": 0.5721, "p_enhanced": 0.6239, "delta_p": 0.0518, "rel_mitigation_pct": -9.06, "risk_level": "high"}}, {"type": "Feature", "geometry": {"type": "Polygon", "coordinates": [[[121.66, 31.14], [121.66, 31.15], [121.67, 31.15], [121.67, 31.14], [121.66, 31.14]]]}, "properties": {"grid_id": "r075_c081", "phase": "morning_09h", "target_time": "2026-09-18 09:00:00+08:00", "hour": 9, "air_temperature_c": 26.18, "relative_humidity_pct": 72.0, "wind_speed_10m_ms": 1.66, "utci_c": 33.62, "p_base": 0.4807, "p_enhanced": 0.5612, "delta_p": 0.0804, "rel_mitigation_pct": -16.73, "risk_level": "high"}}, {"type": "Feature", "geometry": {"type": "Polygon", "coordinates": [[[121.71, 31.14], [121.71, 31.15], [121.72, 31.15], [121.72, 31.14], [121.71, 31.14]]]}, "properties": {"grid_id": "r075_c086", "phase": "morning_09h", "target_time": "2026-09-18 09:00:00+08:00", "hour": 9, "air_temperature_c": 26.18, "relative_humidity_pct": 72.0, "wind_speed_10m_ms": 1.66, "utci_c": 35.45, "p_base": 0.5876, "p_enhanced": 0.6446, "delta_p": 0.0571, "rel_mitigation_pct": -9.71, "risk_level": "high"}}, {"type": "Feature", "geometry": {"type": "Polygon", "coordinates": [[[121.05, 31.13], [121.05, 31.14], [121.06, 31.14], [121.06, 31.13], [121.05, 31.13]]]}, "properties": {"grid_id": "r076_c020", "phase": "morning_09h", "target_time": "2026-09-18 09:00:00+08:00", "hour": 9, "air_temperature_c": 26.18, "relative_humidity_pct": 72.0, "wind_speed_10m_ms": 1.66, "utci_c": 35.35, "p_base": 0.582, "p_enhanced": 0.6483, "delta_p": 0.0664, "rel_mitigation_pct": -11.4, "risk_level": "high"}}, {"type": "Feature", "geometry": {"type": "Polygon", "coordinates": [[[121.09, 31.13], [121.09, 31.14], [121.1, 31.14], [121.1, 31.13], [121.09, 31.13]]]}, "properties": {"grid_id": "r076_c024", "phase": "morning_09h", "target_time": "2026-09-18 09:00:00+08:00", "hour": 9, "air_temperature_c": 26.18, "relative_humidity_pct": 72.0, "wind_speed_10m_ms": 1.66, "utci_c": 34.64, "p_base": 0.5402, "p_enhanced": 0.6035, "delta_p": 0.0633, "rel_mitigation_pct": -11.72, "risk_level": "high"}}, {"type": "Feature", "geometry": {"type": "Polygon", "coordinates": [[[121.2, 31.13], [121.2, 31.14], [121.21, 31.14], [121.21, 31.13], [121.2, 31.13]]]}, "properties": {"grid_id": "r076_c035", "phase": "morning_09h", "target_time": "2026-09-18 09:00:00+08:00", "hour": 9, "air_temperature_c": 26.18, "relative_humidity_pct": 72.0, "wind_speed_10m_ms": 1.66, "utci_c": 35.18, "p_base": 0.5718, "p_enhanced": 0.5954, "delta_p": 0.0236, "rel_mitigation_pct": -4.13, "risk_level": "high"}}, {"type": "Feature", "geometry": {"type": "Polygon", "coordinates": [[[121.22, 31.13], [121.22, 31.14], [121.23, 31.14], [121.23, 31.13], [121.22, 31.13]]]}, "properties": {"grid_id": "r076_c037", "phase": "morning_09h", "target_time": "2026-09-18 09:00:00+08:00", "hour": 9, "air_temperature_c": 26.18, "relative_humidity_pct": 72.0, "wind_speed_10m_ms": 1.66, "utci_c": 35.32, "p_base": 0.58, "p_enhanced": 0.6194, "delta_p": 0.0394, "rel_mitigation_pct": -6.8, "risk_level": "high"}}, {"type": "Feature", "geometry": {"type": "Polygon", "coordinates": [[[121.38, 31.13], [121.38, 31.14], [121.39, 31.14], [121.39, 31.13], [121.38, 31.13]]]}, "properties": {"grid_id": "r076_c053", "phase": "morning_09h", "target_time": "2026-09-18 09:00:00+08:00", "hour": 9, "air_temperature_c": 26.18, "relative_humidity_pct": 72.0, "wind_speed_10m_ms": 1.66, "utci_c": 35.26, "p_base": 0.5762, "p_enhanced": 0.6214, "delta_p": 0.0452, "rel_mitigation_pct": -7.85, "risk_level": "high"}}, {"type": "Feature", "geometry": {"type": "Polygon", "coordinates": [[[121.42, 31.13], [121.42, 31.14], [121.43, 31.14], [121.43, 31.13], [121.42, 31.13]]]}, "properties": {"grid_id": "r076_c057", "phase": "morning_09h", "target_time": "2026-09-18 09:00:00+08:00", "hour": 9, "air_temperature_c": 26.18, "relative_humidity_pct": 72.0, "wind_speed_10m_ms": 1.66, "utci_c": 35.45, "p_base": 0.5875, "p_enhanced": 0.6261, "delta_p": 0.0386, "rel_mitigation_pct": -6.56, "risk_level": "high"}}, {"type": "Feature", "geometry": {"type": "Polygon", "coordinates": [[[121.55, 31.13], [121.55, 31.14], [121.56, 31.14], [121.56, 31.13], [121.55, 31.13]]]}, "properties": {"grid_id": "r076_c070", "phase": "morning_09h", "target_time": "2026-09-18 09:00:00+08:00", "hour": 9, "air_temperature_c": 26.18, "relative_humidity_pct": 72.0, "wind_speed_10m_ms": 1.66, "utci_c": 35.61, "p_base": 0.5969, "p_enhanced": 0.6388, "delta_p": 0.0419, "rel_mitigation_pct": -7.02, "risk_level": "high"}}, {"type": "Feature", "geometry": {"type": "Polygon", "coordinates": [[[121.56, 31.13], [121.56, 31.14], [121.57, 31.14], [121.57, 31.13], [121.56, 31.13]]]}, "properties": {"grid_id": "r076_c071", "phase": "morning_09h", "target_time": "2026-09-18 09:00:00+08:00", "hour": 9, "air_temperature_c": 26.18, "relative_humidity_pct": 72.0, "wind_speed_10m_ms": 1.66, "utci_c": 35.58, "p_base": 0.5952, "p_enhanced": 0.6381, "delta_p": 0.0429, "rel_mitigation_pct": -7.21, "risk_level": "high"}}, {"type": "Feature", "geometry": {"type": "Polygon", "coordinates": [[[121.66, 31.13], [121.66, 31.14], [121.67, 31.14], [121.67, 31.13], [121.66, 31.13]]]}, "properties": {"grid_id": "r076_c081", "phase": "morning_09h", "target_time": "2026-09-18 09:00:00+08:00", "hour": 9, "air_temperature_c": 26.18, "relative_humidity_pct": 72.0, "wind_speed_10m_ms": 1.66, "utci_c": 35.12, "p_base": 0.5685, "p_enhanced": 0.5976, "delta_p": 0.0291, "rel_mitigation_pct": -5.12, "risk_level": "high"}}, {"type": "Feature", "geometry": {"type": "Polygon", "coordinates": [[[121.04, 31.12], [121.04, 31.13], [121.05, 31.13], [121.05, 31.12], [121.04, 31.12]]]}, "properties": {"grid_id": "r077_c019", "phase": "morning_09h", "target_time": "2026-09-18 09:00:00+08:00", "hour": 9, "air_temperature_c": 26.18, "relative_humidity_pct": 72.0, "wind_speed_10m_ms": 1.66, "utci_c": 34.89, "p_base": 0.5548, "p_enhanced": 0.5413, "delta_p": -0.0135, "rel_mitigation_pct": 2.44, "risk_level": "high"}}, {"type": "Feature", "geometry": {"type": "Polygon", "coordinates": [[[121.11, 31.12], [121.11, 31.13], [121.12, 31.13], [121.12, 31.12], [121.11, 31.12]]]}, "properties": {"grid_id": "r077_c026", "phase": "morning_09h", "target_time": "2026-09-18 09:00:00+08:00", "hour": 9, "air_temperature_c": 26.18, "relative_humidity_pct": 72.0, "wind_speed_10m_ms": 1.66, "utci_c": 35.23, "p_base": 0.5746, "p_enhanced": 0.5993, "delta_p": 0.0247, "rel_mitigation_pct": -4.3, "risk_level": "high"}}, {"type": "Feature", "geometry": {"type": "Polygon", "coordinates": [[[121.2, 31.12], [121.2, 31.13], [121.21, 31.13], [121.21, 31.12], [121.2, 31.12]]]}, "properties": {"grid_id": "r077_c035", "phase": "morning_09h", "target_time": "2026-09-18 09:00:00+08:00", "hour": 9, "air_temperature_c": 26.18, "relative_humidity_pct": 72.0, "wind_speed_10m_ms": 1.66, "utci_c": 35.4, "p_base": 0.5847, "p_enhanced": 0.632, "delta_p": 0.0473, "rel_mitigation_pct": -8.08, "risk_level": "high"}}, {"type": "Feature", "geometry": {"type": "Polygon", "coordinates": [[[121.36, 31.12], [121.36, 31.13], [121.37, 31.13], [121.37, 31.12], [121.36, 31.12]]]}, "properties": {"grid_id": "r077_c051", "phase": "morning_09h", "target_time": "2026-09-18 09:00:00+08:00", "hour": 9, "air_temperature_c": 26.18, "relative_humidity_pct": 72.0, "wind_speed_10m_ms": 1.66, "utci_c": 35.11, "p_base": 0.5679, "p_enhanced": 0.6167, "delta_p": 0.0488, "rel_mitigation_pct": -8.59, "risk_level": "high"}}, {"type": "Feature", "geometry": {"type": "Polygon", "coordinates": [[[121.39, 31.12], [121.39, 31.13], [121.4, 31.13], [121.4, 31.12], [121.39, 31.12]]]}, "properties": {"grid_id": "r077_c054", "phase": "morning_09h", "target_time": "2026-09-18 09:00:00+08:00", "hour": 9, "air_temperature_c": 26.18, "relative_humidity_pct": 72.0, "wind_speed_10m_ms": 1.66, "utci_c": 35.2, "p_base": 0.5729, "p_enhanced": 0.6281, "delta_p": 0.0551, "rel_mitigation_pct": -9.62, "risk_level": "high"}}, {"type": "Feature", "geometry": {"type": "Polygon", "coordinates": [[[121.44, 31.12], [121.44, 31.13], [121.45, 31.13], [121.45, 31.12], [121.44, 31.12]]]}, "properties": {"grid_id": "r077_c059", "phase": "morning_09h", "target_time": "2026-09-18 09:00:00+08:00", "hour": 9, "air_temperature_c": 26.18, "relative_humidity_pct": 72.0, "wind_speed_10m_ms": 1.66, "utci_c": 35.2, "p_base": 0.5727, "p_enhanced": 0.642, "delta_p": 0.0693, "rel_mitigation_pct": -12.11, "risk_level": "high"}}, {"type": "Feature", "geometry": {"type": "Polygon", "coordinates": [[[121.56, 31.12], [121.56, 31.13], [121.57, 31.13], [121.57, 31.12], [121.56, 31.12]]]}, "properties": {"grid_id": "r077_c071", "phase": "morning_09h", "target_time": "2026-09-18 09:00:00+08:00", "hour": 9, "air_temperature_c": 26.18, "relative_humidity_pct": 72.0, "wind_speed_10m_ms": 1.66, "utci_c": 35.6, "p_base": 0.5966, "p_enhanced": 0.639, "delta_p": 0.0425, "rel_mitigation_pct": -7.12, "risk_level": "high"}}, {"type": "Feature", "geometry": {"type": "Polygon", "coordinates": [[[120.91, 31.11], [120.91, 31.12], [120.92, 31.12], [120.92, 31.11], [120.91, 31.11]]]}, "properties": {"grid_id": "r078_c006", "phase": "morning_09h", "target_time": "2026-09-18 09:00:00+08:00", "hour": 9, "air_temperature_c": 26.18, "relative_humidity_pct": 72.0, "wind_speed_10m_ms": 1.66, "utci_c": 34.88, "p_base": 0.5541, "p_enhanced": 0.5245, "delta_p": -0.0296, "rel_mitigation_pct": 5.34, "risk_level": "high"}}, {"type": "Feature", "geometry": {"type": "Polygon", "coordinates": [[[120.92, 31.11], [120.92, 31.12], [120.93, 31.12], [120.93, 31.11], [120.92, 31.11]]]}, "properties": {"grid_id": "r078_c007", "phase": "morning_09h", "target_time": "2026-09-18 09:00:00+08:00", "hour": 9, "air_temperature_c": 26.18, "relative_humidity_pct": 72.0, "wind_speed_10m_ms": 1.66, "utci_c": 34.67, "p_base": 0.5417, "p_enhanced": 0.4791, "delta_p": -0.0626, "rel_mitigation_pct": 11.55, "risk_level": "high"}}, {"type": "Feature", "geometry": {"type": "Polygon", "coordinates": [[[121.0, 31.11], [121.0, 31.12], [121.01, 31.12], [121.01, 31.11], [121.0, 31.11]]]}, "properties": {"grid_id": "r078_c015", "phase": "morning_09h", "target_time": "2026-09-18 09:00:00+08:00", "hour": 9, "air_temperature_c": 26.18, "relative_humidity_pct": 72.0, "wind_speed_10m_ms": 1.66, "utci_c": 33.38, "p_base": 0.467, "p_enhanced": 0.4556, "delta_p": -0.0114, "rel_mitigation_pct": 2.44, "risk_level": "high"}}, {"type": "Feature", "geometry": {"type": "Polygon", "coordinates": [[[121.04, 31.11], [121.04, 31.12], [121.05, 31.12], [121.05, 31.11], [121.04, 31.11]]]}, "properties": {"grid_id": "r078_c019", "phase": "morning_09h", "target_time": "2026-09-18 09:00:00+08:00", "hour": 9, "air_temperature_c": 26.18, "relative_humidity_pct": 72.0, "wind_speed_10m_ms": 1.66, "utci_c": 34.71, "p_base": 0.5439, "p_enhanced": 0.5287, "delta_p": -0.0152, "rel_mitigation_pct": 2.8, "risk_level": "high"}}, {"type": "Feature", "geometry": {"type": "Polygon", "coordinates": [[[121.05, 31.11], [121.05, 31.12], [121.06, 31.12], [121.06, 31.11], [121.05, 31.11]]]}, "properties": {"grid_id": "r078_c020", "phase": "morning_09h", "target_time": "2026-09-18 09:00:00+08:00", "hour": 9, "air_temperature_c": 26.18, "relative_humidity_pct": 72.0, "wind_speed_10m_ms": 1.66, "utci_c": 34.93, "p_base": 0.5569, "p_enhanced": 0.5466, "delta_p": -0.0103, "rel_mitigation_pct": 1.85, "risk_level": "high"}}, {"type": "Feature", "geometry": {"type": "Polygon", "coordinates": [[[121.2, 31.11], [121.2, 31.12], [121.21, 31.12], [121.21, 31.11], [121.2, 31.11]]]}, "properties": {"grid_id": "r078_c035", "phase": "morning_09h", "target_time": "2026-09-18 09:00:00+08:00", "hour": 9, "air_temperature_c": 26.18, "relative_humidity_pct": 72.0, "wind_speed_10m_ms": 1.66, "utci_c": 35.18, "p_base": 0.5717, "p_enhanced": 0.6175, "delta_p": 0.0458, "rel_mitigation_pct": -8.0, "risk_level": "high"}}, {"type": "Feature", "geometry": {"type": "Polygon", "coordinates": [[[121.21, 31.11], [121.21, 31.12], [121.22, 31.12], [121.22, 31.11], [121.21, 31.11]]]}, "properties": {"grid_id": "r078_c036", "phase": "morning_09h", "target_time": "2026-09-18 09:00:00+08:00", "hour": 9, "air_temperature_c": 26.18, "relative_humidity_pct": 72.0, "wind_speed_10m_ms": 1.66, "utci_c": 35.16, "p_base": 0.5706, "p_enhanced": 0.6421, "delta_p": 0.0715, "rel_mitigation_pct": -12.53, "risk_level": "high"}}, {"type": "Feature", "geometry": {"type": "Polygon", "coordinates": [[[121.22, 31.11], [121.22, 31.12], [121.23, 31.12], [121.23, 31.11], [121.22, 31.11]]]}, "properties": {"grid_id": "r078_c037", "phase": "morning_09h", "target_time": "2026-09-18 09:00:00+08:00", "hour": 9, "air_temperature_c": 26.18, "relative_humidity_pct": 72.0, "wind_speed_10m_ms": 1.66, "utci_c": 35.31, "p_base": 0.5795, "p_enhanced": 0.6313, "delta_p": 0.0518, "rel_mitigation_pct": -8.94, "risk_level": "high"}}, {"type": "Feature", "geometry": {"type": "Polygon", "coordinates": [[[121.25, 31.11], [121.25, 31.12], [121.26, 31.12], [121.26, 31.11], [121.25, 31.11]]]}, "properties": {"grid_id": "r078_c040", "phase": "morning_09h", "target_time": "2026-09-18 09:00:00+08:00", "hour": 9, "air_temperature_c": 26.18, "relative_humidity_pct": 72.0, "wind_speed_10m_ms": 1.66, "utci_c": 35.15, "p_base": 0.5702, "p_enhanced": 0.5716, "delta_p": 0.0014, "rel_mitigation_pct": -0.25, "risk_level": "high"}}, {"type": "Feature", "geometry": {"type": "Polygon", "coordinates": [[[121.27, 31.11], [121.27, 31.12], [121.28, 31.12], [121.28, 31.11], [121.27, 31.11]]]}, "properties": {"grid_id": "r078_c042", "phase": "morning_09h", "target_time": "2026-09-18 09:00:00+08:00", "hour": 9, "air_temperature_c": 26.18, "relative_humidity_pct": 72.0, "wind_speed_10m_ms": 1.66, "utci_c": 35.3, "p_base": 0.579, "p_enhanced": 0.6311, "delta_p": 0.052, "rel_mitigation_pct": -8.99, "risk_level": "high"}}, {"type": "Feature", "geometry": {"type": "Polygon", "coordinates": [[[121.34, 31.11], [121.34, 31.12], [121.35, 31.12], [121.35, 31.11], [121.34, 31.11]]]}, "properties": {"grid_id": "r078_c049", "phase": "morning_09h", "target_time": "2026-09-18 09:00:00+08:00", "hour": 9, "air_temperature_c": 26.18, "relative_humidity_pct": 72.0, "wind_speed_10m_ms": 1.66, "utci_c": 34.94, "p_base": 0.5575, "p_enhanced": 0.6445, "delta_p": 0.087, "rel_mitigation_pct": -15.6, "risk_level": "high"}}, {"type": "Feature", "geometry": {"type": "Polygon", "coordinates": [[[121.39, 31.11], [121.39, 31.12], [121.4, 31.12], [121.4, 31.11], [121.39, 31.11]]]}, "properties": {"grid_id": "r078_c054", "phase": "morning_09h", "target_time": "2026-09-18 09:00:00+08:00", "hour": 9, "air_temperature_c": 26.18, "relative_humidity_pct": 72.0, "wind_speed_10m_ms": 1.66, "utci_c": 34.94, "p_base": 0.5579, "p_enhanced": 0.637, "delta_p": 0.0791, "rel_mitigation_pct": -14.17, "risk_level": "high"}}, {"type": "Feature", "geometry": {"type": "Polygon", "coordinates": [[[121.46, 31.11], [121.46, 31.12], [121.47, 31.12], [121.47, 31.11], [121.46, 31.11]]]}, "properties": {"grid_id": "r078_c061", "phase": "morning_09h", "target_time": "2026-09-18 09:00:00+08:00", "hour": 9, "air_temperature_c": 26.18, "relative_humidity_pct": 72.0, "wind_speed_10m_ms": 1.66, "utci_c": 34.24, "p_base": 0.5165, "p_enhanced": 0.4053, "delta_p": -0.1112, "rel_mitigation_pct": 21.53, "risk_level": "high"}}, {"type": "Feature", "geometry": {"type": "Polygon", "coordinates": [[[121.58, 31.11], [121.58, 31.12], [121.59, 31.12], [121.59, 31.11], [121.58, 31.11]]]}, "properties": {"grid_id": "r078_c073", "phase": "morning_09h", "target_time": "2026-09-18 09:00:00+08:00", "hour": 9, "air_temperature_c": 26.18, "relative_humidity_pct": 72.0, "wind_speed_10m_ms": 1.66, "utci_c": 35.76, "p_base": 0.6055, "p_enhanced": 0.6334, "delta_p": 0.0279, "rel_mitigation_pct": -4.61, "risk_level": "high"}}, {"type": "Feature", "geometry": {"type": "Polygon", "coordinates": [[[120.94, 31.1], [120.94, 31.11], [120.95, 31.11], [120.95, 31.1], [120.94, 31.1]]]}, "properties": {"grid_id": "r079_c009", "phase": "morning_09h", "target_time": "2026-09-18 09:00:00+08:00", "hour": 9, "air_temperature_c": 26.18, "relative_humidity_pct": 72.0, "wind_speed_10m_ms": 1.66, "utci_c": 32.65, "p_base": 0.426, "p_enhanced": 0.1396, "delta_p": -0.2864, "rel_mitigation_pct": 67.23, "risk_level": "high"}}, {"type": "Feature", "geometry": {"type": "Polygon", "coordinates": [[[121.0, 31.1], [121.0, 31.11], [121.01, 31.11], [121.01, 31.1], [121.0, 31.1]]]}, "properties": {"grid_id": "r079_c015", "phase": "morning_09h", "target_time": "2026-09-18 09:00:00+08:00", "hour": 9, "air_temperature_c": 26.18, "relative_humidity_pct": 72.0, "wind_speed_10m_ms": 1.66, "utci_c": 33.68, "p_base": 0.4839, "p_enhanced": 0.5921, "delta_p": 0.1082, "rel_mitigation_pct": -22.35, "risk_level": "high"}}, {"type": "Feature", "geometry": {"type": "Polygon", "coordinates": [[[121.18, 31.1], [121.18, 31.11], [121.19, 31.11], [121.19, 31.1], [121.18, 31.1]]]}, "properties": {"grid_id": "r079_c033", "phase": "morning_09h", "target_time": "2026-09-18 09:00:00+08:00", "hour": 9, "air_temperature_c": 26.18, "relative_humidity_pct": 72.0, "wind_speed_10m_ms": 1.66, "utci_c": 35.45, "p_base": 0.5876, "p_enhanced": 0.6446, "delta_p": 0.0571, "rel_mitigation_pct": -9.71, "risk_level": "high"}}, {"type": "Feature", "geometry": {"type": "Polygon", "coordinates": [[[121.2, 31.1], [121.2, 31.11], [121.21, 31.11], [121.21, 31.1], [121.2, 31.1]]]}, "properties": {"grid_id": "r079_c035", "phase": "morning_09h", "target_time": "2026-09-18 09:00:00+08:00", "hour": 9, "air_temperature_c": 26.18, "relative_humidity_pct": 72.0, "wind_speed_10m_ms": 1.66, "utci_c": 34.16, "p_base": 0.5119, "p_enhanced": 0.5552, "delta_p": 0.0433, "rel_mitigation_pct": -8.46, "risk_level": "high"}}, {"type": "Feature", "geometry": {"type": "Polygon", "coordinates": [[[121.22, 31.1], [121.22, 31.11], [121.23, 31.11], [121.23, 31.1], [121.22, 31.1]]]}, "properties": {"grid_id": "r079_c037", "phase": "morning_09h", "target_time": "2026-09-18 09:00:00+08:00", "hour": 9, "air_temperature_c": 26.18, "relative_humidity_pct": 72.0, "wind_speed_10m_ms": 1.66, "utci_c": 35.32, "p_base": 0.58, "p_enhanced": 0.6199, "delta_p": 0.04, "rel_mitigation_pct": -6.89, "risk_level": "high"}}, {"type": "Feature", "geometry": {"type": "Polygon", "coordinates": [[[121.25, 31.1], [121.25, 31.11], [121.26, 31.11], [121.26, 31.1], [121.25, 31.1]]]}, "properties": {"grid_id": "r079_c040", "phase": "morning_09h", "target_time": "2026-09-18 09:00:00+08:00", "hour": 9, "air_temperature_c": 26.18, "relative_humidity_pct": 72.0, "wind_speed_10m_ms": 1.66, "utci_c": 35.38, "p_base": 0.5832, "p_enhanced": 0.6293, "delta_p": 0.0461, "rel_mitigation_pct": -7.9, "risk_level": "high"}}, {"type": "Feature", "geometry": {"type": "Polygon", "coordinates": [[[121.35, 31.1], [121.35, 31.11], [121.36, 31.11], [121.36, 31.1], [121.35, 31.1]]]}, "properties": {"grid_id": "r079_c050", "phase": "morning_09h", "target_time": "2026-09-18 09:00:00+08:00", "hour": 9, "air_temperature_c": 26.18, "relative_humidity_pct": 72.0, "wind_speed_10m_ms": 1.66, "utci_c": 35.33, "p_base": 0.5806, "p_enhanced": 0.6133, "delta_p": 0.0327, "rel_mitigation_pct": -5.64, "risk_level": "high"}}, {"type": "Feature", "geometry": {"type": "Polygon", "coordinates": [[[121.37, 31.1], [121.37, 31.11], [121.38, 31.11], [121.38, 31.1], [121.37, 31.1]]]}, "properties": {"grid_id": "r079_c052", "phase": "morning_09h", "target_time": "2026-09-18 09:00:00+08:00", "hour": 9, "air_temperature_c": 26.18, "relative_humidity_pct": 72.0, "wind_speed_10m_ms": 1.66, "utci_c": 35.5, "p_base": 0.5905, "p_enhanced": 0.6314, "delta_p": 0.0409, "rel_mitigation_pct": -6.93, "risk_level": "high"}}, {"type": "Feature", "geometry": {"type": "Polygon", "coordinates": [[[121.4, 31.1], [121.4, 31.11], [121.41, 31.11], [121.41, 31.1], [121.4, 31.1]]]}, "properties": {"grid_id": "r079_c055", "phase": "morning_09h", "target_time": "2026-09-18 09:00:00+08:00", "hour": 9, "air_temperature_c": 26.18, "relative_humidity_pct": 72.0, "wind_speed_10m_ms": 1.66, "utci_c": 35.54, "p_base": 0.5927, "p_enhanced": 0.6415, "delta_p": 0.0488, "rel_mitigation_pct": -8.24, "risk_level": "high"}}, {"type": "Feature", "geometry": {"type": "Polygon", "coordinates": [[[121.42, 31.1], [121.42, 31.11], [121.43, 31.11], [121.43, 31.1], [121.42, 31.1]]]}, "properties": {"grid_id": "r079_c057", "phase": "morning_09h", "target_time": "2026-09-18 09:00:00+08:00", "hour": 9, "air_temperature_c": 26.18, "relative_humidity_pct": 72.0, "wind_speed_10m_ms": 1.66, "utci_c": 35.45, "p_base": 0.5877, "p_enhanced": 0.6446, "delta_p": 0.0569, "rel_mitigation_pct": -9.68, "risk_level": "high"}}, {"type": "Feature", "geometry": {"type": "Polygon", "coordinates": [[[120.97, 31.09], [120.97, 31.1], [120.98, 31.1], [120.98, 31.09], [120.97, 31.09]]]}, "properties": {"grid_id": "r080_c012", "phase": "morning_09h", "target_time": "2026-09-18 09:00:00+08:00", "hour": 9, "air_temperature_c": 26.18, "relative_humidity_pct": 72.0, "wind_speed_10m_ms": 1.66, "utci_c": 33.12, "p_base": 0.4519, "p_enhanced": 0.2057, "delta_p": -0.2462, "rel_mitigation_pct": 54.48, "risk_level": "high"}}, {"type": "Feature", "geometry": {"type": "Polygon", "coordinates": [[[121.15, 31.09], [121.15, 31.1], [121.16, 31.1], [121.16, 31.09], [121.15, 31.09]]]}, "properties": {"grid_id": "r080_c030", "phase": "morning_09h", "target_time": "2026-09-18 09:00:00+08:00", "hour": 9, "air_temperature_c": 26.18, "relative_humidity_pct": 72.0, "wind_speed_10m_ms": 1.66, "utci_c": 35.45, "p_base": 0.5876, "p_enhanced": 0.6446, "delta_p": 0.0571, "rel_mitigation_pct": -9.71, "risk_level": "high"}}, {"type": "Feature", "geometry": {"type": "Polygon", "coordinates": [[[121.17, 31.09], [121.17, 31.1], [121.18, 31.1], [121.18, 31.09], [121.17, 31.09]]]}, "properties": {"grid_id": "r080_c032", "phase": "morning_09h", "target_time": "2026-09-18 09:00:00+08:00", "hour": 9, "air_temperature_c": 26.18, "relative_humidity_pct": 72.0, "wind_speed_10m_ms": 1.66, "utci_c": 35.38, "p_base": 0.5838, "p_enhanced": 0.6169, "delta_p": 0.0332, "rel_mitigation_pct": -5.68, "risk_level": "high"}}, {"type": "Feature", "geometry": {"type": "Polygon", "coordinates": [[[121.18, 31.09], [121.18, 31.1], [121.19, 31.1], [121.19, 31.09], [121.18, 31.09]]]}, "properties": {"grid_id": "r080_c033", "phase": "morning_09h", "target_time": "2026-09-18 09:00:00+08:00", "hour": 9, "air_temperature_c": 26.18, "relative_humidity_pct": 72.0, "wind_speed_10m_ms": 1.66, "utci_c": 34.95, "p_base": 0.5583, "p_enhanced": 0.6577, "delta_p": 0.0994, "rel_mitigation_pct": -17.8, "risk_level": "high"}}, {"type": "Feature", "geometry": {"type": "Polygon", "coordinates": [[[121.19, 31.09], [121.19, 31.1], [121.2, 31.1], [121.2, 31.09], [121.19, 31.09]]]}, "properties": {"grid_id": "r080_c034", "phase": "morning_09h", "target_time": "2026-09-18 09:00:00+08:00", "hour": 9, "air_temperature_c": 26.18, "relative_humidity_pct": 72.0, "wind_speed_10m_ms": 1.66, "utci_c": 35.01, "p_base": 0.5616, "p_enhanced": 0.6582, "delta_p": 0.0966, "rel_mitigation_pct": -17.2, "risk_level": "high"}}, {"type": "Feature", "geometry": {"type": "Polygon", "coordinates": [[[121.2, 31.09], [121.2, 31.1], [121.21, 31.1], [121.21, 31.09], [121.2, 31.09]]]}, "properties": {"grid_id": "r080_c035", "phase": "morning_09h", "target_time": "2026-09-18 09:00:00+08:00", "hour": 9, "air_temperature_c": 26.18, "relative_humidity_pct": 72.0, "wind_speed_10m_ms": 1.66, "utci_c": 35.31, "p_base": 0.5795, "p_enhanced": 0.6197, "delta_p": 0.0402, "rel_mitigation_pct": -6.93, "risk_level": "high"}}, {"type": "Feature", "geometry": {"type": "Polygon", "coordinates": [[[121.21, 31.09], [121.21, 31.1], [121.22, 31.1], [121.22, 31.09], [121.21, 31.09]]]}, "properties": {"grid_id": "r080_c036", "phase": "morning_09h", "target_time": "2026-09-18 09:00:00+08:00", "hour": 9, "air_temperature_c": 26.18, "relative_humidity_pct": 72.0, "wind_speed_10m_ms": 1.66, "utci_c": 35.14, "p_base": 0.5695, "p_enhanced": 0.5979, "delta_p": 0.0284, "rel_mitigation_pct": -4.99, "risk_level": "high"}}, {"type": "Feature", "geometry": {"type": "Polygon", "coordinates": [[[121.22, 31.09], [121.22, 31.1], [121.23, 31.1], [121.23, 31.09], [121.22, 31.09]]]}, "properties": {"grid_id": "r080_c037", "phase": "morning_09h", "target_time": "2026-09-18 09:00:00+08:00", "hour": 9, "air_temperature_c": 26.18, "relative_humidity_pct": 72.0, "wind_speed_10m_ms": 1.66, "utci_c": 35.27, "p_base": 0.5767, "p_enhanced": 0.6216, "delta_p": 0.0448, "rel_mitigation_pct": -7.77, "risk_level": "high"}}, {"type": "Feature", "geometry": {"type": "Polygon", "coordinates": [[[121.24, 31.09], [121.24, 31.1], [121.25, 31.1], [121.25, 31.09], [121.24, 31.09]]]}, "properties": {"grid_id": "r080_c039", "phase": "morning_09h", "target_time": "2026-09-18 09:00:00+08:00", "hour": 9, "air_temperature_c": 26.18, "relative_humidity_pct": 72.0, "wind_speed_10m_ms": 1.66, "utci_c": 35.35, "p_base": 0.5818, "p_enhanced": 0.6121, "delta_p": 0.0303, "rel_mitigation_pct": -5.21, "risk_level": "high"}}, {"type": "Feature", "geometry": {"type": "Polygon", "coordinates": [[[121.34, 31.09], [121.34, 31.1], [121.35, 31.1], [121.35, 31.09], [121.34, 31.09]]]}, "properties": {"grid_id": "r080_c049", "phase": "morning_09h", "target_time": "2026-09-18 09:00:00+08:00", "hour": 9, "air_temperature_c": 26.18, "relative_humidity_pct": 72.0, "wind_speed_10m_ms": 1.66, "utci_c": 35.47, "p_base": 0.5889, "p_enhanced": 0.6438, "delta_p": 0.055, "rel_mitigation_pct": -9.33, "risk_level": "high"}}, {"type": "Feature", "geometry": {"type": "Polygon", "coordinates": [[[121.48, 31.09], [121.48, 31.1], [121.49, 31.1], [121.49, 31.09], [121.48, 31.09]]]}, "properties": {"grid_id": "r080_c063", "phase": "morning_09h", "target_time": "2026-09-18 09:00:00+08:00", "hour": 9, "air_temperature_c": 26.18, "relative_humidity_pct": 72.0, "wind_speed_10m_ms": 1.66, "utci_c": 35.45, "p_base": 0.5874, "p_enhanced": 0.6326, "delta_p": 0.0452, "rel_mitigation_pct": -7.69, "risk_level": "high"}}, {"type": "Feature", "geometry": {"type": "Polygon", "coordinates": [[[121.49, 31.09], [121.49, 31.1], [121.5, 31.1], [121.5, 31.09], [121.49, 31.09]]]}, "properties": {"grid_id": "r080_c064", "phase": "morning_09h", "target_time": "2026-09-18 09:00:00+08:00", "hour": 9, "air_temperature_c": 26.18, "relative_humidity_pct": 72.0, "wind_speed_10m_ms": 1.66, "utci_c": 35.26, "p_base": 0.5762, "p_enhanced": 0.5997, "delta_p": 0.0235, "rel_mitigation_pct": -4.07, "risk_level": "high"}}, {"type": "Feature", "geometry": {"type": "Polygon", "coordinates": [[[121.18, 31.08], [121.18, 31.09], [121.19, 31.09], [121.19, 31.08], [121.18, 31.08]]]}, "properties": {"grid_id": "r081_c033", "phase": "morning_09h", "target_time": "2026-09-18 09:00:00+08:00", "hour": 9, "air_temperature_c": 26.18, "relative_humidity_pct": 72.0, "wind_speed_10m_ms": 1.66, "utci_c": 35.06, "p_base": 0.565, "p_enhanced": 0.6355, "delta_p": 0.0705, "rel_mitigation_pct": -12.47, "risk_level": "high"}}, {"type": "Feature", "geometry": {"type": "Polygon", "coordinates": [[[121.19, 31.08], [121.19, 31.09], [121.2, 31.09], [121.2, 31.08], [121.19, 31.08]]]}, "properties": {"grid_id": "r081_c034", "phase": "morning_09h", "target_time": "2026-09-18 09:00:00+08:00", "hour": 9, "air_temperature_c": 26.18, "relative_humidity_pct": 72.0, "wind_speed_10m_ms": 1.66, "utci_c": 35.29, "p_base": 0.5782, "p_enhanced": 0.6284, "delta_p": 0.0502, "rel_mitigation_pct": -8.68, "risk_level": "high"}}, {"type": "Feature", "geometry": {"type": "Polygon", "coordinates": [[[121.2, 31.08], [121.2, 31.09], [121.21, 31.09], [121.21, 31.08], [121.2, 31.08]]]}, "properties": {"grid_id": "r081_c035", "phase": "morning_09h", "target_time": "2026-09-18 09:00:00+08:00", "hour": 9, "air_temperature_c": 26.18, "relative_humidity_pct": 72.0, "wind_speed_10m_ms": 1.66, "utci_c": 35.3, "p_base": 0.5791, "p_enhanced": 0.6205, "delta_p": 0.0414, "rel_mitigation_pct": -7.15, "risk_level": "high"}}, {"type": "Feature", "geometry": {"type": "Polygon", "coordinates": [[[121.22, 31.08], [121.22, 31.09], [121.23, 31.09], [121.23, 31.08], [121.22, 31.08]]]}, "properties": {"grid_id": "r081_c037", "phase": "morning_09h", "target_time": "2026-09-18 09:00:00+08:00", "hour": 9, "air_temperature_c": 26.18, "relative_humidity_pct": 72.0, "wind_speed_10m_ms": 1.66, "utci_c": 35.31, "p_base": 0.5795, "p_enhanced": 0.6413, "delta_p": 0.0618, "rel_mitigation_pct": -10.66, "risk_level": "high"}}, {"type": "Feature", "geometry": {"type": "Polygon", "coordinates": [[[121.28, 31.08], [121.28, 31.09], [121.29, 31.09], [121.29, 31.08], [121.28, 31.08]]]}, "properties": {"grid_id": "r081_c043", "phase": "morning_09h", "target_time": "2026-09-18 09:00:00+08:00", "hour": 9, "air_temperature_c": 26.18, "relative_humidity_pct": 72.0, "wind_speed_10m_ms": 1.66, "utci_c": 35.41, "p_base": 0.5849, "p_enhanced": 0.6284, "delta_p": 0.0434, "rel_mitigation_pct": -7.42, "risk_level": "high"}}, {"type": "Feature", "geometry": {"type": "Polygon", "coordinates": [[[121.39, 31.08], [121.39, 31.09], [121.4, 31.09], [121.4, 31.08], [121.39, 31.08]]]}, "properties": {"grid_id": "r081_c054", "phase": "morning_09h", "target_time": "2026-09-18 09:00:00+08:00", "hour": 9, "air_temperature_c": 26.18, "relative_humidity_pct": 72.0, "wind_speed_10m_ms": 1.66, "utci_c": 35.46, "p_base": 0.5883, "p_enhanced": 0.6442, "delta_p": 0.056, "rel_mitigation_pct": -9.51, "risk_level": "high"}}, {"type": "Feature", "geometry": {"type": "Polygon", "coordinates": [[[121.61, 31.08], [121.61, 31.09], [121.62, 31.09], [121.62, 31.08], [121.61, 31.08]]]}, "properties": {"grid_id": "r081_c076", "phase": "morning_09h", "target_time": "2026-09-18 09:00:00+08:00", "hour": 9, "air_temperature_c": 26.18, "relative_humidity_pct": 72.0, "wind_speed_10m_ms": 1.66, "utci_c": 35.44, "p_base": 0.5873, "p_enhanced": 0.6399, "delta_p": 0.0526, "rel_mitigation_pct": -8.96, "risk_level": "high"}}, {"type": "Feature", "geometry": {"type": "Polygon", "coordinates": [[[120.9, 31.07], [120.9, 31.08], [120.91, 31.08], [120.91, 31.07], [120.9, 31.07]]]}, "properties": {"grid_id": "r082_c005", "phase": "morning_09h", "target_time": "2026-09-18 09:00:00+08:00", "hour": 9, "air_temperature_c": 26.18, "relative_humidity_pct": 72.0, "wind_speed_10m_ms": 1.66, "utci_c": 34.04, "p_base": 0.5049, "p_enhanced": 0.4628, "delta_p": -0.0421, "rel_mitigation_pct": 8.34, "risk_level": "high"}}, {"type": "Feature", "geometry": {"type": "Polygon", "coordinates": [[[120.93, 31.07], [120.93, 31.08], [120.94, 31.08], [120.94, 31.07], [120.93, 31.07]]]}, "properties": {"grid_id": "r082_c008", "phase": "morning_09h", "target_time": "2026-09-18 09:00:00+08:00", "hour": 9, "air_temperature_c": 26.18, "relative_humidity_pct": 72.0, "wind_speed_10m_ms": 1.66, "utci_c": 33.89, "p_base": 0.4961, "p_enhanced": 0.3193, "delta_p": -0.1768, "rel_mitigation_pct": 35.64, "risk_level": "high"}}, {"type": "Feature", "geometry": {"type": "Polygon", "coordinates": [[[120.94, 31.07], [120.94, 31.08], [120.95, 31.08], [120.95, 31.07], [120.94, 31.07]]]}, "properties": {"grid_id": "r082_c009", "phase": "morning_09h", "target_time": "2026-09-18 09:00:00+08:00", "hour": 9, "air_temperature_c": 26.18, "relative_humidity_pct": 72.0, "wind_speed_10m_ms": 1.66, "utci_c": 34.56, "p_base": 0.5355, "p_enhanced": 0.4564, "delta_p": -0.0791, "rel_mitigation_pct": 14.77, "risk_level": "high"}}, {"type": "Feature", "geometry": {"type": "Polygon", "coordinates": [[[120.99, 31.07], [120.99, 31.08], [121.0, 31.08], [121.0, 31.07], [120.99, 31.07]]]}, "properties": {"grid_id": "r082_c014", "phase": "morning_09h", "target_time": "2026-09-18 09:00:00+08:00", "hour": 9, "air_temperature_c": 26.18, "relative_humidity_pct": 72.0, "wind_speed_10m_ms": 1.66, "utci_c": 33.68, "p_base": 0.4839, "p_enhanced": 0.5699, "delta_p": 0.086, "rel_mitigation_pct": -17.77, "risk_level": "high"}}, {"type": "Feature", "geometry": {"type": "Polygon", "coordinates": [[[121.11, 31.07], [121.11, 31.08], [121.12, 31.08], [121.12, 31.07], [121.11, 31.07]]]}, "properties": {"grid_id": "r082_c026", "phase": "morning_09h", "target_time": "2026-09-18 09:00:00+08:00", "hour": 9, "air_temperature_c": 26.18, "relative_humidity_pct": 72.0, "wind_speed_10m_ms": 1.66, "utci_c": 35.45, "p_base": 0.5879, "p_enhanced": 0.6424, "delta_p": 0.0545, "rel_mitigation_pct": -9.27, "risk_level": "high"}}, {"type": "Feature", "geometry": {"type": "Polygon", "coordinates": [[[121.14, 31.07], [121.14, 31.08], [121.15, 31.08], [121.15, 31.07], [121.14, 31.07]]]}, "properties": {"grid_id": "r082_c029", "phase": "morning_09h", "target_time": "2026-09-18 09:00:00+08:00", "hour": 9, "air_temperature_c": 26.18, "relative_humidity_pct": 72.0, "wind_speed_10m_ms": 1.66, "utci_c": 35.08, "p_base": 0.5661, "p_enhanced": 0.6589, "delta_p": 0.0928, "rel_mitigation_pct": -16.38, "risk_level": "high"}}, {"type": "Feature", "geometry": {"type": "Polygon", "coordinates": [[[121.17, 31.07], [121.17, 31.08], [121.18, 31.08], [121.18, 31.07], [121.17, 31.07]]]}, "properties": {"grid_id": "r082_c032", "phase": "morning_09h", "target_time": "2026-09-18 09:00:00+08:00", "hour": 9, "air_temperature_c": 26.18, "relative_humidity_pct": 72.0, "wind_speed_10m_ms": 1.66, "utci_c": 34.0, "p_base": 0.5024, "p_enhanced": 0.6431, "delta_p": 0.1407, "rel_mitigation_pct": -28.01, "risk_level": "high"}}, {"type": "Feature", "geometry": {"type": "Polygon", "coordinates": [[[121.49, 31.07], [121.49, 31.08], [121.5, 31.08], [121.5, 31.07], [121.49, 31.07]]]}, "properties": {"grid_id": "r082_c064", "phase": "morning_09h", "target_time": "2026-09-18 09:00:00+08:00", "hour": 9, "air_temperature_c": 26.18, "relative_humidity_pct": 72.0, "wind_speed_10m_ms": 1.66, "utci_c": 35.24, "p_base": 0.5755, "p_enhanced": 0.6445, "delta_p": 0.069, "rel_mitigation_pct": -11.99, "risk_level": "high"}}, {"type": "Feature", "geometry": {"type": "Polygon", "coordinates": [[[121.54, 31.07], [121.54, 31.08], [121.55, 31.08], [121.55, 31.07], [121.54, 31.07]]]}, "properties": {"grid_id": "r082_c069", "phase": "morning_09h", "target_time": "2026-09-18 09:00:00+08:00", "hour": 9, "air_temperature_c": 26.18, "relative_humidity_pct": 72.0, "wind_speed_10m_ms": 1.66, "utci_c": 35.28, "p_base": 0.5778, "p_enhanced": 0.6481, "delta_p": 0.0704, "rel_mitigation_pct": -12.18, "risk_level": "high"}}, {"type": "Feature", "geometry": {"type": "Polygon", "coordinates": [[[120.91, 31.06], [120.91, 31.07], [120.92, 31.07], [120.92, 31.06], [120.91, 31.06]]]}, "properties": {"grid_id": "r083_c006", "phase": "morning_09h", "target_time": "2026-09-18 09:00:00+08:00", "hour": 9, "air_temperature_c": 26.18, "relative_humidity_pct": 72.0, "wind_speed_10m_ms": 1.66, "utci_c": 34.93, "p_base": 0.5573, "p_enhanced": 0.5366, "delta_p": -0.0207, "rel_mitigation_pct": 3.72, "risk_level": "high"}}, {"type": "Feature", "geometry": {"type": "Polygon", "coordinates": [[[120.93, 31.06], [120.93, 31.07], [120.94, 31.07], [120.94, 31.06], [120.93, 31.06]]]}, "properties": {"grid_id": "r083_c008", "phase": "morning_09h", "target_time": "2026-09-18 09:00:00+08:00", "hour": 9, "air_temperature_c": 26.18, "relative_humidity_pct": 72.0, "wind_speed_10m_ms": 1.66, "utci_c": 35.31, "p_base": 0.5796, "p_enhanced": 0.609, "delta_p": 0.0294, "rel_mitigation_pct": -5.07, "risk_level": "high"}}, {"type": "Feature", "geometry": {"type": "Polygon", "coordinates": [[[120.97, 31.06], [120.97, 31.07], [120.98, 31.07], [120.98, 31.06], [120.97, 31.06]]]}, "properties": {"grid_id": "r083_c012", "phase": "morning_09h", "target_time": "2026-09-18 09:00:00+08:00", "hour": 9, "air_temperature_c": 26.18, "relative_humidity_pct": 72.0, "wind_speed_10m_ms": 1.66, "utci_c": 33.39, "p_base": 0.4677, "p_enhanced": 0.5093, "delta_p": 0.0417, "rel_mitigation_pct": -8.91, "risk_level": "high"}}, {"type": "Feature", "geometry": {"type": "Polygon", "coordinates": [[[121.14, 31.06], [121.14, 31.07], [121.15, 31.07], [121.15, 31.06], [121.14, 31.06]]]}, "properties": {"grid_id": "r083_c029", "phase": "morning_09h", "target_time": "2026-09-18 09:00:00+08:00", "hour": 9, "air_temperature_c": 26.18, "relative_humidity_pct": 72.0, "wind_speed_10m_ms": 1.66, "utci_c": 35.2, "p_base": 0.5731, "p_enhanced": 0.5999, "delta_p": 0.0268, "rel_mitigation_pct": -4.67, "risk_level": "high"}}, {"type": "Feature", "geometry": {"type": "Polygon", "coordinates": [[[121.15, 31.06], [121.15, 31.07], [121.16, 31.07], [121.16, 31.06], [121.15, 31.06]]]}, "properties": {"grid_id": "r083_c030", "phase": "morning_09h", "target_time": "2026-09-18 09:00:00+08:00", "hour": 9, "air_temperature_c": 26.18, "relative_humidity_pct": 72.0, "wind_speed_10m_ms": 1.66, "utci_c": 35.34, "p_base": 0.5813, "p_enhanced": 0.6222, "delta_p": 0.0408, "rel_mitigation_pct": -7.03, "risk_level": "high"}}, {"type": "Feature", "geometry": {"type": "Polygon", "coordinates": [[[121.17, 31.06], [121.17, 31.07], [121.18, 31.07], [121.18, 31.06], [121.17, 31.06]]]}, "properties": {"grid_id": "r083_c032", "phase": "morning_09h", "target_time": "2026-09-18 09:00:00+08:00", "hour": 9, "air_temperature_c": 26.18, "relative_humidity_pct": 72.0, "wind_speed_10m_ms": 1.66, "utci_c": 34.19, "p_base": 0.5137, "p_enhanced": 0.6929, "delta_p": 0.1792, "rel_mitigation_pct": -34.88, "risk_level": "high"}}, {"type": "Feature", "geometry": {"type": "Polygon", "coordinates": [[[121.19, 31.06], [121.19, 31.07], [121.2, 31.07], [121.2, 31.06], [121.19, 31.06]]]}, "properties": {"grid_id": "r083_c034", "phase": "morning_09h", "target_time": "2026-09-18 09:00:00+08:00", "hour": 9, "air_temperature_c": 26.18, "relative_humidity_pct": 72.0, "wind_speed_10m_ms": 1.66, "utci_c": 34.63, "p_base": 0.5395, "p_enhanced": 0.5523, "delta_p": 0.0128, "rel_mitigation_pct": -2.38, "risk_level": "high"}}, {"type": "Feature", "geometry": {"type": "Polygon", "coordinates": [[[121.21, 31.06], [121.21, 31.07], [121.22, 31.07], [121.22, 31.06], [121.21, 31.06]]]}, "properties": {"grid_id": "r083_c036", "phase": "morning_09h", "target_time": "2026-09-18 09:00:00+08:00", "hour": 9, "air_temperature_c": 26.18, "relative_humidity_pct": 72.0, "wind_speed_10m_ms": 1.66, "utci_c": 35.32, "p_base": 0.5797, "p_enhanced": 0.6168, "delta_p": 0.0371, "rel_mitigation_pct": -6.39, "risk_level": "high"}}, {"type": "Feature", "geometry": {"type": "Polygon", "coordinates": [[[121.23, 31.06], [121.23, 31.07], [121.24, 31.07], [121.24, 31.06], [121.23, 31.06]]]}, "properties": {"grid_id": "r083_c038", "phase": "morning_09h", "target_time": "2026-09-18 09:00:00+08:00", "hour": 9, "air_temperature_c": 26.18, "relative_humidity_pct": 72.0, "wind_speed_10m_ms": 1.66, "utci_c": 35.13, "p_base": 0.569, "p_enhanced": 0.5649, "delta_p": -0.0041, "rel_mitigation_pct": 0.72, "risk_level": "high"}}, {"type": "Feature", "geometry": {"type": "Polygon", "coordinates": [[[121.21, 31.05], [121.21, 31.06], [121.22, 31.06], [121.22, 31.05], [121.21, 31.05]]]}, "properties": {"grid_id": "r084_c036", "phase": "morning_09h", "target_time": "2026-09-18 09:00:00+08:00", "hour": 9, "air_temperature_c": 26.18, "relative_humidity_pct": 72.0, "wind_speed_10m_ms": 1.66, "utci_c": 35.1, "p_base": 0.5672, "p_enhanced": 0.5781, "delta_p": 0.0109, "rel_mitigation_pct": -1.92, "risk_level": "high"}}, {"type": "Feature", "geometry": {"type": "Polygon", "coordinates": [[[121.5, 31.05], [121.5, 31.06], [121.51, 31.06], [121.51, 31.05], [121.5, 31.05]]]}, "properties": {"grid_id": "r084_c065", "phase": "morning_09h", "target_time": "2026-09-18 09:00:00+08:00", "hour": 9, "air_temperature_c": 26.18, "relative_humidity_pct": 72.0, "wind_speed_10m_ms": 1.66, "utci_c": 34.04, "p_base": 0.505, "p_enhanced": 0.6445, "delta_p": 0.1394, "rel_mitigation_pct": -27.61, "risk_level": "high"}}, {"type": "Feature", "geometry": {"type": "Polygon", "coordinates": [[[121.71, 31.05], [121.71, 31.06], [121.72, 31.06], [121.72, 31.05], [121.71, 31.05]]]}, "properties": {"grid_id": "r084_c086", "phase": "morning_09h", "target_time": "2026-09-18 09:00:00+08:00", "hour": 9, "air_temperature_c": 26.18, "relative_humidity_pct": 72.0, "wind_speed_10m_ms": 1.66, "utci_c": 35.09, "p_base": 0.5665, "p_enhanced": 0.5914, "delta_p": 0.0249, "rel_mitigation_pct": -4.39, "risk_level": "high"}}, {"type": "Feature", "geometry": {"type": "Polygon", "coordinates": [[[121.76, 31.05], [121.76, 31.06], [121.77, 31.06], [121.77, 31.05], [121.76, 31.05]]]}, "properties": {"grid_id": "r084_c091", "phase": "morning_09h", "target_time": "2026-09-18 09:00:00+08:00", "hour": 9, "air_temperature_c": 26.18, "relative_humidity_pct": 72.0, "wind_speed_10m_ms": 1.66, "utci_c": 35.56, "p_base": 0.5943, "p_enhanced": 0.6408, "delta_p": 0.0465, "rel_mitigation_pct": -7.82, "risk_level": "high"}}, {"type": "Feature", "geometry": {"type": "Polygon", "coordinates": [[[120.98, 31.04], [120.98, 31.05], [120.99, 31.05], [120.99, 31.04], [120.98, 31.04]]]}, "properties": {"grid_id": "r085_c013", "phase": "morning_09h", "target_time": "2026-09-18 09:00:00+08:00", "hour": 9, "air_temperature_c": 26.18, "relative_humidity_pct": 72.0, "wind_speed_10m_ms": 1.66, "utci_c": 35.19, "p_base": 0.5724, "p_enhanced": 0.5915, "delta_p": 0.0191, "rel_mitigation_pct": -3.34, "risk_level": "high"}}, {"type": "Feature", "geometry": {"type": "Polygon", "coordinates": [[[121.27, 31.04], [121.27, 31.05], [121.28, 31.05], [121.28, 31.04], [121.27, 31.04]]]}, "properties": {"grid_id": "r085_c042", "phase": "morning_09h", "target_time": "2026-09-18 09:00:00+08:00", "hour": 9, "air_temperature_c": 26.18, "relative_humidity_pct": 72.0, "wind_speed_10m_ms": 1.66, "utci_c": 35.49, "p_base": 0.5897, "p_enhanced": 0.6433, "delta_p": 0.0536, "rel_mitigation_pct": -9.08, "risk_level": "high"}}, {"type": "Feature", "geometry": {"type": "Polygon", "coordinates": [[[121.48, 31.04], [121.48, 31.05], [121.49, 31.05], [121.49, 31.04], [121.48, 31.04]]]}, "properties": {"grid_id": "r085_c063", "phase": "morning_09h", "target_time": "2026-09-18 09:00:00+08:00", "hour": 9, "air_temperature_c": 26.18, "relative_humidity_pct": 72.0, "wind_speed_10m_ms": 1.66, "utci_c": 34.76, "p_base": 0.5472, "p_enhanced": 0.5907, "delta_p": 0.0435, "rel_mitigation_pct": -7.95, "risk_level": "high"}}, {"type": "Feature", "geometry": {"type": "Polygon", "coordinates": [[[121.5, 31.04], [121.5, 31.05], [121.51, 31.05], [121.51, 31.04], [121.5, 31.04]]]}, "properties": {"grid_id": "r085_c065", "phase": "morning_09h", "target_time": "2026-09-18 09:00:00+08:00", "hour": 9, "air_temperature_c": 26.18, "relative_humidity_pct": 72.0, "wind_speed_10m_ms": 1.66, "utci_c": 35.15, "p_base": 0.5702, "p_enhanced": 0.6463, "delta_p": 0.0761, "rel_mitigation_pct": -13.34, "risk_level": "high"}}, {"type": "Feature", "geometry": {"type": "Polygon", "coordinates": [[[121.51, 31.04], [121.51, 31.05], [121.52, 31.05], [121.52, 31.04], [121.51, 31.04]]]}, "properties": {"grid_id": "r085_c066", "phase": "morning_09h", "target_time": "2026-09-18 09:00:00+08:00", "hour": 9, "air_temperature_c": 26.18, "relative_humidity_pct": 72.0, "wind_speed_10m_ms": 1.66, "utci_c": 34.66, "p_base": 0.5415, "p_enhanced": 0.6626, "delta_p": 0.1211, "rel_mitigation_pct": -22.37, "risk_level": "high"}}, {"type": "Feature", "geometry": {"type": "Polygon", "coordinates": [[[121.72, 31.04], [121.72, 31.05], [121.73, 31.05], [121.73, 31.04], [121.72, 31.04]]]}, "properties": {"grid_id": "r085_c087", "phase": "morning_09h", "target_time": "2026-09-18 09:00:00+08:00", "hour": 9, "air_temperature_c": 26.18, "relative_humidity_pct": 72.0, "wind_speed_10m_ms": 1.66, "utci_c": 35.35, "p_base": 0.5818, "p_enhanced": 0.6169, "delta_p": 0.0351, "rel_mitigation_pct": -6.03, "risk_level": "high"}}, {"type": "Feature", "geometry": {"type": "Polygon", "coordinates": [[[120.91, 31.03], [120.91, 31.04], [120.92, 31.04], [120.92, 31.03], [120.91, 31.03]]]}, "properties": {"grid_id": "r086_c006", "phase": "morning_09h", "target_time": "2026-09-18 09:00:00+08:00", "hour": 9, "air_temperature_c": 26.18, "relative_humidity_pct": 72.0, "wind_speed_10m_ms": 1.66, "utci_c": 35.4, "p_base": 0.5847, "p_enhanced": 0.6343, "delta_p": 0.0496, "rel_mitigation_pct": -8.48, "risk_level": "high"}}, {"type": "Feature", "geometry": {"type": "Polygon", "coordinates": [[[121.06, 31.03], [121.06, 31.04], [121.07, 31.04], [121.07, 31.03], [121.06, 31.03]]]}, "properties": {"grid_id": "r086_c021", "phase": "morning_09h", "target_time": "2026-09-18 09:00:00+08:00", "hour": 9, "air_temperature_c": 26.18, "relative_humidity_pct": 72.0, "wind_speed_10m_ms": 1.66, "utci_c": 34.18, "p_base": 0.5132, "p_enhanced": 0.5349, "delta_p": 0.0217, "rel_mitigation_pct": -4.23, "risk_level": "high"}}, {"type": "Feature", "geometry": {"type": "Polygon", "coordinates": [[[121.18, 31.03], [121.18, 31.04], [121.19, 31.04], [121.19, 31.03], [121.18, 31.03]]]}, "properties": {"grid_id": "r086_c033", "phase": "morning_09h", "target_time": "2026-09-18 09:00:00+08:00", "hour": 9, "air_temperature_c": 26.18, "relative_humidity_pct": 72.0, "wind_speed_10m_ms": 1.66, "utci_c": 35.35, "p_base": 0.5816, "p_enhanced": 0.6195, "delta_p": 0.0379, "rel_mitigation_pct": -6.52, "risk_level": "high"}}, {"type": "Feature", "geometry": {"type": "Polygon", "coordinates": [[[121.19, 31.03], [121.19, 31.04], [121.2, 31.04], [121.2, 31.03], [121.19, 31.03]]]}, "properties": {"grid_id": "r086_c034", "phase": "morning_09h", "target_time": "2026-09-18 09:00:00+08:00", "hour": 9, "air_temperature_c": 26.18, "relative_humidity_pct": 72.0, "wind_speed_10m_ms": 1.66, "utci_c": 34.91, "p_base": 0.5561, "p_enhanced": 0.5232, "delta_p": -0.0329, "rel_mitigation_pct": 5.91, "risk_level": "high"}}, {"type": "Feature", "geometry": {"type": "Polygon", "coordinates": [[[121.2, 31.03], [121.2, 31.04], [121.21, 31.04], [121.21, 31.03], [121.2, 31.03]]]}, "properties": {"grid_id": "r086_c035", "phase": "morning_09h", "target_time": "2026-09-18 09:00:00+08:00", "hour": 9, "air_temperature_c": 26.18, "relative_humidity_pct": 72.0, "wind_speed_10m_ms": 1.66, "utci_c": 34.99, "p_base": 0.5606, "p_enhanced": 0.5968, "delta_p": 0.0362, "rel_mitigation_pct": -6.46, "risk_level": "high"}}, {"type": "Feature", "geometry": {"type": "Polygon", "coordinates": [[[121.21, 31.03], [121.21, 31.04], [121.22, 31.04], [121.22, 31.03], [121.21, 31.03]]]}, "properties": {"grid_id": "r086_c036", "phase": "morning_09h", "target_time": "2026-09-18 09:00:00+08:00", "hour": 9, "air_temperature_c": 26.18, "relative_humidity_pct": 72.0, "wind_speed_10m_ms": 1.66, "utci_c": 34.83, "p_base": 0.5512, "p_enhanced": 0.6072, "delta_p": 0.056, "rel_mitigation_pct": -10.16, "risk_level": "high"}}, {"type": "Feature", "geometry": {"type": "Polygon", "coordinates": [[[121.22, 31.03], [121.22, 31.04], [121.23, 31.04], [121.23, 31.03], [121.22, 31.03]]]}, "properties": {"grid_id": "r086_c037", "phase": "morning_09h", "target_time": "2026-09-18 09:00:00+08:00", "hour": 9, "air_temperature_c": 26.18, "relative_humidity_pct": 72.0, "wind_speed_10m_ms": 1.66, "utci_c": 35.0, "p_base": 0.5611, "p_enhanced": 0.6236, "delta_p": 0.0625, "rel_mitigation_pct": -11.15, "risk_level": "high"}}, {"type": "Feature", "geometry": {"type": "Polygon", "coordinates": [[[121.23, 31.03], [121.23, 31.04], [121.24, 31.04], [121.24, 31.03], [121.23, 31.03]]]}, "properties": {"grid_id": "r086_c038", "phase": "morning_09h", "target_time": "2026-09-18 09:00:00+08:00", "hour": 9, "air_temperature_c": 26.18, "relative_humidity_pct": 72.0, "wind_speed_10m_ms": 1.66, "utci_c": 35.54, "p_base": 0.5931, "p_enhanced": 0.6135, "delta_p": 0.0204, "rel_mitigation_pct": -3.45, "risk_level": "high"}}, {"type": "Feature", "geometry": {"type": "Polygon", "coordinates": [[[121.24, 31.03], [121.24, 31.04], [121.25, 31.04], [121.25, 31.03], [121.24, 31.03]]]}, "properties": {"grid_id": "r086_c039", "phase": "morning_09h", "target_time": "2026-09-18 09:00:00+08:00", "hour": 9, "air_temperature_c": 26.18, "relative_humidity_pct": 72.0, "wind_speed_10m_ms": 1.66, "utci_c": 35.61, "p_base": 0.5967, "p_enhanced": 0.6388, "delta_p": 0.0421, "rel_mitigation_pct": -7.06, "risk_level": "high"}}, {"type": "Feature", "geometry": {"type": "Polygon", "coordinates": [[[121.43, 31.03], [121.43, 31.04], [121.44, 31.04], [121.44, 31.03], [121.43, 31.03]]]}, "properties": {"grid_id": "r086_c058", "phase": "morning_09h", "target_time": "2026-09-18 09:00:00+08:00", "hour": 9, "air_temperature_c": 26.18, "relative_humidity_pct": 72.0, "wind_speed_10m_ms": 1.66, "utci_c": 35.28, "p_base": 0.5777, "p_enhanced": 0.6261, "delta_p": 0.0484, "rel_mitigation_pct": -8.38, "risk_level": "high"}}, {"type": "Feature", "geometry": {"type": "Polygon", "coordinates": [[[121.71, 31.03], [121.71, 31.04], [121.72, 31.04], [121.72, 31.03], [121.71, 31.03]]]}, "properties": {"grid_id": "r086_c086", "phase": "morning_09h", "target_time": "2026-09-18 09:00:00+08:00", "hour": 9, "air_temperature_c": 26.18, "relative_humidity_pct": 72.0, "wind_speed_10m_ms": 1.66, "utci_c": 35.48, "p_base": 0.5893, "p_enhanced": 0.6435, "delta_p": 0.0542, "rel_mitigation_pct": -9.2, "risk_level": "high"}}, {"type": "Feature", "geometry": {"type": "Polygon", "coordinates": [[[120.96, 31.03], [120.97, 31.03], [120.97, 31.02], [120.96081207835229, 31.02], [120.96, 31.020847476326466], [120.96, 31.03]]]}, "properties": {"grid_id": "r087_c011", "phase": "morning_09h", "target_time": "2026-09-18 09:00:00+08:00", "hour": 9, "air_temperature_c": 26.18, "relative_humidity_pct": 72.0, "wind_speed_10m_ms": 1.66, "utci_c": 34.53, "p_base": 0.5333, "p_enhanced": 0.4532, "delta_p": -0.0802, "rel_mitigation_pct": 15.03, "risk_level": "high"}}, {"type": "Feature", "geometry": {"type": "Polygon", "coordinates": [[[120.98, 31.02], [120.98, 31.03], [120.99, 31.03], [120.99, 31.02], [120.98, 31.02]]]}, "properties": {"grid_id": "r087_c013", "phase": "morning_09h", "target_time": "2026-09-18 09:00:00+08:00", "hour": 9, "air_temperature_c": 26.18, "relative_humidity_pct": 72.0, "wind_speed_10m_ms": 1.66, "utci_c": 34.6, "p_base": 0.538, "p_enhanced": 0.495, "delta_p": -0.0429, "rel_mitigation_pct": 7.98, "risk_level": "high"}}, {"type": "Feature", "geometry": {"type": "Polygon", "coordinates": [[[121.03, 31.02], [121.03, 31.03], [121.04, 31.03], [121.04, 31.02], [121.03, 31.02]]]}, "properties": {"grid_id": "r087_c018", "phase": "morning_09h", "target_time": "2026-09-18 09:00:00+08:00", "hour": 9, "air_temperature_c": 26.18, "relative_humidity_pct": 72.0, "wind_speed_10m_ms": 1.66, "utci_c": 34.27, "p_base": 0.518, "p_enhanced": 0.5691, "delta_p": 0.051, "rel_mitigation_pct": -9.85, "risk_level": "high"}}, {"type": "Feature", "geometry": {"type": "Polygon", "coordinates": [[[121.25, 31.02], [121.25, 31.03], [121.26, 31.03], [121.26, 31.02], [121.25, 31.02]]]}, "properties": {"grid_id": "r087_c040", "phase": "morning_09h", "target_time": "2026-09-18 09:00:00+08:00", "hour": 9, "air_temperature_c": 26.18, "relative_humidity_pct": 72.0, "wind_speed_10m_ms": 1.66, "utci_c": 35.45, "p_base": 0.5878, "p_enhanced": 0.6215, "delta_p": 0.0337, "rel_mitigation_pct": -5.73, "risk_level": "high"}}, {"type": "Feature", "geometry": {"type": "Polygon", "coordinates": [[[121.4, 31.02], [121.4, 31.03], [121.41, 31.03], [121.41, 31.02], [121.4, 31.02]]]}, "properties": {"grid_id": "r087_c055", "phase": "morning_09h", "target_time": "2026-09-18 09:00:00+08:00", "hour": 9, "air_temperature_c": 26.18, "relative_humidity_pct": 72.0, "wind_speed_10m_ms": 1.66, "utci_c": 35.28, "p_base": 0.5775, "p_enhanced": 0.6354, "delta_p": 0.0578, "rel_mitigation_pct": -10.02, "risk_level": "high"}}, {"type": "Feature", "geometry": {"type": "Polygon", "coordinates": [[[121.42, 31.02], [121.42, 31.03], [121.43, 31.03], [121.43, 31.02], [121.42, 31.02]]]}, "properties": {"grid_id": "r087_c057", "phase": "morning_09h", "target_time": "2026-09-18 09:00:00+08:00", "hour": 9, "air_temperature_c": 26.18, "relative_humidity_pct": 72.0, "wind_speed_10m_ms": 1.66, "utci_c": 35.36, "p_base": 0.5825, "p_enhanced": 0.6195, "delta_p": 0.037, "rel_mitigation_pct": -6.36, "risk_level": "high"}}, {"type": "Feature", "geometry": {"type": "Polygon", "coordinates": [[[121.43, 31.02], [121.43, 31.03], [121.44, 31.03], [121.44, 31.02], [121.43, 31.02]]]}, "properties": {"grid_id": "r087_c058", "phase": "morning_09h", "target_time": "2026-09-18 09:00:00+08:00", "hour": 9, "air_temperature_c": 26.18, "relative_humidity_pct": 72.0, "wind_speed_10m_ms": 1.66, "utci_c": 35.2, "p_base": 0.5731, "p_enhanced": 0.6171, "delta_p": 0.0439, "rel_mitigation_pct": -7.67, "risk_level": "high"}}, {"type": "Feature", "geometry": {"type": "Polygon", "coordinates": [[[121.44, 31.02], [121.44, 31.03], [121.45, 31.03], [121.45, 31.02], [121.44, 31.02]]]}, "properties": {"grid_id": "r087_c059", "phase": "morning_09h", "target_time": "2026-09-18 09:00:00+08:00", "hour": 9, "air_temperature_c": 26.18, "relative_humidity_pct": 72.0, "wind_speed_10m_ms": 1.66, "utci_c": 35.49, "p_base": 0.5899, "p_enhanced": 0.6315, "delta_p": 0.0416, "rel_mitigation_pct": -7.05, "risk_level": "high"}}, {"type": "Feature", "geometry": {"type": "Polygon", "coordinates": [[[121.46, 31.02], [121.46, 31.03], [121.47, 31.03], [121.47, 31.02], [121.46, 31.02]]]}, "properties": {"grid_id": "r087_c061", "phase": "morning_09h", "target_time": "2026-09-18 09:00:00+08:00", "hour": 9, "air_temperature_c": 26.18, "relative_humidity_pct": 72.0, "wind_speed_10m_ms": 1.66, "utci_c": 34.81, "p_base": 0.5501, "p_enhanced": 0.4992, "delta_p": -0.0509, "rel_mitigation_pct": 9.25, "risk_level": "high"}}, {"type": "Feature", "geometry": {"type": "Polygon", "coordinates": [[[121.64, 31.02], [121.64, 31.03], [121.65, 31.03], [121.65, 31.02], [121.64, 31.02]]]}, "properties": {"grid_id": "r087_c079", "phase": "morning_09h", "target_time": "2026-09-18 09:00:00+08:00", "hour": 9, "air_temperature_c": 26.18, "relative_humidity_pct": 72.0, "wind_speed_10m_ms": 1.66, "utci_c": 35.52, "p_base": 0.5918, "p_enhanced": 0.642, "delta_p": 0.0502, "rel_mitigation_pct": -8.49, "risk_level": "high"}}, {"type": "Feature", "geometry": {"type": "Polygon", "coordinates": [[[121.69, 31.02], [121.69, 31.03], [121.7, 31.03], [121.7, 31.02], [121.69, 31.02]]]}, "properties": {"grid_id": "r087_c084", "phase": "morning_09h", "target_time": "2026-09-18 09:00:00+08:00", "hour": 9, "air_temperature_c": 26.18, "relative_humidity_pct": 72.0, "wind_speed_10m_ms": 1.66, "utci_c": 35.58, "p_base": 0.5953, "p_enhanced": 0.6399, "delta_p": 0.0446, "rel_mitigation_pct": -7.49, "risk_level": "high"}}, {"type": "Feature", "geometry": {"type": "Polygon", "coordinates": [[[121.04, 31.01], [121.04, 31.02], [121.05, 31.02], [121.05, 31.01], [121.04, 31.01]]]}, "properties": {"grid_id": "r088_c019", "phase": "morning_09h", "target_time": "2026-09-18 09:00:00+08:00", "hour": 9, "air_temperature_c": 26.18, "relative_humidity_pct": 72.0, "wind_speed_10m_ms": 1.66, "utci_c": 35.05, "p_base": 0.5638, "p_enhanced": 0.6594, "delta_p": 0.0956, "rel_mitigation_pct": -16.96, "risk_level": "high"}}, {"type": "Feature", "geometry": {"type": "Polygon", "coordinates": [[[121.26, 31.01], [121.26, 31.02], [121.27, 31.02], [121.27, 31.01], [121.26, 31.01]]]}, "properties": {"grid_id": "r088_c041", "phase": "morning_09h", "target_time": "2026-09-18 09:00:00+08:00", "hour": 9, "air_temperature_c": 26.18, "relative_humidity_pct": 72.0, "wind_speed_10m_ms": 1.66, "utci_c": 35.51, "p_base": 0.591, "p_enhanced": 0.6245, "delta_p": 0.0335, "rel_mitigation_pct": -5.67, "risk_level": "high"}}, {"type": "Feature", "geometry": {"type": "Polygon", "coordinates": [[[121.3, 31.01], [121.3, 31.02], [121.31, 31.02], [121.31, 31.01], [121.3, 31.01]]]}, "properties": {"grid_id": "r088_c045", "phase": "morning_09h", "target_time": "2026-09-18 09:00:00+08:00", "hour": 9, "air_temperature_c": 26.18, "relative_humidity_pct": 72.0, "wind_speed_10m_ms": 1.66, "utci_c": 35.48, "p_base": 0.5892, "p_enhanced": 0.6436, "delta_p": 0.0544, "rel_mitigation_pct": -9.23, "risk_level": "high"}}, {"type": "Feature", "geometry": {"type": "Polygon", "coordinates": [[[121.64, 31.01], [121.64, 31.02], [121.65, 31.02], [121.65, 31.01], [121.64, 31.01]]]}, "properties": {"grid_id": "r088_c079", "phase": "morning_09h", "target_time": "2026-09-18 09:00:00+08:00", "hour": 9, "air_temperature_c": 26.18, "relative_humidity_pct": 72.0, "wind_speed_10m_ms": 1.66, "utci_c": 35.02, "p_base": 0.5624, "p_enhanced": 0.598, "delta_p": 0.0356, "rel_mitigation_pct": -6.33, "risk_level": "high"}}, {"type": "Feature", "geometry": {"type": "Polygon", "coordinates": [[[121.2, 31.0], [121.2, 31.01], [121.21, 31.01], [121.21, 31.0], [121.2, 31.0]]]}, "properties": {"grid_id": "r089_c035", "phase": "morning_09h", "target_time": "2026-09-18 09:00:00+08:00", "hour": 9, "air_temperature_c": 26.18, "relative_humidity_pct": 72.0, "wind_speed_10m_ms": 1.66, "utci_c": 35.45, "p_base": 0.5877, "p_enhanced": 0.6446, "delta_p": 0.0569, "rel_mitigation_pct": -9.68, "risk_level": "high"}}, {"type": "Feature", "geometry": {"type": "Polygon", "coordinates": [[[121.21, 31.0], [121.21, 31.01], [121.22, 31.01], [121.22, 31.0], [121.21, 31.0]]]}, "properties": {"grid_id": "r089_c036", "phase": "morning_09h", "target_time": "2026-09-18 09:00:00+08:00", "hour": 9, "air_temperature_c": 26.18, "relative_humidity_pct": 72.0, "wind_speed_10m_ms": 1.66, "utci_c": 35.45, "p_base": 0.5877, "p_enhanced": 0.6425, "delta_p": 0.0548, "rel_mitigation_pct": -9.33, "risk_level": "high"}}, {"type": "Feature", "geometry": {"type": "Polygon", "coordinates": [[[121.22, 31.0], [121.22, 31.01], [121.23, 31.01], [121.23, 31.0], [121.22, 31.0]]]}, "properties": {"grid_id": "r089_c037", "phase": "morning_09h", "target_time": "2026-09-18 09:00:00+08:00", "hour": 9, "air_temperature_c": 26.18, "relative_humidity_pct": 72.0, "wind_speed_10m_ms": 1.66, "utci_c": 35.4, "p_base": 0.5845, "p_enhanced": 0.6453, "delta_p": 0.0608, "rel_mitigation_pct": -10.39, "risk_level": "high"}}, {"type": "Feature", "geometry": {"type": "Polygon", "coordinates": [[[121.23, 31.0], [121.23, 31.01], [121.24, 31.01], [121.24, 31.0], [121.23, 31.0]]]}, "properties": {"grid_id": "r089_c038", "phase": "morning_09h", "target_time": "2026-09-18 09:00:00+08:00", "hour": 9, "air_temperature_c": 26.18, "relative_humidity_pct": 72.0, "wind_speed_10m_ms": 1.66, "utci_c": 35.36, "p_base": 0.5824, "p_enhanced": 0.6196, "delta_p": 0.0372, "rel_mitigation_pct": -6.39, "risk_level": "high"}}, {"type": "Feature", "geometry": {"type": "Polygon", "coordinates": [[[121.24, 31.0], [121.24, 31.01], [121.25, 31.01], [121.25, 31.0], [121.24, 31.0]]]}, "properties": {"grid_id": "r089_c039", "phase": "morning_09h", "target_time": "2026-09-18 09:00:00+08:00", "hour": 9, "air_temperature_c": 26.18, "relative_humidity_pct": 72.0, "wind_speed_10m_ms": 1.66, "utci_c": 35.24, "p_base": 0.5751, "p_enhanced": 0.6428, "delta_p": 0.0677, "rel_mitigation_pct": -11.76, "risk_level": "high"}}, {"type": "Feature", "geometry": {"type": "Polygon", "coordinates": [[[121.3, 31.0], [121.3, 31.01], [121.31, 31.01], [121.31, 31.0], [121.3, 31.0]]]}, "properties": {"grid_id": "r089_c045", "phase": "morning_09h", "target_time": "2026-09-18 09:00:00+08:00", "hour": 9, "air_temperature_c": 26.18, "relative_humidity_pct": 72.0, "wind_speed_10m_ms": 1.66, "utci_c": 35.43, "p_base": 0.5865, "p_enhanced": 0.6409, "delta_p": 0.0544, "rel_mitigation_pct": -9.28, "risk_level": "high"}}, {"type": "Feature", "geometry": {"type": "Polygon", "coordinates": [[[121.41, 31.0], [121.41, 31.01], [121.42, 31.01], [121.42, 31.0], [121.41, 31.0]]]}, "properties": {"grid_id": "r089_c056", "phase": "morning_09h", "target_time": "2026-09-18 09:00:00+08:00", "hour": 9, "air_temperature_c": 26.18, "relative_humidity_pct": 72.0, "wind_speed_10m_ms": 1.66, "utci_c": 35.73, "p_base": 0.6038, "p_enhanced": 0.6346, "delta_p": 0.0307, "rel_mitigation_pct": -5.09, "risk_level": "high"}}, {"type": "Feature", "geometry": {"type": "Polygon", "coordinates": [[[121.62, 31.0], [121.62, 31.01], [121.63, 31.01], [121.63, 31.0], [121.62, 31.0]]]}, "properties": {"grid_id": "r089_c077", "phase": "morning_09h", "target_time": "2026-09-18 09:00:00+08:00", "hour": 9, "air_temperature_c": 26.18, "relative_humidity_pct": 72.0, "wind_speed_10m_ms": 1.66, "utci_c": 35.45, "p_base": 0.5876, "p_enhanced": 0.6446, "delta_p": 0.0571, "rel_mitigation_pct": -9.71, "risk_level": "high"}}, {"type": "Feature", "geometry": {"type": "Polygon", "coordinates": [[[121.32, 30.98], [121.32, 30.99], [121.33, 30.99], [121.33, 30.98], [121.32, 30.98]]]}, "properties": {"grid_id": "r091_c047", "phase": "morning_09h", "target_time": "2026-09-18 09:00:00+08:00", "hour": 9, "air_temperature_c": 26.18, "relative_humidity_pct": 72.0, "wind_speed_10m_ms": 1.66, "utci_c": 34.25, "p_base": 0.5174, "p_enhanced": 0.4615, "delta_p": -0.0559, "rel_mitigation_pct": 10.8, "risk_level": "high"}}, {"type": "Feature", "geometry": {"type": "Polygon", "coordinates": [[[121.48, 30.98], [121.48, 30.99], [121.49, 30.99], [121.49, 30.98], [121.48, 30.98]]]}, "properties": {"grid_id": "r091_c063", "phase": "morning_09h", "target_time": "2026-09-18 09:00:00+08:00", "hour": 9, "air_temperature_c": 26.18, "relative_humidity_pct": 72.0, "wind_speed_10m_ms": 1.66, "utci_c": 35.45, "p_base": 0.5876, "p_enhanced": 0.6446, "delta_p": 0.0571, "rel_mitigation_pct": -9.71, "risk_level": "high"}}, {"type": "Feature", "geometry": {"type": "Polygon", "coordinates": [[[121.29, 30.96], [121.29, 30.97], [121.3, 30.97], [121.3, 30.96], [121.29, 30.96]]]}, "properties": {"grid_id": "r093_c044", "phase": "morning_09h", "target_time": "2026-09-18 09:00:00+08:00", "hour": 9, "air_temperature_c": 26.18, "relative_humidity_pct": 72.0, "wind_speed_10m_ms": 1.66, "utci_c": 33.91, "p_base": 0.4976, "p_enhanced": 0.3845, "delta_p": -0.1132, "rel_mitigation_pct": 22.74, "risk_level": "high"}}, {"type": "Feature", "geometry": {"type": "Polygon", "coordinates": [[[121.9, 30.96], [121.9, 30.97], [121.91, 30.97], [121.91, 30.96], [121.9, 30.96]]]}, "properties": {"grid_id": "r093_c105", "phase": "morning_09h", "target_time": "2026-09-18 09:00:00+08:00", "hour": 9, "air_temperature_c": 26.18, "relative_humidity_pct": 72.0, "wind_speed_10m_ms": 1.66, "utci_c": 33.82, "p_base": 0.4922, "p_enhanced": 0.5956, "delta_p": 0.1034, "rel_mitigation_pct": -21.01, "risk_level": "high"}}, {"type": "Feature", "geometry": {"type": "Polygon", "coordinates": [[[121.25, 30.95], [121.25, 30.96], [121.26, 30.96], [121.26, 30.95], [121.25, 30.95]]]}, "properties": {"grid_id": "r094_c040", "phase": "morning_09h", "target_time": "2026-09-18 09:00:00+08:00", "hour": 9, "air_temperature_c": 26.18, "relative_humidity_pct": 72.0, "wind_speed_10m_ms": 1.66, "utci_c": 35.45, "p_base": 0.5876, "p_enhanced": 0.6446, "delta_p": 0.0571, "rel_mitigation_pct": -9.71, "risk_level": "high"}}, {"type": "Feature", "geometry": {"type": "Polygon", "coordinates": [[[121.08, 30.94], [121.08, 30.95], [121.09, 30.95], [121.09, 30.94], [121.08, 30.94]]]}, "properties": {"grid_id": "r095_c023", "phase": "morning_09h", "target_time": "2026-09-18 09:00:00+08:00", "hour": 9, "air_temperature_c": 26.18, "relative_humidity_pct": 72.0, "wind_speed_10m_ms": 1.66, "utci_c": 35.46, "p_base": 0.5882, "p_enhanced": 0.6441, "delta_p": 0.0559, "rel_mitigation_pct": -9.5, "risk_level": "high"}}, {"type": "Feature", "geometry": {"type": "Polygon", "coordinates": [[[121.49, 30.94], [121.49, 30.95], [121.5, 30.95], [121.5, 30.94], [121.49, 30.94]]]}, "properties": {"grid_id": "r095_c064", "phase": "morning_09h", "target_time": "2026-09-18 09:00:00+08:00", "hour": 9, "air_temperature_c": 26.18, "relative_humidity_pct": 72.0, "wind_speed_10m_ms": 1.66, "utci_c": 35.35, "p_base": 0.5815, "p_enhanced": 0.6258, "delta_p": 0.0444, "rel_mitigation_pct": -7.63, "risk_level": "high"}}, {"type": "Feature", "geometry": {"type": "Polygon", "coordinates": [[[121.63, 30.94], [121.63, 30.95], [121.64, 30.95], [121.64, 30.94], [121.63, 30.94]]]}, "properties": {"grid_id": "r095_c078", "phase": "morning_09h", "target_time": "2026-09-18 09:00:00+08:00", "hour": 9, "air_temperature_c": 26.18, "relative_humidity_pct": 72.0, "wind_speed_10m_ms": 1.66, "utci_c": 35.45, "p_base": 0.5876, "p_enhanced": 0.6446, "delta_p": 0.0571, "rel_mitigation_pct": -9.71, "risk_level": "high"}}, {"type": "Feature", "geometry": {"type": "Polygon", "coordinates": [[[121.9, 30.94], [121.9, 30.95], [121.91, 30.95], [121.91, 30.94], [121.9, 30.94]]]}, "properties": {"grid_id": "r095_c105", "phase": "morning_09h", "target_time": "2026-09-18 09:00:00+08:00", "hour": 9, "air_temperature_c": 26.18, "relative_humidity_pct": 72.0, "wind_speed_10m_ms": 1.66, "utci_c": 34.97, "p_base": 0.5591, "p_enhanced": 0.5976, "delta_p": 0.0385, "rel_mitigation_pct": -6.88, "risk_level": "high"}}, {"type": "Feature", "geometry": {"type": "Polygon", "coordinates": [[[121.48, 30.93], [121.48, 30.94], [121.49, 30.94], [121.49, 30.93], [121.48, 30.93]]]}, "properties": {"grid_id": "r096_c063", "phase": "morning_09h", "target_time": "2026-09-18 09:00:00+08:00", "hour": 9, "air_temperature_c": 26.18, "relative_humidity_pct": 72.0, "wind_speed_10m_ms": 1.66, "utci_c": 35.42, "p_base": 0.5858, "p_enhanced": 0.6407, "delta_p": 0.0548, "rel_mitigation_pct": -9.36, "risk_level": "high"}}, {"type": "Feature", "geometry": {"type": "Polygon", "coordinates": [[[121.49, 30.93], [121.49, 30.94], [121.5, 30.94], [121.5, 30.93], [121.49, 30.93]]]}, "properties": {"grid_id": "r096_c064", "phase": "morning_09h", "target_time": "2026-09-18 09:00:00+08:00", "hour": 9, "air_temperature_c": 26.18, "relative_humidity_pct": 72.0, "wind_speed_10m_ms": 1.66, "utci_c": 33.65, "p_base": 0.4824, "p_enhanced": 0.3952, "delta_p": -0.0872, "rel_mitigation_pct": 18.07, "risk_level": "high"}}, {"type": "Feature", "geometry": {"type": "Polygon", "coordinates": [[[121.01, 30.92], [121.01, 30.93], [121.02, 30.93], [121.02, 30.92], [121.01, 30.92]]]}, "properties": {"grid_id": "r097_c016", "phase": "morning_09h", "target_time": "2026-09-18 09:00:00+08:00", "hour": 9, "air_temperature_c": 26.18, "relative_humidity_pct": 72.0, "wind_speed_10m_ms": 1.66, "utci_c": 35.45, "p_base": 0.5876, "p_enhanced": 0.6446, "delta_p": 0.0571, "rel_mitigation_pct": -9.71, "risk_level": "high"}}, {"type": "Feature", "geometry": {"type": "Polygon", "coordinates": [[[121.27, 30.92], [121.27, 30.93], [121.28, 30.93], [121.28, 30.92], [121.27, 30.92]]]}, "properties": {"grid_id": "r097_c042", "phase": "morning_09h", "target_time": "2026-09-18 09:00:00+08:00", "hour": 9, "air_temperature_c": 26.18, "relative_humidity_pct": 72.0, "wind_speed_10m_ms": 1.66, "utci_c": 35.45, "p_base": 0.5876, "p_enhanced": 0.6446, "delta_p": 0.0571, "rel_mitigation_pct": -9.71, "risk_level": "high"}}, {"type": "Feature", "geometry": {"type": "Polygon", "coordinates": [[[121.46, 30.92], [121.46, 30.93], [121.47, 30.93], [121.47, 30.92], [121.46, 30.92]]]}, "properties": {"grid_id": "r097_c061", "phase": "morning_09h", "target_time": "2026-09-18 09:00:00+08:00", "hour": 9, "air_temperature_c": 26.18, "relative_humidity_pct": 72.0, "wind_speed_10m_ms": 1.66, "utci_c": 35.47, "p_base": 0.5887, "p_enhanced": 0.6443, "delta_p": 0.0556, "rel_mitigation_pct": -9.44, "risk_level": "high"}}, {"type": "Feature", "geometry": {"type": "Polygon", "coordinates": [[[121.48, 30.92], [121.48, 30.93], [121.49, 30.93], [121.49, 30.92], [121.48, 30.92]]]}, "properties": {"grid_id": "r097_c063", "phase": "morning_09h", "target_time": "2026-09-18 09:00:00+08:00", "hour": 9, "air_temperature_c": 26.18, "relative_humidity_pct": 72.0, "wind_speed_10m_ms": 1.66, "utci_c": 35.39, "p_base": 0.5842, "p_enhanced": 0.6155, "delta_p": 0.0313, "rel_mitigation_pct": -5.37, "risk_level": "high"}}, {"type": "Feature", "geometry": {"type": "Polygon", "coordinates": [[[121.49, 30.92], [121.49, 30.93], [121.5, 30.93], [121.5, 30.92], [121.49, 30.92]]]}, "properties": {"grid_id": "r097_c064", "phase": "morning_09h", "target_time": "2026-09-18 09:00:00+08:00", "hour": 9, "air_temperature_c": 26.18, "relative_humidity_pct": 72.0, "wind_speed_10m_ms": 1.66, "utci_c": 34.91, "p_base": 0.5562, "p_enhanced": 0.6088, "delta_p": 0.0526, "rel_mitigation_pct": -9.46, "risk_level": "high"}}, {"type": "Feature", "geometry": {"type": "Polygon", "coordinates": [[[121.57, 30.92], [121.57, 30.93], [121.58, 30.93], [121.58, 30.92], [121.57, 30.92]]]}, "properties": {"grid_id": "r097_c072", "phase": "morning_09h", "target_time": "2026-09-18 09:00:00+08:00", "hour": 9, "air_temperature_c": 26.18, "relative_humidity_pct": 72.0, "wind_speed_10m_ms": 1.66, "utci_c": 35.55, "p_base": 0.5934, "p_enhanced": 0.6381, "delta_p": 0.0447, "rel_mitigation_pct": -7.53, "risk_level": "high"}}, {"type": "Feature", "geometry": {"type": "Polygon", "coordinates": [[[121.64, 30.92], [121.64, 30.93], [121.65, 30.93], [121.65, 30.92], [121.64, 30.92]]]}, "properties": {"grid_id": "r097_c079", "phase": "morning_09h", "target_time": "2026-09-18 09:00:00+08:00", "hour": 9, "air_temperature_c": 26.18, "relative_humidity_pct": 72.0, "wind_speed_10m_ms": 1.66, "utci_c": 35.35, "p_base": 0.5816, "p_enhanced": 0.624, "delta_p": 0.0424, "rel_mitigation_pct": -7.29, "risk_level": "high"}}, {"type": "Feature", "geometry": {"type": "Polygon", "coordinates": [[[121.68, 30.92], [121.68, 30.93], [121.69, 30.93], [121.69, 30.92], [121.68, 30.92]]]}, "properties": {"grid_id": "r097_c083", "phase": "morning_09h", "target_time": "2026-09-18 09:00:00+08:00", "hour": 9, "air_temperature_c": 26.18, "relative_humidity_pct": 72.0, "wind_speed_10m_ms": 1.66, "utci_c": 35.52, "p_base": 0.5918, "p_enhanced": 0.6196, "delta_p": 0.0278, "rel_mitigation_pct": -4.71, "risk_level": "high"}}, {"type": "Feature", "geometry": {"type": "Polygon", "coordinates": [[[121.9, 30.92], [121.9, 30.93], [121.91, 30.93], [121.91, 30.92], [121.9, 30.92]]]}, "properties": {"grid_id": "r097_c105", "phase": "morning_09h", "target_time": "2026-09-18 09:00:00+08:00", "hour": 9, "air_temperature_c": 26.18, "relative_humidity_pct": 72.0, "wind_speed_10m_ms": 1.66, "utci_c": 35.3, "p_base": 0.5788, "p_enhanced": 0.6172, "delta_p": 0.0384, "rel_mitigation_pct": -6.63, "risk_level": "high"}}, {"type": "Feature", "geometry": {"type": "Polygon", "coordinates": [[[121.43, 30.91], [121.43, 30.92], [121.44, 30.92], [121.44, 30.91], [121.43, 30.91]]]}, "properties": {"grid_id": "r098_c058", "phase": "morning_09h", "target_time": "2026-09-18 09:00:00+08:00", "hour": 9, "air_temperature_c": 26.18, "relative_humidity_pct": 72.0, "wind_speed_10m_ms": 1.66, "utci_c": 35.45, "p_base": 0.5876, "p_enhanced": 0.6446, "delta_p": 0.0571, "rel_mitigation_pct": -9.71, "risk_level": "high"}}, {"type": "Feature", "geometry": {"type": "Polygon", "coordinates": [[[121.45, 30.91], [121.45, 30.92], [121.46, 30.92], [121.46, 30.91], [121.45, 30.91]]]}, "properties": {"grid_id": "r098_c060", "phase": "morning_09h", "target_time": "2026-09-18 09:00:00+08:00", "hour": 9, "air_temperature_c": 26.18, "relative_humidity_pct": 72.0, "wind_speed_10m_ms": 1.66, "utci_c": 35.47, "p_base": 0.589, "p_enhanced": 0.6439, "delta_p": 0.0548, "rel_mitigation_pct": -9.31, "risk_level": "high"}}, {"type": "Feature", "geometry": {"type": "Polygon", "coordinates": [[[121.64, 30.91], [121.64, 30.92], [121.65, 30.92], [121.65, 30.91], [121.64, 30.91]]]}, "properties": {"grid_id": "r098_c079", "phase": "morning_09h", "target_time": "2026-09-18 09:00:00+08:00", "hour": 9, "air_temperature_c": 26.18, "relative_humidity_pct": 72.0, "wind_speed_10m_ms": 1.66, "utci_c": 35.48, "p_base": 0.5891, "p_enhanced": 0.6437, "delta_p": 0.0545, "rel_mitigation_pct": -9.25, "risk_level": "high"}}, {"type": "Feature", "geometry": {"type": "Polygon", "coordinates": [[[121.81, 30.91], [121.81, 30.92], [121.82, 30.92], [121.82, 30.91], [121.81, 30.91]]]}, "properties": {"grid_id": "r098_c096", "phase": "morning_09h", "target_time": "2026-09-18 09:00:00+08:00", "hour": 9, "air_temperature_c": 26.18, "relative_humidity_pct": 72.0, "wind_speed_10m_ms": 1.66, "utci_c": 35.4, "p_base": 0.5847, "p_enhanced": 0.6307, "delta_p": 0.046, "rel_mitigation_pct": -7.87, "risk_level": "high"}}, {"type": "Feature", "geometry": {"type": "Polygon", "coordinates": [[[121.9, 30.91], [121.9, 30.92], [121.91, 30.92], [121.91, 30.91], [121.9, 30.91]]]}, "properties": {"grid_id": "r098_c105", "phase": "morning_09h", "target_time": "2026-09-18 09:00:00+08:00", "hour": 9, "air_temperature_c": 26.18, "relative_humidity_pct": 72.0, "wind_speed_10m_ms": 1.66, "utci_c": 34.96, "p_base": 0.5589, "p_enhanced": 0.5776, "delta_p": 0.0188, "rel_mitigation_pct": -3.36, "risk_level": "high"}}, {"type": "Feature", "geometry": {"type": "Polygon", "coordinates": [[[121.92, 30.91], [121.92, 30.92], [121.93, 30.92], [121.93, 30.91], [121.92, 30.91]]]}, "properties": {"grid_id": "r098_c107", "phase": "morning_09h", "target_time": "2026-09-18 09:00:00+08:00", "hour": 9, "air_temperature_c": 26.18, "relative_humidity_pct": 72.0, "wind_speed_10m_ms": 1.66, "utci_c": 34.66, "p_base": 0.541, "p_enhanced": 0.5985, "delta_p": 0.0576, "rel_mitigation_pct": -10.64, "risk_level": "high"}}, {"type": "Feature", "geometry": {"type": "Polygon", "coordinates": [[[121.9, 30.9], [121.9, 30.91], [121.91, 30.91], [121.91, 30.9], [121.9, 30.9]]]}, "properties": {"grid_id": "r099_c105", "phase": "morning_09h", "target_time": "2026-09-18 09:00:00+08:00", "hour": 9, "air_temperature_c": 26.18, "relative_humidity_pct": 72.0, "wind_speed_10m_ms": 1.66, "utci_c": 35.23, "p_base": 0.5749, "p_enhanced": 0.626, "delta_p": 0.0511, "rel_mitigation_pct": -8.89, "risk_level": "high"}}, {"type": "Feature", "geometry": {"type": "Polygon", "coordinates": [[[121.91, 30.9], [121.91, 30.91], [121.92, 30.91], [121.92, 30.9], [121.91, 30.9]]]}, "properties": {"grid_id": "r099_c106", "phase": "morning_09h", "target_time": "2026-09-18 09:00:00+08:00", "hour": 9, "air_temperature_c": 26.18, "relative_humidity_pct": 72.0, "wind_speed_10m_ms": 1.66, "utci_c": 34.66, "p_base": 0.5414, "p_enhanced": 0.5886, "delta_p": 0.0472, "rel_mitigation_pct": -8.72, "risk_level": "high"}}, {"type": "Feature", "geometry": {"type": "Polygon", "coordinates": [[[121.92, 30.9], [121.92, 30.91], [121.93, 30.91], [121.93, 30.9], [121.92, 30.9]]]}, "properties": {"grid_id": "r099_c107", "phase": "morning_09h", "target_time": "2026-09-18 09:00:00+08:00", "hour": 9, "air_temperature_c": 26.18, "relative_humidity_pct": 72.0, "wind_speed_10m_ms": 1.66, "utci_c": 34.13, "p_base": 0.5099, "p_enhanced": 0.4278, "delta_p": -0.0821, "rel_mitigation_pct": 16.11, "risk_level": "high"}}, {"type": "Feature", "geometry": {"type": "Polygon", "coordinates": [[[121.11, 30.89], [121.11, 30.9], [121.12, 30.9], [121.12, 30.89], [121.11, 30.89]]]}, "properties": {"grid_id": "r100_c026", "phase": "morning_09h", "target_time": "2026-09-18 09:00:00+08:00", "hour": 9, "air_temperature_c": 26.18, "relative_humidity_pct": 72.0, "wind_speed_10m_ms": 1.66, "utci_c": 34.95, "p_base": 0.558, "p_enhanced": 0.623, "delta_p": 0.0651, "rel_mitigation_pct": -11.66, "risk_level": "high"}}, {"type": "Feature", "geometry": {"type": "Polygon", "coordinates": [[[121.16, 30.89], [121.16, 30.9], [121.17, 30.9], [121.17, 30.89], [121.16, 30.89]]]}, "properties": {"grid_id": "r100_c031", "phase": "morning_09h", "target_time": "2026-09-18 09:00:00+08:00", "hour": 9, "air_temperature_c": 26.18, "relative_humidity_pct": 72.0, "wind_speed_10m_ms": 1.66, "utci_c": 35.45, "p_base": 0.5879, "p_enhanced": 0.6445, "delta_p": 0.0566, "rel_mitigation_pct": -9.63, "risk_level": "high"}}, {"type": "Feature", "geometry": {"type": "Polygon", "coordinates": [[[121.9, 30.89], [121.9, 30.9], [121.91, 30.9], [121.91, 30.89], [121.9, 30.89]]]}, "properties": {"grid_id": "r100_c105", "phase": "morning_09h", "target_time": "2026-09-18 09:00:00+08:00", "hour": 9, "air_temperature_c": 26.18, "relative_humidity_pct": 72.0, "wind_speed_10m_ms": 1.66, "utci_c": 35.38, "p_base": 0.5834, "p_enhanced": 0.627, "delta_p": 0.0436, "rel_mitigation_pct": -7.48, "risk_level": "high"}}, {"type": "Feature", "geometry": {"type": "Polygon", "coordinates": [[[121.91, 30.89], [121.91, 30.9], [121.92, 30.9], [121.92, 30.89], [121.91, 30.89]]]}, "properties": {"grid_id": "r100_c106", "phase": "morning_09h", "target_time": "2026-09-18 09:00:00+08:00", "hour": 9, "air_temperature_c": 26.18, "relative_humidity_pct": 72.0, "wind_speed_10m_ms": 1.66, "utci_c": 34.62, "p_base": 0.5387, "p_enhanced": 0.5699, "delta_p": 0.0312, "rel_mitigation_pct": -5.79, "risk_level": "high"}}, {"type": "Feature", "geometry": {"type": "Polygon", "coordinates": [[[121.92, 30.89], [121.92, 30.9], [121.93, 30.9], [121.93, 30.89], [121.92, 30.89]]]}, "properties": {"grid_id": "r100_c107", "phase": "morning_09h", "target_time": "2026-09-18 09:00:00+08:00", "hour": 9, "air_temperature_c": 26.18, "relative_humidity_pct": 72.0, "wind_speed_10m_ms": 1.66, "utci_c": 34.2, "p_base": 0.5145, "p_enhanced": 0.428, "delta_p": -0.0864, "rel_mitigation_pct": 16.8, "risk_level": "high"}}, {"type": "Feature", "geometry": {"type": "Polygon", "coordinates": [[[121.0, 30.89], [121.01, 30.89], [121.01, 30.88], [121.00963666149919, 30.88], [121.000885, 30.888693], [121.0, 30.88899443945634], [121.0, 30.89]]]}, "properties": {"grid_id": "r101_c015", "phase": "morning_09h", "target_time": "2026-09-18 09:00:00+08:00", "hour": 9, "air_temperature_c": 26.18, "relative_humidity_pct": 72.0, "wind_speed_10m_ms": 1.66, "utci_c": 35.36, "p_base": 0.5823, "p_enhanced": 0.6442, "delta_p": 0.0619, "rel_mitigation_pct": -10.63, "risk_level": "high"}}, {"type": "Feature", "geometry": {"type": "Polygon", "coordinates": [[[121.01, 30.88], [121.01, 30.89], [121.02, 30.89], [121.02, 30.88], [121.01, 30.88]]]}, "properties": {"grid_id": "r101_c016", "phase": "morning_09h", "target_time": "2026-09-18 09:00:00+08:00", "hour": 9, "air_temperature_c": 26.18, "relative_humidity_pct": 72.0, "wind_speed_10m_ms": 1.66, "utci_c": 35.15, "p_base": 0.5701, "p_enhanced": 0.6283, "delta_p": 0.0582, "rel_mitigation_pct": -10.22, "risk_level": "high"}}, {"type": "Feature", "geometry": {"type": "Polygon", "coordinates": [[[121.09, 30.88], [121.09, 30.89], [121.1, 30.89], [121.1, 30.88], [121.09, 30.88]]]}, "properties": {"grid_id": "r101_c024", "phase": "morning_09h", "target_time": "2026-09-18 09:00:00+08:00", "hour": 9, "air_temperature_c": 26.18, "relative_humidity_pct": 72.0, "wind_speed_10m_ms": 1.66, "utci_c": 35.37, "p_base": 0.5828, "p_enhanced": 0.6158, "delta_p": 0.033, "rel_mitigation_pct": -5.67, "risk_level": "high"}}, {"type": "Feature", "geometry": {"type": "Polygon", "coordinates": [[[121.16, 30.88], [121.16, 30.89], [121.17, 30.89], [121.17, 30.88], [121.16, 30.88]]]}, "properties": {"grid_id": "r101_c031", "phase": "morning_09h", "target_time": "2026-09-18 09:00:00+08:00", "hour": 9, "air_temperature_c": 26.18, "relative_humidity_pct": 72.0, "wind_speed_10m_ms": 1.66, "utci_c": 35.46, "p_base": 0.588, "p_enhanced": 0.6444, "delta_p": 0.0564, "rel_mitigation_pct": -9.58, "risk_level": "high"}}, {"type": "Feature", "geometry": {"type": "Polygon", "coordinates": [[[121.39, 30.88], [121.39, 30.89], [121.4, 30.89], [121.4, 30.88], [121.39, 30.88]]]}, "properties": {"grid_id": "r101_c054", "phase": "morning_09h", "target_time": "2026-09-18 09:00:00+08:00", "hour": 9, "air_temperature_c": 26.18, "relative_humidity_pct": 72.0, "wind_speed_10m_ms": 1.66, "utci_c": 35.45, "p_base": 0.5876, "p_enhanced": 0.6446, "delta_p": 0.0571, "rel_mitigation_pct": -9.71, "risk_level": "high"}}, {"type": "Feature", "geometry": {"type": "Polygon", "coordinates": [[[121.9, 30.88], [121.9, 30.89], [121.91, 30.89], [121.91, 30.88], [121.9, 30.88]]]}, "properties": {"grid_id": "r101_c105", "phase": "morning_09h", "target_time": "2026-09-18 09:00:00+08:00", "hour": 9, "air_temperature_c": 26.18, "relative_humidity_pct": 72.0, "wind_speed_10m_ms": 1.66, "utci_c": 33.91, "p_base": 0.4975, "p_enhanced": 0.3258, "delta_p": -0.1717, "rel_mitigation_pct": 34.51, "risk_level": "high"}}, {"type": "Feature", "geometry": {"type": "Polygon", "coordinates": [[[121.91, 30.88], [121.91, 30.89], [121.92, 30.89], [121.92, 30.88], [121.91, 30.88]]]}, "properties": {"grid_id": "r101_c106", "phase": "morning_09h", "target_time": "2026-09-18 09:00:00+08:00", "hour": 9, "air_temperature_c": 26.18, "relative_humidity_pct": 72.0, "wind_speed_10m_ms": 1.66, "utci_c": 35.2, "p_base": 0.5729, "p_enhanced": 0.6041, "delta_p": 0.0313, "rel_mitigation_pct": -5.46, "risk_level": "high"}}, {"type": "Feature", "geometry": {"type": "Polygon", "coordinates": [[[121.85, 30.87], [121.85, 30.88], [121.86, 30.88], [121.86, 30.87], [121.85, 30.87]]]}, "properties": {"grid_id": "r102_c100", "phase": "morning_09h", "target_time": "2026-09-18 09:00:00+08:00", "hour": 9, "air_temperature_c": 26.18, "relative_humidity_pct": 72.0, "wind_speed_10m_ms": 1.66, "utci_c": 35.36, "p_base": 0.5825, "p_enhanced": 0.6081, "delta_p": 0.0256, "rel_mitigation_pct": -4.39, "risk_level": "high"}}, {"type": "Feature", "geometry": {"type": "Polygon", "coordinates": [[[121.9, 30.87], [121.9, 30.88], [121.91, 30.88], [121.91, 30.87], [121.9, 30.87]]]}, "properties": {"grid_id": "r102_c105", "phase": "morning_09h", "target_time": "2026-09-18 09:00:00+08:00", "hour": 9, "air_temperature_c": 26.18, "relative_humidity_pct": 72.0, "wind_speed_10m_ms": 1.66, "utci_c": 35.27, "p_base": 0.5772, "p_enhanced": 0.5776, "delta_p": 0.0005, "rel_mitigation_pct": -0.08, "risk_level": "high"}}, {"type": "Feature", "geometry": {"type": "Polygon", "coordinates": [[[121.58, 30.86], [121.58, 30.87], [121.59, 30.87], [121.59, 30.86], [121.58, 30.86]]]}, "properties": {"grid_id": "r103_c073", "phase": "morning_09h", "target_time": "2026-09-18 09:00:00+08:00", "hour": 9, "air_temperature_c": 26.18, "relative_humidity_pct": 72.0, "wind_speed_10m_ms": 1.66, "utci_c": 34.8, "p_base": 0.5494, "p_enhanced": 0.6457, "delta_p": 0.0964, "rel_mitigation_pct": -17.55, "risk_level": "high"}}, {"type": "Feature", "geometry": {"type": "Polygon", "coordinates": [[[121.68, 30.86], [121.68, 30.87], [121.69, 30.87], [121.69, 30.86], [121.68, 30.86]]]}, "properties": {"grid_id": "r103_c083", "phase": "morning_09h", "target_time": "2026-09-18 09:00:00+08:00", "hour": 9, "air_temperature_c": 26.18, "relative_humidity_pct": 72.0, "wind_speed_10m_ms": 1.66, "utci_c": 33.34, "p_base": 0.4646, "p_enhanced": 0.577, "delta_p": 0.1124, "rel_mitigation_pct": -24.2, "risk_level": "high"}}, {"type": "Feature", "geometry": {"type": "Polygon", "coordinates": [[[121.9, 30.86], [121.9, 30.87], [121.91, 30.87], [121.91, 30.86], [121.9, 30.86]]]}, "properties": {"grid_id": "r103_c105", "phase": "morning_09h", "target_time": "2026-09-18 09:00:00+08:00", "hour": 9, "air_temperature_c": 26.18, "relative_humidity_pct": 72.0, "wind_speed_10m_ms": 1.66, "utci_c": 35.23, "p_base": 0.5749, "p_enhanced": 0.5953, "delta_p": 0.0204, "rel_mitigation_pct": -3.55, "risk_level": "high"}}, {"type": "Feature", "geometry": {"type": "Polygon", "coordinates": [[[121.89, 30.85], [121.89, 30.86], [121.9, 30.86], [121.9, 30.853630144188088], [121.89091521431273, 30.85], [121.89, 30.85]]]}, "properties": {"grid_id": "r104_c104", "phase": "morning_09h", "target_time": "2026-09-18 09:00:00+08:00", "hour": 9, "air_temperature_c": 26.18, "relative_humidity_pct": 72.0, "wind_speed_10m_ms": 1.66, "utci_c": 35.56, "p_base": 0.594, "p_enhanced": 0.6406, "delta_p": 0.0467, "rel_mitigation_pct": -7.86, "risk_level": "high"}}, {"type": "Feature", "geometry": {"type": "Polygon", "coordinates": [[[121.21, 30.83], [121.21, 30.84], [121.22, 30.84], [121.22, 30.83], [121.21, 30.83]]]}, "properties": {"grid_id": "r106_c036", "phase": "morning_09h", "target_time": "2026-09-18 09:00:00+08:00", "hour": 9, "air_temperature_c": 26.18, "relative_humidity_pct": 72.0, "wind_speed_10m_ms": 1.66, "utci_c": 35.45, "p_base": 0.5876, "p_enhanced": 0.6446, "delta_p": 0.0571, "rel_mitigation_pct": -9.71, "risk_level": "high"}}, {"type": "Feature", "geometry": {"type": "Polygon", "coordinates": [[[121.52, 30.82], [121.52, 30.83], [121.53, 30.83], [121.53, 30.82], [121.52, 30.82]]]}, "properties": {"grid_id": "r107_c067", "phase": "morning_09h", "target_time": "2026-09-18 09:00:00+08:00", "hour": 9, "air_temperature_c": 26.18, "relative_humidity_pct": 72.0, "wind_speed_10m_ms": 1.66, "utci_c": 34.99, "p_base": 0.5606, "p_enhanced": 0.5874, "delta_p": 0.0268, "rel_mitigation_pct": -4.78, "risk_level": "high"}}, {"type": "Feature", "geometry": {"type": "Polygon", "coordinates": [[[121.54, 30.82], [121.54, 30.83], [121.55, 30.83], [121.55, 30.82], [121.54, 30.82]]]}, "properties": {"grid_id": "r107_c069", "phase": "morning_09h", "target_time": "2026-09-18 09:00:00+08:00", "hour": 9, "air_temperature_c": 26.18, "relative_humidity_pct": 72.0, "wind_speed_10m_ms": 1.66, "utci_c": 34.87, "p_base": 0.5533, "p_enhanced": 0.5219, "delta_p": -0.0314, "rel_mitigation_pct": 5.67, "risk_level": "high"}}, {"type": "Feature", "geometry": {"type": "Polygon", "coordinates": [[[121.56, 30.83], [121.57, 30.83], [121.57, 30.822688356210076], [121.56, 30.82001140366525], [121.56, 30.83]]]}, "properties": {"grid_id": "r107_c071", "phase": "morning_09h", "target_time": "2026-09-18 09:00:00+08:00", "hour": 9, "air_temperature_c": 26.18, "relative_humidity_pct": 72.0, "wind_speed_10m_ms": 1.66, "utci_c": 34.33, "p_base": 0.5221, "p_enhanced": 0.4079, "delta_p": -0.1142, "rel_mitigation_pct": 21.87, "risk_level": "high"}}, {"type": "Feature", "geometry": {"type": "Polygon", "coordinates": [[[121.51, 30.81], [121.51, 30.82], [121.52, 30.82], [121.52, 30.81], [121.51, 30.81]]]}, "properties": {"grid_id": "r108_c066", "phase": "morning_09h", "target_time": "2026-09-18 09:00:00+08:00", "hour": 9, "air_temperature_c": 26.18, "relative_humidity_pct": 72.0, "wind_speed_10m_ms": 1.66, "utci_c": 35.45, "p_base": 0.5878, "p_enhanced": 0.6445, "delta_p": 0.0567, "rel_mitigation_pct": -9.65, "risk_level": "high"}}, {"type": "Feature", "geometry": {"type": "Polygon", "coordinates": [[[121.28, 30.8], [121.28, 30.81], [121.29, 30.81], [121.29, 30.8], [121.28, 30.8]]]}, "properties": {"grid_id": "r109_c043", "phase": "morning_09h", "target_time": "2026-09-18 09:00:00+08:00", "hour": 9, "air_temperature_c": 26.18, "relative_humidity_pct": 72.0, "wind_speed_10m_ms": 1.66, "utci_c": 35.39, "p_base": 0.5841, "p_enhanced": 0.6321, "delta_p": 0.0479, "rel_mitigation_pct": -8.21, "risk_level": "high"}}, {"type": "Feature", "geometry": {"type": "Polygon", "coordinates": [[[121.34, 30.79], [121.34, 30.8], [121.35, 30.8], [121.35, 30.79], [121.34, 30.79]]]}, "properties": {"grid_id": "r110_c049", "phase": "morning_09h", "target_time": "2026-09-18 09:00:00+08:00", "hour": 9, "air_temperature_c": 26.18, "relative_humidity_pct": 72.0, "wind_speed_10m_ms": 1.66, "utci_c": 35.46, "p_base": 0.588, "p_enhanced": 0.6444, "delta_p": 0.0564, "rel_mitigation_pct": -9.6, "risk_level": "high"}}, {"type": "Feature", "geometry": {"type": "Polygon", "coordinates": [[[121.15, 30.79], [121.16, 30.79], [121.16, 30.784387277932964], [121.154579, 30.786594], [121.15, 30.785769805516857], [121.15, 30.79]]]}, "properties": {"grid_id": "r111_c030", "phase": "morning_09h", "target_time": "2026-09-18 09:00:00+08:00", "hour": 9, "air_temperature_c": 26.18, "relative_humidity_pct": 72.0, "wind_speed_10m_ms": 1.66, "utci_c": 34.67, "p_base": 0.542, "p_enhanced": 0.6493, "delta_p": 0.1073, "rel_mitigation_pct": -19.79, "risk_level": "high"}}, {"type": "Feature", "geometry": {"type": "Polygon", "coordinates": [[[121.34, 30.74], [121.34, 30.75], [121.35, 30.75], [121.35, 30.74], [121.34, 30.74]]]}, "properties": {"grid_id": "r115_c049", "phase": "morning_09h", "target_time": "2026-09-18 09:00:00+08:00", "hour": 9, "air_temperature_c": 26.18, "relative_humidity_pct": 72.0, "wind_speed_10m_ms": 1.66, "utci_c": 35.02, "p_base": 0.5623, "p_enhanced": 0.6273, "delta_p": 0.065, "rel_mitigation_pct": -11.56, "risk_level": "high"}}, {"type": "Feature", "geometry": {"type": "Polygon", "coordinates": [[[121.34, 30.73], [121.34, 30.74], [121.35, 30.74], [121.35, 30.73], [121.34, 30.73]]]}, "properties": {"grid_id": "r116_c049", "phase": "morning_09h", "target_time": "2026-09-18 09:00:00+08:00", "hour": 9, "air_temperature_c": 26.18, "relative_humidity_pct": 72.0, "wind_speed_10m_ms": 1.66, "utci_c": 35.31, "p_base": 0.5794, "p_enhanced": 0.6347, "delta_p": 0.0553, "rel_mitigation_pct": -9.54, "risk_level": "high"}}, {"type": "Feature", "geometry": {"type": "Polygon", "coordinates": [[[121.35, 30.73], [121.35, 30.74], [121.36, 30.74], [121.36, 30.73], [121.35, 30.73]]]}, "properties": {"grid_id": "r116_c050", "phase": "morning_09h", "target_time": "2026-09-18 09:00:00+08:00", "hour": 9, "air_temperature_c": 26.18, "relative_humidity_pct": 72.0, "wind_speed_10m_ms": 1.66, "utci_c": 35.47, "p_base": 0.5889, "p_enhanced": 0.6438, "delta_p": 0.0549, "rel_mitigation_pct": -9.33, "risk_level": "high"}}, {"type": "Feature", "geometry": {"type": "Polygon", "coordinates": [[[121.36, 30.73], [121.36, 30.74], [121.37, 30.74], [121.37, 30.73], [121.36, 30.73]]]}, "properties": {"grid_id": "r116_c051", "phase": "morning_09h", "target_time": "2026-09-18 09:00:00+08:00", "hour": 9, "air_temperature_c": 26.18, "relative_humidity_pct": 72.0, "wind_speed_10m_ms": 1.66, "utci_c": 35.15, "p_base": 0.57, "p_enhanced": 0.6346, "delta_p": 0.0646, "rel_mitigation_pct": -11.34, "risk_level": "high"}}, {"type": "Feature", "geometry": {"type": "Polygon", "coordinates": [[[121.34, 30.71], [121.34, 30.72], [121.35, 30.72], [121.35, 30.71051391093382], [121.34920207878972, 30.71], [121.34, 30.71]]]}, "properties": {"grid_id": "r118_c049", "phase": "morning_09h", "target_time": "2026-09-18 09:00:00+08:00", "hour": 9, "air_temperature_c": 26.18, "relative_humidity_pct": 72.0, "wind_speed_10m_ms": 1.66, "utci_c": 35.17, "p_base": 0.5712, "p_enhanced": 0.5959, "delta_p": 0.0247, "rel_mitigation_pct": -4.33, "risk_level": "high"}}, {"type": "Feature", "geometry": {"type": "Polygon", "coordinates": [[[121.33, 30.7], [121.33, 30.71], [121.34, 30.71], [121.34, 30.704073288386077], [121.333675629404, 30.7], [121.33, 30.7]]]}, "properties": {"grid_id": "r119_c048", "phase": "morning_09h", "target_time": "2026-09-18 09:00:00+08:00", "hour": 9, "air_temperature_c": 26.18, "relative_humidity_pct": 72.0, "wind_speed_10m_ms": 1.66, "utci_c": 34.38, "p_base": 0.525, "p_enhanced": 0.4202, "delta_p": -0.1049, "rel_mitigation_pct": 19.97, "risk_level": "high"}}, {"type": "Feature", "geometry": {"type": "Polygon", "coordinates": [[[121.34, 30.71], [121.34920207878972, 30.71], [121.34, 30.704073288386077], [121.34, 30.71]]]}, "properties": {"grid_id": "r119_c049", "phase": "morning_09h", "target_time": "2026-09-18 09:00:00+08:00", "hour": 9, "air_temperature_c": 26.18, "relative_humidity_pct": 72.0, "wind_speed_10m_ms": 1.66, "utci_c": 33.97, "p_base": 0.5007, "p_enhanced": 0.407, "delta_p": -0.0936, "rel_mitigation_pct": 18.7, "risk_level": "high"}}, {"type": "Feature", "geometry": {"type": "Polygon", "coordinates": [[[121.25, 31.74], [121.25, 31.75], [121.26, 31.75], [121.26, 31.74], [121.25, 31.74]]]}, "properties": {"grid_id": "r015_c040", "phase": "peak_14h", "target_time": "2026-09-18 14:00:00+08:00", "hour": 14, "air_temperature_c": 29.52, "relative_humidity_pct": 56.99999999999999, "wind_speed_10m_ms": 2.7, "utci_c": 35.19, "p_base": 0.617, "p_enhanced": 0.5429, "delta_p": -0.0741, "rel_mitigation_pct": 12.01, "risk_level": "high"}}, {"type": "Feature", "geometry": {"type": "Polygon", "coordinates": [[[121.21, 31.74], [121.22, 31.74], [121.22, 31.73240103623328], [121.213275, 31.733689], [121.21, 31.73785940554726], [121.21, 31.74]]]}, "properties": {"grid_id": "r016_c036", "phase": "peak_14h", "target_time": "2026-09-18 14:00:00+08:00", "hour": 14, "air_temperature_c": 29.52, "relative_humidity_pct": 56.99999999999999, "wind_speed_10m_ms": 2.7, "utci_c": 38.43, "p_base": 0.7832, "p_enhanced": 0.8157, "delta_p": 0.0324, "rel_mitigation_pct": -4.14, "risk_level": "extreme"}}, {"type": "Feature", "geometry": {"type": "Polygon", "coordinates": [[[121.23, 31.74], [121.24, 31.74], [121.24, 31.73], [121.23253681903644, 31.73], [121.23, 31.73048584847608], [121.23, 31.74]]]}, "properties": {"grid_id": "r016_c038", "phase": "peak_14h", "target_time": "2026-09-18 14:00:00+08:00", "hour": 14, "air_temperature_c": 29.52, "relative_humidity_pct": 56.99999999999999, "wind_speed_10m_ms": 2.7, "utci_c": 38.31, "p_base": 0.7782, "p_enhanced": 0.8286, "delta_p": 0.0504, "rel_mitigation_pct": -6.47, "risk_level": "extreme"}}, {"type": "Feature", "geometry": {"type": "Polygon", "coordinates": [[[121.33, 31.7], [121.33, 31.71], [121.34, 31.71], [121.34, 31.7], [121.33, 31.7]]]}, "properties": {"grid_id": "r019_c048", "phase": "peak_14h", "target_time": "2026-09-18 14:00:00+08:00", "hour": 14, "air_temperature_c": 29.52, "relative_humidity_pct": 56.99999999999999, "wind_speed_10m_ms": 2.7, "utci_c": 38.5, "p_base": 0.7864, "p_enhanced": 0.8251, "delta_p": 0.0387, "rel_mitigation_pct": -4.92, "risk_level": "extreme"}}, {"type": "Feature", "geometry": {"type": "Polygon", "coordinates": [[[121.42, 31.68], [121.42, 31.69], [121.43, 31.69], [121.43, 31.68], [121.42, 31.68]]]}, "properties": {"grid_id": "r021_c057", "phase": "peak_14h", "target_time": "2026-09-18 14:00:00+08:00", "hour": 14, "air_temperature_c": 29.52, "relative_humidity_pct": 56.99999999999999, "wind_speed_10m_ms": 2.7, "utci_c": 38.48, "p_base": 0.7856, "p_enhanced": 0.8227, "delta_p": 0.0372, "rel_mitigation_pct": -4.73, "risk_level": "extreme"}}, {"type": "Feature", "geometry": {"type": "Polygon", "coordinates": [[[121.47, 31.68], [121.47, 31.69], [121.48, 31.69], [121.48, 31.68], [121.47, 31.68]]]}, "properties": {"grid_id": "r021_c062", "phase": "peak_14h", "target_time": "2026-09-18 14:00:00+08:00", "hour": 14, "air_temperature_c": 29.52, "relative_humidity_pct": 56.99999999999999, "wind_speed_10m_ms": 2.7, "utci_c": 37.21, "p_base": 0.726, "p_enhanced": 0.8342, "delta_p": 0.1083, "rel_mitigation_pct": -14.91, "risk_level": "extreme"}}, {"type": "Feature", "geometry": {"type": "Polygon", "coordinates": [[[121.47, 31.67], [121.47, 31.68], [121.48, 31.68], [121.48, 31.67], [121.47, 31.67]]]}, "properties": {"grid_id": "r022_c062", "phase": "peak_14h", "target_time": "2026-09-18 14:00:00+08:00", "hour": 14, "air_temperature_c": 29.52, "relative_humidity_pct": 56.99999999999999, "wind_speed_10m_ms": 2.7, "utci_c": 38.19, "p_base": 0.7727, "p_enhanced": 0.8172, "delta_p": 0.0445, "rel_mitigation_pct": -5.76, "risk_level": "extreme"}}, {"type": "Feature", "geometry": {"type": "Polygon", "coordinates": [[[121.46, 31.66], [121.46, 31.67], [121.47, 31.67], [121.47, 31.66], [121.46, 31.66]]]}, "properties": {"grid_id": "r023_c061", "phase": "peak_14h", "target_time": "2026-09-18 14:00:00+08:00", "hour": 14, "air_temperature_c": 29.52, "relative_humidity_pct": 56.99999999999999, "wind_speed_10m_ms": 2.7, "utci_c": 38.5, "p_base": 0.7865, "p_enhanced": 0.8251, "delta_p": 0.0386, "rel_mitigation_pct": -4.91, "risk_level": "extreme"}}, {"type": "Feature", "geometry": {"type": "Polygon", "coordinates": [[[121.49, 31.65], [121.49, 31.66], [121.5, 31.66], [121.5, 31.65], [121.49, 31.65]]]}, "properties": {"grid_id": "r024_c064", "phase": "peak_14h", "target_time": "2026-09-18 14:00:00+08:00", "hour": 14, "air_temperature_c": 29.52, "relative_humidity_pct": 56.99999999999999, "wind_speed_10m_ms": 2.7, "utci_c": 38.5, "p_base": 0.7864, "p_enhanced": 0.8251, "delta_p": 0.0387, "rel_mitigation_pct": -4.92, "risk_level": "extreme"}}, {"type": "Feature", "geometry": {"type": "Polygon", "coordinates": [[[121.56, 31.64], [121.56, 31.65], [121.57, 31.65], [121.57, 31.64], [121.56, 31.64]]]}, "properties": {"grid_id": "r025_c071", "phase": "peak_14h", "target_time": "2026-09-18 14:00:00+08:00", "hour": 14, "air_temperature_c": 29.52, "relative_humidity_pct": 56.99999999999999, "wind_speed_10m_ms": 2.7, "utci_c": 38.5, "p_base": 0.7864, "p_enhanced": 0.8251, "delta_p": 0.0387, "rel_mitigation_pct": -4.92, "risk_level": "extreme"}}, {"type": "Feature", "geometry": {"type": "Polygon", "coordinates": [[[121.39, 31.63], [121.4, 31.63], [121.4, 31.62], [121.39686060949383, 31.62], [121.39, 31.623211543520505], [121.39, 31.63]]]}, "properties": {"grid_id": "r027_c054", "phase": "peak_14h", "target_time": "2026-09-18 14:00:00+08:00", "hour": 14, "air_temperature_c": 29.52, "relative_humidity_pct": 56.99999999999999, "wind_speed_10m_ms": 2.7, "utci_c": 38.65, "p_base": 0.7931, "p_enhanced": 0.8219, "delta_p": 0.0289, "rel_mitigation_pct": -3.64, "risk_level": "extreme"}}, {"type": "Feature", "geometry": {"type": "Polygon", "coordinates": [[[121.41, 31.62], [121.41, 31.63], [121.42, 31.63], [121.42, 31.62], [121.41, 31.62]]]}, "properties": {"grid_id": "r027_c056", "phase": "peak_14h", "target_time": "2026-09-18 14:00:00+08:00", "hour": 14, "air_temperature_c": 29.52, "relative_humidity_pct": 56.99999999999999, "wind_speed_10m_ms": 2.7, "utci_c": 37.98, "p_base": 0.763, "p_enhanced": 0.778, "delta_p": 0.015, "rel_mitigation_pct": -1.97, "risk_level": "extreme"}}, {"type": "Feature", "geometry": {"type": "Polygon", "coordinates": [[[121.42, 31.62], [121.42, 31.63], [121.43, 31.63], [121.43, 31.62], [121.42, 31.62]]]}, "properties": {"grid_id": "r027_c057", "phase": "peak_14h", "target_time": "2026-09-18 14:00:00+08:00", "hour": 14, "air_temperature_c": 29.52, "relative_humidity_pct": 56.99999999999999, "wind_speed_10m_ms": 2.7, "utci_c": 38.43, "p_base": 0.7833, "p_enhanced": 0.8217, "delta_p": 0.0384, "rel_mitigation_pct": -4.9, "risk_level": "extreme"}}, {"type": "Feature", "geometry": {"type": "Polygon", "coordinates": [[[121.51, 31.6], [121.51, 31.61], [121.52, 31.61], [121.52, 31.6], [121.51, 31.6]]]}, "properties": {"grid_id": "r029_c066", "phase": "peak_14h", "target_time": "2026-09-18 14:00:00+08:00", "hour": 14, "air_temperature_c": 29.52, "relative_humidity_pct": 56.99999999999999, "wind_speed_10m_ms": 2.7, "utci_c": 38.44, "p_base": 0.7836, "p_enhanced": 0.8168, "delta_p": 0.0332, "rel_mitigation_pct": -4.23, "risk_level": "extreme"}}, {"type": "Feature", "geometry": {"type": "Polygon", "coordinates": [[[121.63, 31.57], [121.63, 31.58], [121.64, 31.58], [121.64, 31.57], [121.63, 31.57]]]}, "properties": {"grid_id": "r032_c078", "phase": "peak_14h", "target_time": "2026-09-18 14:00:00+08:00", "hour": 14, "air_temperature_c": 29.52, "relative_humidity_pct": 56.99999999999999, "wind_speed_10m_ms": 2.7, "utci_c": 38.37, "p_base": 0.7807, "p_enhanced": 0.8079, "delta_p": 0.0272, "rel_mitigation_pct": -3.48, "risk_level": "extreme"}}, {"type": "Feature", "geometry": {"type": "Polygon", "coordinates": [[[121.85, 31.53], [121.85, 31.54], [121.86, 31.54], [121.86, 31.53], [121.85, 31.53]]]}, "properties": {"grid_id": "r036_c100", "phase": "peak_14h", "target_time": "2026-09-18 14:00:00+08:00", "hour": 14, "air_temperature_c": 29.52, "relative_humidity_pct": 56.99999999999999, "wind_speed_10m_ms": 2.7, "utci_c": 38.33, "p_base": 0.7791, "p_enhanced": 0.8265, "delta_p": 0.0474, "rel_mitigation_pct": -6.08, "risk_level": "extreme"}}, {"type": "Feature", "geometry": {"type": "Polygon", "coordinates": [[[121.83, 31.52], [121.83, 31.53], [121.84, 31.53], [121.84, 31.52], [121.83, 31.52]]]}, "properties": {"grid_id": "r037_c098", "phase": "peak_14h", "target_time": "2026-09-18 14:00:00+08:00", "hour": 14, "air_temperature_c": 29.52, "relative_humidity_pct": 56.99999999999999, "wind_speed_10m_ms": 2.7, "utci_c": 38.42, "p_base": 0.7829, "p_enhanced": 0.8147, "delta_p": 0.0318, "rel_mitigation_pct": -4.06, "risk_level": "extreme"}}, {"type": "Feature", "geometry": {"type": "Polygon", "coordinates": [[[121.94, 31.51], [121.94, 31.52], [121.95, 31.52], [121.95, 31.51], [121.94, 31.51]]]}, "properties": {"grid_id": "r038_c109", "phase": "peak_14h", "target_time": "2026-09-18 14:00:00+08:00", "hour": 14, "air_temperature_c": 29.52, "relative_humidity_pct": 56.99999999999999, "wind_speed_10m_ms": 2.7, "utci_c": 37.26, "p_base": 0.7282, "p_enhanced": 0.8016, "delta_p": 0.0734, "rel_mitigation_pct": -10.08, "risk_level": "extreme"}}, {"type": "Feature", "geometry": {"type": "Polygon", "coordinates": [[[121.95, 31.51], [121.95, 31.52], [121.96, 31.52], [121.96, 31.51], [121.95, 31.51]]]}, "properties": {"grid_id": "r038_c110", "phase": "peak_14h", "target_time": "2026-09-18 14:00:00+08:00", "hour": 14, "air_temperature_c": 29.52, "relative_humidity_pct": 56.99999999999999, "wind_speed_10m_ms": 2.7, "utci_c": 35.86, "p_base": 0.6547, "p_enhanced": 0.6295, "delta_p": -0.0252, "rel_mitigation_pct": 3.84, "risk_level": "high"}}, {"type": "Feature", "geometry": {"type": "Polygon", "coordinates": [[[121.3, 31.49], [121.3, 31.5], [121.31, 31.5], [121.31, 31.49], [121.3, 31.49]]]}, "properties": {"grid_id": "r040_c045", "phase": "peak_14h", "target_time": "2026-09-18 14:00:00+08:00", "hour": 14, "air_temperature_c": 29.52, "relative_humidity_pct": 56.99999999999999, "wind_speed_10m_ms": 2.7, "utci_c": 38.5, "p_base": 0.7864, "p_enhanced": 0.8251, "delta_p": 0.0387, "rel_mitigation_pct": -4.92, "risk_level": "extreme"}}, {"type": "Feature", "geometry": {"type": "Polygon", "coordinates": [[[121.29, 31.49], [121.29, 31.48], [121.28, 31.48], [121.28, 31.48745662042014], [121.28759661160615, 31.49], [121.29, 31.49]]]}, "properties": {"grid_id": "r041_c043", "phase": "peak_14h", "target_time": "2026-09-18 14:00:00+08:00", "hour": 14, "air_temperature_c": 29.52, "relative_humidity_pct": 56.99999999999999, "wind_speed_10m_ms": 2.7, "utci_c": 38.5, "p_base": 0.7864, "p_enhanced": 0.8251, "delta_p": 0.0387, "rel_mitigation_pct": -4.92, "risk_level": "extreme"}}, {"type": "Feature", "geometry": {"type": "Polygon", "coordinates": [[[121.82, 31.48], [121.82, 31.49], [121.83, 31.49], [121.83, 31.48], [121.82, 31.48]]]}, "properties": {"grid_id": "r041_c097", "phase": "peak_14h", "target_time": "2026-09-18 14:00:00+08:00", "hour": 14, "air_temperature_c": 29.52, "relative_humidity_pct": 56.99999999999999, "wind_speed_10m_ms": 2.7, "utci_c": 38.25, "p_base": 0.7753, "p_enhanced": 0.7797, "delta_p": 0.0045, "rel_mitigation_pct": -0.58, "risk_level": "extreme"}}, {"type": "Feature", "geometry": {"type": "Polygon", "coordinates": [[[121.79, 31.46], [121.79, 31.47], [121.8, 31.47], [121.8, 31.46], [121.79, 31.46]]]}, "properties": {"grid_id": "r043_c094", "phase": "peak_14h", "target_time": "2026-09-18 14:00:00+08:00", "hour": 14, "air_temperature_c": 29.52, "relative_humidity_pct": 56.99999999999999, "wind_speed_10m_ms": 2.7, "utci_c": 38.31, "p_base": 0.7781, "p_enhanced": 0.8116, "delta_p": 0.0335, "rel_mitigation_pct": -4.3, "risk_level": "extreme"}}, {"type": "Feature", "geometry": {"type": "Polygon", "coordinates": [[[121.81, 31.46], [121.81, 31.47], [121.82, 31.47], [121.82, 31.46], [121.81, 31.46]]]}, "properties": {"grid_id": "r043_c096", "phase": "peak_14h", "target_time": "2026-09-18 14:00:00+08:00", "hour": 14, "air_temperature_c": 29.52, "relative_humidity_pct": 56.99999999999999, "wind_speed_10m_ms": 2.7, "utci_c": 38.34, "p_base": 0.7793, "p_enhanced": 0.8036, "delta_p": 0.0243, "rel_mitigation_pct": -3.11, "risk_level": "extreme"}}, {"type": "Feature", "geometry": {"type": "Polygon", "coordinates": [[[121.34, 31.43], [121.34, 31.44], [121.35, 31.44], [121.35, 31.43], [121.34, 31.43]]]}, "properties": {"grid_id": "r046_c049", "phase": "peak_14h", "target_time": "2026-09-18 14:00:00+08:00", "hour": 14, "air_temperature_c": 29.52, "relative_humidity_pct": 56.99999999999999, "wind_speed_10m_ms": 2.7, "utci_c": 38.12, "p_base": 0.7694, "p_enhanced": 0.8333, "delta_p": 0.0639, "rel_mitigation_pct": -8.3, "risk_level": "extreme"}}, {"type": "Feature", "geometry": {"type": "Polygon", "coordinates": [[[121.33, 31.42], [121.33, 31.43], [121.34, 31.43], [121.34, 31.42], [121.33, 31.42]]]}, "properties": {"grid_id": "r047_c048", "phase": "peak_14h", "target_time": "2026-09-18 14:00:00+08:00", "hour": 14, "air_temperature_c": 29.52, "relative_humidity_pct": 56.99999999999999, "wind_speed_10m_ms": 2.7, "utci_c": 38.5, "p_base": 0.7864, "p_enhanced": 0.8251, "delta_p": 0.0387, "rel_mitigation_pct": -4.92, "risk_level": "extreme"}}, {"type": "Feature", "geometry": {"type": "Polygon", "coordinates": [[[121.33, 31.41], [121.33, 31.42], [121.34, 31.42], [121.34, 31.41], [121.33, 31.41]]]}, "properties": {"grid_id": "r048_c048", "phase": "peak_14h", "target_time": "2026-09-18 14:00:00+08:00", "hour": 14, "air_temperature_c": 29.52, "relative_humidity_pct": 56.99999999999999, "wind_speed_10m_ms": 2.7, "utci_c": 38.4, "p_base": 0.7818, "p_enhanced": 0.8114, "delta_p": 0.0296, "rel_mitigation_pct": -3.78, "risk_level": "extreme"}}, {"type": "Feature", "geometry": {"type": "Polygon", "coordinates": [[[121.47, 31.41], [121.47, 31.42], [121.48, 31.42], [121.48, 31.41], [121.47, 31.41]]]}, "properties": {"grid_id": "r048_c062", "phase": "peak_14h", "target_time": "2026-09-18 14:00:00+08:00", "hour": 14, "air_temperature_c": 29.52, "relative_humidity_pct": 56.99999999999999, "wind_speed_10m_ms": 2.7, "utci_c": 38.31, "p_base": 0.7779, "p_enhanced": 0.8293, "delta_p": 0.0514, "rel_mitigation_pct": -6.61, "risk_level": "extreme"}}, {"type": "Feature", "geometry": {"type": "Polygon", "coordinates": [[[121.49, 31.41], [121.48, 31.41], [121.48, 31.42], [121.48375298797204, 31.42], [121.489165, 31.416353], [121.49, 31.41530457020918], [121.49, 31.41]]]}, "properties": {"grid_id": "r048_c063", "phase": "peak_14h", "target_time": "2026-09-18 14:00:00+08:00", "hour": 14, "air_temperature_c": 29.52, "relative_humidity_pct": 56.99999999999999, "wind_speed_10m_ms": 2.7, "utci_c": 38.28, "p_base": 0.7765, "p_enhanced": 0.8247, "delta_p": 0.0482, "rel_mitigation_pct": -6.2, "risk_level": "extreme"}}, {"type": "Feature", "geometry": {"type": "Polygon", "coordinates": [[[121.23, 31.4], [121.23, 31.41], [121.24, 31.41], [121.24, 31.4], [121.23, 31.4]]]}, "properties": {"grid_id": "r049_c038", "phase": "peak_14h", "target_time": "2026-09-18 14:00:00+08:00", "hour": 14, "air_temperature_c": 29.52, "relative_humidity_pct": 56.99999999999999, "wind_speed_10m_ms": 2.7, "utci_c": 38.13, "p_base": 0.7697, "p_enhanced": 0.8071, "delta_p": 0.0374, "rel_mitigation_pct": -4.87, "risk_level": "extreme"}}, {"type": "Feature", "geometry": {"type": "Polygon", "coordinates": [[[121.35, 31.4], [121.35, 31.41], [121.36, 31.41], [121.36, 31.4], [121.35, 31.4]]]}, "properties": {"grid_id": "r049_c050", "phase": "peak_14h", "target_time": "2026-09-18 14:00:00+08:00", "hour": 14, "air_temperature_c": 29.52, "relative_humidity_pct": 56.99999999999999, "wind_speed_10m_ms": 2.7, "utci_c": 38.25, "p_base": 0.7751, "p_enhanced": 0.8027, "delta_p": 0.0276, "rel_mitigation_pct": -3.56, "risk_level": "extreme"}}, {"type": "Feature", "geometry": {"type": "Polygon", "coordinates": [[[121.69, 31.4], [121.69, 31.41], [121.7, 31.41], [121.7, 31.4], [121.69, 31.4]]]}, "properties": {"grid_id": "r049_c084", "phase": "peak_14h", "target_time": "2026-09-18 14:00:00+08:00", "hour": 14, "air_temperature_c": 29.52, "relative_humidity_pct": 56.99999999999999, "wind_speed_10m_ms": 2.7, "utci_c": 37.43, "p_base": 0.7368, "p_enhanced": 0.8425, "delta_p": 0.1056, "rel_mitigation_pct": -14.34, "risk_level": "extreme"}}, {"type": "Feature", "geometry": {"type": "Polygon", "coordinates": [[[121.7, 31.4], [121.7, 31.41], [121.71, 31.41], [121.71, 31.4], [121.7, 31.4]]]}, "properties": {"grid_id": "r049_c085", "phase": "peak_14h", "target_time": "2026-09-18 14:00:00+08:00", "hour": 14, "air_temperature_c": 29.52, "relative_humidity_pct": 56.99999999999999, "wind_speed_10m_ms": 2.7, "utci_c": 36.74, "p_base": 0.7019, "p_enhanced": 0.8383, "delta_p": 0.1364, "rel_mitigation_pct": -19.43, "risk_level": "extreme"}}, {"type": "Feature", "geometry": {"type": "Polygon", "coordinates": [[[121.72, 31.4], [121.71, 31.4], [121.71, 31.41], [121.71852895582931, 31.41], [121.72, 31.409345531571713], [121.72, 31.4]]]}, "properties": {"grid_id": "r049_c086", "phase": "peak_14h", "target_time": "2026-09-18 14:00:00+08:00", "hour": 14, "air_temperature_c": 29.52, "relative_humidity_pct": 56.99999999999999, "wind_speed_10m_ms": 2.7, "utci_c": 36.87, "p_base": 0.7083, "p_enhanced": 0.7974, "delta_p": 0.0892, "rel_mitigation_pct": -12.59, "risk_level": "extreme"}}, {"type": "Feature", "geometry": {"type": "Polygon", "coordinates": [[[121.47, 31.39], [121.47, 31.4], [121.48, 31.4], [121.48, 31.39], [121.47, 31.39]]]}, "properties": {"grid_id": "r050_c062", "phase": "peak_14h", "target_time": "2026-09-18 14:00:00+08:00", "hour": 14, "air_temperature_c": 29.52, "relative_humidity_pct": 56.99999999999999, "wind_speed_10m_ms": 2.7, "utci_c": 38.56, "p_base": 0.7888, "p_enhanced": 0.824, "delta_p": 0.0352, "rel_mitigation_pct": -4.46, "risk_level": "extreme"}}, {"type": "Feature", "geometry": {"type": "Polygon", "coordinates": [[[121.7, 31.39], [121.7, 31.4], [121.71, 31.4], [121.71, 31.39], [121.7, 31.39]]]}, "properties": {"grid_id": "r050_c085", "phase": "peak_14h", "target_time": "2026-09-18 14:00:00+08:00", "hour": 14, "air_temperature_c": 29.52, "relative_humidity_pct": 56.99999999999999, "wind_speed_10m_ms": 2.7, "utci_c": 38.16, "p_base": 0.771, "p_enhanced": 0.8196, "delta_p": 0.0486, "rel_mitigation_pct": -6.3, "risk_level": "extreme"}}, {"type": "Feature", "geometry": {"type": "Polygon", "coordinates": [[[121.23, 31.38], [121.23, 31.39], [121.24, 31.39], [121.24, 31.38], [121.23, 31.38]]]}, "properties": {"grid_id": "r051_c038", "phase": "peak_14h", "target_time": "2026-09-18 14:00:00+08:00", "hour": 14, "air_temperature_c": 29.52, "relative_humidity_pct": 56.99999999999999, "wind_speed_10m_ms": 2.7, "utci_c": 38.4, "p_base": 0.782, "p_enhanced": 0.8127, "delta_p": 0.0307, "rel_mitigation_pct": -3.92, "risk_level": "extreme"}}, {"type": "Feature", "geometry": {"type": "Polygon", "coordinates": [[[121.24, 31.38], [121.24, 31.39], [121.25, 31.39], [121.25, 31.38], [121.24, 31.38]]]}, "properties": {"grid_id": "r051_c039", "phase": "peak_14h", "target_time": "2026-09-18 14:00:00+08:00", "hour": 14, "air_temperature_c": 29.52, "relative_humidity_pct": 56.99999999999999, "wind_speed_10m_ms": 2.7, "utci_c": 38.49, "p_base": 0.7858, "p_enhanced": 0.8239, "delta_p": 0.0381, "rel_mitigation_pct": -4.84, "risk_level": "extreme"}}, {"type": "Feature", "geometry": {"type": "Polygon", "coordinates": [[[121.31, 31.38], [121.31, 31.39], [121.32, 31.39], [121.32, 31.38], [121.31, 31.38]]]}, "properties": {"grid_id": "r051_c046", "phase": "peak_14h", "target_time": "2026-09-18 14:00:00+08:00", "hour": 14, "air_temperature_c": 29.52, "relative_humidity_pct": 56.99999999999999, "wind_speed_10m_ms": 2.7, "utci_c": 38.5, "p_base": 0.7864, "p_enhanced": 0.8251, "delta_p": 0.0387, "rel_mitigation_pct": -4.92, "risk_level": "extreme"}}, {"type": "Feature", "geometry": {"type": "Polygon", "coordinates": [[[121.52, 31.38], [121.51, 31.38], [121.51, 31.39], [121.51015329620499, 31.39], [121.510487, 31.389581], [121.52, 31.389588318943407], [121.52, 31.38]]]}, "properties": {"grid_id": "r051_c066", "phase": "peak_14h", "target_time": "2026-09-18 14:00:00+08:00", "hour": 14, "air_temperature_c": 29.52, "relative_humidity_pct": 56.99999999999999, "wind_speed_10m_ms": 2.7, "utci_c": 37.44, "p_base": 0.7373, "p_enhanced": 0.7603, "delta_p": 0.023, "rel_mitigation_pct": -3.12, "risk_level": "extreme"}}, {"type": "Feature", "geometry": {"type": "Polygon", "coordinates": [[[121.53, 31.38], [121.52, 31.38], [121.52, 31.389588318943407], [121.522185, 31.38959], [121.53, 31.387382108905328], [121.53, 31.38]]]}, "properties": {"grid_id": "r051_c067", "phase": "peak_14h", "target_time": "2026-09-18 14:00:00+08:00", "hour": 14, "air_temperature_c": 29.52, "relative_humidity_pct": 56.99999999999999, "wind_speed_10m_ms": 2.7, "utci_c": 36.84, "p_base": 0.7069, "p_enhanced": 0.8427, "delta_p": 0.1357, "rel_mitigation_pct": -19.2, "risk_level": "extreme"}}, {"type": "Feature", "geometry": {"type": "Polygon", "coordinates": [[[121.54, 31.38], [121.53, 31.38], [121.53, 31.387382108905328], [121.54, 31.38455691236705], [121.54, 31.38]]]}, "properties": {"grid_id": "r051_c068", "phase": "peak_14h", "target_time": "2026-09-18 14:00:00+08:00", "hour": 14, "air_temperature_c": 29.52, "relative_humidity_pct": 56.99999999999999, "wind_speed_10m_ms": 2.7, "utci_c": 37.75, "p_base": 0.7521, "p_enhanced": 0.8378, "delta_p": 0.0857, "rel_mitigation_pct": -11.39, "risk_level": "extreme"}}, {"type": "Feature", "geometry": {"type": "Polygon", "coordinates": [[[121.7, 31.38], [121.7, 31.39], [121.71, 31.39], [121.71, 31.38], [121.7, 31.38]]]}, "properties": {"grid_id": "r051_c085", "phase": "peak_14h", "target_time": "2026-09-18 14:00:00+08:00", "hour": 14, "air_temperature_c": 29.52, "relative_humidity_pct": 56.99999999999999, "wind_speed_10m_ms": 2.7, "utci_c": 38.33, "p_base": 0.7787, "p_enhanced": 0.8143, "delta_p": 0.0356, "rel_mitigation_pct": -4.58, "risk_level": "extreme"}}, {"type": "Feature", "geometry": {"type": "Polygon", "coordinates": [[[121.52, 31.37], [121.52, 31.38], [121.53, 31.38], [121.53, 31.37], [121.52, 31.37]]]}, "properties": {"grid_id": "r052_c067", "phase": "peak_14h", "target_time": "2026-09-18 14:00:00+08:00", "hour": 14, "air_temperature_c": 29.52, "relative_humidity_pct": 56.99999999999999, "wind_speed_10m_ms": 2.7, "utci_c": 38.07, "p_base": 0.7669, "p_enhanced": 0.8344, "delta_p": 0.0675, "rel_mitigation_pct": -8.8, "risk_level": "extreme"}}, {"type": "Feature", "geometry": {"type": "Polygon", "coordinates": [[[121.25, 31.36], [121.25, 31.37], [121.26, 31.37], [121.26, 31.36], [121.25, 31.36]]]}, "properties": {"grid_id": "r053_c040", "phase": "peak_14h", "target_time": "2026-09-18 14:00:00+08:00", "hour": 14, "air_temperature_c": 29.52, "relative_humidity_pct": 56.99999999999999, "wind_speed_10m_ms": 2.7, "utci_c": 38.37, "p_base": 0.7808, "p_enhanced": 0.8192, "delta_p": 0.0384, "rel_mitigation_pct": -4.92, "risk_level": "extreme"}}, {"type": "Feature", "geometry": {"type": "Polygon", "coordinates": [[[121.42, 31.36], [121.42, 31.37], [121.43, 31.37], [121.43, 31.36], [121.42, 31.36]]]}, "properties": {"grid_id": "r053_c057", "phase": "peak_14h", "target_time": "2026-09-18 14:00:00+08:00", "hour": 14, "air_temperature_c": 29.52, "relative_humidity_pct": 56.99999999999999, "wind_speed_10m_ms": 2.7, "utci_c": 38.51, "p_base": 0.7868, "p_enhanced": 0.825, "delta_p": 0.0382, "rel_mitigation_pct": -4.85, "risk_level": "extreme"}}, {"type": "Feature", "geometry": {"type": "Polygon", "coordinates": [[[121.36, 31.35], [121.36, 31.36], [121.37, 31.36], [121.37, 31.35], [121.36, 31.35]]]}, "properties": {"grid_id": "r054_c051", "phase": "peak_14h", "target_time": "2026-09-18 14:00:00+08:00", "hour": 14, "air_temperature_c": 29.52, "relative_humidity_pct": 56.99999999999999, "wind_speed_10m_ms": 2.7, "utci_c": 38.5, "p_base": 0.7864, "p_enhanced": 0.8251, "delta_p": 0.0387, "rel_mitigation_pct": -4.92, "risk_level": "extreme"}}, {"type": "Feature", "geometry": {"type": "Polygon", "coordinates": [[[121.42, 31.35], [121.42, 31.36], [121.43, 31.36], [121.43, 31.35], [121.42, 31.35]]]}, "properties": {"grid_id": "r054_c057", "phase": "peak_14h", "target_time": "2026-09-18 14:00:00+08:00", "hour": 14, "air_temperature_c": 29.52, "relative_humidity_pct": 56.99999999999999, "wind_speed_10m_ms": 2.7, "utci_c": 38.03, "p_base": 0.7652, "p_enhanced": 0.8353, "delta_p": 0.0701, "rel_mitigation_pct": -9.16, "risk_level": "extreme"}}, {"type": "Feature", "geometry": {"type": "Polygon", "coordinates": [[[121.78, 31.35], [121.78, 31.36], [121.78667307180206, 31.36], [121.786709, 31.359951], [121.78777437729488, 31.35], [121.78, 31.35]]]}, "properties": {"grid_id": "r054_c093", "phase": "peak_14h", "target_time": "2026-09-18 14:00:00+08:00", "hour": 14, "air_temperature_c": 29.52, "relative_humidity_pct": 56.99999999999999, "wind_speed_10m_ms": 2.7, "utci_c": 38.27, "p_base": 0.7761, "p_enhanced": 0.8031, "delta_p": 0.0271, "rel_mitigation_pct": -3.49, "risk_level": "extreme"}}, {"type": "Feature", "geometry": {"type": "Polygon", "coordinates": [[[121.36, 31.34], [121.36, 31.35], [121.37, 31.35], [121.37, 31.34], [121.36, 31.34]]]}, "properties": {"grid_id": "r055_c051", "phase": "peak_14h", "target_time": "2026-09-18 14:00:00+08:00", "hour": 14, "air_temperature_c": 29.52, "relative_humidity_pct": 56.99999999999999, "wind_speed_10m_ms": 2.7, "utci_c": 37.68, "p_base": 0.7491, "p_enhanced": 0.8179, "delta_p": 0.0688, "rel_mitigation_pct": -9.19, "risk_level": "extreme"}}, {"type": "Feature", "geometry": {"type": "Polygon", "coordinates": [[[121.42, 31.34], [121.42, 31.35], [121.43, 31.35], [121.43, 31.34], [121.42, 31.34]]]}, "properties": {"grid_id": "r055_c057", "phase": "peak_14h", "target_time": "2026-09-18 14:00:00+08:00", "hour": 14, "air_temperature_c": 29.52, "relative_humidity_pct": 56.99999999999999, "wind_speed_10m_ms": 2.7, "utci_c": 38.23, "p_base": 0.7745, "p_enhanced": 0.7933, "delta_p": 0.0188, "rel_mitigation_pct": -2.43, "risk_level": "extreme"}}, {"type": "Feature", "geometry": {"type": "Polygon", "coordinates": [[[121.43, 31.34], [121.43, 31.35], [121.44, 31.35], [121.44, 31.34], [121.43, 31.34]]]}, "properties": {"grid_id": "r055_c058", "phase": "peak_14h", "target_time": "2026-09-18 14:00:00+08:00", "hour": 14, "air_temperature_c": 29.52, "relative_humidity_pct": 56.99999999999999, "wind_speed_10m_ms": 2.7, "utci_c": 38.29, "p_base": 0.7772, "p_enhanced": 0.7905, "delta_p": 0.0133, "rel_mitigation_pct": -1.71, "risk_level": "extreme"}}, {"type": "Feature", "geometry": {"type": "Polygon", "coordinates": [[[121.44, 31.34], [121.44, 31.35], [121.45, 31.35], [121.45, 31.34], [121.44, 31.34]]]}, "properties": {"grid_id": "r055_c059", "phase": "peak_14h", "target_time": "2026-09-18 14:00:00+08:00", "hour": 14, "air_temperature_c": 29.52, "relative_humidity_pct": 56.99999999999999, "wind_speed_10m_ms": 2.7, "utci_c": 38.28, "p_base": 0.7766, "p_enhanced": 0.8134, "delta_p": 0.0369, "rel_mitigation_pct": -4.75, "risk_level": "extreme"}}, {"type": "Feature", "geometry": {"type": "Polygon", "coordinates": [[[121.46, 31.34], [121.46, 31.35], [121.47, 31.35], [121.47, 31.34], [121.46, 31.34]]]}, "properties": {"grid_id": "r055_c061", "phase": "peak_14h", "target_time": "2026-09-18 14:00:00+08:00", "hour": 14, "air_temperature_c": 29.52, "relative_humidity_pct": 56.99999999999999, "wind_speed_10m_ms": 2.7, "utci_c": 38.45, "p_base": 0.7841, "p_enhanced": 0.8263, "delta_p": 0.0422, "rel_mitigation_pct": -5.38, "risk_level": "extreme"}}, {"type": "Feature", "geometry": {"type": "Polygon", "coordinates": [[[121.48, 31.34], [121.48, 31.35], [121.49, 31.35], [121.49, 31.34], [121.48, 31.34]]]}, "properties": {"grid_id": "r055_c063", "phase": "peak_14h", "target_time": "2026-09-18 14:00:00+08:00", "hour": 14, "air_temperature_c": 29.52, "relative_humidity_pct": 56.99999999999999, "wind_speed_10m_ms": 2.7, "utci_c": 38.57, "p_base": 0.7896, "p_enhanced": 0.8158, "delta_p": 0.0262, "rel_mitigation_pct": -3.32, "risk_level": "extreme"}}, {"type": "Feature", "geometry": {"type": "Polygon", "coordinates": [[[121.49, 31.34], [121.49, 31.35], [121.5, 31.35], [121.5, 31.34], [121.49, 31.34]]]}, "properties": {"grid_id": "r055_c064", "phase": "peak_14h", "target_time": "2026-09-18 14:00:00+08:00", "hour": 14, "air_temperature_c": 29.52, "relative_humidity_pct": 56.99999999999999, "wind_speed_10m_ms": 2.7, "utci_c": 38.53, "p_base": 0.7878, "p_enhanced": 0.8133, "delta_p": 0.0255, "rel_mitigation_pct": -3.23, "risk_level": "extreme"}}, {"type": "Feature", "geometry": {"type": "Polygon", "coordinates": [[[121.57, 31.34], [121.57, 31.35], [121.58, 31.35], [121.58, 31.34], [121.57, 31.34]]]}, "properties": {"grid_id": "r055_c072", "phase": "peak_14h", "target_time": "2026-09-18 14:00:00+08:00", "hour": 14, "air_temperature_c": 29.52, "relative_humidity_pct": 56.99999999999999, "wind_speed_10m_ms": 2.7, "utci_c": 38.51, "p_base": 0.7868, "p_enhanced": 0.8101, "delta_p": 0.0233, "rel_mitigation_pct": -2.96, "risk_level": "extreme"}}, {"type": "Feature", "geometry": {"type": "Polygon", "coordinates": [[[121.22, 31.33], [121.22, 31.34], [121.23, 31.34], [121.23, 31.33], [121.22, 31.33]]]}, "properties": {"grid_id": "r056_c037", "phase": "peak_14h", "target_time": "2026-09-18 14:00:00+08:00", "hour": 14, "air_temperature_c": 29.52, "relative_humidity_pct": 56.99999999999999, "wind_speed_10m_ms": 2.7, "utci_c": 38.42, "p_base": 0.7829, "p_enhanced": 0.8066, "delta_p": 0.0237, "rel_mitigation_pct": -3.03, "risk_level": "extreme"}}, {"type": "Feature", "geometry": {"type": "Polygon", "coordinates": [[[121.26, 31.33], [121.26, 31.34], [121.27, 31.34], [121.27, 31.33], [121.26, 31.33]]]}, "properties": {"grid_id": "r056_c041", "phase": "peak_14h", "target_time": "2026-09-18 14:00:00+08:00", "hour": 14, "air_temperature_c": 29.52, "relative_humidity_pct": 56.99999999999999, "wind_speed_10m_ms": 2.7, "utci_c": 38.52, "p_base": 0.7871, "p_enhanced": 0.8233, "delta_p": 0.0363, "rel_mitigation_pct": -4.61, "risk_level": "extreme"}}, {"type": "Feature", "geometry": {"type": "Polygon", "coordinates": [[[121.88, 31.33], [121.88, 31.34], [121.89, 31.34], [121.89, 31.33], [121.88, 31.33]]]}, "properties": {"grid_id": "r056_c103", "phase": "peak_14h", "target_time": "2026-09-18 14:00:00+08:00", "hour": 14, "air_temperature_c": 29.52, "relative_humidity_pct": 56.99999999999999, "wind_speed_10m_ms": 2.7, "utci_c": 38.24, "p_base": 0.7747, "p_enhanced": 0.7888, "delta_p": 0.014, "rel_mitigation_pct": -1.81, "risk_level": "extreme"}}, {"type": "Feature", "geometry": {"type": "Polygon", "coordinates": [[[121.39, 31.32], [121.39, 31.33], [121.4, 31.33], [121.4, 31.32], [121.39, 31.32]]]}, "properties": {"grid_id": "r057_c054", "phase": "peak_14h", "target_time": "2026-09-18 14:00:00+08:00", "hour": 14, "air_temperature_c": 29.52, "relative_humidity_pct": 56.99999999999999, "wind_speed_10m_ms": 2.7, "utci_c": 38.3, "p_base": 0.7777, "p_enhanced": 0.7993, "delta_p": 0.0216, "rel_mitigation_pct": -2.77, "risk_level": "extreme"}}, {"type": "Feature", "geometry": {"type": "Polygon", "coordinates": [[[121.43, 31.32], [121.43, 31.33], [121.44, 31.33], [121.44, 31.32], [121.43, 31.32]]]}, "properties": {"grid_id": "r057_c058", "phase": "peak_14h", "target_time": "2026-09-18 14:00:00+08:00", "hour": 14, "air_temperature_c": 29.52, "relative_humidity_pct": 56.99999999999999, "wind_speed_10m_ms": 2.7, "utci_c": 38.49, "p_base": 0.7859, "p_enhanced": 0.8254, "delta_p": 0.0395, "rel_mitigation_pct": -5.03, "risk_level": "extreme"}}, {"type": "Feature", "geometry": {"type": "Polygon", "coordinates": [[[121.46, 31.32], [121.46, 31.33], [121.47, 31.33], [121.47, 31.32], [121.46, 31.32]]]}, "properties": {"grid_id": "r057_c061", "phase": "peak_14h", "target_time": "2026-09-18 14:00:00+08:00", "hour": 14, "air_temperature_c": 29.52, "relative_humidity_pct": 56.99999999999999, "wind_speed_10m_ms": 2.7, "utci_c": 38.45, "p_base": 0.7842, "p_enhanced": 0.8129, "delta_p": 0.0287, "rel_mitigation_pct": -3.65, "risk_level": "extreme"}}, {"type": "Feature", "geometry": {"type": "Polygon", "coordinates": [[[121.5, 31.32], [121.5, 31.33], [121.51, 31.33], [121.51, 31.32], [121.5, 31.32]]]}, "properties": {"grid_id": "r057_c065", "phase": "peak_14h", "target_time": "2026-09-18 14:00:00+08:00", "hour": 14, "air_temperature_c": 29.52, "relative_humidity_pct": 56.99999999999999, "wind_speed_10m_ms": 2.7, "utci_c": 38.21, "p_base": 0.7735, "p_enhanced": 0.8047, "delta_p": 0.0312, "rel_mitigation_pct": -4.03, "risk_level": "extreme"}}, {"type": "Feature", "geometry": {"type": "Polygon", "coordinates": [[[121.54, 31.32], [121.54, 31.33], [121.55, 31.33], [121.55, 31.32], [121.54, 31.32]]]}, "properties": {"grid_id": "r057_c069", "phase": "peak_14h", "target_time": "2026-09-18 14:00:00+08:00", "hour": 14, "air_temperature_c": 29.52, "relative_humidity_pct": 56.99999999999999, "wind_speed_10m_ms": 2.7, "utci_c": 37.39, "p_base": 0.7349, "p_enhanced": 0.83, "delta_p": 0.0951, "rel_mitigation_pct": -12.94, "risk_level": "extreme"}}, {"type": "Feature", "geometry": {"type": "Polygon", "coordinates": [[[121.59, 31.32], [121.59, 31.33], [121.6, 31.33], [121.6, 31.32], [121.59, 31.32]]]}, "properties": {"grid_id": "r057_c074", "phase": "peak_14h", "target_time": "2026-09-18 14:00:00+08:00", "hour": 14, "air_temperature_c": 29.52, "relative_humidity_pct": 56.99999999999999, "wind_speed_10m_ms": 2.7, "utci_c": 37.82, "p_base": 0.7554, "p_enhanced": 0.8337, "delta_p": 0.0783, "rel_mitigation_pct": -10.36, "risk_level": "extreme"}}, {"type": "Feature", "geometry": {"type": "Polygon", "coordinates": [[[121.3, 31.31], [121.3, 31.32], [121.31, 31.32], [121.31, 31.31], [121.3, 31.31]]]}, "properties": {"grid_id": "r058_c045", "phase": "peak_14h", "target_time": "2026-09-18 14:00:00+08:00", "hour": 14, "air_temperature_c": 29.52, "relative_humidity_pct": 56.99999999999999, "wind_speed_10m_ms": 2.7, "utci_c": 38.05, "p_base": 0.7662, "p_enhanced": 0.7908, "delta_p": 0.0246, "rel_mitigation_pct": -3.21, "risk_level": "extreme"}}, {"type": "Feature", "geometry": {"type": "Polygon", "coordinates": [[[121.4, 31.31], [121.4, 31.32], [121.41, 31.32], [121.41, 31.31], [121.4, 31.31]]]}, "properties": {"grid_id": "r058_c055", "phase": "peak_14h", "target_time": "2026-09-18 14:00:00+08:00", "hour": 14, "air_temperature_c": 29.52, "relative_humidity_pct": 56.99999999999999, "wind_speed_10m_ms": 2.7, "utci_c": 38.47, "p_base": 0.7852, "p_enhanced": 0.8257, "delta_p": 0.0406, "rel_mitigation_pct": -5.16, "risk_level": "extreme"}}, {"type": "Feature", "geometry": {"type": "Polygon", "coordinates": [[[121.45, 31.31], [121.45, 31.32], [121.46, 31.32], [121.46, 31.31], [121.45, 31.31]]]}, "properties": {"grid_id": "r058_c060", "phase": "peak_14h", "target_time": "2026-09-18 14:00:00+08:00", "hour": 14, "air_temperature_c": 29.52, "relative_humidity_pct": 56.99999999999999, "wind_speed_10m_ms": 2.7, "utci_c": 38.39, "p_base": 0.7814, "p_enhanced": 0.8191, "delta_p": 0.0377, "rel_mitigation_pct": -4.82, "risk_level": "extreme"}}, {"type": "Feature", "geometry": {"type": "Polygon", "coordinates": [[[121.47, 31.31], [121.47, 31.32], [121.48, 31.32], [121.48, 31.31], [121.47, 31.31]]]}, "properties": {"grid_id": "r058_c062", "phase": "peak_14h", "target_time": "2026-09-18 14:00:00+08:00", "hour": 14, "air_temperature_c": 29.52, "relative_humidity_pct": 56.99999999999999, "wind_speed_10m_ms": 2.7, "utci_c": 38.42, "p_base": 0.783, "p_enhanced": 0.8182, "delta_p": 0.0352, "rel_mitigation_pct": -4.49, "risk_level": "extreme"}}, {"type": "Feature", "geometry": {"type": "Polygon", "coordinates": [[[121.52, 31.31], [121.52, 31.32], [121.53, 31.32], [121.53, 31.31], [121.52, 31.31]]]}, "properties": {"grid_id": "r058_c067", "phase": "peak_14h", "target_time": "2026-09-18 14:00:00+08:00", "hour": 14, "air_temperature_c": 29.52, "relative_humidity_pct": 56.99999999999999, "wind_speed_10m_ms": 2.7, "utci_c": 38.53, "p_base": 0.7877, "p_enhanced": 0.8229, "delta_p": 0.0352, "rel_mitigation_pct": -4.47, "risk_level": "extreme"}}, {"type": "Feature", "geometry": {"type": "Polygon", "coordinates": [[[121.55, 31.31], [121.55, 31.32], [121.56, 31.32], [121.56, 31.31], [121.55, 31.31]]]}, "properties": {"grid_id": "r058_c070", "phase": "peak_14h", "target_time": "2026-09-18 14:00:00+08:00", "hour": 14, "air_temperature_c": 29.52, "relative_humidity_pct": 56.99999999999999, "wind_speed_10m_ms": 2.7, "utci_c": 36.65, "p_base": 0.6969, "p_enhanced": 0.5551, "delta_p": -0.1417, "rel_mitigation_pct": 20.34, "risk_level": "high"}}, {"type": "Feature", "geometry": {"type": "Polygon", "coordinates": [[[121.58, 31.31], [121.58, 31.32], [121.59, 31.32], [121.59, 31.31], [121.58, 31.31]]]}, "properties": {"grid_id": "r058_c073", "phase": "peak_14h", "target_time": "2026-09-18 14:00:00+08:00", "hour": 14, "air_temperature_c": 29.52, "relative_humidity_pct": 56.99999999999999, "wind_speed_10m_ms": 2.7, "utci_c": 38.49, "p_base": 0.786, "p_enhanced": 0.825, "delta_p": 0.039, "rel_mitigation_pct": -4.96, "risk_level": "extreme"}}, {"type": "Feature", "geometry": {"type": "Polygon", "coordinates": [[[121.85, 31.31], [121.85, 31.32], [121.86, 31.32], [121.86, 31.31], [121.85, 31.31]]]}, "properties": {"grid_id": "r058_c100", "phase": "peak_14h", "target_time": "2026-09-18 14:00:00+08:00", "hour": 14, "air_temperature_c": 29.52, "relative_humidity_pct": 56.99999999999999, "wind_speed_10m_ms": 2.7, "utci_c": 38.5, "p_base": 0.7864, "p_enhanced": 0.8251, "delta_p": 0.0387, "rel_mitigation_pct": -4.92, "risk_level": "extreme"}}, {"type": "Feature", "geometry": {"type": "Polygon", "coordinates": [[[121.14, 31.31], [121.15, 31.31], [121.15, 31.3], [121.14554022818477, 31.3], [121.145554, 31.302572], [121.14, 31.30333631912589], [121.14, 31.31]]]}, "properties": {"grid_id": "r059_c029", "phase": "peak_14h", "target_time": "2026-09-18 14:00:00+08:00", "hour": 14, "air_temperature_c": 29.52, "relative_humidity_pct": 56.99999999999999, "wind_speed_10m_ms": 2.7, "utci_c": 38.53, "p_base": 0.7875, "p_enhanced": 0.8246, "delta_p": 0.0371, "rel_mitigation_pct": -4.71, "risk_level": "extreme"}}, {"type": "Feature", "geometry": {"type": "Polygon", "coordinates": [[[121.16, 31.3], [121.16, 31.31], [121.17, 31.31], [121.17, 31.3], [121.16, 31.3]]]}, "properties": {"grid_id": "r059_c031", "phase": "peak_14h", "target_time": "2026-09-18 14:00:00+08:00", "hour": 14, "air_temperature_c": 29.52, "relative_humidity_pct": 56.99999999999999, "wind_speed_10m_ms": 2.7, "utci_c": 38.68, "p_base": 0.7944, "p_enhanced": 0.8214, "delta_p": 0.027, "rel_mitigation_pct": -3.4, "risk_level": "extreme"}}, {"type": "Feature", "geometry": {"type": "Polygon", "coordinates": [[[121.44, 31.3], [121.44, 31.31], [121.45, 31.31], [121.45, 31.3], [121.44, 31.3]]]}, "properties": {"grid_id": "r059_c059", "phase": "peak_14h", "target_time": "2026-09-18 14:00:00+08:00", "hour": 14, "air_temperature_c": 29.52, "relative_humidity_pct": 56.99999999999999, "wind_speed_10m_ms": 2.7, "utci_c": 38.47, "p_base": 0.7849, "p_enhanced": 0.8175, "delta_p": 0.0326, "rel_mitigation_pct": -4.15, "risk_level": "extreme"}}, {"type": "Feature", "geometry": {"type": "Polygon", "coordinates": [[[121.46, 31.3], [121.46, 31.31], [121.47, 31.31], [121.47, 31.3], [121.46, 31.3]]]}, "properties": {"grid_id": "r059_c061", "phase": "peak_14h", "target_time": "2026-09-18 14:00:00+08:00", "hour": 14, "air_temperature_c": 29.52, "relative_humidity_pct": 56.99999999999999, "wind_speed_10m_ms": 2.7, "utci_c": 38.5, "p_base": 0.7864, "p_enhanced": 0.8198, "delta_p": 0.0334, "rel_mitigation_pct": -4.25, "risk_level": "extreme"}}, {"type": "Feature", "geometry": {"type": "Polygon", "coordinates": [[[121.47, 31.3], [121.47, 31.31], [121.48, 31.31], [121.48, 31.3], [121.47, 31.3]]]}, "properties": {"grid_id": "r059_c062", "phase": "peak_14h", "target_time": "2026-09-18 14:00:00+08:00", "hour": 14, "air_temperature_c": 29.52, "relative_humidity_pct": 56.99999999999999, "wind_speed_10m_ms": 2.7, "utci_c": 38.45, "p_base": 0.7841, "p_enhanced": 0.8167, "delta_p": 0.0326, "rel_mitigation_pct": -4.15, "risk_level": "extreme"}}, {"type": "Feature", "geometry": {"type": "Polygon", "coordinates": [[[121.49, 31.3], [121.49, 31.31], [121.5, 31.31], [121.5, 31.3], [121.49, 31.3]]]}, "properties": {"grid_id": "r059_c064", "phase": "peak_14h", "target_time": "2026-09-18 14:00:00+08:00", "hour": 14, "air_temperature_c": 29.52, "relative_humidity_pct": 56.99999999999999, "wind_speed_10m_ms": 2.7, "utci_c": 38.52, "p_base": 0.7872, "p_enhanced": 0.8213, "delta_p": 0.034, "rel_mitigation_pct": -4.32, "risk_level": "extreme"}}, {"type": "Feature", "geometry": {"type": "Polygon", "coordinates": [[[121.5, 31.3], [121.5, 31.31], [121.51, 31.31], [121.51, 31.3], [121.5, 31.3]]]}, "properties": {"grid_id": "r059_c065", "phase": "peak_14h", "target_time": "2026-09-18 14:00:00+08:00", "hour": 14, "air_temperature_c": 29.52, "relative_humidity_pct": 56.99999999999999, "wind_speed_10m_ms": 2.7, "utci_c": 38.76, "p_base": 0.7976, "p_enhanced": 0.8198, "delta_p": 0.0223, "rel_mitigation_pct": -2.79, "risk_level": "extreme"}}, {"type": "Feature", "geometry": {"type": "Polygon", "coordinates": [[[121.51, 31.3], [121.51, 31.31], [121.52, 31.31], [121.52, 31.3], [121.51, 31.3]]]}, "properties": {"grid_id": "r059_c066", "phase": "peak_14h", "target_time": "2026-09-18 14:00:00+08:00", "hour": 14, "air_temperature_c": 29.52, "relative_humidity_pct": 56.99999999999999, "wind_speed_10m_ms": 2.7, "utci_c": 38.68, "p_base": 0.7941, "p_enhanced": 0.8202, "delta_p": 0.0261, "rel_mitigation_pct": -3.29, "risk_level": "extreme"}}, {"type": "Feature", "geometry": {"type": "Polygon", "coordinates": [[[121.15, 31.29], [121.15, 31.3], [121.16, 31.3], [121.16, 31.29], [121.15, 31.29]]]}, "properties": {"grid_id": "r060_c030", "phase": "peak_14h", "target_time": "2026-09-18 14:00:00+08:00", "hour": 14, "air_temperature_c": 29.52, "relative_humidity_pct": 56.99999999999999, "wind_speed_10m_ms": 2.7, "utci_c": 38.71, "p_base": 0.7956, "p_enhanced": 0.8205, "delta_p": 0.0249, "rel_mitigation_pct": -3.13, "risk_level": "extreme"}}, {"type": "Feature", "geometry": {"type": "Polygon", "coordinates": [[[121.3, 31.29], [121.3, 31.3], [121.31, 31.3], [121.31, 31.29], [121.3, 31.29]]]}, "properties": {"grid_id": "r060_c045", "phase": "peak_14h", "target_time": "2026-09-18 14:00:00+08:00", "hour": 14, "air_temperature_c": 29.52, "relative_humidity_pct": 56.99999999999999, "wind_speed_10m_ms": 2.7, "utci_c": 38.5, "p_base": 0.7862, "p_enhanced": 0.8237, "delta_p": 0.0375, "rel_mitigation_pct": -4.77, "risk_level": "extreme"}}, {"type": "Feature", "geometry": {"type": "Polygon", "coordinates": [[[121.31, 31.29], [121.31, 31.3], [121.32, 31.3], [121.32, 31.29], [121.31, 31.29]]]}, "properties": {"grid_id": "r060_c046", "phase": "peak_14h", "target_time": "2026-09-18 14:00:00+08:00", "hour": 14, "air_temperature_c": 29.52, "relative_humidity_pct": 56.99999999999999, "wind_speed_10m_ms": 2.7, "utci_c": 38.42, "p_base": 0.7828, "p_enhanced": 0.8231, "delta_p": 0.0403, "rel_mitigation_pct": -5.15, "risk_level": "extreme"}}, {"type": "Feature", "geometry": {"type": "Polygon", "coordinates": [[[121.43, 31.29], [121.43, 31.3], [121.44, 31.3], [121.44, 31.29], [121.43, 31.29]]]}, "properties": {"grid_id": "r060_c058", "phase": "peak_14h", "target_time": "2026-09-18 14:00:00+08:00", "hour": 14, "air_temperature_c": 29.52, "relative_humidity_pct": 56.99999999999999, "wind_speed_10m_ms": 2.7, "utci_c": 38.57, "p_base": 0.7892, "p_enhanced": 0.8129, "delta_p": 0.0236, "rel_mitigation_pct": -3.0, "risk_level": "extreme"}}, {"type": "Feature", "geometry": {"type": "Polygon", "coordinates": [[[121.49, 31.29], [121.49, 31.3], [121.5, 31.3], [121.5, 31.29], [121.49, 31.29]]]}, "properties": {"grid_id": "r060_c064", "phase": "peak_14h", "target_time": "2026-09-18 14:00:00+08:00", "hour": 14, "air_temperature_c": 29.52, "relative_humidity_pct": 56.99999999999999, "wind_speed_10m_ms": 2.7, "utci_c": 38.72, "p_base": 0.7958, "p_enhanced": 0.8191, "delta_p": 0.0233, "rel_mitigation_pct": -2.93, "risk_level": "extreme"}}, {"type": "Feature", "geometry": {"type": "Polygon", "coordinates": [[[121.16, 31.28], [121.16, 31.29], [121.17, 31.29], [121.17, 31.28], [121.16, 31.28]]]}, "properties": {"grid_id": "r061_c031", "phase": "peak_14h", "target_time": "2026-09-18 14:00:00+08:00", "hour": 14, "air_temperature_c": 29.52, "relative_humidity_pct": 56.99999999999999, "wind_speed_10m_ms": 2.7, "utci_c": 38.09, "p_base": 0.768, "p_enhanced": 0.8026, "delta_p": 0.0345, "rel_mitigation_pct": -4.5, "risk_level": "extreme"}}, {"type": "Feature", "geometry": {"type": "Polygon", "coordinates": [[[121.41, 31.28], [121.41, 31.29], [121.42, 31.29], [121.42, 31.28], [121.41, 31.28]]]}, "properties": {"grid_id": "r061_c056", "phase": "peak_14h", "target_time": "2026-09-18 14:00:00+08:00", "hour": 14, "air_temperature_c": 29.52, "relative_humidity_pct": 56.99999999999999, "wind_speed_10m_ms": 2.7, "utci_c": 38.67, "p_base": 0.7937, "p_enhanced": 0.8212, "delta_p": 0.0275, "rel_mitigation_pct": -3.46, "risk_level": "extreme"}}, {"type": "Feature", "geometry": {"type": "Polygon", "coordinates": [[[121.42, 31.28], [121.42, 31.29], [121.43, 31.29], [121.43, 31.28], [121.42, 31.28]]]}, "properties": {"grid_id": "r061_c057", "phase": "peak_14h", "target_time": "2026-09-18 14:00:00+08:00", "hour": 14, "air_temperature_c": 29.52, "relative_humidity_pct": 56.99999999999999, "wind_speed_10m_ms": 2.7, "utci_c": 38.69, "p_base": 0.7948, "p_enhanced": 0.8122, "delta_p": 0.0174, "rel_mitigation_pct": -2.19, "risk_level": "extreme"}}, {"type": "Feature", "geometry": {"type": "Polygon", "coordinates": [[[121.44, 31.28], [121.44, 31.29], [121.45, 31.29], [121.45, 31.28], [121.44, 31.28]]]}, "properties": {"grid_id": "r061_c059", "phase": "peak_14h", "target_time": "2026-09-18 14:00:00+08:00", "hour": 14, "air_temperature_c": 29.52, "relative_humidity_pct": 56.99999999999999, "wind_speed_10m_ms": 2.7, "utci_c": 38.48, "p_base": 0.7855, "p_enhanced": 0.8251, "delta_p": 0.0396, "rel_mitigation_pct": -5.04, "risk_level": "extreme"}}, {"type": "Feature", "geometry": {"type": "Polygon", "coordinates": [[[121.47, 31.28], [121.47, 31.29], [121.48, 31.29], [121.48, 31.28], [121.47, 31.28]]]}, "properties": {"grid_id": "r061_c062", "phase": "peak_14h", "target_time": "2026-09-18 14:00:00+08:00", "hour": 14, "air_temperature_c": 29.52, "relative_humidity_pct": 56.99999999999999, "wind_speed_10m_ms": 2.7, "utci_c": 38.76, "p_base": 0.7975, "p_enhanced": 0.8086, "delta_p": 0.0111, "rel_mitigation_pct": -1.39, "risk_level": "extreme"}}, {"type": "Feature", "geometry": {"type": "Polygon", "coordinates": [[[121.49, 31.28], [121.49, 31.29], [121.5, 31.29], [121.5, 31.28], [121.49, 31.28]]]}, "properties": {"grid_id": "r061_c064", "phase": "peak_14h", "target_time": "2026-09-18 14:00:00+08:00", "hour": 14, "air_temperature_c": 29.52, "relative_humidity_pct": 56.99999999999999, "wind_speed_10m_ms": 2.7, "utci_c": 38.76, "p_base": 0.7976, "p_enhanced": 0.8194, "delta_p": 0.0218, "rel_mitigation_pct": -2.73, "risk_level": "extreme"}}, {"type": "Feature", "geometry": {"type": "Polygon", "coordinates": [[[121.53, 31.28], [121.53, 31.29], [121.54, 31.29], [121.54, 31.28], [121.53, 31.28]]]}, "properties": {"grid_id": "r061_c068", "phase": "peak_14h", "target_time": "2026-09-18 14:00:00+08:00", "hour": 14, "air_temperature_c": 29.52, "relative_humidity_pct": 56.99999999999999, "wind_speed_10m_ms": 2.7, "utci_c": 38.25, "p_base": 0.7755, "p_enhanced": 0.8216, "delta_p": 0.0461, "rel_mitigation_pct": -5.94, "risk_level": "extreme"}}, {"type": "Feature", "geometry": {"type": "Polygon", "coordinates": [[[121.67, 31.28], [121.67, 31.29], [121.68, 31.29], [121.68, 31.28], [121.67, 31.28]]]}, "properties": {"grid_id": "r061_c082", "phase": "peak_14h", "target_time": "2026-09-18 14:00:00+08:00", "hour": 14, "air_temperature_c": 29.52, "relative_humidity_pct": 56.99999999999999, "wind_speed_10m_ms": 2.7, "utci_c": 38.55, "p_base": 0.7884, "p_enhanced": 0.8242, "delta_p": 0.0358, "rel_mitigation_pct": -4.54, "risk_level": "extreme"}}, {"type": "Feature", "geometry": {"type": "Polygon", "coordinates": [[[121.4, 31.27], [121.4, 31.28], [121.41, 31.28], [121.41, 31.27], [121.4, 31.27]]]}, "properties": {"grid_id": "r062_c055", "phase": "peak_14h", "target_time": "2026-09-18 14:00:00+08:00", "hour": 14, "air_temperature_c": 29.52, "relative_humidity_pct": 56.99999999999999, "wind_speed_10m_ms": 2.7, "utci_c": 38.47, "p_base": 0.7853, "p_enhanced": 0.8241, "delta_p": 0.0388, "rel_mitigation_pct": -4.94, "risk_level": "extreme"}}, {"type": "Feature", "geometry": {"type": "Polygon", "coordinates": [[[121.42, 31.27], [121.42, 31.28], [121.43, 31.28], [121.43, 31.27], [121.42, 31.27]]]}, "properties": {"grid_id": "r062_c057", "phase": "peak_14h", "target_time": "2026-09-18 14:00:00+08:00", "hour": 14, "air_temperature_c": 29.52, "relative_humidity_pct": 56.99999999999999, "wind_speed_10m_ms": 2.7, "utci_c": 38.71, "p_base": 0.7955, "p_enhanced": 0.8208, "delta_p": 0.0253, "rel_mitigation_pct": -3.18, "risk_level": "extreme"}}, {"type": "Feature", "geometry": {"type": "Polygon", "coordinates": [[[121.43, 31.27], [121.43, 31.28], [121.44, 31.28], [121.44, 31.27], [121.43, 31.27]]]}, "properties": {"grid_id": "r062_c058", "phase": "peak_14h", "target_time": "2026-09-18 14:00:00+08:00", "hour": 14, "air_temperature_c": 29.52, "relative_humidity_pct": 56.99999999999999, "wind_speed_10m_ms": 2.7, "utci_c": 38.0, "p_base": 0.7639, "p_enhanced": 0.8173, "delta_p": 0.0534, "rel_mitigation_pct": -6.99, "risk_level": "extreme"}}, {"type": "Feature", "geometry": {"type": "Polygon", "coordinates": [[[121.44, 31.27], [121.44, 31.28], [121.45, 31.28], [121.45, 31.27], [121.44, 31.27]]]}, "properties": {"grid_id": "r062_c059", "phase": "peak_14h", "target_time": "2026-09-18 14:00:00+08:00", "hour": 14, "air_temperature_c": 29.52, "relative_humidity_pct": 56.99999999999999, "wind_speed_10m_ms": 2.7, "utci_c": 38.47, "p_base": 0.7851, "p_enhanced": 0.8056, "delta_p": 0.0205, "rel_mitigation_pct": -2.61, "risk_level": "extreme"}}, {"type": "Feature", "geometry": {"type": "Polygon", "coordinates": [[[121.45, 31.27], [121.45, 31.28], [121.46, 31.28], [121.46, 31.27], [121.45, 31.27]]]}, "properties": {"grid_id": "r062_c060", "phase": "peak_14h", "target_time": "2026-09-18 14:00:00+08:00", "hour": 14, "air_temperature_c": 29.52, "relative_humidity_pct": 56.99999999999999, "wind_speed_10m_ms": 2.7, "utci_c": 38.52, "p_base": 0.7874, "p_enhanced": 0.8164, "delta_p": 0.029, "rel_mitigation_pct": -3.68, "risk_level": "extreme"}}, {"type": "Feature", "geometry": {"type": "Polygon", "coordinates": [[[121.47, 31.27], [121.47, 31.28], [121.48, 31.28], [121.48, 31.27], [121.47, 31.27]]]}, "properties": {"grid_id": "r062_c062", "phase": "peak_14h", "target_time": "2026-09-18 14:00:00+08:00", "hour": 14, "air_temperature_c": 29.52, "relative_humidity_pct": 56.99999999999999, "wind_speed_10m_ms": 2.7, "utci_c": 38.58, "p_base": 0.79, "p_enhanced": 0.8133, "delta_p": 0.0233, "rel_mitigation_pct": -2.95, "risk_level": "extreme"}}, {"type": "Feature", "geometry": {"type": "Polygon", "coordinates": [[[121.49, 31.27], [121.49, 31.28], [121.5, 31.28], [121.5, 31.27], [121.49, 31.27]]]}, "properties": {"grid_id": "r062_c064", "phase": "peak_14h", "target_time": "2026-09-18 14:00:00+08:00", "hour": 14, "air_temperature_c": 29.52, "relative_humidity_pct": 56.99999999999999, "wind_speed_10m_ms": 2.7, "utci_c": 38.53, "p_base": 0.7877, "p_enhanced": 0.818, "delta_p": 0.0303, "rel_mitigation_pct": -3.85, "risk_level": "extreme"}}, {"type": "Feature", "geometry": {"type": "Polygon", "coordinates": [[[121.51, 31.27], [121.51, 31.28], [121.52, 31.28], [121.52, 31.27], [121.51, 31.27]]]}, "properties": {"grid_id": "r062_c066", "phase": "peak_14h", "target_time": "2026-09-18 14:00:00+08:00", "hour": 14, "air_temperature_c": 29.52, "relative_humidity_pct": 56.99999999999999, "wind_speed_10m_ms": 2.7, "utci_c": 38.71, "p_base": 0.7955, "p_enhanced": 0.8124, "delta_p": 0.0169, "rel_mitigation_pct": -2.13, "risk_level": "extreme"}}, {"type": "Feature", "geometry": {"type": "Polygon", "coordinates": [[[121.53, 31.27], [121.53, 31.28], [121.54, 31.28], [121.54, 31.27], [121.53, 31.27]]]}, "properties": {"grid_id": "r062_c068", "phase": "peak_14h", "target_time": "2026-09-18 14:00:00+08:00", "hour": 14, "air_temperature_c": 29.52, "relative_humidity_pct": 56.99999999999999, "wind_speed_10m_ms": 2.7, "utci_c": 38.57, "p_base": 0.7892, "p_enhanced": 0.8238, "delta_p": 0.0345, "rel_mitigation_pct": -4.37, "risk_level": "extreme"}}, {"type": "Feature", "geometry": {"type": "Polygon", "coordinates": [[[121.54, 31.27], [121.54, 31.28], [121.55, 31.28], [121.55, 31.27], [121.54, 31.27]]]}, "properties": {"grid_id": "r062_c069", "phase": "peak_14h", "target_time": "2026-09-18 14:00:00+08:00", "hour": 14, "air_temperature_c": 29.52, "relative_humidity_pct": 56.99999999999999, "wind_speed_10m_ms": 2.7, "utci_c": 38.51, "p_base": 0.7868, "p_enhanced": 0.8249, "delta_p": 0.0381, "rel_mitigation_pct": -4.84, "risk_level": "extreme"}}, {"type": "Feature", "geometry": {"type": "Polygon", "coordinates": [[[121.47, 31.26], [121.47, 31.27], [121.48, 31.27], [121.48, 31.26], [121.47, 31.26]]]}, "properties": {"grid_id": "r063_c062", "phase": "peak_14h", "target_time": "2026-09-18 14:00:00+08:00", "hour": 14, "air_temperature_c": 29.52, "relative_humidity_pct": 56.99999999999999, "wind_speed_10m_ms": 2.7, "utci_c": 38.63, "p_base": 0.7922, "p_enhanced": 0.811, "delta_p": 0.0189, "rel_mitigation_pct": -2.38, "risk_level": "extreme"}}, {"type": "Feature", "geometry": {"type": "Polygon", "coordinates": [[[121.48, 31.26], [121.48, 31.27], [121.49, 31.27], [121.49, 31.26], [121.48, 31.26]]]}, "properties": {"grid_id": "r063_c063", "phase": "peak_14h", "target_time": "2026-09-18 14:00:00+08:00", "hour": 14, "air_temperature_c": 29.52, "relative_humidity_pct": 56.99999999999999, "wind_speed_10m_ms": 2.7, "utci_c": 38.68, "p_base": 0.7941, "p_enhanced": 0.8119, "delta_p": 0.0177, "rel_mitigation_pct": -2.23, "risk_level": "extreme"}}, {"type": "Feature", "geometry": {"type": "Polygon", "coordinates": [[[121.49, 31.26], [121.49, 31.27], [121.5, 31.27], [121.5, 31.26], [121.49, 31.26]]]}, "properties": {"grid_id": "r063_c064", "phase": "peak_14h", "target_time": "2026-09-18 14:00:00+08:00", "hour": 14, "air_temperature_c": 29.52, "relative_humidity_pct": 56.99999999999999, "wind_speed_10m_ms": 2.7, "utci_c": 38.82, "p_base": 0.8003, "p_enhanced": 0.8184, "delta_p": 0.0181, "rel_mitigation_pct": -2.26, "risk_level": "extreme"}}, {"type": "Feature", "geometry": {"type": "Polygon", "coordinates": [[[121.51, 31.26], [121.51, 31.27], [121.52, 31.27], [121.52, 31.26], [121.51, 31.26]]]}, "properties": {"grid_id": "r063_c066", "phase": "peak_14h", "target_time": "2026-09-18 14:00:00+08:00", "hour": 14, "air_temperature_c": 29.52, "relative_humidity_pct": 56.99999999999999, "wind_speed_10m_ms": 2.7, "utci_c": 38.77, "p_base": 0.7978, "p_enhanced": 0.8197, "delta_p": 0.0219, "rel_mitigation_pct": -2.75, "risk_level": "extreme"}}, {"type": "Feature", "geometry": {"type": "Polygon", "coordinates": [[[121.53, 31.26], [121.53, 31.27], [121.54, 31.27], [121.54, 31.26], [121.53, 31.26]]]}, "properties": {"grid_id": "r063_c068", "phase": "peak_14h", "target_time": "2026-09-18 14:00:00+08:00", "hour": 14, "air_temperature_c": 29.52, "relative_humidity_pct": 56.99999999999999, "wind_speed_10m_ms": 2.7, "utci_c": 38.56, "p_base": 0.789, "p_enhanced": 0.8239, "delta_p": 0.035, "rel_mitigation_pct": -4.43, "risk_level": "extreme"}}, {"type": "Feature", "geometry": {"type": "Polygon", "coordinates": [[[121.56, 31.26], [121.56, 31.27], [121.57, 31.27], [121.57, 31.26], [121.56, 31.26]]]}, "properties": {"grid_id": "r063_c071", "phase": "peak_14h", "target_time": "2026-09-18 14:00:00+08:00", "hour": 14, "air_temperature_c": 29.52, "relative_humidity_pct": 56.99999999999999, "wind_speed_10m_ms": 2.7, "utci_c": 38.51, "p_base": 0.787, "p_enhanced": 0.8159, "delta_p": 0.0289, "rel_mitigation_pct": -3.68, "risk_level": "extreme"}}, {"type": "Feature", "geometry": {"type": "Polygon", "coordinates": [[[121.39, 31.25], [121.39, 31.26], [121.4, 31.26], [121.4, 31.25], [121.39, 31.25]]]}, "properties": {"grid_id": "r064_c054", "phase": "peak_14h", "target_time": "2026-09-18 14:00:00+08:00", "hour": 14, "air_temperature_c": 29.52, "relative_humidity_pct": 56.99999999999999, "wind_speed_10m_ms": 2.7, "utci_c": 38.44, "p_base": 0.7838, "p_enhanced": 0.8238, "delta_p": 0.04, "rel_mitigation_pct": -5.1, "risk_level": "extreme"}}, {"type": "Feature", "geometry": {"type": "Polygon", "coordinates": [[[121.4, 31.25], [121.4, 31.26], [121.41, 31.26], [121.41, 31.25], [121.4, 31.25]]]}, "properties": {"grid_id": "r064_c055", "phase": "peak_14h", "target_time": "2026-09-18 14:00:00+08:00", "hour": 14, "air_temperature_c": 29.52, "relative_humidity_pct": 56.99999999999999, "wind_speed_10m_ms": 2.7, "utci_c": 38.62, "p_base": 0.7915, "p_enhanced": 0.8167, "delta_p": 0.0252, "rel_mitigation_pct": -3.18, "risk_level": "extreme"}}, {"type": "Feature", "geometry": {"type": "Polygon", "coordinates": [[[121.41, 31.25], [121.41, 31.26], [121.42, 31.26], [121.42, 31.25], [121.41, 31.25]]]}, "properties": {"grid_id": "r064_c056", "phase": "peak_14h", "target_time": "2026-09-18 14:00:00+08:00", "hour": 14, "air_temperature_c": 29.52, "relative_humidity_pct": 56.99999999999999, "wind_speed_10m_ms": 2.7, "utci_c": 38.63, "p_base": 0.7921, "p_enhanced": 0.8203, "delta_p": 0.0282, "rel_mitigation_pct": -3.56, "risk_level": "extreme"}}, {"type": "Feature", "geometry": {"type": "Polygon", "coordinates": [[[121.42, 31.25], [121.42, 31.26], [121.43, 31.26], [121.43, 31.25], [121.42, 31.25]]]}, "properties": {"grid_id": "r064_c057", "phase": "peak_14h", "target_time": "2026-09-18 14:00:00+08:00", "hour": 14, "air_temperature_c": 29.52, "relative_humidity_pct": 56.99999999999999, "wind_speed_10m_ms": 2.7, "utci_c": 38.73, "p_base": 0.7961, "p_enhanced": 0.8155, "delta_p": 0.0194, "rel_mitigation_pct": -2.44, "risk_level": "extreme"}}, {"type": "Feature", "geometry": {"type": "Polygon", "coordinates": [[[121.43, 31.25], [121.43, 31.26], [121.44, 31.26], [121.44, 31.25], [121.43, 31.25]]]}, "properties": {"grid_id": "r064_c058", "phase": "peak_14h", "target_time": "2026-09-18 14:00:00+08:00", "hour": 14, "air_temperature_c": 29.52, "relative_humidity_pct": 56.99999999999999, "wind_speed_10m_ms": 2.7, "utci_c": 38.24, "p_base": 0.775, "p_enhanced": 0.7988, "delta_p": 0.0238, "rel_mitigation_pct": -3.07, "risk_level": "extreme"}}, {"type": "Feature", "geometry": {"type": "Polygon", "coordinates": [[[121.44, 31.25], [121.44, 31.26], [121.45, 31.26], [121.45, 31.25], [121.44, 31.25]]]}, "properties": {"grid_id": "r064_c059", "phase": "peak_14h", "target_time": "2026-09-18 14:00:00+08:00", "hour": 14, "air_temperature_c": 29.52, "relative_humidity_pct": 56.99999999999999, "wind_speed_10m_ms": 2.7, "utci_c": 38.56, "p_base": 0.7889, "p_enhanced": 0.7933, "delta_p": 0.0044, "rel_mitigation_pct": -0.56, "risk_level": "extreme"}}, {"type": "Feature", "geometry": {"type": "Polygon", "coordinates": [[[121.46, 31.25], [121.46, 31.26], [121.47, 31.26], [121.47, 31.25], [121.46, 31.25]]]}, "properties": {"grid_id": "r064_c061", "phase": "peak_14h", "target_time": "2026-09-18 14:00:00+08:00", "hour": 14, "air_temperature_c": 29.52, "relative_humidity_pct": 56.99999999999999, "wind_speed_10m_ms": 2.7, "utci_c": 38.51, "p_base": 0.7867, "p_enhanced": 0.825, "delta_p": 0.0383, "rel_mitigation_pct": -4.87, "risk_level": "extreme"}}, {"type": "Feature", "geometry": {"type": "Polygon", "coordinates": [[[121.47, 31.25], [121.47, 31.26], [121.48, 31.26], [121.48, 31.25], [121.47, 31.25]]]}, "properties": {"grid_id": "r064_c062", "phase": "peak_14h", "target_time": "2026-09-18 14:00:00+08:00", "hour": 14, "air_temperature_c": 29.52, "relative_humidity_pct": 56.99999999999999, "wind_speed_10m_ms": 2.7, "utci_c": 38.58, "p_base": 0.7899, "p_enhanced": 0.8234, "delta_p": 0.0335, "rel_mitigation_pct": -4.24, "risk_level": "extreme"}}, {"type": "Feature", "geometry": {"type": "Polygon", "coordinates": [[[121.48, 31.25], [121.48, 31.26], [121.49, 31.26], [121.49, 31.25], [121.48, 31.25]]]}, "properties": {"grid_id": "r064_c063", "phase": "peak_14h", "target_time": "2026-09-18 14:00:00+08:00", "hour": 14, "air_temperature_c": 29.52, "relative_humidity_pct": 56.99999999999999, "wind_speed_10m_ms": 2.7, "utci_c": 38.66, "p_base": 0.7935, "p_enhanced": 0.8057, "delta_p": 0.0122, "rel_mitigation_pct": -1.53, "risk_level": "extreme"}}, {"type": "Feature", "geometry": {"type": "Polygon", "coordinates": [[[121.49, 31.25], [121.49, 31.26], [121.5, 31.26], [121.5, 31.25], [121.49, 31.25]]]}, "properties": {"grid_id": "r064_c064", "phase": "peak_14h", "target_time": "2026-09-18 14:00:00+08:00", "hour": 14, "air_temperature_c": 29.52, "relative_humidity_pct": 56.99999999999999, "wind_speed_10m_ms": 2.7, "utci_c": 38.66, "p_base": 0.7932, "p_enhanced": 0.8201, "delta_p": 0.0269, "rel_mitigation_pct": -3.39, "risk_level": "extreme"}}, {"type": "Feature", "geometry": {"type": "Polygon", "coordinates": [[[121.5, 31.25], [121.5, 31.26], [121.51, 31.26], [121.51, 31.25], [121.5, 31.25]]]}, "properties": {"grid_id": "r064_c065", "phase": "peak_14h", "target_time": "2026-09-18 14:00:00+08:00", "hour": 14, "air_temperature_c": 29.52, "relative_humidity_pct": 56.99999999999999, "wind_speed_10m_ms": 2.7, "utci_c": 38.25, "p_base": 0.7751, "p_enhanced": 0.7727, "delta_p": -0.0024, "rel_mitigation_pct": 0.3, "risk_level": "extreme"}}, {"type": "Feature", "geometry": {"type": "Polygon", "coordinates": [[[121.51, 31.25], [121.51, 31.26], [121.52, 31.26], [121.52, 31.25], [121.51, 31.25]]]}, "properties": {"grid_id": "r064_c066", "phase": "peak_14h", "target_time": "2026-09-18 14:00:00+08:00", "hour": 14, "air_temperature_c": 29.52, "relative_humidity_pct": 56.99999999999999, "wind_speed_10m_ms": 2.7, "utci_c": 38.23, "p_base": 0.7742, "p_enhanced": 0.78, "delta_p": 0.0058, "rel_mitigation_pct": -0.75, "risk_level": "extreme"}}, {"type": "Feature", "geometry": {"type": "Polygon", "coordinates": [[[121.52, 31.25], [121.52, 31.26], [121.53, 31.26], [121.53, 31.25], [121.52, 31.25]]]}, "properties": {"grid_id": "r064_c067", "phase": "peak_14h", "target_time": "2026-09-18 14:00:00+08:00", "hour": 14, "air_temperature_c": 29.52, "relative_humidity_pct": 56.99999999999999, "wind_speed_10m_ms": 2.7, "utci_c": 38.04, "p_base": 0.7657, "p_enhanced": 0.7427, "delta_p": -0.023, "rel_mitigation_pct": 3.0, "risk_level": "extreme"}}, {"type": "Feature", "geometry": {"type": "Polygon", "coordinates": [[[121.53, 31.25], [121.53, 31.26], [121.54, 31.26], [121.54, 31.25], [121.53, 31.25]]]}, "properties": {"grid_id": "r064_c068", "phase": "peak_14h", "target_time": "2026-09-18 14:00:00+08:00", "hour": 14, "air_temperature_c": 29.52, "relative_humidity_pct": 56.99999999999999, "wind_speed_10m_ms": 2.7, "utci_c": 37.13, "p_base": 0.7219, "p_enhanced": 0.575, "delta_p": -0.1469, "rel_mitigation_pct": 20.35, "risk_level": "high"}}, {"type": "Feature", "geometry": {"type": "Polygon", "coordinates": [[[121.57, 31.25], [121.57, 31.26], [121.58, 31.26], [121.58, 31.25], [121.57, 31.25]]]}, "properties": {"grid_id": "r064_c072", "phase": "peak_14h", "target_time": "2026-09-18 14:00:00+08:00", "hour": 14, "air_temperature_c": 29.52, "relative_humidity_pct": 56.99999999999999, "wind_speed_10m_ms": 2.7, "utci_c": 38.55, "p_base": 0.7887, "p_enhanced": 0.8235, "delta_p": 0.0348, "rel_mitigation_pct": -4.42, "risk_level": "extreme"}}, {"type": "Feature", "geometry": {"type": "Polygon", "coordinates": [[[121.59, 31.25], [121.59, 31.26], [121.6, 31.26], [121.6, 31.25], [121.59, 31.25]]]}, "properties": {"grid_id": "r064_c074", "phase": "peak_14h", "target_time": "2026-09-18 14:00:00+08:00", "hour": 14, "air_temperature_c": 29.52, "relative_humidity_pct": 56.99999999999999, "wind_speed_10m_ms": 2.7, "utci_c": 38.59, "p_base": 0.7905, "p_enhanced": 0.8217, "delta_p": 0.0312, "rel_mitigation_pct": -3.95, "risk_level": "extreme"}}, {"type": "Feature", "geometry": {"type": "Polygon", "coordinates": [[[121.66, 31.25], [121.66, 31.26], [121.67, 31.26], [121.67, 31.25], [121.66, 31.25]]]}, "properties": {"grid_id": "r064_c081", "phase": "peak_14h", "target_time": "2026-09-18 14:00:00+08:00", "hour": 14, "air_temperature_c": 29.52, "relative_humidity_pct": 56.99999999999999, "wind_speed_10m_ms": 2.7, "utci_c": 38.51, "p_base": 0.7867, "p_enhanced": 0.8249, "delta_p": 0.0382, "rel_mitigation_pct": -4.86, "risk_level": "extreme"}}, {"type": "Feature", "geometry": {"type": "Polygon", "coordinates": [[[121.16, 31.24], [121.16, 31.25], [121.17, 31.25], [121.17, 31.24], [121.16, 31.24]]]}, "properties": {"grid_id": "r065_c031", "phase": "peak_14h", "target_time": "2026-09-18 14:00:00+08:00", "hour": 14, "air_temperature_c": 29.52, "relative_humidity_pct": 56.99999999999999, "wind_speed_10m_ms": 2.7, "utci_c": 38.5, "p_base": 0.7864, "p_enhanced": 0.8251, "delta_p": 0.0387, "rel_mitigation_pct": -4.92, "risk_level": "extreme"}}, {"type": "Feature", "geometry": {"type": "Polygon", "coordinates": [[[121.31, 31.24], [121.31, 31.25], [121.32, 31.25], [121.32, 31.24], [121.31, 31.24]]]}, "properties": {"grid_id": "r065_c046", "phase": "peak_14h", "target_time": "2026-09-18 14:00:00+08:00", "hour": 14, "air_temperature_c": 29.52, "relative_humidity_pct": 56.99999999999999, "wind_speed_10m_ms": 2.7, "utci_c": 38.56, "p_base": 0.789, "p_enhanced": 0.8227, "delta_p": 0.0337, "rel_mitigation_pct": -4.27, "risk_level": "extreme"}}, {"type": "Feature", "geometry": {"type": "Polygon", "coordinates": [[[121.33, 31.24], [121.33, 31.25], [121.34, 31.25], [121.34, 31.24], [121.33, 31.24]]]}, "properties": {"grid_id": "r065_c048", "phase": "peak_14h", "target_time": "2026-09-18 14:00:00+08:00", "hour": 14, "air_temperature_c": 29.52, "relative_humidity_pct": 56.99999999999999, "wind_speed_10m_ms": 2.7, "utci_c": 38.39, "p_base": 0.7814, "p_enhanced": 0.8075, "delta_p": 0.026, "rel_mitigation_pct": -3.33, "risk_level": "extreme"}}, {"type": "Feature", "geometry": {"type": "Polygon", "coordinates": [[[121.37, 31.24], [121.37, 31.25], [121.38, 31.25], [121.38, 31.24], [121.37, 31.24]]]}, "properties": {"grid_id": "r065_c052", "phase": "peak_14h", "target_time": "2026-09-18 14:00:00+08:00", "hour": 14, "air_temperature_c": 29.52, "relative_humidity_pct": 56.99999999999999, "wind_speed_10m_ms": 2.7, "utci_c": 38.54, "p_base": 0.7883, "p_enhanced": 0.8243, "delta_p": 0.036, "rel_mitigation_pct": -4.57, "risk_level": "extreme"}}, {"type": "Feature", "geometry": {"type": "Polygon", "coordinates": [[[121.42, 31.24], [121.42, 31.25], [121.43, 31.25], [121.43, 31.24], [121.42, 31.24]]]}, "properties": {"grid_id": "r065_c057", "phase": "peak_14h", "target_time": "2026-09-18 14:00:00+08:00", "hour": 14, "air_temperature_c": 29.52, "relative_humidity_pct": 56.99999999999999, "wind_speed_10m_ms": 2.7, "utci_c": 38.55, "p_base": 0.7885, "p_enhanced": 0.7967, "delta_p": 0.0082, "rel_mitigation_pct": -1.04, "risk_level": "extreme"}}, {"type": "Feature", "geometry": {"type": "Polygon", "coordinates": [[[121.43, 31.24], [121.43, 31.25], [121.44, 31.25], [121.44, 31.24], [121.43, 31.24]]]}, "properties": {"grid_id": "r065_c058", "phase": "peak_14h", "target_time": "2026-09-18 14:00:00+08:00", "hour": 14, "air_temperature_c": 29.52, "relative_humidity_pct": 56.99999999999999, "wind_speed_10m_ms": 2.7, "utci_c": 38.69, "p_base": 0.7946, "p_enhanced": 0.819, "delta_p": 0.0244, "rel_mitigation_pct": -3.07, "risk_level": "extreme"}}, {"type": "Feature", "geometry": {"type": "Polygon", "coordinates": [[[121.44, 31.24], [121.44, 31.25], [121.45, 31.25], [121.45, 31.24], [121.44, 31.24]]]}, "properties": {"grid_id": "r065_c059", "phase": "peak_14h", "target_time": "2026-09-18 14:00:00+08:00", "hour": 14, "air_temperature_c": 29.52, "relative_humidity_pct": 56.99999999999999, "wind_speed_10m_ms": 2.7, "utci_c": 38.54, "p_base": 0.7881, "p_enhanced": 0.7956, "delta_p": 0.0076, "rel_mitigation_pct": -0.96, "risk_level": "extreme"}}, {"type": "Feature", "geometry": {"type": "Polygon", "coordinates": [[[121.45, 31.24], [121.45, 31.25], [121.46, 31.25], [121.46, 31.24], [121.45, 31.24]]]}, "properties": {"grid_id": "r065_c060", "phase": "peak_14h", "target_time": "2026-09-18 14:00:00+08:00", "hour": 14, "air_temperature_c": 29.52, "relative_humidity_pct": 56.99999999999999, "wind_speed_10m_ms": 2.7, "utci_c": 38.47, "p_base": 0.7849, "p_enhanced": 0.8053, "delta_p": 0.0203, "rel_mitigation_pct": -2.59, "risk_level": "extreme"}}, {"type": "Feature", "geometry": {"type": "Polygon", "coordinates": [[[121.46, 31.24], [121.46, 31.25], [121.47, 31.25], [121.47, 31.24], [121.46, 31.24]]]}, "properties": {"grid_id": "r065_c061", "phase": "peak_14h", "target_time": "2026-09-18 14:00:00+08:00", "hour": 14, "air_temperature_c": 29.52, "relative_humidity_pct": 56.99999999999999, "wind_speed_10m_ms": 2.7, "utci_c": 38.56, "p_base": 0.7888, "p_enhanced": 0.8014, "delta_p": 0.0126, "rel_mitigation_pct": -1.6, "risk_level": "extreme"}}, {"type": "Feature", "geometry": {"type": "Polygon", "coordinates": [[[121.47, 31.24], [121.47, 31.25], [121.48, 31.25], [121.48, 31.24], [121.47, 31.24]]]}, "properties": {"grid_id": "r065_c062", "phase": "peak_14h", "target_time": "2026-09-18 14:00:00+08:00", "hour": 14, "air_temperature_c": 29.52, "relative_humidity_pct": 56.99999999999999, "wind_speed_10m_ms": 2.7, "utci_c": 38.69, "p_base": 0.7946, "p_enhanced": 0.797, "delta_p": 0.0025, "rel_mitigation_pct": -0.31, "risk_level": "extreme"}}, {"type": "Feature", "geometry": {"type": "Polygon", "coordinates": [[[121.48, 31.24], [121.48, 31.25], [121.49, 31.25], [121.49, 31.24], [121.48, 31.24]]]}, "properties": {"grid_id": "r065_c063", "phase": "peak_14h", "target_time": "2026-09-18 14:00:00+08:00", "hour": 14, "air_temperature_c": 29.52, "relative_humidity_pct": 56.99999999999999, "wind_speed_10m_ms": 2.7, "utci_c": 38.1, "p_base": 0.7683, "p_enhanced": 0.7142, "delta_p": -0.0541, "rel_mitigation_pct": 7.04, "risk_level": "extreme"}}, {"type": "Feature", "geometry": {"type": "Polygon", "coordinates": [[[121.49, 31.24], [121.49, 31.25], [121.5, 31.25], [121.5, 31.24], [121.49, 31.24]]]}, "properties": {"grid_id": "r065_c064", "phase": "peak_14h", "target_time": "2026-09-18 14:00:00+08:00", "hour": 14, "air_temperature_c": 29.52, "relative_humidity_pct": 56.99999999999999, "wind_speed_10m_ms": 2.7, "utci_c": 37.05, "p_base": 0.7176, "p_enhanced": 0.5903, "delta_p": -0.1273, "rel_mitigation_pct": 17.74, "risk_level": "high"}}, {"type": "Feature", "geometry": {"type": "Polygon", "coordinates": [[[121.5, 31.24], [121.5, 31.25], [121.51, 31.25], [121.51, 31.24], [121.5, 31.24]]]}, "properties": {"grid_id": "r065_c065", "phase": "peak_14h", "target_time": "2026-09-18 14:00:00+08:00", "hour": 14, "air_temperature_c": 29.52, "relative_humidity_pct": 56.99999999999999, "wind_speed_10m_ms": 2.7, "utci_c": 37.51, "p_base": 0.7404, "p_enhanced": 0.6794, "delta_p": -0.061, "rel_mitigation_pct": 8.24, "risk_level": "high"}}, {"type": "Feature", "geometry": {"type": "Polygon", "coordinates": [[[121.51, 31.24], [121.51, 31.25], [121.52, 31.25], [121.52, 31.24], [121.51, 31.24]]]}, "properties": {"grid_id": "r065_c066", "phase": "peak_14h", "target_time": "2026-09-18 14:00:00+08:00", "hour": 14, "air_temperature_c": 29.52, "relative_humidity_pct": 56.99999999999999, "wind_speed_10m_ms": 2.7, "utci_c": 37.63, "p_base": 0.7463, "p_enhanced": 0.6847, "delta_p": -0.0616, "rel_mitigation_pct": 8.25, "risk_level": "high"}}, {"type": "Feature", "geometry": {"type": "Polygon", "coordinates": [[[121.52, 31.24], [121.52, 31.25], [121.53, 31.25], [121.53, 31.24], [121.52, 31.24]]]}, "properties": {"grid_id": "r065_c067", "phase": "peak_14h", "target_time": "2026-09-18 14:00:00+08:00", "hour": 14, "air_temperature_c": 29.52, "relative_humidity_pct": 56.99999999999999, "wind_speed_10m_ms": 2.7, "utci_c": 37.76, "p_base": 0.7525, "p_enhanced": 0.7214, "delta_p": -0.0311, "rel_mitigation_pct": 4.13, "risk_level": "extreme"}}, {"type": "Feature", "geometry": {"type": "Polygon", "coordinates": [[[121.53, 31.24], [121.53, 31.25], [121.54, 31.25], [121.54, 31.24], [121.53, 31.24]]]}, "properties": {"grid_id": "r065_c068", "phase": "peak_14h", "target_time": "2026-09-18 14:00:00+08:00", "hour": 14, "air_temperature_c": 29.52, "relative_humidity_pct": 56.99999999999999, "wind_speed_10m_ms": 2.7, "utci_c": 38.42, "p_base": 0.783, "p_enhanced": 0.8146, "delta_p": 0.0316, "rel_mitigation_pct": -4.04, "risk_level": "extreme"}}, {"type": "Feature", "geometry": {"type": "Polygon", "coordinates": [[[121.54, 31.24], [121.54, 31.25], [121.55, 31.25], [121.55, 31.24], [121.54, 31.24]]]}, "properties": {"grid_id": "r065_c069", "phase": "peak_14h", "target_time": "2026-09-18 14:00:00+08:00", "hour": 14, "air_temperature_c": 29.52, "relative_humidity_pct": 56.99999999999999, "wind_speed_10m_ms": 2.7, "utci_c": 38.48, "p_base": 0.7855, "p_enhanced": 0.8131, "delta_p": 0.0276, "rel_mitigation_pct": -3.51, "risk_level": "extreme"}}, {"type": "Feature", "geometry": {"type": "Polygon", "coordinates": [[[121.55, 31.24], [121.55, 31.25], [121.56, 31.25], [121.56, 31.24], [121.55, 31.24]]]}, "properties": {"grid_id": "r065_c070", "phase": "peak_14h", "target_time": "2026-09-18 14:00:00+08:00", "hour": 14, "air_temperature_c": 29.52, "relative_humidity_pct": 56.99999999999999, "wind_speed_10m_ms": 2.7, "utci_c": 38.55, "p_base": 0.7884, "p_enhanced": 0.8165, "delta_p": 0.028, "rel_mitigation_pct": -3.56, "risk_level": "extreme"}}, {"type": "Feature", "geometry": {"type": "Polygon", "coordinates": [[[121.58, 31.24], [121.58, 31.25], [121.59, 31.25], [121.59, 31.24], [121.58, 31.24]]]}, "properties": {"grid_id": "r065_c073", "phase": "peak_14h", "target_time": "2026-09-18 14:00:00+08:00", "hour": 14, "air_temperature_c": 29.52, "relative_humidity_pct": 56.99999999999999, "wind_speed_10m_ms": 2.7, "utci_c": 38.5, "p_base": 0.7866, "p_enhanced": 0.8105, "delta_p": 0.0239, "rel_mitigation_pct": -3.04, "risk_level": "extreme"}}, {"type": "Feature", "geometry": {"type": "Polygon", "coordinates": [[[121.13, 31.23], [121.13, 31.24], [121.14, 31.24], [121.14, 31.23], [121.13, 31.23]]]}, "properties": {"grid_id": "r066_c028", "phase": "peak_14h", "target_time": "2026-09-18 14:00:00+08:00", "hour": 14, "air_temperature_c": 29.52, "relative_humidity_pct": 56.99999999999999, "wind_speed_10m_ms": 2.7, "utci_c": 38.49, "p_base": 0.786, "p_enhanced": 0.8205, "delta_p": 0.0345, "rel_mitigation_pct": -4.39, "risk_level": "extreme"}}, {"type": "Feature", "geometry": {"type": "Polygon", "coordinates": [[[121.33, 31.23], [121.33, 31.24], [121.34, 31.24], [121.34, 31.23], [121.33, 31.23]]]}, "properties": {"grid_id": "r066_c048", "phase": "peak_14h", "target_time": "2026-09-18 14:00:00+08:00", "hour": 14, "air_temperature_c": 29.52, "relative_humidity_pct": 56.99999999999999, "wind_speed_10m_ms": 2.7, "utci_c": 38.38, "p_base": 0.7812, "p_enhanced": 0.7907, "delta_p": 0.0096, "rel_mitigation_pct": -1.22, "risk_level": "extreme"}}, {"type": "Feature", "geometry": {"type": "Polygon", "coordinates": [[[121.36, 31.23], [121.36, 31.24], [121.37, 31.24], [121.37, 31.23], [121.36, 31.23]]]}, "properties": {"grid_id": "r066_c051", "phase": "peak_14h", "target_time": "2026-09-18 14:00:00+08:00", "hour": 14, "air_temperature_c": 29.52, "relative_humidity_pct": 56.99999999999999, "wind_speed_10m_ms": 2.7, "utci_c": 38.5, "p_base": 0.7864, "p_enhanced": 0.8251, "delta_p": 0.0387, "rel_mitigation_pct": -4.92, "risk_level": "extreme"}}, {"type": "Feature", "geometry": {"type": "Polygon", "coordinates": [[[121.37, 31.23], [121.37, 31.24], [121.38, 31.24], [121.38, 31.23], [121.37, 31.23]]]}, "properties": {"grid_id": "r066_c052", "phase": "peak_14h", "target_time": "2026-09-18 14:00:00+08:00", "hour": 14, "air_temperature_c": 29.52, "relative_humidity_pct": 56.99999999999999, "wind_speed_10m_ms": 2.7, "utci_c": 38.64, "p_base": 0.7925, "p_enhanced": 0.8222, "delta_p": 0.0296, "rel_mitigation_pct": -3.74, "risk_level": "extreme"}}, {"type": "Feature", "geometry": {"type": "Polygon", "coordinates": [[[121.4, 31.23], [121.4, 31.24], [121.41, 31.24], [121.41, 31.23], [121.4, 31.23]]]}, "properties": {"grid_id": "r066_c055", "phase": "peak_14h", "target_time": "2026-09-18 14:00:00+08:00", "hour": 14, "air_temperature_c": 29.52, "relative_humidity_pct": 56.99999999999999, "wind_speed_10m_ms": 2.7, "utci_c": 38.75, "p_base": 0.797, "p_enhanced": 0.8137, "delta_p": 0.0167, "rel_mitigation_pct": -2.09, "risk_level": "extreme"}}, {"type": "Feature", "geometry": {"type": "Polygon", "coordinates": [[[121.41, 31.23], [121.41, 31.24], [121.42, 31.24], [121.42, 31.23], [121.41, 31.23]]]}, "properties": {"grid_id": "r066_c056", "phase": "peak_14h", "target_time": "2026-09-18 14:00:00+08:00", "hour": 14, "air_temperature_c": 29.52, "relative_humidity_pct": 56.99999999999999, "wind_speed_10m_ms": 2.7, "utci_c": 38.71, "p_base": 0.7956, "p_enhanced": 0.813, "delta_p": 0.0174, "rel_mitigation_pct": -2.19, "risk_level": "extreme"}}, {"type": "Feature", "geometry": {"type": "Polygon", "coordinates": [[[121.42, 31.23], [121.42, 31.24], [121.43, 31.24], [121.43, 31.23], [121.42, 31.23]]]}, "properties": {"grid_id": "r066_c057", "phase": "peak_14h", "target_time": "2026-09-18 14:00:00+08:00", "hour": 14, "air_temperature_c": 29.52, "relative_humidity_pct": 56.99999999999999, "wind_speed_10m_ms": 2.7, "utci_c": 38.58, "p_base": 0.7897, "p_enhanced": 0.8031, "delta_p": 0.0134, "rel_mitigation_pct": -1.7, "risk_level": "extreme"}}, {"type": "Feature", "geometry": {"type": "Polygon", "coordinates": [[[121.43, 31.23], [121.43, 31.24], [121.44, 31.24], [121.44, 31.23], [121.43, 31.23]]]}, "properties": {"grid_id": "r066_c058", "phase": "peak_14h", "target_time": "2026-09-18 14:00:00+08:00", "hour": 14, "air_temperature_c": 29.52, "relative_humidity_pct": 56.99999999999999, "wind_speed_10m_ms": 2.7, "utci_c": 38.72, "p_base": 0.7959, "p_enhanced": 0.8206, "delta_p": 0.0246, "rel_mitigation_pct": -3.1, "risk_level": "extreme"}}, {"type": "Feature", "geometry": {"type": "Polygon", "coordinates": [[[121.44, 31.23], [121.44, 31.24], [121.45, 31.24], [121.45, 31.23], [121.44, 31.23]]]}, "properties": {"grid_id": "r066_c059", "phase": "peak_14h", "target_time": "2026-09-18 14:00:00+08:00", "hour": 14, "air_temperature_c": 29.52, "relative_humidity_pct": 56.99999999999999, "wind_speed_10m_ms": 2.7, "utci_c": 38.74, "p_base": 0.7968, "p_enhanced": 0.8201, "delta_p": 0.0233, "rel_mitigation_pct": -2.92, "risk_level": "extreme"}}, {"type": "Feature", "geometry": {"type": "Polygon", "coordinates": [[[121.45, 31.23], [121.45, 31.24], [121.46, 31.24], [121.46, 31.23], [121.45, 31.23]]]}, "properties": {"grid_id": "r066_c060", "phase": "peak_14h", "target_time": "2026-09-18 14:00:00+08:00", "hour": 14, "air_temperature_c": 29.52, "relative_humidity_pct": 56.99999999999999, "wind_speed_10m_ms": 2.7, "utci_c": 38.71, "p_base": 0.7955, "p_enhanced": 0.8181, "delta_p": 0.0226, "rel_mitigation_pct": -2.84, "risk_level": "extreme"}}, {"type": "Feature", "geometry": {"type": "Polygon", "coordinates": [[[121.46, 31.23], [121.46, 31.24], [121.47, 31.24], [121.47, 31.23], [121.46, 31.23]]]}, "properties": {"grid_id": "r066_c061", "phase": "peak_14h", "target_time": "2026-09-18 14:00:00+08:00", "hour": 14, "air_temperature_c": 29.52, "relative_humidity_pct": 56.99999999999999, "wind_speed_10m_ms": 2.7, "utci_c": 38.68, "p_base": 0.7939, "p_enhanced": 0.821, "delta_p": 0.027, "rel_mitigation_pct": -3.4, "risk_level": "extreme"}}, {"type": "Feature", "geometry": {"type": "Polygon", "coordinates": [[[121.47, 31.23], [121.47, 31.24], [121.48, 31.24], [121.48, 31.23], [121.47, 31.23]]]}, "properties": {"grid_id": "r066_c062", "phase": "peak_14h", "target_time": "2026-09-18 14:00:00+08:00", "hour": 14, "air_temperature_c": 29.52, "relative_humidity_pct": 56.99999999999999, "wind_speed_10m_ms": 2.7, "utci_c": 38.9, "p_base": 0.8036, "p_enhanced": 0.8171, "delta_p": 0.0135, "rel_mitigation_pct": -1.68, "risk_level": "extreme"}}, {"type": "Feature", "geometry": {"type": "Polygon", "coordinates": [[[121.48, 31.23], [121.48, 31.24], [121.49, 31.24], [121.49, 31.23], [121.48, 31.23]]]}, "properties": {"grid_id": "r066_c063", "phase": "peak_14h", "target_time": "2026-09-18 14:00:00+08:00", "hour": 14, "air_temperature_c": 29.52, "relative_humidity_pct": 56.99999999999999, "wind_speed_10m_ms": 2.7, "utci_c": 38.4, "p_base": 0.7818, "p_enhanced": 0.748, "delta_p": -0.0338, "rel_mitigation_pct": 4.33, "risk_level": "extreme"}}, {"type": "Feature", "geometry": {"type": "Polygon", "coordinates": [[[121.49, 31.23], [121.49, 31.24], [121.5, 31.24], [121.5, 31.23], [121.49, 31.23]]]}, "properties": {"grid_id": "r066_c064", "phase": "peak_14h", "target_time": "2026-09-18 14:00:00+08:00", "hour": 14, "air_temperature_c": 29.52, "relative_humidity_pct": 56.99999999999999, "wind_speed_10m_ms": 2.7, "utci_c": 37.25, "p_base": 0.728, "p_enhanced": 0.6113, "delta_p": -0.1166, "rel_mitigation_pct": 16.02, "risk_level": "high"}}, {"type": "Feature", "geometry": {"type": "Polygon", "coordinates": [[[121.5, 31.23], [121.5, 31.24], [121.51, 31.24], [121.51, 31.23], [121.5, 31.23]]]}, "properties": {"grid_id": "r066_c065", "phase": "peak_14h", "target_time": "2026-09-18 14:00:00+08:00", "hour": 14, "air_temperature_c": 29.52, "relative_humidity_pct": 56.99999999999999, "wind_speed_10m_ms": 2.7, "utci_c": 38.62, "p_base": 0.7915, "p_enhanced": 0.8207, "delta_p": 0.0293, "rel_mitigation_pct": -3.7, "risk_level": "extreme"}}, {"type": "Feature", "geometry": {"type": "Polygon", "coordinates": [[[121.51, 31.23], [121.51, 31.24], [121.52, 31.24], [121.52, 31.23], [121.51, 31.23]]]}, "properties": {"grid_id": "r066_c066", "phase": "peak_14h", "target_time": "2026-09-18 14:00:00+08:00", "hour": 14, "air_temperature_c": 29.52, "relative_humidity_pct": 56.99999999999999, "wind_speed_10m_ms": 2.7, "utci_c": 38.82, "p_base": 0.8002, "p_enhanced": 0.8186, "delta_p": 0.0184, "rel_mitigation_pct": -2.3, "risk_level": "extreme"}}, {"type": "Feature", "geometry": {"type": "Polygon", "coordinates": [[[121.52, 31.23], [121.52, 31.24], [121.53, 31.24], [121.53, 31.23], [121.52, 31.23]]]}, "properties": {"grid_id": "r066_c067", "phase": "peak_14h", "target_time": "2026-09-18 14:00:00+08:00", "hour": 14, "air_temperature_c": 29.52, "relative_humidity_pct": 56.99999999999999, "wind_speed_10m_ms": 2.7, "utci_c": 38.75, "p_base": 0.7973, "p_enhanced": 0.8199, "delta_p": 0.0226, "rel_mitigation_pct": -2.83, "risk_level": "extreme"}}, {"type": "Feature", "geometry": {"type": "Polygon", "coordinates": [[[121.55, 31.23], [121.55, 31.24], [121.56, 31.24], [121.56, 31.23], [121.55, 31.23]]]}, "properties": {"grid_id": "r066_c070", "phase": "peak_14h", "target_time": "2026-09-18 14:00:00+08:00", "hour": 14, "air_temperature_c": 29.52, "relative_humidity_pct": 56.99999999999999, "wind_speed_10m_ms": 2.7, "utci_c": 38.51, "p_base": 0.787, "p_enhanced": 0.8054, "delta_p": 0.0184, "rel_mitigation_pct": -2.34, "risk_level": "extreme"}}, {"type": "Feature", "geometry": {"type": "Polygon", "coordinates": [[[121.59, 31.23], [121.59, 31.24], [121.6, 31.24], [121.6, 31.23], [121.59, 31.23]]]}, "properties": {"grid_id": "r066_c074", "phase": "peak_14h", "target_time": "2026-09-18 14:00:00+08:00", "hour": 14, "air_temperature_c": 29.52, "relative_humidity_pct": 56.99999999999999, "wind_speed_10m_ms": 2.7, "utci_c": 37.8, "p_base": 0.7543, "p_enhanced": 0.8198, "delta_p": 0.0654, "rel_mitigation_pct": -8.67, "risk_level": "extreme"}}, {"type": "Feature", "geometry": {"type": "Polygon", "coordinates": [[[121.3, 31.22], [121.3, 31.23], [121.31, 31.23], [121.31, 31.22], [121.3, 31.22]]]}, "properties": {"grid_id": "r067_c045", "phase": "peak_14h", "target_time": "2026-09-18 14:00:00+08:00", "hour": 14, "air_temperature_c": 29.52, "relative_humidity_pct": 56.99999999999999, "wind_speed_10m_ms": 2.7, "utci_c": 38.09, "p_base": 0.7682, "p_enhanced": 0.7859, "delta_p": 0.0176, "rel_mitigation_pct": -2.3, "risk_level": "extreme"}}, {"type": "Feature", "geometry": {"type": "Polygon", "coordinates": [[[121.36, 31.22], [121.36, 31.23], [121.37, 31.23], [121.37, 31.22], [121.36, 31.22]]]}, "properties": {"grid_id": "r067_c051", "phase": "peak_14h", "target_time": "2026-09-18 14:00:00+08:00", "hour": 14, "air_temperature_c": 29.52, "relative_humidity_pct": 56.99999999999999, "wind_speed_10m_ms": 2.7, "utci_c": 38.23, "p_base": 0.7743, "p_enhanced": 0.8007, "delta_p": 0.0264, "rel_mitigation_pct": -3.41, "risk_level": "extreme"}}, {"type": "Feature", "geometry": {"type": "Polygon", "coordinates": [[[121.37, 31.22], [121.37, 31.23], [121.38, 31.23], [121.38, 31.22], [121.37, 31.22]]]}, "properties": {"grid_id": "r067_c052", "phase": "peak_14h", "target_time": "2026-09-18 14:00:00+08:00", "hour": 14, "air_temperature_c": 29.52, "relative_humidity_pct": 56.99999999999999, "wind_speed_10m_ms": 2.7, "utci_c": 38.07, "p_base": 0.7669, "p_enhanced": 0.8105, "delta_p": 0.0436, "rel_mitigation_pct": -5.69, "risk_level": "extreme"}}, {"type": "Feature", "geometry": {"type": "Polygon", "coordinates": [[[121.38, 31.22], [121.38, 31.23], [121.39, 31.23], [121.39, 31.22], [121.38, 31.22]]]}, "properties": {"grid_id": "r067_c053", "phase": "peak_14h", "target_time": "2026-09-18 14:00:00+08:00", "hour": 14, "air_temperature_c": 29.52, "relative_humidity_pct": 56.99999999999999, "wind_speed_10m_ms": 2.7, "utci_c": 38.29, "p_base": 0.7772, "p_enhanced": 0.8103, "delta_p": 0.0331, "rel_mitigation_pct": -4.25, "risk_level": "extreme"}}, {"type": "Feature", "geometry": {"type": "Polygon", "coordinates": [[[121.39, 31.22], [121.39, 31.23], [121.4, 31.23], [121.4, 31.22], [121.39, 31.22]]]}, "properties": {"grid_id": "r067_c054", "phase": "peak_14h", "target_time": "2026-09-18 14:00:00+08:00", "hour": 14, "air_temperature_c": 29.52, "relative_humidity_pct": 56.99999999999999, "wind_speed_10m_ms": 2.7, "utci_c": 37.53, "p_base": 0.7415, "p_enhanced": 0.7674, "delta_p": 0.0259, "rel_mitigation_pct": -3.49, "risk_level": "extreme"}}, {"type": "Feature", "geometry": {"type": "Polygon", "coordinates": [[[121.4, 31.22], [121.4, 31.23], [121.41, 31.23], [121.41, 31.22], [121.4, 31.22]]]}, "properties": {"grid_id": "r067_c055", "phase": "peak_14h", "target_time": "2026-09-18 14:00:00+08:00", "hour": 14, "air_temperature_c": 29.52, "relative_humidity_pct": 56.99999999999999, "wind_speed_10m_ms": 2.7, "utci_c": 38.47, "p_base": 0.785, "p_enhanced": 0.8005, "delta_p": 0.0156, "rel_mitigation_pct": -1.98, "risk_level": "extreme"}}, {"type": "Feature", "geometry": {"type": "Polygon", "coordinates": [[[121.41, 31.22], [121.41, 31.23], [121.42, 31.23], [121.42, 31.22], [121.41, 31.22]]]}, "properties": {"grid_id": "r067_c056", "phase": "peak_14h", "target_time": "2026-09-18 14:00:00+08:00", "hour": 14, "air_temperature_c": 29.52, "relative_humidity_pct": 56.99999999999999, "wind_speed_10m_ms": 2.7, "utci_c": 38.2, "p_base": 0.7731, "p_enhanced": 0.7991, "delta_p": 0.026, "rel_mitigation_pct": -3.37, "risk_level": "extreme"}}, {"type": "Feature", "geometry": {"type": "Polygon", "coordinates": [[[121.42, 31.22], [121.42, 31.23], [121.43, 31.23], [121.43, 31.22], [121.42, 31.22]]]}, "properties": {"grid_id": "r067_c057", "phase": "peak_14h", "target_time": "2026-09-18 14:00:00+08:00", "hour": 14, "air_temperature_c": 29.52, "relative_humidity_pct": 56.99999999999999, "wind_speed_10m_ms": 2.7, "utci_c": 38.81, "p_base": 0.7998, "p_enhanced": 0.8187, "delta_p": 0.019, "rel_mitigation_pct": -2.37, "risk_level": "extreme"}}, {"type": "Feature", "geometry": {"type": "Polygon", "coordinates": [[[121.43, 31.22], [121.43, 31.23], [121.44, 31.23], [121.44, 31.22], [121.43, 31.22]]]}, "properties": {"grid_id": "r067_c058", "phase": "peak_14h", "target_time": "2026-09-18 14:00:00+08:00", "hour": 14, "air_temperature_c": 29.52, "relative_humidity_pct": 56.99999999999999, "wind_speed_10m_ms": 2.7, "utci_c": 38.68, "p_base": 0.7942, "p_enhanced": 0.8214, "delta_p": 0.0273, "rel_mitigation_pct": -3.43, "risk_level": "extreme"}}, {"type": "Feature", "geometry": {"type": "Polygon", "coordinates": [[[121.44, 31.22], [121.44, 31.23], [121.45, 31.23], [121.45, 31.22], [121.44, 31.22]]]}, "properties": {"grid_id": "r067_c059", "phase": "peak_14h", "target_time": "2026-09-18 14:00:00+08:00", "hour": 14, "air_temperature_c": 29.52, "relative_humidity_pct": 56.99999999999999, "wind_speed_10m_ms": 2.7, "utci_c": 38.79, "p_base": 0.7989, "p_enhanced": 0.8185, "delta_p": 0.0196, "rel_mitigation_pct": -2.46, "risk_level": "extreme"}}, {"type": "Feature", "geometry": {"type": "Polygon", "coordinates": [[[121.45, 31.22], [121.45, 31.23], [121.46, 31.23], [121.46, 31.22], [121.45, 31.22]]]}, "properties": {"grid_id": "r067_c060", "phase": "peak_14h", "target_time": "2026-09-18 14:00:00+08:00", "hour": 14, "air_temperature_c": 29.52, "relative_humidity_pct": 56.99999999999999, "wind_speed_10m_ms": 2.7, "utci_c": 38.88, "p_base": 0.8023, "p_enhanced": 0.8173, "delta_p": 0.015, "rel_mitigation_pct": -1.87, "risk_level": "extreme"}}, {"type": "Feature", "geometry": {"type": "Polygon", "coordinates": [[[121.46, 31.22], [121.46, 31.23], [121.47, 31.23], [121.47, 31.22], [121.46, 31.22]]]}, "properties": {"grid_id": "r067_c061", "phase": "peak_14h", "target_time": "2026-09-18 14:00:00+08:00", "hour": 14, "air_temperature_c": 29.52, "relative_humidity_pct": 56.99999999999999, "wind_speed_10m_ms": 2.7, "utci_c": 38.54, "p_base": 0.7882, "p_enhanced": 0.8223, "delta_p": 0.0341, "rel_mitigation_pct": -4.32, "risk_level": "extreme"}}, {"type": "Feature", "geometry": {"type": "Polygon", "coordinates": [[[121.47, 31.22], [121.47, 31.23], [121.48, 31.23], [121.48, 31.22], [121.47, 31.22]]]}, "properties": {"grid_id": "r067_c062", "phase": "peak_14h", "target_time": "2026-09-18 14:00:00+08:00", "hour": 14, "air_temperature_c": 29.52, "relative_humidity_pct": 56.99999999999999, "wind_speed_10m_ms": 2.7, "utci_c": 38.59, "p_base": 0.7903, "p_enhanced": 0.8188, "delta_p": 0.0285, "rel_mitigation_pct": -3.61, "risk_level": "extreme"}}, {"type": "Feature", "geometry": {"type": "Polygon", "coordinates": [[[121.48, 31.22], [121.48, 31.23], [121.49, 31.23], [121.49, 31.22], [121.48, 31.22]]]}, "properties": {"grid_id": "r067_c063", "phase": "peak_14h", "target_time": "2026-09-18 14:00:00+08:00", "hour": 14, "air_temperature_c": 29.52, "relative_humidity_pct": 56.99999999999999, "wind_speed_10m_ms": 2.7, "utci_c": 38.68, "p_base": 0.7941, "p_enhanced": 0.8197, "delta_p": 0.0256, "rel_mitigation_pct": -3.22, "risk_level": "extreme"}}, {"type": "Feature", "geometry": {"type": "Polygon", "coordinates": [[[121.49, 31.22], [121.49, 31.23], [121.5, 31.23], [121.5, 31.22], [121.49, 31.22]]]}, "properties": {"grid_id": "r067_c064", "phase": "peak_14h", "target_time": "2026-09-18 14:00:00+08:00", "hour": 14, "air_temperature_c": 29.52, "relative_humidity_pct": 56.99999999999999, "wind_speed_10m_ms": 2.7, "utci_c": 38.29, "p_base": 0.7773, "p_enhanced": 0.7634, "delta_p": -0.0139, "rel_mitigation_pct": 1.78, "risk_level": "extreme"}}, {"type": "Feature", "geometry": {"type": "Polygon", "coordinates": [[[121.51, 31.22], [121.51, 31.23], [121.52, 31.23], [121.52, 31.22], [121.51, 31.22]]]}, "properties": {"grid_id": "r067_c066", "phase": "peak_14h", "target_time": "2026-09-18 14:00:00+08:00", "hour": 14, "air_temperature_c": 29.52, "relative_humidity_pct": 56.99999999999999, "wind_speed_10m_ms": 2.7, "utci_c": 38.84, "p_base": 0.8009, "p_enhanced": 0.8175, "delta_p": 0.0166, "rel_mitigation_pct": -2.07, "risk_level": "extreme"}}, {"type": "Feature", "geometry": {"type": "Polygon", "coordinates": [[[121.52, 31.22], [121.52, 31.23], [121.53, 31.23], [121.53, 31.22], [121.52, 31.22]]]}, "properties": {"grid_id": "r067_c067", "phase": "peak_14h", "target_time": "2026-09-18 14:00:00+08:00", "hour": 14, "air_temperature_c": 29.52, "relative_humidity_pct": 56.99999999999999, "wind_speed_10m_ms": 2.7, "utci_c": 38.5, "p_base": 0.7864, "p_enhanced": 0.8157, "delta_p": 0.0293, "rel_mitigation_pct": -3.72, "risk_level": "extreme"}}, {"type": "Feature", "geometry": {"type": "Polygon", "coordinates": [[[121.53, 31.22], [121.53, 31.23], [121.54, 31.23], [121.54, 31.22], [121.53, 31.22]]]}, "properties": {"grid_id": "r067_c068", "phase": "peak_14h", "target_time": "2026-09-18 14:00:00+08:00", "hour": 14, "air_temperature_c": 29.52, "relative_humidity_pct": 56.99999999999999, "wind_speed_10m_ms": 2.7, "utci_c": 38.34, "p_base": 0.7793, "p_enhanced": 0.8226, "delta_p": 0.0434, "rel_mitigation_pct": -5.56, "risk_level": "extreme"}}, {"type": "Feature", "geometry": {"type": "Polygon", "coordinates": [[[121.54, 31.22], [121.54, 31.23], [121.55, 31.23], [121.55, 31.22], [121.54, 31.22]]]}, "properties": {"grid_id": "r067_c069", "phase": "peak_14h", "target_time": "2026-09-18 14:00:00+08:00", "hour": 14, "air_temperature_c": 29.52, "relative_humidity_pct": 56.99999999999999, "wind_speed_10m_ms": 2.7, "utci_c": 38.29, "p_base": 0.7771, "p_enhanced": 0.8294, "delta_p": 0.0523, "rel_mitigation_pct": -6.73, "risk_level": "extreme"}}, {"type": "Feature", "geometry": {"type": "Polygon", "coordinates": [[[121.55, 31.22], [121.55, 31.23], [121.56, 31.23], [121.56, 31.22], [121.55, 31.22]]]}, "properties": {"grid_id": "r067_c070", "phase": "peak_14h", "target_time": "2026-09-18 14:00:00+08:00", "hour": 14, "air_temperature_c": 29.52, "relative_humidity_pct": 56.99999999999999, "wind_speed_10m_ms": 2.7, "utci_c": 38.21, "p_base": 0.7734, "p_enhanced": 0.8124, "delta_p": 0.039, "rel_mitigation_pct": -5.04, "risk_level": "extreme"}}, {"type": "Feature", "geometry": {"type": "Polygon", "coordinates": [[[121.62, 31.22], [121.62, 31.23], [121.63, 31.23], [121.63, 31.22], [121.62, 31.22]]]}, "properties": {"grid_id": "r067_c077", "phase": "peak_14h", "target_time": "2026-09-18 14:00:00+08:00", "hour": 14, "air_temperature_c": 29.52, "relative_humidity_pct": 56.99999999999999, "wind_speed_10m_ms": 2.7, "utci_c": 38.13, "p_base": 0.7699, "p_enhanced": 0.8266, "delta_p": 0.0567, "rel_mitigation_pct": -7.37, "risk_level": "extreme"}}, {"type": "Feature", "geometry": {"type": "Polygon", "coordinates": [[[121.31, 31.21], [121.31, 31.22], [121.32, 31.22], [121.32, 31.21], [121.31, 31.21]]]}, "properties": {"grid_id": "r068_c046", "phase": "peak_14h", "target_time": "2026-09-18 14:00:00+08:00", "hour": 14, "air_temperature_c": 29.52, "relative_humidity_pct": 56.99999999999999, "wind_speed_10m_ms": 2.7, "utci_c": 38.34, "p_base": 0.7795, "p_enhanced": 0.807, "delta_p": 0.0275, "rel_mitigation_pct": -3.52, "risk_level": "extreme"}}, {"type": "Feature", "geometry": {"type": "Polygon", "coordinates": [[[121.34, 31.21], [121.34, 31.22], [121.35, 31.22], [121.35, 31.21], [121.34, 31.21]]]}, "properties": {"grid_id": "r068_c049", "phase": "peak_14h", "target_time": "2026-09-18 14:00:00+08:00", "hour": 14, "air_temperature_c": 29.52, "relative_humidity_pct": 56.99999999999999, "wind_speed_10m_ms": 2.7, "utci_c": 38.3, "p_base": 0.7774, "p_enhanced": 0.8259, "delta_p": 0.0485, "rel_mitigation_pct": -6.24, "risk_level": "extreme"}}, {"type": "Feature", "geometry": {"type": "Polygon", "coordinates": [[[121.35, 31.21], [121.35, 31.22], [121.36, 31.22], [121.36, 31.21], [121.35, 31.21]]]}, "properties": {"grid_id": "r068_c050", "phase": "peak_14h", "target_time": "2026-09-18 14:00:00+08:00", "hour": 14, "air_temperature_c": 29.52, "relative_humidity_pct": 56.99999999999999, "wind_speed_10m_ms": 2.7, "utci_c": 38.5, "p_base": 0.7866, "p_enhanced": 0.825, "delta_p": 0.0384, "rel_mitigation_pct": -4.89, "risk_level": "extreme"}}, {"type": "Feature", "geometry": {"type": "Polygon", "coordinates": [[[121.38, 31.21], [121.38, 31.22], [121.39, 31.22], [121.39, 31.21], [121.38, 31.21]]]}, "properties": {"grid_id": "r068_c053", "phase": "peak_14h", "target_time": "2026-09-18 14:00:00+08:00", "hour": 14, "air_temperature_c": 29.52, "relative_humidity_pct": 56.99999999999999, "wind_speed_10m_ms": 2.7, "utci_c": 38.7, "p_base": 0.7949, "p_enhanced": 0.8212, "delta_p": 0.0263, "rel_mitigation_pct": -3.31, "risk_level": "extreme"}}, {"type": "Feature", "geometry": {"type": "Polygon", "coordinates": [[[121.39, 31.21], [121.39, 31.22], [121.4, 31.22], [121.4, 31.21], [121.39, 31.21]]]}, "properties": {"grid_id": "r068_c054", "phase": "peak_14h", "target_time": "2026-09-18 14:00:00+08:00", "hour": 14, "air_temperature_c": 29.52, "relative_humidity_pct": 56.99999999999999, "wind_speed_10m_ms": 2.7, "utci_c": 38.85, "p_base": 0.8013, "p_enhanced": 0.8178, "delta_p": 0.0165, "rel_mitigation_pct": -2.06, "risk_level": "extreme"}}, {"type": "Feature", "geometry": {"type": "Polygon", "coordinates": [[[121.4, 31.21], [121.4, 31.22], [121.41, 31.22], [121.41, 31.21], [121.4, 31.21]]]}, "properties": {"grid_id": "r068_c055", "phase": "peak_14h", "target_time": "2026-09-18 14:00:00+08:00", "hour": 14, "air_temperature_c": 29.52, "relative_humidity_pct": 56.99999999999999, "wind_speed_10m_ms": 2.7, "utci_c": 38.82, "p_base": 0.8003, "p_enhanced": 0.8185, "delta_p": 0.0183, "rel_mitigation_pct": -2.28, "risk_level": "extreme"}}, {"type": "Feature", "geometry": {"type": "Polygon", "coordinates": [[[121.41, 31.21], [121.41, 31.22], [121.42, 31.22], [121.42, 31.21], [121.41, 31.21]]]}, "properties": {"grid_id": "r068_c056", "phase": "peak_14h", "target_time": "2026-09-18 14:00:00+08:00", "hour": 14, "air_temperature_c": 29.52, "relative_humidity_pct": 56.99999999999999, "wind_speed_10m_ms": 2.7, "utci_c": 38.65, "p_base": 0.7928, "p_enhanced": 0.8166, "delta_p": 0.0239, "rel_mitigation_pct": -3.01, "risk_level": "extreme"}}, {"type": "Feature", "geometry": {"type": "Polygon", "coordinates": [[[121.42, 31.21], [121.42, 31.22], [121.43, 31.22], [121.43, 31.21], [121.42, 31.21]]]}, "properties": {"grid_id": "r068_c057", "phase": "peak_14h", "target_time": "2026-09-18 14:00:00+08:00", "hour": 14, "air_temperature_c": 29.52, "relative_humidity_pct": 56.99999999999999, "wind_speed_10m_ms": 2.7, "utci_c": 38.84, "p_base": 0.801, "p_enhanced": 0.8181, "delta_p": 0.0171, "rel_mitigation_pct": -2.13, "risk_level": "extreme"}}, {"type": "Feature", "geometry": {"type": "Polygon", "coordinates": [[[121.43, 31.21], [121.43, 31.22], [121.44, 31.22], [121.44, 31.21], [121.43, 31.21]]]}, "properties": {"grid_id": "r068_c058", "phase": "peak_14h", "target_time": "2026-09-18 14:00:00+08:00", "hour": 14, "air_temperature_c": 29.52, "relative_humidity_pct": 56.99999999999999, "wind_speed_10m_ms": 2.7, "utci_c": 38.67, "p_base": 0.7939, "p_enhanced": 0.8217, "delta_p": 0.0278, "rel_mitigation_pct": -3.5, "risk_level": "extreme"}}, {"type": "Feature", "geometry": {"type": "Polygon", "coordinates": [[[121.44, 31.21], [121.44, 31.22], [121.45, 31.22], [121.45, 31.21], [121.44, 31.21]]]}, "properties": {"grid_id": "r068_c059", "phase": "peak_14h", "target_time": "2026-09-18 14:00:00+08:00", "hour": 14, "air_temperature_c": 29.52, "relative_humidity_pct": 56.99999999999999, "wind_speed_10m_ms": 2.7, "utci_c": 38.77, "p_base": 0.7981, "p_enhanced": 0.8196, "delta_p": 0.0215, "rel_mitigation_pct": -2.69, "risk_level": "extreme"}}, {"type": "Feature", "geometry": {"type": "Polygon", "coordinates": [[[121.45, 31.21], [121.45, 31.22], [121.46, 31.22], [121.46, 31.21], [121.45, 31.21]]]}, "properties": {"grid_id": "r068_c060", "phase": "peak_14h", "target_time": "2026-09-18 14:00:00+08:00", "hour": 14, "air_temperature_c": 29.52, "relative_humidity_pct": 56.99999999999999, "wind_speed_10m_ms": 2.7, "utci_c": 38.8, "p_base": 0.7993, "p_enhanced": 0.8191, "delta_p": 0.0198, "rel_mitigation_pct": -2.48, "risk_level": "extreme"}}, {"type": "Feature", "geometry": {"type": "Polygon", "coordinates": [[[121.46, 31.21], [121.46, 31.22], [121.47, 31.22], [121.47, 31.21], [121.46, 31.21]]]}, "properties": {"grid_id": "r068_c061", "phase": "peak_14h", "target_time": "2026-09-18 14:00:00+08:00", "hour": 14, "air_temperature_c": 29.52, "relative_humidity_pct": 56.99999999999999, "wind_speed_10m_ms": 2.7, "utci_c": 38.66, "p_base": 0.7935, "p_enhanced": 0.8214, "delta_p": 0.0279, "rel_mitigation_pct": -3.51, "risk_level": "extreme"}}, {"type": "Feature", "geometry": {"type": "Polygon", "coordinates": [[[121.47, 31.21], [121.47, 31.22], [121.48, 31.22], [121.48, 31.21], [121.47, 31.21]]]}, "properties": {"grid_id": "r068_c062", "phase": "peak_14h", "target_time": "2026-09-18 14:00:00+08:00", "hour": 14, "air_temperature_c": 29.52, "relative_humidity_pct": 56.99999999999999, "wind_speed_10m_ms": 2.7, "utci_c": 38.76, "p_base": 0.7977, "p_enhanced": 0.8197, "delta_p": 0.022, "rel_mitigation_pct": -2.76, "risk_level": "extreme"}}, {"type": "Feature", "geometry": {"type": "Polygon", "coordinates": [[[121.48, 31.21], [121.48, 31.22], [121.49, 31.22], [121.49, 31.21], [121.48, 31.21]]]}, "properties": {"grid_id": "r068_c063", "phase": "peak_14h", "target_time": "2026-09-18 14:00:00+08:00", "hour": 14, "air_temperature_c": 29.52, "relative_humidity_pct": 56.99999999999999, "wind_speed_10m_ms": 2.7, "utci_c": 38.82, "p_base": 0.7999, "p_enhanced": 0.8185, "delta_p": 0.0186, "rel_mitigation_pct": -2.32, "risk_level": "extreme"}}, {"type": "Feature", "geometry": {"type": "Polygon", "coordinates": [[[121.49, 31.21], [121.49, 31.22], [121.5, 31.22], [121.5, 31.21], [121.49, 31.21]]]}, "properties": {"grid_id": "r068_c064", "phase": "peak_14h", "target_time": "2026-09-18 14:00:00+08:00", "hour": 14, "air_temperature_c": 29.52, "relative_humidity_pct": 56.99999999999999, "wind_speed_10m_ms": 2.7, "utci_c": 38.68, "p_base": 0.7941, "p_enhanced": 0.8215, "delta_p": 0.0275, "rel_mitigation_pct": -3.46, "risk_level": "extreme"}}, {"type": "Feature", "geometry": {"type": "Polygon", "coordinates": [[[121.5, 31.21], [121.5, 31.22], [121.51, 31.22], [121.51, 31.21], [121.5, 31.21]]]}, "properties": {"grid_id": "r068_c065", "phase": "peak_14h", "target_time": "2026-09-18 14:00:00+08:00", "hour": 14, "air_temperature_c": 29.52, "relative_humidity_pct": 56.99999999999999, "wind_speed_10m_ms": 2.7, "utci_c": 37.49, "p_base": 0.7398, "p_enhanced": 0.6435, "delta_p": -0.0963, "rel_mitigation_pct": 13.02, "risk_level": "high"}}, {"type": "Feature", "geometry": {"type": "Polygon", "coordinates": [[[121.54, 31.21], [121.54, 31.22], [121.55, 31.22], [121.55, 31.21], [121.54, 31.21]]]}, "properties": {"grid_id": "r068_c069", "phase": "peak_14h", "target_time": "2026-09-18 14:00:00+08:00", "hour": 14, "air_temperature_c": 29.52, "relative_humidity_pct": 56.99999999999999, "wind_speed_10m_ms": 2.7, "utci_c": 37.1, "p_base": 0.7201, "p_enhanced": 0.7768, "delta_p": 0.0566, "rel_mitigation_pct": -7.86, "risk_level": "extreme"}}, {"type": "Feature", "geometry": {"type": "Polygon", "coordinates": [[[121.55, 31.21], [121.55, 31.22], [121.56, 31.22], [121.56, 31.21], [121.55, 31.21]]]}, "properties": {"grid_id": "r068_c070", "phase": "peak_14h", "target_time": "2026-09-18 14:00:00+08:00", "hour": 14, "air_temperature_c": 29.52, "relative_humidity_pct": 56.99999999999999, "wind_speed_10m_ms": 2.7, "utci_c": 37.98, "p_base": 0.7632, "p_enhanced": 0.8179, "delta_p": 0.0547, "rel_mitigation_pct": -7.17, "risk_level": "extreme"}}, {"type": "Feature", "geometry": {"type": "Polygon", "coordinates": [[[121.56, 31.21], [121.56, 31.22], [121.57, 31.22], [121.57, 31.21], [121.56, 31.21]]]}, "properties": {"grid_id": "r068_c071", "phase": "peak_14h", "target_time": "2026-09-18 14:00:00+08:00", "hour": 14, "air_temperature_c": 29.52, "relative_humidity_pct": 56.99999999999999, "wind_speed_10m_ms": 2.7, "utci_c": 38.8, "p_base": 0.7991, "p_enhanced": 0.819, "delta_p": 0.02, "rel_mitigation_pct": -2.5, "risk_level": "extreme"}}, {"type": "Feature", "geometry": {"type": "Polygon", "coordinates": [[[121.61, 31.21], [121.61, 31.22], [121.62, 31.22], [121.62, 31.21], [121.61, 31.21]]]}, "properties": {"grid_id": "r068_c076", "phase": "peak_14h", "target_time": "2026-09-18 14:00:00+08:00", "hour": 14, "air_temperature_c": 29.52, "relative_humidity_pct": 56.99999999999999, "wind_speed_10m_ms": 2.7, "utci_c": 38.48, "p_base": 0.7855, "p_enhanced": 0.8246, "delta_p": 0.0391, "rel_mitigation_pct": -4.98, "risk_level": "extreme"}}, {"type": "Feature", "geometry": {"type": "Polygon", "coordinates": [[[121.62, 31.21], [121.62, 31.22], [121.63, 31.22], [121.63, 31.21], [121.62, 31.21]]]}, "properties": {"grid_id": "r068_c077", "phase": "peak_14h", "target_time": "2026-09-18 14:00:00+08:00", "hour": 14, "air_temperature_c": 29.52, "relative_humidity_pct": 56.99999999999999, "wind_speed_10m_ms": 2.7, "utci_c": 38.48, "p_base": 0.7855, "p_enhanced": 0.8256, "delta_p": 0.0401, "rel_mitigation_pct": -5.1, "risk_level": "extreme"}}, {"type": "Feature", "geometry": {"type": "Polygon", "coordinates": [[[121.65, 31.21], [121.65, 31.22], [121.66, 31.22], [121.66, 31.21], [121.65, 31.21]]]}, "properties": {"grid_id": "r068_c080", "phase": "peak_14h", "target_time": "2026-09-18 14:00:00+08:00", "hour": 14, "air_temperature_c": 29.52, "relative_humidity_pct": 56.99999999999999, "wind_speed_10m_ms": 2.7, "utci_c": 38.48, "p_base": 0.7856, "p_enhanced": 0.8172, "delta_p": 0.0315, "rel_mitigation_pct": -4.01, "risk_level": "extreme"}}, {"type": "Feature", "geometry": {"type": "Polygon", "coordinates": [[[121.69, 31.21], [121.69, 31.22], [121.7, 31.22], [121.7, 31.21], [121.69, 31.21]]]}, "properties": {"grid_id": "r068_c084", "phase": "peak_14h", "target_time": "2026-09-18 14:00:00+08:00", "hour": 14, "air_temperature_c": 29.52, "relative_humidity_pct": 56.99999999999999, "wind_speed_10m_ms": 2.7, "utci_c": 38.5, "p_base": 0.7864, "p_enhanced": 0.8251, "delta_p": 0.0387, "rel_mitigation_pct": -4.92, "risk_level": "extreme"}}, {"type": "Feature", "geometry": {"type": "Polygon", "coordinates": [[[121.27, 31.2], [121.27, 31.21], [121.28, 31.21], [121.28, 31.2], [121.27, 31.2]]]}, "properties": {"grid_id": "r069_c042", "phase": "peak_14h", "target_time": "2026-09-18 14:00:00+08:00", "hour": 14, "air_temperature_c": 29.52, "relative_humidity_pct": 56.99999999999999, "wind_speed_10m_ms": 2.7, "utci_c": 38.58, "p_base": 0.79, "p_enhanced": 0.8234, "delta_p": 0.0334, "rel_mitigation_pct": -4.23, "risk_level": "extreme"}}, {"type": "Feature", "geometry": {"type": "Polygon", "coordinates": [[[121.36, 31.2], [121.36, 31.21], [121.37, 31.21], [121.37, 31.2], [121.36, 31.2]]]}, "properties": {"grid_id": "r069_c051", "phase": "peak_14h", "target_time": "2026-09-18 14:00:00+08:00", "hour": 14, "air_temperature_c": 29.52, "relative_humidity_pct": 56.99999999999999, "wind_speed_10m_ms": 2.7, "utci_c": 38.44, "p_base": 0.7838, "p_enhanced": 0.826, "delta_p": 0.0422, "rel_mitigation_pct": -5.38, "risk_level": "extreme"}}, {"type": "Feature", "geometry": {"type": "Polygon", "coordinates": [[[121.37, 31.2], [121.37, 31.21], [121.38, 31.21], [121.38, 31.2], [121.37, 31.2]]]}, "properties": {"grid_id": "r069_c052", "phase": "peak_14h", "target_time": "2026-09-18 14:00:00+08:00", "hour": 14, "air_temperature_c": 29.52, "relative_humidity_pct": 56.99999999999999, "wind_speed_10m_ms": 2.7, "utci_c": 37.72, "p_base": 0.7508, "p_enhanced": 0.8162, "delta_p": 0.0654, "rel_mitigation_pct": -8.71, "risk_level": "extreme"}}, {"type": "Feature", "geometry": {"type": "Polygon", "coordinates": [[[121.38, 31.2], [121.38, 31.21], [121.39, 31.21], [121.39, 31.2], [121.38, 31.2]]]}, "properties": {"grid_id": "r069_c053", "phase": "peak_14h", "target_time": "2026-09-18 14:00:00+08:00", "hour": 14, "air_temperature_c": 29.52, "relative_humidity_pct": 56.99999999999999, "wind_speed_10m_ms": 2.7, "utci_c": 38.8, "p_base": 0.7992, "p_enhanced": 0.8178, "delta_p": 0.0186, "rel_mitigation_pct": -2.33, "risk_level": "extreme"}}, {"type": "Feature", "geometry": {"type": "Polygon", "coordinates": [[[121.39, 31.2], [121.39, 31.21], [121.4, 31.21], [121.4, 31.2], [121.39, 31.2]]]}, "properties": {"grid_id": "r069_c054", "phase": "peak_14h", "target_time": "2026-09-18 14:00:00+08:00", "hour": 14, "air_temperature_c": 29.52, "relative_humidity_pct": 56.99999999999999, "wind_speed_10m_ms": 2.7, "utci_c": 38.59, "p_base": 0.7902, "p_enhanced": 0.8228, "delta_p": 0.0326, "rel_mitigation_pct": -4.13, "risk_level": "extreme"}}, {"type": "Feature", "geometry": {"type": "Polygon", "coordinates": [[[121.4, 31.2], [121.4, 31.21], [121.41, 31.21], [121.41, 31.2], [121.4, 31.2]]]}, "properties": {"grid_id": "r069_c055", "phase": "peak_14h", "target_time": "2026-09-18 14:00:00+08:00", "hour": 14, "air_temperature_c": 29.52, "relative_humidity_pct": 56.99999999999999, "wind_speed_10m_ms": 2.7, "utci_c": 38.57, "p_base": 0.7894, "p_enhanced": 0.8212, "delta_p": 0.0318, "rel_mitigation_pct": -4.03, "risk_level": "extreme"}}, {"type": "Feature", "geometry": {"type": "Polygon", "coordinates": [[[121.41, 31.2], [121.41, 31.21], [121.42, 31.21], [121.42, 31.2], [121.41, 31.2]]]}, "properties": {"grid_id": "r069_c056", "phase": "peak_14h", "target_time": "2026-09-18 14:00:00+08:00", "hour": 14, "air_temperature_c": 29.52, "relative_humidity_pct": 56.99999999999999, "wind_speed_10m_ms": 2.7, "utci_c": 38.84, "p_base": 0.8007, "p_enhanced": 0.8183, "delta_p": 0.0176, "rel_mitigation_pct": -2.19, "risk_level": "extreme"}}, {"type": "Feature", "geometry": {"type": "Polygon", "coordinates": [[[121.42, 31.2], [121.42, 31.21], [121.43, 31.21], [121.43, 31.2], [121.42, 31.2]]]}, "properties": {"grid_id": "r069_c057", "phase": "peak_14h", "target_time": "2026-09-18 14:00:00+08:00", "hour": 14, "air_temperature_c": 29.52, "relative_humidity_pct": 56.99999999999999, "wind_speed_10m_ms": 2.7, "utci_c": 38.78, "p_base": 0.7986, "p_enhanced": 0.8194, "delta_p": 0.0208, "rel_mitigation_pct": -2.61, "risk_level": "extreme"}}, {"type": "Feature", "geometry": {"type": "Polygon", "coordinates": [[[121.43, 31.2], [121.43, 31.21], [121.44, 31.21], [121.44, 31.2], [121.43, 31.2]]]}, "properties": {"grid_id": "r069_c058", "phase": "peak_14h", "target_time": "2026-09-18 14:00:00+08:00", "hour": 14, "air_temperature_c": 29.52, "relative_humidity_pct": 56.99999999999999, "wind_speed_10m_ms": 2.7, "utci_c": 38.72, "p_base": 0.7959, "p_enhanced": 0.8207, "delta_p": 0.0248, "rel_mitigation_pct": -3.11, "risk_level": "extreme"}}, {"type": "Feature", "geometry": {"type": "Polygon", "coordinates": [[[121.44, 31.2], [121.44, 31.21], [121.45, 31.21], [121.45, 31.2], [121.44, 31.2]]]}, "properties": {"grid_id": "r069_c059", "phase": "peak_14h", "target_time": "2026-09-18 14:00:00+08:00", "hour": 14, "air_temperature_c": 29.52, "relative_humidity_pct": 56.99999999999999, "wind_speed_10m_ms": 2.7, "utci_c": 38.75, "p_base": 0.7969, "p_enhanced": 0.8202, "delta_p": 0.0232, "rel_mitigation_pct": -2.91, "risk_level": "extreme"}}, {"type": "Feature", "geometry": {"type": "Polygon", "coordinates": [[[121.45, 31.2], [121.45, 31.21], [121.46, 31.21], [121.46, 31.2], [121.45, 31.2]]]}, "properties": {"grid_id": "r069_c060", "phase": "peak_14h", "target_time": "2026-09-18 14:00:00+08:00", "hour": 14, "air_temperature_c": 29.52, "relative_humidity_pct": 56.99999999999999, "wind_speed_10m_ms": 2.7, "utci_c": 38.81, "p_base": 0.7995, "p_enhanced": 0.8189, "delta_p": 0.0193, "rel_mitigation_pct": -2.42, "risk_level": "extreme"}}, {"type": "Feature", "geometry": {"type": "Polygon", "coordinates": [[[121.46, 31.2], [121.46, 31.21], [121.47, 31.21], [121.47, 31.2], [121.46, 31.2]]]}, "properties": {"grid_id": "r069_c061", "phase": "peak_14h", "target_time": "2026-09-18 14:00:00+08:00", "hour": 14, "air_temperature_c": 29.52, "relative_humidity_pct": 56.99999999999999, "wind_speed_10m_ms": 2.7, "utci_c": 38.79, "p_base": 0.7989, "p_enhanced": 0.8191, "delta_p": 0.0202, "rel_mitigation_pct": -2.53, "risk_level": "extreme"}}, {"type": "Feature", "geometry": {"type": "Polygon", "coordinates": [[[121.47, 31.2], [121.47, 31.21], [121.48, 31.21], [121.48, 31.2], [121.47, 31.2]]]}, "properties": {"grid_id": "r069_c062", "phase": "peak_14h", "target_time": "2026-09-18 14:00:00+08:00", "hour": 14, "air_temperature_c": 29.52, "relative_humidity_pct": 56.99999999999999, "wind_speed_10m_ms": 2.7, "utci_c": 38.9, "p_base": 0.8032, "p_enhanced": 0.817, "delta_p": 0.0138, "rel_mitigation_pct": -1.72, "risk_level": "extreme"}}, {"type": "Feature", "geometry": {"type": "Polygon", "coordinates": [[[121.48, 31.2], [121.48, 31.21], [121.49, 31.21], [121.49, 31.2], [121.48, 31.2]]]}, "properties": {"grid_id": "r069_c063", "phase": "peak_14h", "target_time": "2026-09-18 14:00:00+08:00", "hour": 14, "air_temperature_c": 29.52, "relative_humidity_pct": 56.99999999999999, "wind_speed_10m_ms": 2.7, "utci_c": 38.73, "p_base": 0.7962, "p_enhanced": 0.8205, "delta_p": 0.0243, "rel_mitigation_pct": -3.05, "risk_level": "extreme"}}, {"type": "Feature", "geometry": {"type": "Polygon", "coordinates": [[[121.49, 31.2], [121.49, 31.21], [121.5, 31.21], [121.5, 31.2], [121.49, 31.2]]]}, "properties": {"grid_id": "r069_c064", "phase": "peak_14h", "target_time": "2026-09-18 14:00:00+08:00", "hour": 14, "air_temperature_c": 29.52, "relative_humidity_pct": 56.99999999999999, "wind_speed_10m_ms": 2.7, "utci_c": 37.79, "p_base": 0.7538, "p_enhanced": 0.6999, "delta_p": -0.054, "rel_mitigation_pct": 7.16, "risk_level": "high"}}, {"type": "Feature", "geometry": {"type": "Polygon", "coordinates": [[[121.5, 31.2], [121.5, 31.21], [121.51, 31.21], [121.51, 31.2], [121.5, 31.2]]]}, "properties": {"grid_id": "r069_c065", "phase": "peak_14h", "target_time": "2026-09-18 14:00:00+08:00", "hour": 14, "air_temperature_c": 29.52, "relative_humidity_pct": 56.99999999999999, "wind_speed_10m_ms": 2.7, "utci_c": 37.98, "p_base": 0.7629, "p_enhanced": 0.7602, "delta_p": -0.0027, "rel_mitigation_pct": 0.36, "risk_level": "extreme"}}, {"type": "Feature", "geometry": {"type": "Polygon", "coordinates": [[[121.51, 31.2], [121.51, 31.21], [121.52, 31.21], [121.52, 31.2], [121.51, 31.2]]]}, "properties": {"grid_id": "r069_c066", "phase": "peak_14h", "target_time": "2026-09-18 14:00:00+08:00", "hour": 14, "air_temperature_c": 29.52, "relative_humidity_pct": 56.99999999999999, "wind_speed_10m_ms": 2.7, "utci_c": 38.62, "p_base": 0.7916, "p_enhanced": 0.8227, "delta_p": 0.0312, "rel_mitigation_pct": -3.94, "risk_level": "extreme"}}, {"type": "Feature", "geometry": {"type": "Polygon", "coordinates": [[[121.55, 31.2], [121.55, 31.21], [121.56, 31.21], [121.56, 31.2], [121.55, 31.2]]]}, "properties": {"grid_id": "r069_c070", "phase": "peak_14h", "target_time": "2026-09-18 14:00:00+08:00", "hour": 14, "air_temperature_c": 29.52, "relative_humidity_pct": 56.99999999999999, "wind_speed_10m_ms": 2.7, "utci_c": 38.58, "p_base": 0.79, "p_enhanced": 0.8228, "delta_p": 0.0329, "rel_mitigation_pct": -4.16, "risk_level": "extreme"}}, {"type": "Feature", "geometry": {"type": "Polygon", "coordinates": [[[121.58, 31.2], [121.58, 31.21], [121.59, 31.21], [121.59, 31.2], [121.58, 31.2]]]}, "properties": {"grid_id": "r069_c073", "phase": "peak_14h", "target_time": "2026-09-18 14:00:00+08:00", "hour": 14, "air_temperature_c": 29.52, "relative_humidity_pct": 56.99999999999999, "wind_speed_10m_ms": 2.7, "utci_c": 38.52, "p_base": 0.7872, "p_enhanced": 0.8249, "delta_p": 0.0376, "rel_mitigation_pct": -4.78, "risk_level": "extreme"}}, {"type": "Feature", "geometry": {"type": "Polygon", "coordinates": [[[121.59, 31.2], [121.59, 31.21], [121.6, 31.21], [121.6, 31.2], [121.59, 31.2]]]}, "properties": {"grid_id": "r069_c074", "phase": "peak_14h", "target_time": "2026-09-18 14:00:00+08:00", "hour": 14, "air_temperature_c": 29.52, "relative_humidity_pct": 56.99999999999999, "wind_speed_10m_ms": 2.7, "utci_c": 38.56, "p_base": 0.7889, "p_enhanced": 0.8215, "delta_p": 0.0325, "rel_mitigation_pct": -4.12, "risk_level": "extreme"}}, {"type": "Feature", "geometry": {"type": "Polygon", "coordinates": [[[121.6, 31.2], [121.6, 31.21], [121.61, 31.21], [121.61, 31.2], [121.6, 31.2]]]}, "properties": {"grid_id": "r069_c075", "phase": "peak_14h", "target_time": "2026-09-18 14:00:00+08:00", "hour": 14, "air_temperature_c": 29.52, "relative_humidity_pct": 56.99999999999999, "wind_speed_10m_ms": 2.7, "utci_c": 38.3, "p_base": 0.7774, "p_enhanced": 0.8168, "delta_p": 0.0394, "rel_mitigation_pct": -5.06, "risk_level": "extreme"}}, {"type": "Feature", "geometry": {"type": "Polygon", "coordinates": [[[121.66, 31.2], [121.66, 31.21], [121.67, 31.21], [121.67, 31.2], [121.66, 31.2]]]}, "properties": {"grid_id": "r069_c081", "phase": "peak_14h", "target_time": "2026-09-18 14:00:00+08:00", "hour": 14, "air_temperature_c": 29.52, "relative_humidity_pct": 56.99999999999999, "wind_speed_10m_ms": 2.7, "utci_c": 38.34, "p_base": 0.7793, "p_enhanced": 0.8039, "delta_p": 0.0246, "rel_mitigation_pct": -3.15, "risk_level": "extreme"}}, {"type": "Feature", "geometry": {"type": "Polygon", "coordinates": [[[121.27, 31.19], [121.27, 31.2], [121.28, 31.2], [121.28, 31.19], [121.27, 31.19]]]}, "properties": {"grid_id": "r070_c042", "phase": "peak_14h", "target_time": "2026-09-18 14:00:00+08:00", "hour": 14, "air_temperature_c": 29.52, "relative_humidity_pct": 56.99999999999999, "wind_speed_10m_ms": 2.7, "utci_c": 38.47, "p_base": 0.785, "p_enhanced": 0.8258, "delta_p": 0.0408, "rel_mitigation_pct": -5.19, "risk_level": "extreme"}}, {"type": "Feature", "geometry": {"type": "Polygon", "coordinates": [[[121.3, 31.19], [121.3, 31.2], [121.31, 31.2], [121.31, 31.19], [121.3, 31.19]]]}, "properties": {"grid_id": "r070_c045", "phase": "peak_14h", "target_time": "2026-09-18 14:00:00+08:00", "hour": 14, "air_temperature_c": 29.52, "relative_humidity_pct": 56.99999999999999, "wind_speed_10m_ms": 2.7, "utci_c": 38.4, "p_base": 0.782, "p_enhanced": 0.7983, "delta_p": 0.0163, "rel_mitigation_pct": -2.08, "risk_level": "extreme"}}, {"type": "Feature", "geometry": {"type": "Polygon", "coordinates": [[[121.31, 31.19], [121.31, 31.2], [121.32, 31.2], [121.32, 31.19], [121.31, 31.19]]]}, "properties": {"grid_id": "r070_c046", "phase": "peak_14h", "target_time": "2026-09-18 14:00:00+08:00", "hour": 14, "air_temperature_c": 29.52, "relative_humidity_pct": 56.99999999999999, "wind_speed_10m_ms": 2.7, "utci_c": 38.9, "p_base": 0.8033, "p_enhanced": 0.817, "delta_p": 0.0137, "rel_mitigation_pct": -1.7, "risk_level": "extreme"}}, {"type": "Feature", "geometry": {"type": "Polygon", "coordinates": [[[121.35, 31.19], [121.35, 31.2], [121.36, 31.2], [121.36, 31.19], [121.35, 31.19]]]}, "properties": {"grid_id": "r070_c050", "phase": "peak_14h", "target_time": "2026-09-18 14:00:00+08:00", "hour": 14, "air_temperature_c": 29.52, "relative_humidity_pct": 56.99999999999999, "wind_speed_10m_ms": 2.7, "utci_c": 38.26, "p_base": 0.7756, "p_enhanced": 0.8245, "delta_p": 0.049, "rel_mitigation_pct": -6.31, "risk_level": "extreme"}}, {"type": "Feature", "geometry": {"type": "Polygon", "coordinates": [[[121.36, 31.19], [121.36, 31.2], [121.37, 31.2], [121.37, 31.19], [121.36, 31.19]]]}, "properties": {"grid_id": "r070_c051", "phase": "peak_14h", "target_time": "2026-09-18 14:00:00+08:00", "hour": 14, "air_temperature_c": 29.52, "relative_humidity_pct": 56.99999999999999, "wind_speed_10m_ms": 2.7, "utci_c": 38.49, "p_base": 0.7858, "p_enhanced": 0.8198, "delta_p": 0.034, "rel_mitigation_pct": -4.33, "risk_level": "extreme"}}, {"type": "Feature", "geometry": {"type": "Polygon", "coordinates": [[[121.37, 31.19], [121.37, 31.2], [121.38, 31.2], [121.38, 31.19], [121.37, 31.19]]]}, "properties": {"grid_id": "r070_c052", "phase": "peak_14h", "target_time": "2026-09-18 14:00:00+08:00", "hour": 14, "air_temperature_c": 29.52, "relative_humidity_pct": 56.99999999999999, "wind_speed_10m_ms": 2.7, "utci_c": 38.52, "p_base": 0.7873, "p_enhanced": 0.8247, "delta_p": 0.0373, "rel_mitigation_pct": -4.74, "risk_level": "extreme"}}, {"type": "Feature", "geometry": {"type": "Polygon", "coordinates": [[[121.38, 31.19], [121.38, 31.2], [121.39, 31.2], [121.39, 31.19], [121.38, 31.19]]]}, "properties": {"grid_id": "r070_c053", "phase": "peak_14h", "target_time": "2026-09-18 14:00:00+08:00", "hour": 14, "air_temperature_c": 29.52, "relative_humidity_pct": 56.99999999999999, "wind_speed_10m_ms": 2.7, "utci_c": 38.58, "p_base": 0.7898, "p_enhanced": 0.8229, "delta_p": 0.0332, "rel_mitigation_pct": -4.2, "risk_level": "extreme"}}, {"type": "Feature", "geometry": {"type": "Polygon", "coordinates": [[[121.4, 31.19], [121.4, 31.2], [121.41, 31.2], [121.41, 31.19], [121.4, 31.19]]]}, "properties": {"grid_id": "r070_c055", "phase": "peak_14h", "target_time": "2026-09-18 14:00:00+08:00", "hour": 14, "air_temperature_c": 29.52, "relative_humidity_pct": 56.99999999999999, "wind_speed_10m_ms": 2.7, "utci_c": 38.68, "p_base": 0.794, "p_enhanced": 0.8216, "delta_p": 0.0275, "rel_mitigation_pct": -3.47, "risk_level": "extreme"}}, {"type": "Feature", "geometry": {"type": "Polygon", "coordinates": [[[121.42, 31.19], [121.42, 31.2], [121.43, 31.2], [121.43, 31.19], [121.42, 31.19]]]}, "properties": {"grid_id": "r070_c057", "phase": "peak_14h", "target_time": "2026-09-18 14:00:00+08:00", "hour": 14, "air_temperature_c": 29.52, "relative_humidity_pct": 56.99999999999999, "wind_speed_10m_ms": 2.7, "utci_c": 38.67, "p_base": 0.7936, "p_enhanced": 0.8217, "delta_p": 0.0281, "rel_mitigation_pct": -3.54, "risk_level": "extreme"}}, {"type": "Feature", "geometry": {"type": "Polygon", "coordinates": [[[121.43, 31.19], [121.43, 31.2], [121.44, 31.2], [121.44, 31.19], [121.43, 31.19]]]}, "properties": {"grid_id": "r070_c058", "phase": "peak_14h", "target_time": "2026-09-18 14:00:00+08:00", "hour": 14, "air_temperature_c": 29.52, "relative_humidity_pct": 56.99999999999999, "wind_speed_10m_ms": 2.7, "utci_c": 38.65, "p_base": 0.7928, "p_enhanced": 0.8206, "delta_p": 0.0278, "rel_mitigation_pct": -3.5, "risk_level": "extreme"}}, {"type": "Feature", "geometry": {"type": "Polygon", "coordinates": [[[121.44, 31.19], [121.44, 31.2], [121.45, 31.2], [121.45, 31.19], [121.44, 31.19]]]}, "properties": {"grid_id": "r070_c059", "phase": "peak_14h", "target_time": "2026-09-18 14:00:00+08:00", "hour": 14, "air_temperature_c": 29.52, "relative_humidity_pct": 56.99999999999999, "wind_speed_10m_ms": 2.7, "utci_c": 38.65, "p_base": 0.793, "p_enhanced": 0.8219, "delta_p": 0.0289, "rel_mitigation_pct": -3.65, "risk_level": "extreme"}}, {"type": "Feature", "geometry": {"type": "Polygon", "coordinates": [[[121.45, 31.19], [121.45, 31.2], [121.46, 31.2], [121.46, 31.19], [121.45, 31.19]]]}, "properties": {"grid_id": "r070_c060", "phase": "peak_14h", "target_time": "2026-09-18 14:00:00+08:00", "hour": 14, "air_temperature_c": 29.52, "relative_humidity_pct": 56.99999999999999, "wind_speed_10m_ms": 2.7, "utci_c": 38.8, "p_base": 0.7993, "p_enhanced": 0.819, "delta_p": 0.0197, "rel_mitigation_pct": -2.46, "risk_level": "extreme"}}, {"type": "Feature", "geometry": {"type": "Polygon", "coordinates": [[[121.46, 31.19], [121.46, 31.2], [121.47, 31.2], [121.47, 31.19], [121.46, 31.19]]]}, "properties": {"grid_id": "r070_c061", "phase": "peak_14h", "target_time": "2026-09-18 14:00:00+08:00", "hour": 14, "air_temperature_c": 29.52, "relative_humidity_pct": 56.99999999999999, "wind_speed_10m_ms": 2.7, "utci_c": 38.49, "p_base": 0.7859, "p_enhanced": 0.8093, "delta_p": 0.0233, "rel_mitigation_pct": -2.97, "risk_level": "extreme"}}, {"type": "Feature", "geometry": {"type": "Polygon", "coordinates": [[[121.47, 31.19], [121.47, 31.2], [121.48, 31.2], [121.48, 31.19], [121.47, 31.19]]]}, "properties": {"grid_id": "r070_c062", "phase": "peak_14h", "target_time": "2026-09-18 14:00:00+08:00", "hour": 14, "air_temperature_c": 29.52, "relative_humidity_pct": 56.99999999999999, "wind_speed_10m_ms": 2.7, "utci_c": 37.62, "p_base": 0.7457, "p_enhanced": 0.6839, "delta_p": -0.0618, "rel_mitigation_pct": 8.29, "risk_level": "high"}}, {"type": "Feature", "geometry": {"type": "Polygon", "coordinates": [[[121.48, 31.19], [121.48, 31.2], [121.49, 31.2], [121.49, 31.19], [121.48, 31.19]]]}, "properties": {"grid_id": "r070_c063", "phase": "peak_14h", "target_time": "2026-09-18 14:00:00+08:00", "hour": 14, "air_temperature_c": 29.52, "relative_humidity_pct": 56.99999999999999, "wind_speed_10m_ms": 2.7, "utci_c": 37.28, "p_base": 0.7291, "p_enhanced": 0.6156, "delta_p": -0.1135, "rel_mitigation_pct": 15.57, "risk_level": "high"}}, {"type": "Feature", "geometry": {"type": "Polygon", "coordinates": [[[121.49, 31.19], [121.49, 31.2], [121.5, 31.2], [121.5, 31.19], [121.49, 31.19]]]}, "properties": {"grid_id": "r070_c064", "phase": "peak_14h", "target_time": "2026-09-18 14:00:00+08:00", "hour": 14, "air_temperature_c": 29.52, "relative_humidity_pct": 56.99999999999999, "wind_speed_10m_ms": 2.7, "utci_c": 37.45, "p_base": 0.7375, "p_enhanced": 0.6698, "delta_p": -0.0677, "rel_mitigation_pct": 9.18, "risk_level": "high"}}, {"type": "Feature", "geometry": {"type": "Polygon", "coordinates": [[[121.51, 31.19], [121.51, 31.2], [121.52, 31.2], [121.52, 31.19], [121.51, 31.19]]]}, "properties": {"grid_id": "r070_c066", "phase": "peak_14h", "target_time": "2026-09-18 14:00:00+08:00", "hour": 14, "air_temperature_c": 29.52, "relative_humidity_pct": 56.99999999999999, "wind_speed_10m_ms": 2.7, "utci_c": 38.47, "p_base": 0.7851, "p_enhanced": 0.8025, "delta_p": 0.0174, "rel_mitigation_pct": -2.21, "risk_level": "extreme"}}, {"type": "Feature", "geometry": {"type": "Polygon", "coordinates": [[[121.53, 31.19], [121.53, 31.2], [121.54, 31.2], [121.54, 31.19], [121.53, 31.19]]]}, "properties": {"grid_id": "r070_c068", "phase": "peak_14h", "target_time": "2026-09-18 14:00:00+08:00", "hour": 14, "air_temperature_c": 29.52, "relative_humidity_pct": 56.99999999999999, "wind_speed_10m_ms": 2.7, "utci_c": 38.13, "p_base": 0.7697, "p_enhanced": 0.8091, "delta_p": 0.0394, "rel_mitigation_pct": -5.12, "risk_level": "extreme"}}, {"type": "Feature", "geometry": {"type": "Polygon", "coordinates": [[[121.69, 31.19], [121.69, 31.2], [121.7, 31.2], [121.7, 31.19], [121.69, 31.19]]]}, "properties": {"grid_id": "r070_c084", "phase": "peak_14h", "target_time": "2026-09-18 14:00:00+08:00", "hour": 14, "air_temperature_c": 29.52, "relative_humidity_pct": 56.99999999999999, "wind_speed_10m_ms": 2.7, "utci_c": 38.54, "p_base": 0.7883, "p_enhanced": 0.8229, "delta_p": 0.0346, "rel_mitigation_pct": -4.39, "risk_level": "extreme"}}, {"type": "Feature", "geometry": {"type": "Polygon", "coordinates": [[[121.7, 31.19], [121.7, 31.2], [121.71, 31.2], [121.71, 31.19], [121.7, 31.19]]]}, "properties": {"grid_id": "r070_c085", "phase": "peak_14h", "target_time": "2026-09-18 14:00:00+08:00", "hour": 14, "air_temperature_c": 29.52, "relative_humidity_pct": 56.99999999999999, "wind_speed_10m_ms": 2.7, "utci_c": 38.51, "p_base": 0.7866, "p_enhanced": 0.825, "delta_p": 0.0384, "rel_mitigation_pct": -4.88, "risk_level": "extreme"}}, {"type": "Feature", "geometry": {"type": "Polygon", "coordinates": [[[121.27, 31.18], [121.27, 31.19], [121.28, 31.19], [121.28, 31.18], [121.27, 31.18]]]}, "properties": {"grid_id": "r071_c042", "phase": "peak_14h", "target_time": "2026-09-18 14:00:00+08:00", "hour": 14, "air_temperature_c": 29.52, "relative_humidity_pct": 56.99999999999999, "wind_speed_10m_ms": 2.7, "utci_c": 38.35, "p_base": 0.7796, "p_enhanced": 0.8285, "delta_p": 0.0489, "rel_mitigation_pct": -6.27, "risk_level": "extreme"}}, {"type": "Feature", "geometry": {"type": "Polygon", "coordinates": [[[121.36, 31.18], [121.36, 31.19], [121.37, 31.19], [121.37, 31.18], [121.36, 31.18]]]}, "properties": {"grid_id": "r071_c051", "phase": "peak_14h", "target_time": "2026-09-18 14:00:00+08:00", "hour": 14, "air_temperature_c": 29.52, "relative_humidity_pct": 56.99999999999999, "wind_speed_10m_ms": 2.7, "utci_c": 38.59, "p_base": 0.7904, "p_enhanced": 0.8232, "delta_p": 0.0328, "rel_mitigation_pct": -4.14, "risk_level": "extreme"}}, {"type": "Feature", "geometry": {"type": "Polygon", "coordinates": [[[121.38, 31.18], [121.38, 31.19], [121.39, 31.19], [121.39, 31.18], [121.38, 31.18]]]}, "properties": {"grid_id": "r071_c053", "phase": "peak_14h", "target_time": "2026-09-18 14:00:00+08:00", "hour": 14, "air_temperature_c": 29.52, "relative_humidity_pct": 56.99999999999999, "wind_speed_10m_ms": 2.7, "utci_c": 38.5, "p_base": 0.7865, "p_enhanced": 0.8202, "delta_p": 0.0338, "rel_mitigation_pct": -4.29, "risk_level": "extreme"}}, {"type": "Feature", "geometry": {"type": "Polygon", "coordinates": [[[121.42, 31.18], [121.42, 31.19], [121.43, 31.19], [121.43, 31.18], [121.42, 31.18]]]}, "properties": {"grid_id": "r071_c057", "phase": "peak_14h", "target_time": "2026-09-18 14:00:00+08:00", "hour": 14, "air_temperature_c": 29.52, "relative_humidity_pct": 56.99999999999999, "wind_speed_10m_ms": 2.7, "utci_c": 38.81, "p_base": 0.7998, "p_enhanced": 0.8187, "delta_p": 0.0189, "rel_mitigation_pct": -2.36, "risk_level": "extreme"}}, {"type": "Feature", "geometry": {"type": "Polygon", "coordinates": [[[121.43, 31.18], [121.43, 31.19], [121.44, 31.19], [121.44, 31.18], [121.43, 31.18]]]}, "properties": {"grid_id": "r071_c058", "phase": "peak_14h", "target_time": "2026-09-18 14:00:00+08:00", "hour": 14, "air_temperature_c": 29.52, "relative_humidity_pct": 56.99999999999999, "wind_speed_10m_ms": 2.7, "utci_c": 38.63, "p_base": 0.7922, "p_enhanced": 0.8225, "delta_p": 0.0303, "rel_mitigation_pct": -3.83, "risk_level": "extreme"}}, {"type": "Feature", "geometry": {"type": "Polygon", "coordinates": [[[121.44, 31.18], [121.44, 31.19], [121.45, 31.19], [121.45, 31.18], [121.44, 31.18]]]}, "properties": {"grid_id": "r071_c059", "phase": "peak_14h", "target_time": "2026-09-18 14:00:00+08:00", "hour": 14, "air_temperature_c": 29.52, "relative_humidity_pct": 56.99999999999999, "wind_speed_10m_ms": 2.7, "utci_c": 38.68, "p_base": 0.7942, "p_enhanced": 0.8215, "delta_p": 0.0273, "rel_mitigation_pct": -3.43, "risk_level": "extreme"}}, {"type": "Feature", "geometry": {"type": "Polygon", "coordinates": [[[121.45, 31.18], [121.45, 31.19], [121.46, 31.19], [121.46, 31.18], [121.45, 31.18]]]}, "properties": {"grid_id": "r071_c060", "phase": "peak_14h", "target_time": "2026-09-18 14:00:00+08:00", "hour": 14, "air_temperature_c": 29.52, "relative_humidity_pct": 56.99999999999999, "wind_speed_10m_ms": 2.7, "utci_c": 38.51, "p_base": 0.787, "p_enhanced": 0.8086, "delta_p": 0.0216, "rel_mitigation_pct": -2.74, "risk_level": "extreme"}}, {"type": "Feature", "geometry": {"type": "Polygon", "coordinates": [[[121.46, 31.18], [121.46, 31.19], [121.47, 31.19], [121.47, 31.18], [121.46, 31.18]]]}, "properties": {"grid_id": "r071_c061", "phase": "peak_14h", "target_time": "2026-09-18 14:00:00+08:00", "hour": 14, "air_temperature_c": 29.52, "relative_humidity_pct": 56.99999999999999, "wind_speed_10m_ms": 2.7, "utci_c": 36.6, "p_base": 0.6943, "p_enhanced": 0.5988, "delta_p": -0.0955, "rel_mitigation_pct": 13.76, "risk_level": "high"}}, {"type": "Feature", "geometry": {"type": "Polygon", "coordinates": [[[121.47, 31.18], [121.47, 31.19], [121.48, 31.19], [121.48, 31.18], [121.47, 31.18]]]}, "properties": {"grid_id": "r071_c062", "phase": "peak_14h", "target_time": "2026-09-18 14:00:00+08:00", "hour": 14, "air_temperature_c": 29.52, "relative_humidity_pct": 56.99999999999999, "wind_speed_10m_ms": 2.7, "utci_c": 36.7, "p_base": 0.6995, "p_enhanced": 0.7569, "delta_p": 0.0574, "rel_mitigation_pct": -8.21, "risk_level": "extreme"}}, {"type": "Feature", "geometry": {"type": "Polygon", "coordinates": [[[121.48, 31.18], [121.48, 31.19], [121.49, 31.19], [121.49, 31.18], [121.48, 31.18]]]}, "properties": {"grid_id": "r071_c063", "phase": "peak_14h", "target_time": "2026-09-18 14:00:00+08:00", "hour": 14, "air_temperature_c": 29.52, "relative_humidity_pct": 56.99999999999999, "wind_speed_10m_ms": 2.7, "utci_c": 38.71, "p_base": 0.7955, "p_enhanced": 0.8198, "delta_p": 0.0244, "rel_mitigation_pct": -3.06, "risk_level": "extreme"}}, {"type": "Feature", "geometry": {"type": "Polygon", "coordinates": [[[121.49, 31.18], [121.49, 31.19], [121.5, 31.19], [121.5, 31.18], [121.49, 31.18]]]}, "properties": {"grid_id": "r071_c064", "phase": "peak_14h", "target_time": "2026-09-18 14:00:00+08:00", "hour": 14, "air_temperature_c": 29.52, "relative_humidity_pct": 56.99999999999999, "wind_speed_10m_ms": 2.7, "utci_c": 38.67, "p_base": 0.7935, "p_enhanced": 0.8164, "delta_p": 0.0229, "rel_mitigation_pct": -2.89, "risk_level": "extreme"}}, {"type": "Feature", "geometry": {"type": "Polygon", "coordinates": [[[121.54, 31.18], [121.54, 31.19], [121.55, 31.19], [121.55, 31.18], [121.54, 31.18]]]}, "properties": {"grid_id": "r071_c069", "phase": "peak_14h", "target_time": "2026-09-18 14:00:00+08:00", "hour": 14, "air_temperature_c": 29.52, "relative_humidity_pct": 56.99999999999999, "wind_speed_10m_ms": 2.7, "utci_c": 38.56, "p_base": 0.7888, "p_enhanced": 0.805, "delta_p": 0.0162, "rel_mitigation_pct": -2.05, "risk_level": "extreme"}}, {"type": "Feature", "geometry": {"type": "Polygon", "coordinates": [[[121.59, 31.18], [121.59, 31.19], [121.6, 31.19], [121.6, 31.18], [121.59, 31.18]]]}, "properties": {"grid_id": "r071_c074", "phase": "peak_14h", "target_time": "2026-09-18 14:00:00+08:00", "hour": 14, "air_temperature_c": 29.52, "relative_humidity_pct": 56.99999999999999, "wind_speed_10m_ms": 2.7, "utci_c": 38.48, "p_base": 0.7855, "p_enhanced": 0.8051, "delta_p": 0.0196, "rel_mitigation_pct": -2.5, "risk_level": "extreme"}}, {"type": "Feature", "geometry": {"type": "Polygon", "coordinates": [[[121.62, 31.18], [121.62, 31.19], [121.63, 31.19], [121.63, 31.18], [121.62, 31.18]]]}, "properties": {"grid_id": "r071_c077", "phase": "peak_14h", "target_time": "2026-09-18 14:00:00+08:00", "hour": 14, "air_temperature_c": 29.52, "relative_humidity_pct": 56.99999999999999, "wind_speed_10m_ms": 2.7, "utci_c": 38.43, "p_base": 0.7835, "p_enhanced": 0.8231, "delta_p": 0.0396, "rel_mitigation_pct": -5.06, "risk_level": "extreme"}}, {"type": "Feature", "geometry": {"type": "Polygon", "coordinates": [[[121.24, 31.17], [121.24, 31.18], [121.25, 31.18], [121.25, 31.17], [121.24, 31.17]]]}, "properties": {"grid_id": "r072_c039", "phase": "peak_14h", "target_time": "2026-09-18 14:00:00+08:00", "hour": 14, "air_temperature_c": 29.52, "relative_humidity_pct": 56.99999999999999, "wind_speed_10m_ms": 2.7, "utci_c": 38.53, "p_base": 0.7879, "p_enhanced": 0.8244, "delta_p": 0.0366, "rel_mitigation_pct": -4.64, "risk_level": "extreme"}}, {"type": "Feature", "geometry": {"type": "Polygon", "coordinates": [[[121.28, 31.17], [121.28, 31.18], [121.29, 31.18], [121.29, 31.17], [121.28, 31.17]]]}, "properties": {"grid_id": "r072_c043", "phase": "peak_14h", "target_time": "2026-09-18 14:00:00+08:00", "hour": 14, "air_temperature_c": 29.52, "relative_humidity_pct": 56.99999999999999, "wind_speed_10m_ms": 2.7, "utci_c": 38.5, "p_base": 0.7862, "p_enhanced": 0.8225, "delta_p": 0.0364, "rel_mitigation_pct": -4.62, "risk_level": "extreme"}}, {"type": "Feature", "geometry": {"type": "Polygon", "coordinates": [[[121.35, 31.17], [121.35, 31.18], [121.36, 31.18], [121.36, 31.17], [121.35, 31.17]]]}, "properties": {"grid_id": "r072_c050", "phase": "peak_14h", "target_time": "2026-09-18 14:00:00+08:00", "hour": 14, "air_temperature_c": 29.52, "relative_humidity_pct": 56.99999999999999, "wind_speed_10m_ms": 2.7, "utci_c": 38.29, "p_base": 0.7772, "p_enhanced": 0.8296, "delta_p": 0.0525, "rel_mitigation_pct": -6.75, "risk_level": "extreme"}}, {"type": "Feature", "geometry": {"type": "Polygon", "coordinates": [[[121.36, 31.17], [121.36, 31.18], [121.37, 31.18], [121.37, 31.17], [121.36, 31.17]]]}, "properties": {"grid_id": "r072_c051", "phase": "peak_14h", "target_time": "2026-09-18 14:00:00+08:00", "hour": 14, "air_temperature_c": 29.52, "relative_humidity_pct": 56.99999999999999, "wind_speed_10m_ms": 2.7, "utci_c": 38.67, "p_base": 0.7939, "p_enhanced": 0.8216, "delta_p": 0.0277, "rel_mitigation_pct": -3.49, "risk_level": "extreme"}}, {"type": "Feature", "geometry": {"type": "Polygon", "coordinates": [[[121.37, 31.17], [121.37, 31.18], [121.38, 31.18], [121.38, 31.17], [121.37, 31.17]]]}, "properties": {"grid_id": "r072_c052", "phase": "peak_14h", "target_time": "2026-09-18 14:00:00+08:00", "hour": 14, "air_temperature_c": 29.52, "relative_humidity_pct": 56.99999999999999, "wind_speed_10m_ms": 2.7, "utci_c": 38.53, "p_base": 0.7877, "p_enhanced": 0.8246, "delta_p": 0.0369, "rel_mitigation_pct": -4.68, "risk_level": "extreme"}}, {"type": "Feature", "geometry": {"type": "Polygon", "coordinates": [[[121.38, 31.17], [121.38, 31.18], [121.39, 31.18], [121.39, 31.17], [121.38, 31.17]]]}, "properties": {"grid_id": "r072_c053", "phase": "peak_14h", "target_time": "2026-09-18 14:00:00+08:00", "hour": 14, "air_temperature_c": 29.52, "relative_humidity_pct": 56.99999999999999, "wind_speed_10m_ms": 2.7, "utci_c": 38.54, "p_base": 0.7882, "p_enhanced": 0.8243, "delta_p": 0.036, "rel_mitigation_pct": -4.57, "risk_level": "extreme"}}, {"type": "Feature", "geometry": {"type": "Polygon", "coordinates": [[[121.41, 31.17], [121.41, 31.18], [121.42, 31.18], [121.42, 31.17], [121.41, 31.17]]]}, "properties": {"grid_id": "r072_c056", "phase": "peak_14h", "target_time": "2026-09-18 14:00:00+08:00", "hour": 14, "air_temperature_c": 29.52, "relative_humidity_pct": 56.99999999999999, "wind_speed_10m_ms": 2.7, "utci_c": 38.85, "p_base": 0.8012, "p_enhanced": 0.8177, "delta_p": 0.0165, "rel_mitigation_pct": -2.06, "risk_level": "extreme"}}, {"type": "Feature", "geometry": {"type": "Polygon", "coordinates": [[[121.42, 31.17], [121.42, 31.18], [121.43, 31.18], [121.43, 31.17], [121.42, 31.17]]]}, "properties": {"grid_id": "r072_c057", "phase": "peak_14h", "target_time": "2026-09-18 14:00:00+08:00", "hour": 14, "air_temperature_c": 29.52, "relative_humidity_pct": 56.99999999999999, "wind_speed_10m_ms": 2.7, "utci_c": 38.81, "p_base": 0.7998, "p_enhanced": 0.8188, "delta_p": 0.019, "rel_mitigation_pct": -2.37, "risk_level": "extreme"}}, {"type": "Feature", "geometry": {"type": "Polygon", "coordinates": [[[121.43, 31.17], [121.43, 31.18], [121.44, 31.18], [121.44, 31.17], [121.43, 31.17]]]}, "properties": {"grid_id": "r072_c058", "phase": "peak_14h", "target_time": "2026-09-18 14:00:00+08:00", "hour": 14, "air_temperature_c": 29.52, "relative_humidity_pct": 56.99999999999999, "wind_speed_10m_ms": 2.7, "utci_c": 38.76, "p_base": 0.7974, "p_enhanced": 0.8196, "delta_p": 0.0222, "rel_mitigation_pct": -2.79, "risk_level": "extreme"}}, {"type": "Feature", "geometry": {"type": "Polygon", "coordinates": [[[121.44, 31.17], [121.44, 31.18], [121.45, 31.18], [121.45, 31.17], [121.44, 31.17]]]}, "properties": {"grid_id": "r072_c059", "phase": "peak_14h", "target_time": "2026-09-18 14:00:00+08:00", "hour": 14, "air_temperature_c": 29.52, "relative_humidity_pct": 56.99999999999999, "wind_speed_10m_ms": 2.7, "utci_c": 38.49, "p_base": 0.7861, "p_enhanced": 0.8256, "delta_p": 0.0394, "rel_mitigation_pct": -5.01, "risk_level": "extreme"}}, {"type": "Feature", "geometry": {"type": "Polygon", "coordinates": [[[121.45, 31.17], [121.45, 31.18], [121.46, 31.18], [121.46, 31.17], [121.45, 31.17]]]}, "properties": {"grid_id": "r072_c060", "phase": "peak_14h", "target_time": "2026-09-18 14:00:00+08:00", "hour": 14, "air_temperature_c": 29.52, "relative_humidity_pct": 56.99999999999999, "wind_speed_10m_ms": 2.7, "utci_c": 38.12, "p_base": 0.7694, "p_enhanced": 0.7521, "delta_p": -0.0173, "rel_mitigation_pct": 2.25, "risk_level": "extreme"}}, {"type": "Feature", "geometry": {"type": "Polygon", "coordinates": [[[121.46, 31.17], [121.46, 31.18], [121.47, 31.18], [121.47, 31.17], [121.46, 31.17]]]}, "properties": {"grid_id": "r072_c061", "phase": "peak_14h", "target_time": "2026-09-18 14:00:00+08:00", "hour": 14, "air_temperature_c": 29.52, "relative_humidity_pct": 56.99999999999999, "wind_speed_10m_ms": 2.7, "utci_c": 37.05, "p_base": 0.7174, "p_enhanced": 0.6518, "delta_p": -0.0656, "rel_mitigation_pct": 9.15, "risk_level": "high"}}, {"type": "Feature", "geometry": {"type": "Polygon", "coordinates": [[[121.47, 31.17], [121.47, 31.18], [121.48, 31.18], [121.48, 31.17], [121.47, 31.17]]]}, "properties": {"grid_id": "r072_c062", "phase": "peak_14h", "target_time": "2026-09-18 14:00:00+08:00", "hour": 14, "air_temperature_c": 29.52, "relative_humidity_pct": 56.99999999999999, "wind_speed_10m_ms": 2.7, "utci_c": 38.27, "p_base": 0.7763, "p_enhanced": 0.8258, "delta_p": 0.0495, "rel_mitigation_pct": -6.38, "risk_level": "extreme"}}, {"type": "Feature", "geometry": {"type": "Polygon", "coordinates": [[[121.49, 31.17], [121.49, 31.18], [121.5, 31.18], [121.5, 31.17], [121.49, 31.17]]]}, "properties": {"grid_id": "r072_c064", "phase": "peak_14h", "target_time": "2026-09-18 14:00:00+08:00", "hour": 14, "air_temperature_c": 29.52, "relative_humidity_pct": 56.99999999999999, "wind_speed_10m_ms": 2.7, "utci_c": 38.75, "p_base": 0.7972, "p_enhanced": 0.82, "delta_p": 0.0229, "rel_mitigation_pct": -2.87, "risk_level": "extreme"}}, {"type": "Feature", "geometry": {"type": "Polygon", "coordinates": [[[121.65, 31.17], [121.65, 31.18], [121.66, 31.18], [121.66, 31.17], [121.65, 31.17]]]}, "properties": {"grid_id": "r072_c080", "phase": "peak_14h", "target_time": "2026-09-18 14:00:00+08:00", "hour": 14, "air_temperature_c": 29.52, "relative_humidity_pct": 56.99999999999999, "wind_speed_10m_ms": 2.7, "utci_c": 38.41, "p_base": 0.7825, "p_enhanced": 0.8115, "delta_p": 0.029, "rel_mitigation_pct": -3.7, "risk_level": "extreme"}}, {"type": "Feature", "geometry": {"type": "Polygon", "coordinates": [[[121.69, 31.17], [121.69, 31.18], [121.7, 31.18], [121.7, 31.17], [121.69, 31.17]]]}, "properties": {"grid_id": "r072_c084", "phase": "peak_14h", "target_time": "2026-09-18 14:00:00+08:00", "hour": 14, "air_temperature_c": 29.52, "relative_humidity_pct": 56.99999999999999, "wind_speed_10m_ms": 2.7, "utci_c": 37.8, "p_base": 0.7545, "p_enhanced": 0.8366, "delta_p": 0.0821, "rel_mitigation_pct": -10.88, "risk_level": "extreme"}}, {"type": "Feature", "geometry": {"type": "Polygon", "coordinates": [[[121.35, 31.16], [121.35, 31.17], [121.36, 31.17], [121.36, 31.16], [121.35, 31.16]]]}, "properties": {"grid_id": "r073_c050", "phase": "peak_14h", "target_time": "2026-09-18 14:00:00+08:00", "hour": 14, "air_temperature_c": 29.52, "relative_humidity_pct": 56.99999999999999, "wind_speed_10m_ms": 2.7, "utci_c": 37.25, "p_base": 0.7277, "p_enhanced": 0.8126, "delta_p": 0.0849, "rel_mitigation_pct": -11.67, "risk_level": "extreme"}}, {"type": "Feature", "geometry": {"type": "Polygon", "coordinates": [[[121.4, 31.16], [121.4, 31.17], [121.41, 31.17], [121.41, 31.16], [121.4, 31.16]]]}, "properties": {"grid_id": "r073_c055", "phase": "peak_14h", "target_time": "2026-09-18 14:00:00+08:00", "hour": 14, "air_temperature_c": 29.52, "relative_humidity_pct": 56.99999999999999, "wind_speed_10m_ms": 2.7, "utci_c": 38.76, "p_base": 0.7976, "p_enhanced": 0.8198, "delta_p": 0.0222, "rel_mitigation_pct": -2.78, "risk_level": "extreme"}}, {"type": "Feature", "geometry": {"type": "Polygon", "coordinates": [[[121.41, 31.16], [121.41, 31.17], [121.42, 31.17], [121.42, 31.16], [121.41, 31.16]]]}, "properties": {"grid_id": "r073_c056", "phase": "peak_14h", "target_time": "2026-09-18 14:00:00+08:00", "hour": 14, "air_temperature_c": 29.52, "relative_humidity_pct": 56.99999999999999, "wind_speed_10m_ms": 2.7, "utci_c": 38.45, "p_base": 0.7843, "p_enhanced": 0.8135, "delta_p": 0.0292, "rel_mitigation_pct": -3.72, "risk_level": "extreme"}}, {"type": "Feature", "geometry": {"type": "Polygon", "coordinates": [[[121.42, 31.16], [121.42, 31.17], [121.43, 31.17], [121.43, 31.16], [121.42, 31.16]]]}, "properties": {"grid_id": "r073_c057", "phase": "peak_14h", "target_time": "2026-09-18 14:00:00+08:00", "hour": 14, "air_temperature_c": 29.52, "relative_humidity_pct": 56.99999999999999, "wind_speed_10m_ms": 2.7, "utci_c": 38.8, "p_base": 0.7991, "p_enhanced": 0.8187, "delta_p": 0.0196, "rel_mitigation_pct": -2.45, "risk_level": "extreme"}}, {"type": "Feature", "geometry": {"type": "Polygon", "coordinates": [[[121.45, 31.16], [121.45, 31.17], [121.46, 31.17], [121.46, 31.16], [121.45, 31.16]]]}, "properties": {"grid_id": "r073_c060", "phase": "peak_14h", "target_time": "2026-09-18 14:00:00+08:00", "hour": 14, "air_temperature_c": 29.52, "relative_humidity_pct": 56.99999999999999, "wind_speed_10m_ms": 2.7, "utci_c": 38.78, "p_base": 0.7983, "p_enhanced": 0.819, "delta_p": 0.0207, "rel_mitigation_pct": -2.59, "risk_level": "extreme"}}, {"type": "Feature", "geometry": {"type": "Polygon", "coordinates": [[[121.46, 31.16], [121.46, 31.17], [121.47, 31.17], [121.47, 31.16], [121.46, 31.16]]]}, "properties": {"grid_id": "r073_c061", "phase": "peak_14h", "target_time": "2026-09-18 14:00:00+08:00", "hour": 14, "air_temperature_c": 29.52, "relative_humidity_pct": 56.99999999999999, "wind_speed_10m_ms": 2.7, "utci_c": 36.73, "p_base": 0.7011, "p_enhanced": 0.5299, "delta_p": -0.1712, "rel_mitigation_pct": 24.42, "risk_level": "high"}}, {"type": "Feature", "geometry": {"type": "Polygon", "coordinates": [[[121.47, 31.16], [121.47, 31.17], [121.48, 31.17], [121.48, 31.16], [121.47, 31.16]]]}, "properties": {"grid_id": "r073_c062", "phase": "peak_14h", "target_time": "2026-09-18 14:00:00+08:00", "hour": 14, "air_temperature_c": 29.52, "relative_humidity_pct": 56.99999999999999, "wind_speed_10m_ms": 2.7, "utci_c": 38.41, "p_base": 0.7826, "p_enhanced": 0.7899, "delta_p": 0.0073, "rel_mitigation_pct": -0.93, "risk_level": "extreme"}}, {"type": "Feature", "geometry": {"type": "Polygon", "coordinates": [[[121.49, 31.16], [121.49, 31.17], [121.5, 31.17], [121.5, 31.16], [121.49, 31.16]]]}, "properties": {"grid_id": "r073_c064", "phase": "peak_14h", "target_time": "2026-09-18 14:00:00+08:00", "hour": 14, "air_temperature_c": 29.52, "relative_humidity_pct": 56.99999999999999, "wind_speed_10m_ms": 2.7, "utci_c": 38.52, "p_base": 0.7874, "p_enhanced": 0.8018, "delta_p": 0.0144, "rel_mitigation_pct": -1.83, "risk_level": "extreme"}}, {"type": "Feature", "geometry": {"type": "Polygon", "coordinates": [[[121.55, 31.16], [121.55, 31.17], [121.56, 31.17], [121.56, 31.16], [121.55, 31.16]]]}, "properties": {"grid_id": "r073_c070", "phase": "peak_14h", "target_time": "2026-09-18 14:00:00+08:00", "hour": 14, "air_temperature_c": 29.52, "relative_humidity_pct": 56.99999999999999, "wind_speed_10m_ms": 2.7, "utci_c": 38.56, "p_base": 0.7891, "p_enhanced": 0.8107, "delta_p": 0.0216, "rel_mitigation_pct": -2.74, "risk_level": "extreme"}}, {"type": "Feature", "geometry": {"type": "Polygon", "coordinates": [[[121.59, 31.16], [121.59, 31.17], [121.6, 31.17], [121.6, 31.16], [121.59, 31.16]]]}, "properties": {"grid_id": "r073_c074", "phase": "peak_14h", "target_time": "2026-09-18 14:00:00+08:00", "hour": 14, "air_temperature_c": 29.52, "relative_humidity_pct": 56.99999999999999, "wind_speed_10m_ms": 2.7, "utci_c": 38.47, "p_base": 0.785, "p_enhanced": 0.8003, "delta_p": 0.0153, "rel_mitigation_pct": -1.95, "risk_level": "extreme"}}, {"type": "Feature", "geometry": {"type": "Polygon", "coordinates": [[[121.13, 31.15], [121.13, 31.16], [121.14, 31.16], [121.14, 31.15], [121.13, 31.15]]]}, "properties": {"grid_id": "r074_c028", "phase": "peak_14h", "target_time": "2026-09-18 14:00:00+08:00", "hour": 14, "air_temperature_c": 29.52, "relative_humidity_pct": 56.99999999999999, "wind_speed_10m_ms": 2.7, "utci_c": 37.84, "p_base": 0.7564, "p_enhanced": 0.7862, "delta_p": 0.0298, "rel_mitigation_pct": -3.93, "risk_level": "extreme"}}, {"type": "Feature", "geometry": {"type": "Polygon", "coordinates": [[[121.22, 31.15], [121.22, 31.16], [121.23, 31.16], [121.23, 31.15], [121.22, 31.15]]]}, "properties": {"grid_id": "r074_c037", "phase": "peak_14h", "target_time": "2026-09-18 14:00:00+08:00", "hour": 14, "air_temperature_c": 29.52, "relative_humidity_pct": 56.99999999999999, "wind_speed_10m_ms": 2.7, "utci_c": 38.44, "p_base": 0.7836, "p_enhanced": 0.7966, "delta_p": 0.013, "rel_mitigation_pct": -1.66, "risk_level": "extreme"}}, {"type": "Feature", "geometry": {"type": "Polygon", "coordinates": [[[121.34, 31.15], [121.34, 31.16], [121.35, 31.16], [121.35, 31.15], [121.34, 31.15]]]}, "properties": {"grid_id": "r074_c049", "phase": "peak_14h", "target_time": "2026-09-18 14:00:00+08:00", "hour": 14, "air_temperature_c": 29.52, "relative_humidity_pct": 56.99999999999999, "wind_speed_10m_ms": 2.7, "utci_c": 38.73, "p_base": 0.7964, "p_enhanced": 0.8203, "delta_p": 0.0239, "rel_mitigation_pct": -3.0, "risk_level": "extreme"}}, {"type": "Feature", "geometry": {"type": "Polygon", "coordinates": [[[121.35, 31.15], [121.35, 31.16], [121.36, 31.16], [121.36, 31.15], [121.35, 31.15]]]}, "properties": {"grid_id": "r074_c050", "phase": "peak_14h", "target_time": "2026-09-18 14:00:00+08:00", "hour": 14, "air_temperature_c": 29.52, "relative_humidity_pct": 56.99999999999999, "wind_speed_10m_ms": 2.7, "utci_c": 38.51, "p_base": 0.7868, "p_enhanced": 0.8248, "delta_p": 0.0379, "rel_mitigation_pct": -4.82, "risk_level": "extreme"}}, {"type": "Feature", "geometry": {"type": "Polygon", "coordinates": [[[121.44, 31.15], [121.44, 31.16], [121.45, 31.16], [121.45, 31.15], [121.44, 31.15]]]}, "properties": {"grid_id": "r074_c059", "phase": "peak_14h", "target_time": "2026-09-18 14:00:00+08:00", "hour": 14, "air_temperature_c": 29.52, "relative_humidity_pct": 56.99999999999999, "wind_speed_10m_ms": 2.7, "utci_c": 38.4, "p_base": 0.7818, "p_enhanced": 0.8272, "delta_p": 0.0453, "rel_mitigation_pct": -5.8, "risk_level": "extreme"}}, {"type": "Feature", "geometry": {"type": "Polygon", "coordinates": [[[121.46, 31.15], [121.46, 31.16], [121.47, 31.16], [121.47, 31.15], [121.46, 31.15]]]}, "properties": {"grid_id": "r074_c061", "phase": "peak_14h", "target_time": "2026-09-18 14:00:00+08:00", "hour": 14, "air_temperature_c": 29.52, "relative_humidity_pct": 56.99999999999999, "wind_speed_10m_ms": 2.7, "utci_c": 37.17, "p_base": 0.7237, "p_enhanced": 0.6849, "delta_p": -0.0389, "rel_mitigation_pct": 5.37, "risk_level": "high"}}, {"type": "Feature", "geometry": {"type": "Polygon", "coordinates": [[[121.47, 31.15], [121.47, 31.16], [121.48, 31.16], [121.48, 31.15], [121.47, 31.15]]]}, "properties": {"grid_id": "r074_c062", "phase": "peak_14h", "target_time": "2026-09-18 14:00:00+08:00", "hour": 14, "air_temperature_c": 29.52, "relative_humidity_pct": 56.99999999999999, "wind_speed_10m_ms": 2.7, "utci_c": 38.53, "p_base": 0.7876, "p_enhanced": 0.7987, "delta_p": 0.0111, "rel_mitigation_pct": -1.41, "risk_level": "extreme"}}, {"type": "Feature", "geometry": {"type": "Polygon", "coordinates": [[[121.49, 31.15], [121.49, 31.16], [121.5, 31.16], [121.5, 31.15], [121.49, 31.15]]]}, "properties": {"grid_id": "r074_c064", "phase": "peak_14h", "target_time": "2026-09-18 14:00:00+08:00", "hour": 14, "air_temperature_c": 29.52, "relative_humidity_pct": 56.99999999999999, "wind_speed_10m_ms": 2.7, "utci_c": 38.74, "p_base": 0.7967, "p_enhanced": 0.8202, "delta_p": 0.0235, "rel_mitigation_pct": -2.95, "risk_level": "extreme"}}, {"type": "Feature", "geometry": {"type": "Polygon", "coordinates": [[[121.02, 31.14], [121.01, 31.14], [121.01, 31.141167947588553], [121.010307, 31.141247], [121.02, 31.140881950380734], [121.02, 31.14]]]}, "properties": {"grid_id": "r075_c016", "phase": "peak_14h", "target_time": "2026-09-18 14:00:00+08:00", "hour": 14, "air_temperature_c": 29.52, "relative_humidity_pct": 56.99999999999999, "wind_speed_10m_ms": 2.7, "utci_c": 35.94, "p_base": 0.6587, "p_enhanced": 0.3298, "delta_p": -0.3288, "rel_mitigation_pct": 49.92, "risk_level": "high"}}, {"type": "Feature", "geometry": {"type": "Polygon", "coordinates": [[[121.1, 31.14], [121.1, 31.15], [121.11, 31.15], [121.11, 31.14], [121.1, 31.14]]]}, "properties": {"grid_id": "r075_c025", "phase": "peak_14h", "target_time": "2026-09-18 14:00:00+08:00", "hour": 14, "air_temperature_c": 29.52, "relative_humidity_pct": 56.99999999999999, "wind_speed_10m_ms": 2.7, "utci_c": 37.84, "p_base": 0.7566, "p_enhanced": 0.7804, "delta_p": 0.0239, "rel_mitigation_pct": -3.15, "risk_level": "extreme"}}, {"type": "Feature", "geometry": {"type": "Polygon", "coordinates": [[[121.22, 31.14], [121.22, 31.15], [121.23, 31.15], [121.23, 31.14], [121.22, 31.14]]]}, "properties": {"grid_id": "r075_c037", "phase": "peak_14h", "target_time": "2026-09-18 14:00:00+08:00", "hour": 14, "air_temperature_c": 29.52, "relative_humidity_pct": 56.99999999999999, "wind_speed_10m_ms": 2.7, "utci_c": 38.09, "p_base": 0.768, "p_enhanced": 0.7855, "delta_p": 0.0175, "rel_mitigation_pct": -2.28, "risk_level": "extreme"}}, {"type": "Feature", "geometry": {"type": "Polygon", "coordinates": [[[121.39, 31.14], [121.39, 31.15], [121.4, 31.15], [121.4, 31.14], [121.39, 31.14]]]}, "properties": {"grid_id": "r075_c054", "phase": "peak_14h", "target_time": "2026-09-18 14:00:00+08:00", "hour": 14, "air_temperature_c": 29.52, "relative_humidity_pct": 56.99999999999999, "wind_speed_10m_ms": 2.7, "utci_c": 38.61, "p_base": 0.7911, "p_enhanced": 0.8212, "delta_p": 0.0301, "rel_mitigation_pct": -3.81, "risk_level": "extreme"}}, {"type": "Feature", "geometry": {"type": "Polygon", "coordinates": [[[121.4, 31.14], [121.4, 31.15], [121.41, 31.15], [121.41, 31.14], [121.4, 31.14]]]}, "properties": {"grid_id": "r075_c055", "phase": "peak_14h", "target_time": "2026-09-18 14:00:00+08:00", "hour": 14, "air_temperature_c": 29.52, "relative_humidity_pct": 56.99999999999999, "wind_speed_10m_ms": 2.7, "utci_c": 38.33, "p_base": 0.779, "p_enhanced": 0.8162, "delta_p": 0.0372, "rel_mitigation_pct": -4.77, "risk_level": "extreme"}}, {"type": "Feature", "geometry": {"type": "Polygon", "coordinates": [[[121.43, 31.14], [121.43, 31.15], [121.44, 31.15], [121.44, 31.14], [121.43, 31.14]]]}, "properties": {"grid_id": "r075_c058", "phase": "peak_14h", "target_time": "2026-09-18 14:00:00+08:00", "hour": 14, "air_temperature_c": 29.52, "relative_humidity_pct": 56.99999999999999, "wind_speed_10m_ms": 2.7, "utci_c": 38.02, "p_base": 0.7649, "p_enhanced": 0.8262, "delta_p": 0.0612, "rel_mitigation_pct": -8.01, "risk_level": "extreme"}}, {"type": "Feature", "geometry": {"type": "Polygon", "coordinates": [[[121.44, 31.14], [121.44, 31.15], [121.45, 31.15], [121.45, 31.14], [121.44, 31.14]]]}, "properties": {"grid_id": "r075_c059", "phase": "peak_14h", "target_time": "2026-09-18 14:00:00+08:00", "hour": 14, "air_temperature_c": 29.52, "relative_humidity_pct": 56.99999999999999, "wind_speed_10m_ms": 2.7, "utci_c": 38.35, "p_base": 0.7799, "p_enhanced": 0.8114, "delta_p": 0.0315, "rel_mitigation_pct": -4.04, "risk_level": "extreme"}}, {"type": "Feature", "geometry": {"type": "Polygon", "coordinates": [[[121.46, 31.14], [121.46, 31.15], [121.47, 31.15], [121.47, 31.14], [121.46, 31.14]]]}, "properties": {"grid_id": "r075_c061", "phase": "peak_14h", "target_time": "2026-09-18 14:00:00+08:00", "hour": 14, "air_temperature_c": 29.52, "relative_humidity_pct": 56.99999999999999, "wind_speed_10m_ms": 2.7, "utci_c": 38.34, "p_base": 0.7795, "p_enhanced": 0.8266, "delta_p": 0.0471, "rel_mitigation_pct": -6.05, "risk_level": "extreme"}}, {"type": "Feature", "geometry": {"type": "Polygon", "coordinates": [[[121.49, 31.14], [121.49, 31.15], [121.5, 31.15], [121.5, 31.14], [121.49, 31.14]]]}, "properties": {"grid_id": "r075_c064", "phase": "peak_14h", "target_time": "2026-09-18 14:00:00+08:00", "hour": 14, "air_temperature_c": 29.52, "relative_humidity_pct": 56.99999999999999, "wind_speed_10m_ms": 2.7, "utci_c": 38.86, "p_base": 0.8017, "p_enhanced": 0.8178, "delta_p": 0.0161, "rel_mitigation_pct": -2.01, "risk_level": "extreme"}}, {"type": "Feature", "geometry": {"type": "Polygon", "coordinates": [[[121.51, 31.14], [121.51, 31.15], [121.52, 31.15], [121.52, 31.14], [121.51, 31.14]]]}, "properties": {"grid_id": "r075_c066", "phase": "peak_14h", "target_time": "2026-09-18 14:00:00+08:00", "hour": 14, "air_temperature_c": 29.52, "relative_humidity_pct": 56.99999999999999, "wind_speed_10m_ms": 2.7, "utci_c": 38.5, "p_base": 0.7863, "p_enhanced": 0.8107, "delta_p": 0.0244, "rel_mitigation_pct": -3.11, "risk_level": "extreme"}}, {"type": "Feature", "geometry": {"type": "Polygon", "coordinates": [[[121.54, 31.14], [121.54, 31.15], [121.55, 31.15], [121.55, 31.14], [121.54, 31.14]]]}, "properties": {"grid_id": "r075_c069", "phase": "peak_14h", "target_time": "2026-09-18 14:00:00+08:00", "hour": 14, "air_temperature_c": 29.52, "relative_humidity_pct": 56.99999999999999, "wind_speed_10m_ms": 2.7, "utci_c": 37.97, "p_base": 0.7625, "p_enhanced": 0.8365, "delta_p": 0.074, "rel_mitigation_pct": -9.7, "risk_level": "extreme"}}, {"type": "Feature", "geometry": {"type": "Polygon", "coordinates": [[[121.65, 31.14], [121.65, 31.15], [121.66, 31.15], [121.66, 31.14], [121.65, 31.14]]]}, "properties": {"grid_id": "r075_c080", "phase": "peak_14h", "target_time": "2026-09-18 14:00:00+08:00", "hour": 14, "air_temperature_c": 29.52, "relative_humidity_pct": 56.99999999999999, "wind_speed_10m_ms": 2.7, "utci_c": 38.24, "p_base": 0.7746, "p_enhanced": 0.8111, "delta_p": 0.0364, "rel_mitigation_pct": -4.7, "risk_level": "extreme"}}, {"type": "Feature", "geometry": {"type": "Polygon", "coordinates": [[[121.66, 31.14], [121.66, 31.15], [121.67, 31.15], [121.67, 31.14], [121.66, 31.14]]]}, "properties": {"grid_id": "r075_c081", "phase": "peak_14h", "target_time": "2026-09-18 14:00:00+08:00", "hour": 14, "air_temperature_c": 29.52, "relative_humidity_pct": 56.99999999999999, "wind_speed_10m_ms": 2.7, "utci_c": 36.67, "p_base": 0.6982, "p_enhanced": 0.7626, "delta_p": 0.0644, "rel_mitigation_pct": -9.23, "risk_level": "extreme"}}, {"type": "Feature", "geometry": {"type": "Polygon", "coordinates": [[[121.71, 31.14], [121.71, 31.15], [121.72, 31.15], [121.72, 31.14], [121.71, 31.14]]]}, "properties": {"grid_id": "r075_c086", "phase": "peak_14h", "target_time": "2026-09-18 14:00:00+08:00", "hour": 14, "air_temperature_c": 29.52, "relative_humidity_pct": 56.99999999999999, "wind_speed_10m_ms": 2.7, "utci_c": 38.5, "p_base": 0.7864, "p_enhanced": 0.8251, "delta_p": 0.0387, "rel_mitigation_pct": -4.92, "risk_level": "extreme"}}, {"type": "Feature", "geometry": {"type": "Polygon", "coordinates": [[[121.05, 31.13], [121.05, 31.14], [121.06, 31.14], [121.06, 31.13], [121.05, 31.13]]]}, "properties": {"grid_id": "r076_c020", "phase": "peak_14h", "target_time": "2026-09-18 14:00:00+08:00", "hour": 14, "air_temperature_c": 29.52, "relative_humidity_pct": 56.99999999999999, "wind_speed_10m_ms": 2.7, "utci_c": 38.4, "p_base": 0.7822, "p_enhanced": 0.8272, "delta_p": 0.045, "rel_mitigation_pct": -5.75, "risk_level": "extreme"}}, {"type": "Feature", "geometry": {"type": "Polygon", "coordinates": [[[121.09, 31.13], [121.09, 31.14], [121.1, 31.14], [121.1, 31.13], [121.09, 31.13]]]}, "properties": {"grid_id": "r076_c024", "phase": "peak_14h", "target_time": "2026-09-18 14:00:00+08:00", "hour": 14, "air_temperature_c": 29.52, "relative_humidity_pct": 56.99999999999999, "wind_speed_10m_ms": 2.7, "utci_c": 37.69, "p_base": 0.7495, "p_enhanced": 0.7959, "delta_p": 0.0464, "rel_mitigation_pct": -6.19, "risk_level": "extreme"}}, {"type": "Feature", "geometry": {"type": "Polygon", "coordinates": [[[121.2, 31.13], [121.2, 31.14], [121.21, 31.14], [121.21, 31.13], [121.2, 31.13]]]}, "properties": {"grid_id": "r076_c035", "phase": "peak_14h", "target_time": "2026-09-18 14:00:00+08:00", "hour": 14, "air_temperature_c": 29.52, "relative_humidity_pct": 56.99999999999999, "wind_speed_10m_ms": 2.7, "utci_c": 38.23, "p_base": 0.7744, "p_enhanced": 0.792, "delta_p": 0.0176, "rel_mitigation_pct": -2.27, "risk_level": "extreme"}}, {"type": "Feature", "geometry": {"type": "Polygon", "coordinates": [[[121.22, 31.13], [121.22, 31.14], [121.23, 31.14], [121.23, 31.13], [121.22, 31.13]]]}, "properties": {"grid_id": "r076_c037", "phase": "peak_14h", "target_time": "2026-09-18 14:00:00+08:00", "hour": 14, "air_temperature_c": 29.52, "relative_humidity_pct": 56.99999999999999, "wind_speed_10m_ms": 2.7, "utci_c": 38.37, "p_base": 0.7807, "p_enhanced": 0.8085, "delta_p": 0.0278, "rel_mitigation_pct": -3.56, "risk_level": "extreme"}}, {"type": "Feature", "geometry": {"type": "Polygon", "coordinates": [[[121.38, 31.13], [121.38, 31.14], [121.39, 31.14], [121.39, 31.13], [121.38, 31.13]]]}, "properties": {"grid_id": "r076_c053", "phase": "peak_14h", "target_time": "2026-09-18 14:00:00+08:00", "hour": 14, "air_temperature_c": 29.52, "relative_humidity_pct": 56.99999999999999, "wind_speed_10m_ms": 2.7, "utci_c": 38.31, "p_base": 0.7778, "p_enhanced": 0.8096, "delta_p": 0.0318, "rel_mitigation_pct": -4.09, "risk_level": "extreme"}}, {"type": "Feature", "geometry": {"type": "Polygon", "coordinates": [[[121.42, 31.13], [121.42, 31.14], [121.43, 31.14], [121.43, 31.13], [121.42, 31.13]]]}, "properties": {"grid_id": "r076_c057", "phase": "peak_14h", "target_time": "2026-09-18 14:00:00+08:00", "hour": 14, "air_temperature_c": 29.52, "relative_humidity_pct": 56.99999999999999, "wind_speed_10m_ms": 2.7, "utci_c": 38.5, "p_base": 0.7863, "p_enhanced": 0.8132, "delta_p": 0.0269, "rel_mitigation_pct": -3.42, "risk_level": "extreme"}}, {"type": "Feature", "geometry": {"type": "Polygon", "coordinates": [[[121.55, 31.13], [121.55, 31.14], [121.56, 31.14], [121.56, 31.13], [121.55, 31.13]]]}, "properties": {"grid_id": "r076_c070", "phase": "peak_14h", "target_time": "2026-09-18 14:00:00+08:00", "hour": 14, "air_temperature_c": 29.52, "relative_humidity_pct": 56.99999999999999, "wind_speed_10m_ms": 2.7, "utci_c": 38.66, "p_base": 0.7933, "p_enhanced": 0.8218, "delta_p": 0.0286, "rel_mitigation_pct": -3.6, "risk_level": "extreme"}}, {"type": "Feature", "geometry": {"type": "Polygon", "coordinates": [[[121.56, 31.13], [121.56, 31.14], [121.57, 31.14], [121.57, 31.13], [121.56, 31.13]]]}, "properties": {"grid_id": "r076_c071", "phase": "peak_14h", "target_time": "2026-09-18 14:00:00+08:00", "hour": 14, "air_temperature_c": 29.52, "relative_humidity_pct": 56.99999999999999, "wind_speed_10m_ms": 2.7, "utci_c": 38.63, "p_base": 0.792, "p_enhanced": 0.8213, "delta_p": 0.0293, "rel_mitigation_pct": -3.7, "risk_level": "extreme"}}, {"type": "Feature", "geometry": {"type": "Polygon", "coordinates": [[[121.66, 31.13], [121.66, 31.14], [121.67, 31.14], [121.67, 31.13], [121.66, 31.13]]]}, "properties": {"grid_id": "r076_c081", "phase": "peak_14h", "target_time": "2026-09-18 14:00:00+08:00", "hour": 14, "air_temperature_c": 29.52, "relative_humidity_pct": 56.99999999999999, "wind_speed_10m_ms": 2.7, "utci_c": 38.17, "p_base": 0.7719, "p_enhanced": 0.7933, "delta_p": 0.0214, "rel_mitigation_pct": -2.77, "risk_level": "extreme"}}, {"type": "Feature", "geometry": {"type": "Polygon", "coordinates": [[[121.04, 31.12], [121.04, 31.13], [121.05, 31.13], [121.05, 31.12], [121.04, 31.12]]]}, "properties": {"grid_id": "r077_c019", "phase": "peak_14h", "target_time": "2026-09-18 14:00:00+08:00", "hour": 14, "air_temperature_c": 29.52, "relative_humidity_pct": 56.99999999999999, "wind_speed_10m_ms": 2.7, "utci_c": 37.94, "p_base": 0.7612, "p_enhanced": 0.7523, "delta_p": -0.0089, "rel_mitigation_pct": 1.17, "risk_level": "extreme"}}, {"type": "Feature", "geometry": {"type": "Polygon", "coordinates": [[[121.11, 31.12], [121.11, 31.13], [121.12, 31.13], [121.12, 31.12], [121.11, 31.12]]]}, "properties": {"grid_id": "r077_c026", "phase": "peak_14h", "target_time": "2026-09-18 14:00:00+08:00", "hour": 14, "air_temperature_c": 29.52, "relative_humidity_pct": 56.99999999999999, "wind_speed_10m_ms": 2.7, "utci_c": 38.28, "p_base": 0.7766, "p_enhanced": 0.7948, "delta_p": 0.0182, "rel_mitigation_pct": -2.35, "risk_level": "extreme"}}, {"type": "Feature", "geometry": {"type": "Polygon", "coordinates": [[[121.2, 31.12], [121.2, 31.13], [121.21, 31.13], [121.21, 31.12], [121.2, 31.12]]]}, "properties": {"grid_id": "r077_c035", "phase": "peak_14h", "target_time": "2026-09-18 14:00:00+08:00", "hour": 14, "air_temperature_c": 29.52, "relative_humidity_pct": 56.99999999999999, "wind_speed_10m_ms": 2.7, "utci_c": 38.45, "p_base": 0.7842, "p_enhanced": 0.8169, "delta_p": 0.0327, "rel_mitigation_pct": -4.17, "risk_level": "extreme"}}, {"type": "Feature", "geometry": {"type": "Polygon", "coordinates": [[[121.36, 31.12], [121.36, 31.13], [121.37, 31.13], [121.37, 31.12], [121.36, 31.12]]]}, "properties": {"grid_id": "r077_c051", "phase": "peak_14h", "target_time": "2026-09-18 14:00:00+08:00", "hour": 14, "air_temperature_c": 29.52, "relative_humidity_pct": 56.99999999999999, "wind_speed_10m_ms": 2.7, "utci_c": 38.16, "p_base": 0.7714, "p_enhanced": 0.8061, "delta_p": 0.0347, "rel_mitigation_pct": -4.49, "risk_level": "extreme"}}, {"type": "Feature", "geometry": {"type": "Polygon", "coordinates": [[[121.39, 31.12], [121.39, 31.13], [121.4, 31.13], [121.4, 31.12], [121.39, 31.12]]]}, "properties": {"grid_id": "r077_c054", "phase": "peak_14h", "target_time": "2026-09-18 14:00:00+08:00", "hour": 14, "air_temperature_c": 29.52, "relative_humidity_pct": 56.99999999999999, "wind_speed_10m_ms": 2.7, "utci_c": 38.25, "p_base": 0.7753, "p_enhanced": 0.8138, "delta_p": 0.0385, "rel_mitigation_pct": -4.97, "risk_level": "extreme"}}, {"type": "Feature", "geometry": {"type": "Polygon", "coordinates": [[[121.44, 31.12], [121.44, 31.13], [121.45, 31.13], [121.45, 31.12], [121.44, 31.12]]]}, "properties": {"grid_id": "r077_c059", "phase": "peak_14h", "target_time": "2026-09-18 14:00:00+08:00", "hour": 14, "air_temperature_c": 29.52, "relative_humidity_pct": 56.99999999999999, "wind_speed_10m_ms": 2.7, "utci_c": 38.25, "p_base": 0.7751, "p_enhanced": 0.8227, "delta_p": 0.0476, "rel_mitigation_pct": -6.14, "risk_level": "extreme"}}, {"type": "Feature", "geometry": {"type": "Polygon", "coordinates": [[[121.56, 31.12], [121.56, 31.13], [121.57, 31.13], [121.57, 31.12], [121.56, 31.12]]]}, "properties": {"grid_id": "r077_c071", "phase": "peak_14h", "target_time": "2026-09-18 14:00:00+08:00", "hour": 14, "air_temperature_c": 29.52, "relative_humidity_pct": 56.99999999999999, "wind_speed_10m_ms": 2.7, "utci_c": 38.65, "p_base": 0.793, "p_enhanced": 0.822, "delta_p": 0.029, "rel_mitigation_pct": -3.65, "risk_level": "extreme"}}, {"type": "Feature", "geometry": {"type": "Polygon", "coordinates": [[[120.91, 31.11], [120.91, 31.12], [120.92, 31.12], [120.92, 31.11], [120.91, 31.11]]]}, "properties": {"grid_id": "r078_c006", "phase": "peak_14h", "target_time": "2026-09-18 14:00:00+08:00", "hour": 14, "air_temperature_c": 29.52, "relative_humidity_pct": 56.99999999999999, "wind_speed_10m_ms": 2.7, "utci_c": 37.93, "p_base": 0.7606, "p_enhanced": 0.7394, "delta_p": -0.0212, "rel_mitigation_pct": 2.79, "risk_level": "extreme"}}, {"type": "Feature", "geometry": {"type": "Polygon", "coordinates": [[[120.92, 31.11], [120.92, 31.12], [120.93, 31.12], [120.93, 31.11], [120.92, 31.11]]]}, "properties": {"grid_id": "r078_c007", "phase": "peak_14h", "target_time": "2026-09-18 14:00:00+08:00", "hour": 14, "air_temperature_c": 29.52, "relative_humidity_pct": 56.99999999999999, "wind_speed_10m_ms": 2.7, "utci_c": 37.72, "p_base": 0.7506, "p_enhanced": 0.7021, "delta_p": -0.0485, "rel_mitigation_pct": 6.47, "risk_level": "extreme"}}, {"type": "Feature", "geometry": {"type": "Polygon", "coordinates": [[[121.0, 31.11], [121.0, 31.12], [121.01, 31.12], [121.01, 31.11], [121.0, 31.11]]]}, "properties": {"grid_id": "r078_c015", "phase": "peak_14h", "target_time": "2026-09-18 14:00:00+08:00", "hour": 14, "air_temperature_c": 29.52, "relative_humidity_pct": 56.99999999999999, "wind_speed_10m_ms": 2.7, "utci_c": 36.43, "p_base": 0.6855, "p_enhanced": 0.6767, "delta_p": -0.0088, "rel_mitigation_pct": 1.29, "risk_level": "high"}}, {"type": "Feature", "geometry": {"type": "Polygon", "coordinates": [[[121.04, 31.11], [121.04, 31.12], [121.05, 31.12], [121.05, 31.11], [121.04, 31.11]]]}, "properties": {"grid_id": "r078_c019", "phase": "peak_14h", "target_time": "2026-09-18 14:00:00+08:00", "hour": 14, "air_temperature_c": 29.52, "relative_humidity_pct": 56.99999999999999, "wind_speed_10m_ms": 2.7, "utci_c": 37.76, "p_base": 0.7524, "p_enhanced": 0.742, "delta_p": -0.0104, "rel_mitigation_pct": 1.39, "risk_level": "extreme"}}, {"type": "Feature", "geometry": {"type": "Polygon", "coordinates": [[[121.05, 31.11], [121.05, 31.12], [121.06, 31.12], [121.06, 31.11], [121.05, 31.11]]]}, "properties": {"grid_id": "r078_c020", "phase": "peak_14h", "target_time": "2026-09-18 14:00:00+08:00", "hour": 14, "air_temperature_c": 29.52, "relative_humidity_pct": 56.99999999999999, "wind_speed_10m_ms": 2.7, "utci_c": 37.98, "p_base": 0.7628, "p_enhanced": 0.7563, "delta_p": -0.0065, "rel_mitigation_pct": 0.85, "risk_level": "extreme"}}, {"type": "Feature", "geometry": {"type": "Polygon", "coordinates": [[[121.2, 31.11], [121.2, 31.12], [121.21, 31.12], [121.21, 31.11], [121.2, 31.11]]]}, "properties": {"grid_id": "r078_c035", "phase": "peak_14h", "target_time": "2026-09-18 14:00:00+08:00", "hour": 14, "air_temperature_c": 29.52, "relative_humidity_pct": 56.99999999999999, "wind_speed_10m_ms": 2.7, "utci_c": 38.23, "p_base": 0.7744, "p_enhanced": 0.8068, "delta_p": 0.0324, "rel_mitigation_pct": -4.19, "risk_level": "extreme"}}, {"type": "Feature", "geometry": {"type": "Polygon", "coordinates": [[[121.21, 31.11], [121.21, 31.12], [121.22, 31.12], [121.22, 31.11], [121.21, 31.11]]]}, "properties": {"grid_id": "r078_c036", "phase": "peak_14h", "target_time": "2026-09-18 14:00:00+08:00", "hour": 14, "air_temperature_c": 29.52, "relative_humidity_pct": 56.99999999999999, "wind_speed_10m_ms": 2.7, "utci_c": 38.21, "p_base": 0.7735, "p_enhanced": 0.8227, "delta_p": 0.0492, "rel_mitigation_pct": -6.36, "risk_level": "extreme"}}, {"type": "Feature", "geometry": {"type": "Polygon", "coordinates": [[[121.22, 31.11], [121.22, 31.12], [121.23, 31.12], [121.23, 31.11], [121.22, 31.11]]]}, "properties": {"grid_id": "r078_c037", "phase": "peak_14h", "target_time": "2026-09-18 14:00:00+08:00", "hour": 14, "air_temperature_c": 29.52, "relative_humidity_pct": 56.99999999999999, "wind_speed_10m_ms": 2.7, "utci_c": 38.36, "p_base": 0.7803, "p_enhanced": 0.8162, "delta_p": 0.0359, "rel_mitigation_pct": -4.6, "risk_level": "extreme"}}, {"type": "Feature", "geometry": {"type": "Polygon", "coordinates": [[[121.25, 31.11], [121.25, 31.12], [121.26, 31.12], [121.26, 31.11], [121.25, 31.11]]]}, "properties": {"grid_id": "r078_c040", "phase": "peak_14h", "target_time": "2026-09-18 14:00:00+08:00", "hour": 14, "air_temperature_c": 29.52, "relative_humidity_pct": 56.99999999999999, "wind_speed_10m_ms": 2.7, "utci_c": 38.2, "p_base": 0.7732, "p_enhanced": 0.7753, "delta_p": 0.0021, "rel_mitigation_pct": -0.27, "risk_level": "extreme"}}, {"type": "Feature", "geometry": {"type": "Polygon", "coordinates": [[[121.27, 31.11], [121.27, 31.12], [121.28, 31.12], [121.28, 31.11], [121.27, 31.11]]]}, "properties": {"grid_id": "r078_c042", "phase": "peak_14h", "target_time": "2026-09-18 14:00:00+08:00", "hour": 14, "air_temperature_c": 29.52, "relative_humidity_pct": 56.99999999999999, "wind_speed_10m_ms": 2.7, "utci_c": 38.35, "p_base": 0.78, "p_enhanced": 0.816, "delta_p": 0.0361, "rel_mitigation_pct": -4.63, "risk_level": "extreme"}}, {"type": "Feature", "geometry": {"type": "Polygon", "coordinates": [[[121.34, 31.11], [121.34, 31.12], [121.35, 31.12], [121.35, 31.11], [121.34, 31.11]]]}, "properties": {"grid_id": "r078_c049", "phase": "peak_14h", "target_time": "2026-09-18 14:00:00+08:00", "hour": 14, "air_temperature_c": 29.52, "relative_humidity_pct": 56.99999999999999, "wind_speed_10m_ms": 2.7, "utci_c": 37.99, "p_base": 0.7633, "p_enhanced": 0.8236, "delta_p": 0.0603, "rel_mitigation_pct": -7.9, "risk_level": "extreme"}}, {"type": "Feature", "geometry": {"type": "Polygon", "coordinates": [[[121.39, 31.11], [121.39, 31.12], [121.4, 31.12], [121.4, 31.11], [121.39, 31.11]]]}, "properties": {"grid_id": "r078_c054", "phase": "peak_14h", "target_time": "2026-09-18 14:00:00+08:00", "hour": 14, "air_temperature_c": 29.52, "relative_humidity_pct": 56.99999999999999, "wind_speed_10m_ms": 2.7, "utci_c": 37.99, "p_base": 0.7636, "p_enhanced": 0.8188, "delta_p": 0.0552, "rel_mitigation_pct": -7.23, "risk_level": "extreme"}}, {"type": "Feature", "geometry": {"type": "Polygon", "coordinates": [[[121.46, 31.11], [121.46, 31.12], [121.47, 31.12], [121.47, 31.11], [121.46, 31.11]]]}, "properties": {"grid_id": "r078_c061", "phase": "peak_14h", "target_time": "2026-09-18 14:00:00+08:00", "hour": 14, "air_temperature_c": 29.52, "relative_humidity_pct": 56.99999999999999, "wind_speed_10m_ms": 2.7, "utci_c": 37.29, "p_base": 0.7297, "p_enhanced": 0.634, "delta_p": -0.0957, "rel_mitigation_pct": 13.11, "risk_level": "high"}}, {"type": "Feature", "geometry": {"type": "Polygon", "coordinates": [[[121.58, 31.11], [121.58, 31.12], [121.59, 31.12], [121.59, 31.11], [121.58, 31.11]]]}, "properties": {"grid_id": "r078_c073", "phase": "peak_14h", "target_time": "2026-09-18 14:00:00+08:00", "hour": 14, "air_temperature_c": 29.52, "relative_humidity_pct": 56.99999999999999, "wind_speed_10m_ms": 2.7, "utci_c": 38.81, "p_base": 0.7995, "p_enhanced": 0.8188, "delta_p": 0.0193, "rel_mitigation_pct": -2.41, "risk_level": "extreme"}}, {"type": "Feature", "geometry": {"type": "Polygon", "coordinates": [[[120.94, 31.1], [120.94, 31.11], [120.95, 31.11], [120.95, 31.1], [120.94, 31.1]]]}, "properties": {"grid_id": "r079_c009", "phase": "peak_14h", "target_time": "2026-09-18 14:00:00+08:00", "hour": 14, "air_temperature_c": 29.52, "relative_humidity_pct": 56.99999999999999, "wind_speed_10m_ms": 2.7, "utci_c": 35.7, "p_base": 0.6456, "p_enhanced": 0.2858, "delta_p": -0.3598, "rel_mitigation_pct": 55.73, "risk_level": "high"}}, {"type": "Feature", "geometry": {"type": "Polygon", "coordinates": [[[121.0, 31.1], [121.0, 31.11], [121.01, 31.11], [121.01, 31.1], [121.0, 31.1]]]}, "properties": {"grid_id": "r079_c015", "phase": "peak_14h", "target_time": "2026-09-18 14:00:00+08:00", "hour": 14, "air_temperature_c": 29.52, "relative_humidity_pct": 56.99999999999999, "wind_speed_10m_ms": 2.7, "utci_c": 36.73, "p_base": 0.7011, "p_enhanced": 0.785, "delta_p": 0.0839, "rel_mitigation_pct": -11.97, "risk_level": "extreme"}}, {"type": "Feature", "geometry": {"type": "Polygon", "coordinates": [[[121.18, 31.1], [121.18, 31.11], [121.19, 31.11], [121.19, 31.1], [121.18, 31.1]]]}, "properties": {"grid_id": "r079_c033", "phase": "peak_14h", "target_time": "2026-09-18 14:00:00+08:00", "hour": 14, "air_temperature_c": 29.52, "relative_humidity_pct": 56.99999999999999, "wind_speed_10m_ms": 2.7, "utci_c": 38.5, "p_base": 0.7864, "p_enhanced": 0.8251, "delta_p": 0.0387, "rel_mitigation_pct": -4.92, "risk_level": "extreme"}}, {"type": "Feature", "geometry": {"type": "Polygon", "coordinates": [[[121.2, 31.1], [121.2, 31.11], [121.21, 31.11], [121.21, 31.1], [121.2, 31.1]]]}, "properties": {"grid_id": "r079_c035", "phase": "peak_14h", "target_time": "2026-09-18 14:00:00+08:00", "hour": 14, "air_temperature_c": 29.52, "relative_humidity_pct": 56.99999999999999, "wind_speed_10m_ms": 2.7, "utci_c": 37.21, "p_base": 0.7258, "p_enhanced": 0.7601, "delta_p": 0.0343, "rel_mitigation_pct": -4.72, "risk_level": "extreme"}}, {"type": "Feature", "geometry": {"type": "Polygon", "coordinates": [[[121.22, 31.1], [121.22, 31.11], [121.23, 31.11], [121.23, 31.1], [121.22, 31.1]]]}, "properties": {"grid_id": "r079_c037", "phase": "peak_14h", "target_time": "2026-09-18 14:00:00+08:00", "hour": 14, "air_temperature_c": 29.52, "relative_humidity_pct": 56.99999999999999, "wind_speed_10m_ms": 2.7, "utci_c": 38.37, "p_base": 0.7807, "p_enhanced": 0.8088, "delta_p": 0.0282, "rel_mitigation_pct": -3.61, "risk_level": "extreme"}}, {"type": "Feature", "geometry": {"type": "Polygon", "coordinates": [[[121.25, 31.1], [121.25, 31.11], [121.26, 31.11], [121.26, 31.1], [121.25, 31.1]]]}, "properties": {"grid_id": "r079_c040", "phase": "peak_14h", "target_time": "2026-09-18 14:00:00+08:00", "hour": 14, "air_temperature_c": 29.52, "relative_humidity_pct": 56.99999999999999, "wind_speed_10m_ms": 2.7, "utci_c": 38.43, "p_base": 0.7831, "p_enhanced": 0.8151, "delta_p": 0.032, "rel_mitigation_pct": -4.08, "risk_level": "extreme"}}, {"type": "Feature", "geometry": {"type": "Polygon", "coordinates": [[[121.35, 31.1], [121.35, 31.11], [121.36, 31.11], [121.36, 31.1], [121.35, 31.1]]]}, "properties": {"grid_id": "r079_c050", "phase": "peak_14h", "target_time": "2026-09-18 14:00:00+08:00", "hour": 14, "air_temperature_c": 29.52, "relative_humidity_pct": 56.99999999999999, "wind_speed_10m_ms": 2.7, "utci_c": 38.38, "p_base": 0.7811, "p_enhanced": 0.8045, "delta_p": 0.0234, "rel_mitigation_pct": -2.99, "risk_level": "extreme"}}, {"type": "Feature", "geometry": {"type": "Polygon", "coordinates": [[[121.37, 31.1], [121.37, 31.11], [121.38, 31.11], [121.38, 31.1], [121.37, 31.1]]]}, "properties": {"grid_id": "r079_c052", "phase": "peak_14h", "target_time": "2026-09-18 14:00:00+08:00", "hour": 14, "air_temperature_c": 29.52, "relative_humidity_pct": 56.99999999999999, "wind_speed_10m_ms": 2.7, "utci_c": 38.55, "p_base": 0.7885, "p_enhanced": 0.8168, "delta_p": 0.0283, "rel_mitigation_pct": -3.59, "risk_level": "extreme"}}, {"type": "Feature", "geometry": {"type": "Polygon", "coordinates": [[[121.4, 31.1], [121.4, 31.11], [121.41, 31.11], [121.41, 31.1], [121.4, 31.1]]]}, "properties": {"grid_id": "r079_c055", "phase": "peak_14h", "target_time": "2026-09-18 14:00:00+08:00", "hour": 14, "air_temperature_c": 29.52, "relative_humidity_pct": 56.99999999999999, "wind_speed_10m_ms": 2.7, "utci_c": 38.59, "p_base": 0.7902, "p_enhanced": 0.8234, "delta_p": 0.0332, "rel_mitigation_pct": -4.2, "risk_level": "extreme"}}, {"type": "Feature", "geometry": {"type": "Polygon", "coordinates": [[[121.42, 31.1], [121.42, 31.11], [121.43, 31.11], [121.43, 31.1], [121.42, 31.1]]]}, "properties": {"grid_id": "r079_c057", "phase": "peak_14h", "target_time": "2026-09-18 14:00:00+08:00", "hour": 14, "air_temperature_c": 29.52, "relative_humidity_pct": 56.99999999999999, "wind_speed_10m_ms": 2.7, "utci_c": 38.5, "p_base": 0.7865, "p_enhanced": 0.8251, "delta_p": 0.0386, "rel_mitigation_pct": -4.91, "risk_level": "extreme"}}, {"type": "Feature", "geometry": {"type": "Polygon", "coordinates": [[[120.97, 31.09], [120.97, 31.1], [120.98, 31.1], [120.98, 31.09], [120.97, 31.09]]]}, "properties": {"grid_id": "r080_c012", "phase": "peak_14h", "target_time": "2026-09-18 14:00:00+08:00", "hour": 14, "air_temperature_c": 29.52, "relative_humidity_pct": 56.99999999999999, "wind_speed_10m_ms": 2.7, "utci_c": 36.17, "p_base": 0.6712, "p_enhanced": 0.3919, "delta_p": -0.2793, "rel_mitigation_pct": 41.61, "risk_level": "high"}}, {"type": "Feature", "geometry": {"type": "Polygon", "coordinates": [[[121.15, 31.09], [121.15, 31.1], [121.16, 31.1], [121.16, 31.09], [121.15, 31.09]]]}, "properties": {"grid_id": "r080_c030", "phase": "peak_14h", "target_time": "2026-09-18 14:00:00+08:00", "hour": 14, "air_temperature_c": 29.52, "relative_humidity_pct": 56.99999999999999, "wind_speed_10m_ms": 2.7, "utci_c": 38.5, "p_base": 0.7864, "p_enhanced": 0.8251, "delta_p": 0.0387, "rel_mitigation_pct": -4.92, "risk_level": "extreme"}}, {"type": "Feature", "geometry": {"type": "Polygon", "coordinates": [[[121.17, 31.09], [121.17, 31.1], [121.18, 31.1], [121.18, 31.09], [121.17, 31.09]]]}, "properties": {"grid_id": "r080_c032", "phase": "peak_14h", "target_time": "2026-09-18 14:00:00+08:00", "hour": 14, "air_temperature_c": 29.52, "relative_humidity_pct": 56.99999999999999, "wind_speed_10m_ms": 2.7, "utci_c": 38.43, "p_base": 0.7835, "p_enhanced": 0.8071, "delta_p": 0.0235, "rel_mitigation_pct": -3.0, "risk_level": "extreme"}}, {"type": "Feature", "geometry": {"type": "Polygon", "coordinates": [[[121.18, 31.09], [121.18, 31.1], [121.19, 31.1], [121.19, 31.09], [121.18, 31.09]]]}, "properties": {"grid_id": "r080_c033", "phase": "peak_14h", "target_time": "2026-09-18 14:00:00+08:00", "hour": 14, "air_temperature_c": 29.52, "relative_humidity_pct": 56.99999999999999, "wind_speed_10m_ms": 2.7, "utci_c": 38.0, "p_base": 0.764, "p_enhanced": 0.8319, "delta_p": 0.068, "rel_mitigation_pct": -8.9, "risk_level": "extreme"}}, {"type": "Feature", "geometry": {"type": "Polygon", "coordinates": [[[121.19, 31.09], [121.19, 31.1], [121.2, 31.1], [121.2, 31.09], [121.19, 31.09]]]}, "properties": {"grid_id": "r080_c034", "phase": "peak_14h", "target_time": "2026-09-18 14:00:00+08:00", "hour": 14, "air_temperature_c": 29.52, "relative_humidity_pct": 56.99999999999999, "wind_speed_10m_ms": 2.7, "utci_c": 38.06, "p_base": 0.7665, "p_enhanced": 0.8324, "delta_p": 0.0658, "rel_mitigation_pct": -8.59, "risk_level": "extreme"}}, {"type": "Feature", "geometry": {"type": "Polygon", "coordinates": [[[121.2, 31.09], [121.2, 31.1], [121.21, 31.1], [121.21, 31.09], [121.2, 31.09]]]}, "properties": {"grid_id": "r080_c035", "phase": "peak_14h", "target_time": "2026-09-18 14:00:00+08:00", "hour": 14, "air_temperature_c": 29.52, "relative_humidity_pct": 56.99999999999999, "wind_speed_10m_ms": 2.7, "utci_c": 38.36, "p_base": 0.7803, "p_enhanced": 0.8087, "delta_p": 0.0283, "rel_mitigation_pct": -3.63, "risk_level": "extreme"}}, {"type": "Feature", "geometry": {"type": "Polygon", "coordinates": [[[121.21, 31.09], [121.21, 31.1], [121.22, 31.1], [121.22, 31.09], [121.21, 31.09]]]}, "properties": {"grid_id": "r080_c036", "phase": "peak_14h", "target_time": "2026-09-18 14:00:00+08:00", "hour": 14, "air_temperature_c": 29.52, "relative_humidity_pct": 56.99999999999999, "wind_speed_10m_ms": 2.7, "utci_c": 38.19, "p_base": 0.7726, "p_enhanced": 0.7936, "delta_p": 0.0209, "rel_mitigation_pct": -2.71, "risk_level": "extreme"}}, {"type": "Feature", "geometry": {"type": "Polygon", "coordinates": [[[121.22, 31.09], [121.22, 31.1], [121.23, 31.1], [121.23, 31.09], [121.22, 31.09]]]}, "properties": {"grid_id": "r080_c037", "phase": "peak_14h", "target_time": "2026-09-18 14:00:00+08:00", "hour": 14, "air_temperature_c": 29.52, "relative_humidity_pct": 56.99999999999999, "wind_speed_10m_ms": 2.7, "utci_c": 38.32, "p_base": 0.7782, "p_enhanced": 0.8098, "delta_p": 0.0315, "rel_mitigation_pct": -4.05, "risk_level": "extreme"}}, {"type": "Feature", "geometry": {"type": "Polygon", "coordinates": [[[121.24, 31.09], [121.24, 31.1], [121.25, 31.1], [121.25, 31.09], [121.24, 31.09]]]}, "properties": {"grid_id": "r080_c039", "phase": "peak_14h", "target_time": "2026-09-18 14:00:00+08:00", "hour": 14, "air_temperature_c": 29.52, "relative_humidity_pct": 56.99999999999999, "wind_speed_10m_ms": 2.7, "utci_c": 38.4, "p_base": 0.782, "p_enhanced": 0.8038, "delta_p": 0.0217, "rel_mitigation_pct": -2.78, "risk_level": "extreme"}}, {"type": "Feature", "geometry": {"type": "Polygon", "coordinates": [[[121.34, 31.09], [121.34, 31.1], [121.35, 31.1], [121.35, 31.09], [121.34, 31.09]]]}, "properties": {"grid_id": "r080_c049", "phase": "peak_14h", "target_time": "2026-09-18 14:00:00+08:00", "hour": 14, "air_temperature_c": 29.52, "relative_humidity_pct": 56.99999999999999, "wind_speed_10m_ms": 2.7, "utci_c": 38.52, "p_base": 0.7873, "p_enhanced": 0.8246, "delta_p": 0.0373, "rel_mitigation_pct": -4.74, "risk_level": "extreme"}}, {"type": "Feature", "geometry": {"type": "Polygon", "coordinates": [[[121.48, 31.09], [121.48, 31.1], [121.49, 31.1], [121.49, 31.09], [121.48, 31.09]]]}, "properties": {"grid_id": "r080_c063", "phase": "peak_14h", "target_time": "2026-09-18 14:00:00+08:00", "hour": 14, "air_temperature_c": 29.52, "relative_humidity_pct": 56.99999999999999, "wind_speed_10m_ms": 2.7, "utci_c": 38.5, "p_base": 0.7862, "p_enhanced": 0.8174, "delta_p": 0.0312, "rel_mitigation_pct": -3.96, "risk_level": "extreme"}}, {"type": "Feature", "geometry": {"type": "Polygon", "coordinates": [[[121.49, 31.09], [121.49, 31.1], [121.5, 31.1], [121.5, 31.09], [121.49, 31.09]]]}, "properties": {"grid_id": "r080_c064", "phase": "peak_14h", "target_time": "2026-09-18 14:00:00+08:00", "hour": 14, "air_temperature_c": 29.52, "relative_humidity_pct": 56.99999999999999, "wind_speed_10m_ms": 2.7, "utci_c": 38.31, "p_base": 0.7778, "p_enhanced": 0.7951, "delta_p": 0.0173, "rel_mitigation_pct": -2.23, "risk_level": "extreme"}}, {"type": "Feature", "geometry": {"type": "Polygon", "coordinates": [[[121.18, 31.08], [121.18, 31.09], [121.19, 31.09], [121.19, 31.08], [121.18, 31.08]]]}, "properties": {"grid_id": "r081_c033", "phase": "peak_14h", "target_time": "2026-09-18 14:00:00+08:00", "hour": 14, "air_temperature_c": 29.52, "relative_humidity_pct": 56.99999999999999, "wind_speed_10m_ms": 2.7, "utci_c": 38.11, "p_base": 0.7692, "p_enhanced": 0.8182, "delta_p": 0.049, "rel_mitigation_pct": -6.37, "risk_level": "extreme"}}, {"type": "Feature", "geometry": {"type": "Polygon", "coordinates": [[[121.19, 31.08], [121.19, 31.09], [121.2, 31.09], [121.2, 31.08], [121.19, 31.08]]]}, "properties": {"grid_id": "r081_c034", "phase": "peak_14h", "target_time": "2026-09-18 14:00:00+08:00", "hour": 14, "air_temperature_c": 29.52, "relative_humidity_pct": 56.99999999999999, "wind_speed_10m_ms": 2.7, "utci_c": 38.34, "p_base": 0.7793, "p_enhanced": 0.8143, "delta_p": 0.0349, "rel_mitigation_pct": -4.48, "risk_level": "extreme"}}, {"type": "Feature", "geometry": {"type": "Polygon", "coordinates": [[[121.2, 31.08], [121.2, 31.09], [121.21, 31.09], [121.21, 31.08], [121.2, 31.08]]]}, "properties": {"grid_id": "r081_c035", "phase": "peak_14h", "target_time": "2026-09-18 14:00:00+08:00", "hour": 14, "air_temperature_c": 29.52, "relative_humidity_pct": 56.99999999999999, "wind_speed_10m_ms": 2.7, "utci_c": 38.35, "p_base": 0.78, "p_enhanced": 0.8091, "delta_p": 0.0292, "rel_mitigation_pct": -3.74, "risk_level": "extreme"}}, {"type": "Feature", "geometry": {"type": "Polygon", "coordinates": [[[121.22, 31.08], [121.22, 31.09], [121.23, 31.09], [121.23, 31.08], [121.22, 31.08]]]}, "properties": {"grid_id": "r081_c037", "phase": "peak_14h", "target_time": "2026-09-18 14:00:00+08:00", "hour": 14, "air_temperature_c": 29.52, "relative_humidity_pct": 56.99999999999999, "wind_speed_10m_ms": 2.7, "utci_c": 38.36, "p_base": 0.7803, "p_enhanced": 0.8226, "delta_p": 0.0423, "rel_mitigation_pct": -5.42, "risk_level": "extreme"}}, {"type": "Feature", "geometry": {"type": "Polygon", "coordinates": [[[121.28, 31.08], [121.28, 31.09], [121.29, 31.09], [121.29, 31.08], [121.28, 31.08]]]}, "properties": {"grid_id": "r081_c043", "phase": "peak_14h", "target_time": "2026-09-18 14:00:00+08:00", "hour": 14, "air_temperature_c": 29.52, "relative_humidity_pct": 56.99999999999999, "wind_speed_10m_ms": 2.7, "utci_c": 38.46, "p_base": 0.7844, "p_enhanced": 0.8146, "delta_p": 0.0302, "rel_mitigation_pct": -3.85, "risk_level": "extreme"}}, {"type": "Feature", "geometry": {"type": "Polygon", "coordinates": [[[121.39, 31.08], [121.39, 31.09], [121.4, 31.09], [121.4, 31.08], [121.39, 31.08]]]}, "properties": {"grid_id": "r081_c054", "phase": "peak_14h", "target_time": "2026-09-18 14:00:00+08:00", "hour": 14, "air_temperature_c": 29.52, "relative_humidity_pct": 56.99999999999999, "wind_speed_10m_ms": 2.7, "utci_c": 38.51, "p_base": 0.7869, "p_enhanced": 0.8249, "delta_p": 0.038, "rel_mitigation_pct": -4.82, "risk_level": "extreme"}}, {"type": "Feature", "geometry": {"type": "Polygon", "coordinates": [[[121.61, 31.08], [121.61, 31.09], [121.62, 31.09], [121.62, 31.08], [121.61, 31.08]]]}, "properties": {"grid_id": "r081_c076", "phase": "peak_14h", "target_time": "2026-09-18 14:00:00+08:00", "hour": 14, "air_temperature_c": 29.52, "relative_humidity_pct": 56.99999999999999, "wind_speed_10m_ms": 2.7, "utci_c": 38.49, "p_base": 0.7862, "p_enhanced": 0.8221, "delta_p": 0.0359, "rel_mitigation_pct": -4.57, "risk_level": "extreme"}}, {"type": "Feature", "geometry": {"type": "Polygon", "coordinates": [[[120.9, 31.07], [120.9, 31.08], [120.91, 31.08], [120.91, 31.07], [120.9, 31.07]]]}, "properties": {"grid_id": "r082_c005", "phase": "peak_14h", "target_time": "2026-09-18 14:00:00+08:00", "hour": 14, "air_temperature_c": 29.52, "relative_humidity_pct": 56.99999999999999, "wind_speed_10m_ms": 2.7, "utci_c": 37.09, "p_base": 0.7197, "p_enhanced": 0.6857, "delta_p": -0.0341, "rel_mitigation_pct": 4.73, "risk_level": "high"}}, {"type": "Feature", "geometry": {"type": "Polygon", "coordinates": [[[120.93, 31.07], [120.93, 31.08], [120.94, 31.08], [120.94, 31.07], [120.93, 31.07]]]}, "properties": {"grid_id": "r082_c008", "phase": "peak_14h", "target_time": "2026-09-18 14:00:00+08:00", "hour": 14, "air_temperature_c": 29.52, "relative_humidity_pct": 56.99999999999999, "wind_speed_10m_ms": 2.7, "utci_c": 36.94, "p_base": 0.712, "p_enhanced": 0.5422, "delta_p": -0.1698, "rel_mitigation_pct": 23.85, "risk_level": "high"}}, {"type": "Feature", "geometry": {"type": "Polygon", "coordinates": [[[120.94, 31.07], [120.94, 31.08], [120.95, 31.08], [120.95, 31.07], [120.94, 31.07]]]}, "properties": {"grid_id": "r082_c009", "phase": "peak_14h", "target_time": "2026-09-18 14:00:00+08:00", "hour": 14, "air_temperature_c": 29.52, "relative_humidity_pct": 56.99999999999999, "wind_speed_10m_ms": 2.7, "utci_c": 37.61, "p_base": 0.7456, "p_enhanced": 0.6822, "delta_p": -0.0633, "rel_mitigation_pct": 8.5, "risk_level": "high"}}, {"type": "Feature", "geometry": {"type": "Polygon", "coordinates": [[[120.99, 31.07], [120.99, 31.08], [121.0, 31.08], [121.0, 31.07], [120.99, 31.07]]]}, "properties": {"grid_id": "r082_c014", "phase": "peak_14h", "target_time": "2026-09-18 14:00:00+08:00", "hour": 14, "air_temperature_c": 29.52, "relative_humidity_pct": 56.99999999999999, "wind_speed_10m_ms": 2.7, "utci_c": 36.73, "p_base": 0.701, "p_enhanced": 0.7692, "delta_p": 0.0681, "rel_mitigation_pct": -9.72, "risk_level": "extreme"}}, {"type": "Feature", "geometry": {"type": "Polygon", "coordinates": [[[121.11, 31.07], [121.11, 31.08], [121.12, 31.08], [121.12, 31.07], [121.11, 31.07]]]}, "properties": {"grid_id": "r082_c026", "phase": "peak_14h", "target_time": "2026-09-18 14:00:00+08:00", "hour": 14, "air_temperature_c": 29.52, "relative_humidity_pct": 56.99999999999999, "wind_speed_10m_ms": 2.7, "utci_c": 38.5, "p_base": 0.7866, "p_enhanced": 0.8237, "delta_p": 0.0371, "rel_mitigation_pct": -4.72, "risk_level": "extreme"}}, {"type": "Feature", "geometry": {"type": "Polygon", "coordinates": [[[121.14, 31.07], [121.14, 31.08], [121.15, 31.08], [121.15, 31.07], [121.14, 31.07]]]}, "properties": {"grid_id": "r082_c029", "phase": "peak_14h", "target_time": "2026-09-18 14:00:00+08:00", "hour": 14, "air_temperature_c": 29.52, "relative_humidity_pct": 56.99999999999999, "wind_speed_10m_ms": 2.7, "utci_c": 38.13, "p_base": 0.7701, "p_enhanced": 0.833, "delta_p": 0.063, "rel_mitigation_pct": -8.18, "risk_level": "extreme"}}, {"type": "Feature", "geometry": {"type": "Polygon", "coordinates": [[[121.17, 31.07], [121.17, 31.08], [121.18, 31.08], [121.18, 31.07], [121.17, 31.07]]]}, "properties": {"grid_id": "r082_c032", "phase": "peak_14h", "target_time": "2026-09-18 14:00:00+08:00", "hour": 14, "air_temperature_c": 29.52, "relative_humidity_pct": 56.99999999999999, "wind_speed_10m_ms": 2.7, "utci_c": 37.05, "p_base": 0.7175, "p_enhanced": 0.8201, "delta_p": 0.1026, "rel_mitigation_pct": -14.3, "risk_level": "extreme"}}, {"type": "Feature", "geometry": {"type": "Polygon", "coordinates": [[[121.49, 31.07], [121.49, 31.08], [121.5, 31.08], [121.5, 31.07], [121.49, 31.07]]]}, "properties": {"grid_id": "r082_c064", "phase": "peak_14h", "target_time": "2026-09-18 14:00:00+08:00", "hour": 14, "air_temperature_c": 29.52, "relative_humidity_pct": 56.99999999999999, "wind_speed_10m_ms": 2.7, "utci_c": 38.29, "p_base": 0.7773, "p_enhanced": 0.8244, "delta_p": 0.0472, "rel_mitigation_pct": -6.07, "risk_level": "extreme"}}, {"type": "Feature", "geometry": {"type": "Polygon", "coordinates": [[[121.54, 31.07], [121.54, 31.08], [121.55, 31.08], [121.55, 31.07], [121.54, 31.07]]]}, "properties": {"grid_id": "r082_c069", "phase": "peak_14h", "target_time": "2026-09-18 14:00:00+08:00", "hour": 14, "air_temperature_c": 29.52, "relative_humidity_pct": 56.99999999999999, "wind_speed_10m_ms": 2.7, "utci_c": 38.33, "p_base": 0.779, "p_enhanced": 0.8268, "delta_p": 0.0478, "rel_mitigation_pct": -6.14, "risk_level": "extreme"}}, {"type": "Feature", "geometry": {"type": "Polygon", "coordinates": [[[120.91, 31.06], [120.91, 31.07], [120.92, 31.07], [120.92, 31.06], [120.91, 31.06]]]}, "properties": {"grid_id": "r083_c006", "phase": "peak_14h", "target_time": "2026-09-18 14:00:00+08:00", "hour": 14, "air_temperature_c": 29.52, "relative_humidity_pct": 56.99999999999999, "wind_speed_10m_ms": 2.7, "utci_c": 37.98, "p_base": 0.7632, "p_enhanced": 0.7489, "delta_p": -0.0143, "rel_mitigation_pct": 1.87, "risk_level": "extreme"}}, {"type": "Feature", "geometry": {"type": "Polygon", "coordinates": [[[120.93, 31.06], [120.93, 31.07], [120.94, 31.07], [120.94, 31.06], [120.93, 31.06]]]}, "properties": {"grid_id": "r083_c008", "phase": "peak_14h", "target_time": "2026-09-18 14:00:00+08:00", "hour": 14, "air_temperature_c": 29.52, "relative_humidity_pct": 56.99999999999999, "wind_speed_10m_ms": 2.7, "utci_c": 38.36, "p_base": 0.7804, "p_enhanced": 0.8016, "delta_p": 0.0212, "rel_mitigation_pct": -2.72, "risk_level": "extreme"}}, {"type": "Feature", "geometry": {"type": "Polygon", "coordinates": [[[120.97, 31.06], [120.97, 31.07], [120.98, 31.07], [120.98, 31.06], [120.97, 31.06]]]}, "properties": {"grid_id": "r083_c012", "phase": "peak_14h", "target_time": "2026-09-18 14:00:00+08:00", "hour": 14, "air_temperature_c": 29.52, "relative_humidity_pct": 56.99999999999999, "wind_speed_10m_ms": 2.7, "utci_c": 36.44, "p_base": 0.6861, "p_enhanced": 0.722, "delta_p": 0.0358, "rel_mitigation_pct": -5.22, "risk_level": "extreme"}}, {"type": "Feature", "geometry": {"type": "Polygon", "coordinates": [[[121.14, 31.06], [121.14, 31.07], [121.15, 31.07], [121.15, 31.06], [121.14, 31.06]]]}, "properties": {"grid_id": "r083_c029", "phase": "peak_14h", "target_time": "2026-09-18 14:00:00+08:00", "hour": 14, "air_temperature_c": 29.52, "relative_humidity_pct": 56.99999999999999, "wind_speed_10m_ms": 2.7, "utci_c": 38.25, "p_base": 0.7754, "p_enhanced": 0.7951, "delta_p": 0.0197, "rel_mitigation_pct": -2.54, "risk_level": "extreme"}}, {"type": "Feature", "geometry": {"type": "Polygon", "coordinates": [[[121.15, 31.06], [121.15, 31.07], [121.16, 31.07], [121.16, 31.06], [121.15, 31.06]]]}, "properties": {"grid_id": "r083_c030", "phase": "peak_14h", "target_time": "2026-09-18 14:00:00+08:00", "hour": 14, "air_temperature_c": 29.52, "relative_humidity_pct": 56.99999999999999, "wind_speed_10m_ms": 2.7, "utci_c": 38.39, "p_base": 0.7817, "p_enhanced": 0.8104, "delta_p": 0.0287, "rel_mitigation_pct": -3.67, "risk_level": "extreme"}}, {"type": "Feature", "geometry": {"type": "Polygon", "coordinates": [[[121.17, 31.06], [121.17, 31.07], [121.18, 31.07], [121.18, 31.06], [121.17, 31.06]]]}, "properties": {"grid_id": "r083_c032", "phase": "peak_14h", "target_time": "2026-09-18 14:00:00+08:00", "hour": 14, "air_temperature_c": 29.52, "relative_humidity_pct": 56.99999999999999, "wind_speed_10m_ms": 2.7, "utci_c": 37.24, "p_base": 0.7273, "p_enhanced": 0.8514, "delta_p": 0.1241, "rel_mitigation_pct": -17.06, "risk_level": "extreme"}}, {"type": "Feature", "geometry": {"type": "Polygon", "coordinates": [[[121.19, 31.06], [121.19, 31.07], [121.2, 31.07], [121.2, 31.06], [121.19, 31.06]]]}, "properties": {"grid_id": "r083_c034", "phase": "peak_14h", "target_time": "2026-09-18 14:00:00+08:00", "hour": 14, "air_temperature_c": 29.52, "relative_humidity_pct": 56.99999999999999, "wind_speed_10m_ms": 2.7, "utci_c": 37.68, "p_base": 0.7489, "p_enhanced": 0.7596, "delta_p": 0.0107, "rel_mitigation_pct": -1.43, "risk_level": "extreme"}}, {"type": "Feature", "geometry": {"type": "Polygon", "coordinates": [[[121.21, 31.06], [121.21, 31.07], [121.22, 31.07], [121.22, 31.06], [121.21, 31.06]]]}, "properties": {"grid_id": "r083_c036", "phase": "peak_14h", "target_time": "2026-09-18 14:00:00+08:00", "hour": 14, "air_temperature_c": 29.52, "relative_humidity_pct": 56.99999999999999, "wind_speed_10m_ms": 2.7, "utci_c": 38.37, "p_base": 0.7805, "p_enhanced": 0.8068, "delta_p": 0.0263, "rel_mitigation_pct": -3.37, "risk_level": "extreme"}}, {"type": "Feature", "geometry": {"type": "Polygon", "coordinates": [[[121.23, 31.06], [121.23, 31.07], [121.24, 31.07], [121.24, 31.06], [121.23, 31.06]]]}, "properties": {"grid_id": "r083_c038", "phase": "peak_14h", "target_time": "2026-09-18 14:00:00+08:00", "hour": 14, "air_temperature_c": 29.52, "relative_humidity_pct": 56.99999999999999, "wind_speed_10m_ms": 2.7, "utci_c": 38.18, "p_base": 0.7723, "p_enhanced": 0.7704, "delta_p": -0.0018, "rel_mitigation_pct": 0.24, "risk_level": "extreme"}}, {"type": "Feature", "geometry": {"type": "Polygon", "coordinates": [[[121.21, 31.05], [121.21, 31.06], [121.22, 31.06], [121.22, 31.05], [121.21, 31.05]]]}, "properties": {"grid_id": "r084_c036", "phase": "peak_14h", "target_time": "2026-09-18 14:00:00+08:00", "hour": 14, "air_temperature_c": 29.52, "relative_humidity_pct": 56.99999999999999, "wind_speed_10m_ms": 2.7, "utci_c": 38.15, "p_base": 0.7709, "p_enhanced": 0.7797, "delta_p": 0.0089, "rel_mitigation_pct": -1.15, "risk_level": "extreme"}}, {"type": "Feature", "geometry": {"type": "Polygon", "coordinates": [[[121.5, 31.05], [121.5, 31.06], [121.51, 31.06], [121.51, 31.05], [121.5, 31.05]]]}, "properties": {"grid_id": "r084_c065", "phase": "peak_14h", "target_time": "2026-09-18 14:00:00+08:00", "hour": 14, "air_temperature_c": 29.52, "relative_humidity_pct": 56.99999999999999, "wind_speed_10m_ms": 2.7, "utci_c": 37.09, "p_base": 0.7198, "p_enhanced": 0.8211, "delta_p": 0.1013, "rel_mitigation_pct": -14.07, "risk_level": "extreme"}}, {"type": "Feature", "geometry": {"type": "Polygon", "coordinates": [[[121.71, 31.05], [121.71, 31.06], [121.72, 31.06], [121.72, 31.05], [121.71, 31.05]]]}, "properties": {"grid_id": "r084_c086", "phase": "peak_14h", "target_time": "2026-09-18 14:00:00+08:00", "hour": 14, "air_temperature_c": 29.52, "relative_humidity_pct": 56.99999999999999, "wind_speed_10m_ms": 2.7, "utci_c": 38.14, "p_base": 0.7703, "p_enhanced": 0.7889, "delta_p": 0.0186, "rel_mitigation_pct": -2.41, "risk_level": "extreme"}}, {"type": "Feature", "geometry": {"type": "Polygon", "coordinates": [[[121.76, 31.05], [121.76, 31.06], [121.77, 31.06], [121.77, 31.05], [121.76, 31.05]]]}, "properties": {"grid_id": "r084_c091", "phase": "peak_14h", "target_time": "2026-09-18 14:00:00+08:00", "hour": 14, "air_temperature_c": 29.52, "relative_humidity_pct": 56.99999999999999, "wind_speed_10m_ms": 2.7, "utci_c": 38.61, "p_base": 0.7913, "p_enhanced": 0.823, "delta_p": 0.0316, "rel_mitigation_pct": -3.99, "risk_level": "extreme"}}, {"type": "Feature", "geometry": {"type": "Polygon", "coordinates": [[[120.98, 31.04], [120.98, 31.05], [120.99, 31.05], [120.99, 31.04], [120.98, 31.04]]]}, "properties": {"grid_id": "r085_c013", "phase": "peak_14h", "target_time": "2026-09-18 14:00:00+08:00", "hour": 14, "air_temperature_c": 29.52, "relative_humidity_pct": 56.99999999999999, "wind_speed_10m_ms": 2.7, "utci_c": 38.24, "p_base": 0.7749, "p_enhanced": 0.7893, "delta_p": 0.0144, "rel_mitigation_pct": -1.86, "risk_level": "extreme"}}, {"type": "Feature", "geometry": {"type": "Polygon", "coordinates": [[[121.27, 31.04], [121.27, 31.05], [121.28, 31.05], [121.28, 31.04], [121.27, 31.04]]]}, "properties": {"grid_id": "r085_c042", "phase": "peak_14h", "target_time": "2026-09-18 14:00:00+08:00", "hour": 14, "air_temperature_c": 29.52, "relative_humidity_pct": 56.99999999999999, "wind_speed_10m_ms": 2.7, "utci_c": 38.54, "p_base": 0.788, "p_enhanced": 0.8243, "delta_p": 0.0364, "rel_mitigation_pct": -4.61, "risk_level": "extreme"}}, {"type": "Feature", "geometry": {"type": "Polygon", "coordinates": [[[121.48, 31.04], [121.48, 31.05], [121.49, 31.05], [121.49, 31.04], [121.48, 31.04]]]}, "properties": {"grid_id": "r085_c063", "phase": "peak_14h", "target_time": "2026-09-18 14:00:00+08:00", "hour": 14, "air_temperature_c": 29.52, "relative_humidity_pct": 56.99999999999999, "wind_speed_10m_ms": 2.7, "utci_c": 37.81, "p_base": 0.7551, "p_enhanced": 0.7875, "delta_p": 0.0323, "rel_mitigation_pct": -4.28, "risk_level": "extreme"}}, {"type": "Feature", "geometry": {"type": "Polygon", "coordinates": [[[121.5, 31.04], [121.5, 31.05], [121.51, 31.05], [121.51, 31.04], [121.5, 31.04]]]}, "properties": {"grid_id": "r085_c065", "phase": "peak_14h", "target_time": "2026-09-18 14:00:00+08:00", "hour": 14, "air_temperature_c": 29.52, "relative_humidity_pct": 56.99999999999999, "wind_speed_10m_ms": 2.7, "utci_c": 38.2, "p_base": 0.7732, "p_enhanced": 0.8253, "delta_p": 0.0521, "rel_mitigation_pct": -6.74, "risk_level": "extreme"}}, {"type": "Feature", "geometry": {"type": "Polygon", "coordinates": [[[121.51, 31.04], [121.51, 31.05], [121.52, 31.05], [121.52, 31.04], [121.51, 31.04]]]}, "properties": {"grid_id": "r085_c066", "phase": "peak_14h", "target_time": "2026-09-18 14:00:00+08:00", "hour": 14, "air_temperature_c": 29.52, "relative_humidity_pct": 56.99999999999999, "wind_speed_10m_ms": 2.7, "utci_c": 37.71, "p_base": 0.7505, "p_enhanced": 0.8342, "delta_p": 0.0837, "rel_mitigation_pct": -11.16, "risk_level": "extreme"}}, {"type": "Feature", "geometry": {"type": "Polygon", "coordinates": [[[121.72, 31.04], [121.72, 31.05], [121.73, 31.05], [121.73, 31.04], [121.72, 31.04]]]}, "properties": {"grid_id": "r085_c087", "phase": "peak_14h", "target_time": "2026-09-18 14:00:00+08:00", "hour": 14, "air_temperature_c": 29.52, "relative_humidity_pct": 56.99999999999999, "wind_speed_10m_ms": 2.7, "utci_c": 38.4, "p_base": 0.7821, "p_enhanced": 0.807, "delta_p": 0.0249, "rel_mitigation_pct": -3.18, "risk_level": "extreme"}}, {"type": "Feature", "geometry": {"type": "Polygon", "coordinates": [[[120.91, 31.03], [120.91, 31.04], [120.92, 31.04], [120.92, 31.03], [120.91, 31.03]]]}, "properties": {"grid_id": "r086_c006", "phase": "peak_14h", "target_time": "2026-09-18 14:00:00+08:00", "hour": 14, "air_temperature_c": 29.52, "relative_humidity_pct": 56.99999999999999, "wind_speed_10m_ms": 2.7, "utci_c": 38.45, "p_base": 0.7842, "p_enhanced": 0.8184, "delta_p": 0.0341, "rel_mitigation_pct": -4.35, "risk_level": "extreme"}}, {"type": "Feature", "geometry": {"type": "Polygon", "coordinates": [[[121.06, 31.03], [121.06, 31.04], [121.07, 31.04], [121.07, 31.03], [121.06, 31.03]]]}, "properties": {"grid_id": "r086_c021", "phase": "peak_14h", "target_time": "2026-09-18 14:00:00+08:00", "hour": 14, "air_temperature_c": 29.52, "relative_humidity_pct": 56.99999999999999, "wind_speed_10m_ms": 2.7, "utci_c": 37.23, "p_base": 0.7269, "p_enhanced": 0.7449, "delta_p": 0.018, "rel_mitigation_pct": -2.48, "risk_level": "extreme"}}, {"type": "Feature", "geometry": {"type": "Polygon", "coordinates": [[[121.18, 31.03], [121.18, 31.04], [121.19, 31.04], [121.19, 31.03], [121.18, 31.03]]]}, "properties": {"grid_id": "r086_c033", "phase": "peak_14h", "target_time": "2026-09-18 14:00:00+08:00", "hour": 14, "air_temperature_c": 29.52, "relative_humidity_pct": 56.99999999999999, "wind_speed_10m_ms": 2.7, "utci_c": 38.4, "p_base": 0.7819, "p_enhanced": 0.8086, "delta_p": 0.0267, "rel_mitigation_pct": -3.42, "risk_level": "extreme"}}, {"type": "Feature", "geometry": {"type": "Polygon", "coordinates": [[[121.19, 31.03], [121.19, 31.04], [121.2, 31.04], [121.2, 31.03], [121.19, 31.03]]]}, "properties": {"grid_id": "r086_c034", "phase": "peak_14h", "target_time": "2026-09-18 14:00:00+08:00", "hour": 14, "air_temperature_c": 29.52, "relative_humidity_pct": 56.99999999999999, "wind_speed_10m_ms": 2.7, "utci_c": 37.96, "p_base": 0.7622, "p_enhanced": 0.7385, "delta_p": -0.0236, "rel_mitigation_pct": 3.1, "risk_level": "extreme"}}, {"type": "Feature", "geometry": {"type": "Polygon", "coordinates": [[[121.2, 31.03], [121.2, 31.04], [121.21, 31.04], [121.21, 31.03], [121.2, 31.03]]]}, "properties": {"grid_id": "r086_c035", "phase": "peak_14h", "target_time": "2026-09-18 14:00:00+08:00", "hour": 14, "air_temperature_c": 29.52, "relative_humidity_pct": 56.99999999999999, "wind_speed_10m_ms": 2.7, "utci_c": 38.04, "p_base": 0.7657, "p_enhanced": 0.7923, "delta_p": 0.0266, "rel_mitigation_pct": -3.47, "risk_level": "extreme"}}, {"type": "Feature", "geometry": {"type": "Polygon", "coordinates": [[[121.21, 31.03], [121.21, 31.04], [121.22, 31.04], [121.22, 31.03], [121.21, 31.03]]]}, "properties": {"grid_id": "r086_c036", "phase": "peak_14h", "target_time": "2026-09-18 14:00:00+08:00", "hour": 14, "air_temperature_c": 29.52, "relative_humidity_pct": 56.99999999999999, "wind_speed_10m_ms": 2.7, "utci_c": 37.88, "p_base": 0.7583, "p_enhanced": 0.7989, "delta_p": 0.0406, "rel_mitigation_pct": -5.36, "risk_level": "extreme"}}, {"type": "Feature", "geometry": {"type": "Polygon", "coordinates": [[[121.22, 31.03], [121.22, 31.04], [121.23, 31.04], [121.23, 31.03], [121.22, 31.03]]]}, "properties": {"grid_id": "r086_c037", "phase": "peak_14h", "target_time": "2026-09-18 14:00:00+08:00", "hour": 14, "air_temperature_c": 29.52, "relative_humidity_pct": 56.99999999999999, "wind_speed_10m_ms": 2.7, "utci_c": 38.05, "p_base": 0.7661, "p_enhanced": 0.8103, "delta_p": 0.0442, "rel_mitigation_pct": -5.77, "risk_level": "extreme"}}, {"type": "Feature", "geometry": {"type": "Polygon", "coordinates": [[[121.23, 31.03], [121.23, 31.04], [121.24, 31.04], [121.24, 31.03], [121.23, 31.03]]]}, "properties": {"grid_id": "r086_c038", "phase": "peak_14h", "target_time": "2026-09-18 14:00:00+08:00", "hour": 14, "air_temperature_c": 29.52, "relative_humidity_pct": 56.99999999999999, "wind_speed_10m_ms": 2.7, "utci_c": 38.59, "p_base": 0.7905, "p_enhanced": 0.8053, "delta_p": 0.0148, "rel_mitigation_pct": -1.87, "risk_level": "extreme"}}, {"type": "Feature", "geometry": {"type": "Polygon", "coordinates": [[[121.24, 31.03], [121.24, 31.04], [121.25, 31.04], [121.25, 31.03], [121.24, 31.03]]]}, "properties": {"grid_id": "r086_c039", "phase": "peak_14h", "target_time": "2026-09-18 14:00:00+08:00", "hour": 14, "air_temperature_c": 29.52, "relative_humidity_pct": 56.99999999999999, "wind_speed_10m_ms": 2.7, "utci_c": 38.66, "p_base": 0.7931, "p_enhanced": 0.8218, "delta_p": 0.0287, "rel_mitigation_pct": -3.62, "risk_level": "extreme"}}, {"type": "Feature", "geometry": {"type": "Polygon", "coordinates": [[[121.43, 31.03], [121.43, 31.04], [121.44, 31.04], [121.44, 31.03], [121.43, 31.03]]]}, "properties": {"grid_id": "r086_c058", "phase": "peak_14h", "target_time": "2026-09-18 14:00:00+08:00", "hour": 14, "air_temperature_c": 29.52, "relative_humidity_pct": 56.99999999999999, "wind_speed_10m_ms": 2.7, "utci_c": 38.33, "p_base": 0.7789, "p_enhanced": 0.8127, "delta_p": 0.0338, "rel_mitigation_pct": -4.34, "risk_level": "extreme"}}, {"type": "Feature", "geometry": {"type": "Polygon", "coordinates": [[[121.71, 31.03], [121.71, 31.04], [121.72, 31.04], [121.72, 31.03], [121.71, 31.03]]]}, "properties": {"grid_id": "r086_c086", "phase": "peak_14h", "target_time": "2026-09-18 14:00:00+08:00", "hour": 14, "air_temperature_c": 29.52, "relative_humidity_pct": 56.99999999999999, "wind_speed_10m_ms": 2.7, "utci_c": 38.53, "p_base": 0.7877, "p_enhanced": 0.8245, "delta_p": 0.0368, "rel_mitigation_pct": -4.67, "risk_level": "extreme"}}, {"type": "Feature", "geometry": {"type": "Polygon", "coordinates": [[[120.96, 31.03], [120.97, 31.03], [120.97, 31.02], [120.96081207835229, 31.02], [120.96, 31.020847476326466], [120.96, 31.03]]]}, "properties": {"grid_id": "r087_c011", "phase": "peak_14h", "target_time": "2026-09-18 14:00:00+08:00", "hour": 14, "air_temperature_c": 29.52, "relative_humidity_pct": 56.99999999999999, "wind_speed_10m_ms": 2.7, "utci_c": 37.58, "p_base": 0.7438, "p_enhanced": 0.6792, "delta_p": -0.0646, "rel_mitigation_pct": 8.68, "risk_level": "high"}}, {"type": "Feature", "geometry": {"type": "Polygon", "coordinates": [[[120.98, 31.02], [120.98, 31.03], [120.99, 31.03], [120.99, 31.02], [120.98, 31.02]]]}, "properties": {"grid_id": "r087_c013", "phase": "peak_14h", "target_time": "2026-09-18 14:00:00+08:00", "hour": 14, "air_temperature_c": 29.52, "relative_humidity_pct": 56.99999999999999, "wind_speed_10m_ms": 2.7, "utci_c": 37.65, "p_base": 0.7476, "p_enhanced": 0.715, "delta_p": -0.0326, "rel_mitigation_pct": 4.36, "risk_level": "extreme"}}, {"type": "Feature", "geometry": {"type": "Polygon", "coordinates": [[[121.03, 31.02], [121.03, 31.03], [121.04, 31.03], [121.04, 31.02], [121.03, 31.02]]]}, "properties": {"grid_id": "r087_c018", "phase": "peak_14h", "target_time": "2026-09-18 14:00:00+08:00", "hour": 14, "air_temperature_c": 29.52, "relative_humidity_pct": 56.99999999999999, "wind_speed_10m_ms": 2.7, "utci_c": 37.32, "p_base": 0.731, "p_enhanced": 0.7705, "delta_p": 0.0395, "rel_mitigation_pct": -5.41, "risk_level": "extreme"}}, {"type": "Feature", "geometry": {"type": "Polygon", "coordinates": [[[121.25, 31.02], [121.25, 31.03], [121.26, 31.03], [121.26, 31.02], [121.25, 31.02]]]}, "properties": {"grid_id": "r087_c040", "phase": "peak_14h", "target_time": "2026-09-18 14:00:00+08:00", "hour": 14, "air_temperature_c": 29.52, "relative_humidity_pct": 56.99999999999999, "wind_speed_10m_ms": 2.7, "utci_c": 38.5, "p_base": 0.7865, "p_enhanced": 0.8102, "delta_p": 0.0237, "rel_mitigation_pct": -3.01, "risk_level": "extreme"}}, {"type": "Feature", "geometry": {"type": "Polygon", "coordinates": [[[121.4, 31.02], [121.4, 31.03], [121.41, 31.03], [121.41, 31.02], [121.4, 31.02]]]}, "properties": {"grid_id": "r087_c055", "phase": "peak_14h", "target_time": "2026-09-18 14:00:00+08:00", "hour": 14, "air_temperature_c": 29.52, "relative_humidity_pct": 56.99999999999999, "wind_speed_10m_ms": 2.7, "utci_c": 38.33, "p_base": 0.7788, "p_enhanced": 0.8187, "delta_p": 0.0399, "rel_mitigation_pct": -5.13, "risk_level": "extreme"}}, {"type": "Feature", "geometry": {"type": "Polygon", "coordinates": [[[121.42, 31.02], [121.42, 31.03], [121.43, 31.03], [121.43, 31.02], [121.42, 31.02]]]}, "properties": {"grid_id": "r087_c057", "phase": "peak_14h", "target_time": "2026-09-18 14:00:00+08:00", "hour": 14, "air_temperature_c": 29.52, "relative_humidity_pct": 56.99999999999999, "wind_speed_10m_ms": 2.7, "utci_c": 38.41, "p_base": 0.7826, "p_enhanced": 0.8087, "delta_p": 0.0261, "rel_mitigation_pct": -3.34, "risk_level": "extreme"}}, {"type": "Feature", "geometry": {"type": "Polygon", "coordinates": [[[121.43, 31.02], [121.43, 31.03], [121.44, 31.03], [121.44, 31.02], [121.43, 31.02]]]}, "properties": {"grid_id": "r087_c058", "phase": "peak_14h", "target_time": "2026-09-18 14:00:00+08:00", "hour": 14, "air_temperature_c": 29.52, "relative_humidity_pct": 56.99999999999999, "wind_speed_10m_ms": 2.7, "utci_c": 38.25, "p_base": 0.7755, "p_enhanced": 0.8066, "delta_p": 0.0312, "rel_mitigation_pct": -4.02, "risk_level": "extreme"}}, {"type": "Feature", "geometry": {"type": "Polygon", "coordinates": [[[121.44, 31.02], [121.44, 31.03], [121.45, 31.03], [121.45, 31.02], [121.44, 31.02]]]}, "properties": {"grid_id": "r087_c059", "phase": "peak_14h", "target_time": "2026-09-18 14:00:00+08:00", "hour": 14, "air_temperature_c": 29.52, "relative_humidity_pct": 56.99999999999999, "wind_speed_10m_ms": 2.7, "utci_c": 38.54, "p_base": 0.7881, "p_enhanced": 0.8168, "delta_p": 0.0287, "rel_mitigation_pct": -3.65, "risk_level": "extreme"}}, {"type": "Feature", "geometry": {"type": "Polygon", "coordinates": [[[121.46, 31.02], [121.46, 31.03], [121.47, 31.03], [121.47, 31.02], [121.46, 31.02]]]}, "properties": {"grid_id": "r087_c061", "phase": "peak_14h", "target_time": "2026-09-18 14:00:00+08:00", "hour": 14, "air_temperature_c": 29.52, "relative_humidity_pct": 56.99999999999999, "wind_speed_10m_ms": 2.7, "utci_c": 37.86, "p_base": 0.7574, "p_enhanced": 0.7192, "delta_p": -0.0382, "rel_mitigation_pct": 5.05, "risk_level": "extreme"}}, {"type": "Feature", "geometry": {"type": "Polygon", "coordinates": [[[121.64, 31.02], [121.64, 31.03], [121.65, 31.03], [121.65, 31.02], [121.64, 31.02]]]}, "properties": {"grid_id": "r087_c079", "phase": "peak_14h", "target_time": "2026-09-18 14:00:00+08:00", "hour": 14, "air_temperature_c": 29.52, "relative_humidity_pct": 56.99999999999999, "wind_speed_10m_ms": 2.7, "utci_c": 38.57, "p_base": 0.7895, "p_enhanced": 0.8236, "delta_p": 0.0341, "rel_mitigation_pct": -4.32, "risk_level": "extreme"}}, {"type": "Feature", "geometry": {"type": "Polygon", "coordinates": [[[121.69, 31.02], [121.69, 31.03], [121.7, 31.03], [121.7, 31.02], [121.69, 31.02]]]}, "properties": {"grid_id": "r087_c084", "phase": "peak_14h", "target_time": "2026-09-18 14:00:00+08:00", "hour": 14, "air_temperature_c": 29.52, "relative_humidity_pct": 56.99999999999999, "wind_speed_10m_ms": 2.7, "utci_c": 38.63, "p_base": 0.7921, "p_enhanced": 0.8224, "delta_p": 0.0303, "rel_mitigation_pct": -3.83, "risk_level": "extreme"}}, {"type": "Feature", "geometry": {"type": "Polygon", "coordinates": [[[121.04, 31.01], [121.04, 31.02], [121.05, 31.02], [121.05, 31.01], [121.04, 31.01]]]}, "properties": {"grid_id": "r088_c019", "phase": "peak_14h", "target_time": "2026-09-18 14:00:00+08:00", "hour": 14, "air_temperature_c": 29.52, "relative_humidity_pct": 56.99999999999999, "wind_speed_10m_ms": 2.7, "utci_c": 38.1, "p_base": 0.7683, "p_enhanced": 0.8333, "delta_p": 0.065, "rel_mitigation_pct": -8.46, "risk_level": "extreme"}}, {"type": "Feature", "geometry": {"type": "Polygon", "coordinates": [[[121.26, 31.01], [121.26, 31.02], [121.27, 31.02], [121.27, 31.01], [121.26, 31.01]]]}, "properties": {"grid_id": "r088_c041", "phase": "peak_14h", "target_time": "2026-09-18 14:00:00+08:00", "hour": 14, "air_temperature_c": 29.52, "relative_humidity_pct": 56.99999999999999, "wind_speed_10m_ms": 2.7, "utci_c": 38.56, "p_base": 0.7889, "p_enhanced": 0.8124, "delta_p": 0.0235, "rel_mitigation_pct": -2.97, "risk_level": "extreme"}}, {"type": "Feature", "geometry": {"type": "Polygon", "coordinates": [[[121.3, 31.01], [121.3, 31.02], [121.31, 31.02], [121.31, 31.01], [121.3, 31.01]]]}, "properties": {"grid_id": "r088_c045", "phase": "peak_14h", "target_time": "2026-09-18 14:00:00+08:00", "hour": 14, "air_temperature_c": 29.52, "relative_humidity_pct": 56.99999999999999, "wind_speed_10m_ms": 2.7, "utci_c": 38.53, "p_base": 0.7876, "p_enhanced": 0.8245, "delta_p": 0.0369, "rel_mitigation_pct": -4.69, "risk_level": "extreme"}}, {"type": "Feature", "geometry": {"type": "Polygon", "coordinates": [[[121.64, 31.01], [121.64, 31.02], [121.65, 31.02], [121.65, 31.01], [121.64, 31.01]]]}, "properties": {"grid_id": "r088_c079", "phase": "peak_14h", "target_time": "2026-09-18 14:00:00+08:00", "hour": 14, "air_temperature_c": 29.52, "relative_humidity_pct": 56.99999999999999, "wind_speed_10m_ms": 2.7, "utci_c": 38.07, "p_base": 0.7672, "p_enhanced": 0.7933, "delta_p": 0.0261, "rel_mitigation_pct": -3.4, "risk_level": "extreme"}}, {"type": "Feature", "geometry": {"type": "Polygon", "coordinates": [[[121.2, 31.0], [121.2, 31.01], [121.21, 31.01], [121.21, 31.0], [121.2, 31.0]]]}, "properties": {"grid_id": "r089_c035", "phase": "peak_14h", "target_time": "2026-09-18 14:00:00+08:00", "hour": 14, "air_temperature_c": 29.52, "relative_humidity_pct": 56.99999999999999, "wind_speed_10m_ms": 2.7, "utci_c": 38.5, "p_base": 0.7865, "p_enhanced": 0.8251, "delta_p": 0.0386, "rel_mitigation_pct": -4.91, "risk_level": "extreme"}}, {"type": "Feature", "geometry": {"type": "Polygon", "coordinates": [[[121.21, 31.0], [121.21, 31.01], [121.22, 31.01], [121.22, 31.0], [121.21, 31.0]]]}, "properties": {"grid_id": "r089_c036", "phase": "peak_14h", "target_time": "2026-09-18 14:00:00+08:00", "hour": 14, "air_temperature_c": 29.52, "relative_humidity_pct": 56.99999999999999, "wind_speed_10m_ms": 2.7, "utci_c": 38.5, "p_base": 0.7865, "p_enhanced": 0.8237, "delta_p": 0.0373, "rel_mitigation_pct": -4.74, "risk_level": "extreme"}}, {"type": "Feature", "geometry": {"type": "Polygon", "coordinates": [[[121.22, 31.0], [121.22, 31.01], [121.23, 31.01], [121.23, 31.0], [121.22, 31.0]]]}, "properties": {"grid_id": "r089_c037", "phase": "peak_14h", "target_time": "2026-09-18 14:00:00+08:00", "hour": 14, "air_temperature_c": 29.52, "relative_humidity_pct": 56.99999999999999, "wind_speed_10m_ms": 2.7, "utci_c": 38.45, "p_base": 0.7841, "p_enhanced": 0.8254, "delta_p": 0.0413, "rel_mitigation_pct": -5.26, "risk_level": "extreme"}}, {"type": "Feature", "geometry": {"type": "Polygon", "coordinates": [[[121.23, 31.0], [121.23, 31.01], [121.24, 31.01], [121.24, 31.0], [121.23, 31.0]]]}, "properties": {"grid_id": "r089_c038", "phase": "peak_14h", "target_time": "2026-09-18 14:00:00+08:00", "hour": 14, "air_temperature_c": 29.52, "relative_humidity_pct": 56.99999999999999, "wind_speed_10m_ms": 2.7, "utci_c": 38.41, "p_base": 0.7825, "p_enhanced": 0.8088, "delta_p": 0.0263, "rel_mitigation_pct": -3.36, "risk_level": "extreme"}}, {"type": "Feature", "geometry": {"type": "Polygon", "coordinates": [[[121.24, 31.0], [121.24, 31.01], [121.25, 31.01], [121.25, 31.0], [121.24, 31.0]]]}, "properties": {"grid_id": "r089_c039", "phase": "peak_14h", "target_time": "2026-09-18 14:00:00+08:00", "hour": 14, "air_temperature_c": 29.52, "relative_humidity_pct": 56.99999999999999, "wind_speed_10m_ms": 2.7, "utci_c": 38.29, "p_base": 0.777, "p_enhanced": 0.8234, "delta_p": 0.0464, "rel_mitigation_pct": -5.97, "risk_level": "extreme"}}, {"type": "Feature", "geometry": {"type": "Polygon", "coordinates": [[[121.3, 31.0], [121.3, 31.01], [121.31, 31.01], [121.31, 31.0], [121.3, 31.0]]]}, "properties": {"grid_id": "r089_c045", "phase": "peak_14h", "target_time": "2026-09-18 14:00:00+08:00", "hour": 14, "air_temperature_c": 29.52, "relative_humidity_pct": 56.99999999999999, "wind_speed_10m_ms": 2.7, "utci_c": 38.48, "p_base": 0.7856, "p_enhanced": 0.8227, "delta_p": 0.0371, "rel_mitigation_pct": -4.73, "risk_level": "extreme"}}, {"type": "Feature", "geometry": {"type": "Polygon", "coordinates": [[[121.41, 31.0], [121.41, 31.01], [121.42, 31.01], [121.42, 31.0], [121.41, 31.0]]]}, "properties": {"grid_id": "r089_c056", "phase": "peak_14h", "target_time": "2026-09-18 14:00:00+08:00", "hour": 14, "air_temperature_c": 29.52, "relative_humidity_pct": 56.99999999999999, "wind_speed_10m_ms": 2.7, "utci_c": 38.78, "p_base": 0.7983, "p_enhanced": 0.8195, "delta_p": 0.0212, "rel_mitigation_pct": -2.65, "risk_level": "extreme"}}, {"type": "Feature", "geometry": {"type": "Polygon", "coordinates": [[[121.62, 31.0], [121.62, 31.01], [121.63, 31.01], [121.63, 31.0], [121.62, 31.0]]]}, "properties": {"grid_id": "r089_c077", "phase": "peak_14h", "target_time": "2026-09-18 14:00:00+08:00", "hour": 14, "air_temperature_c": 29.52, "relative_humidity_pct": 56.99999999999999, "wind_speed_10m_ms": 2.7, "utci_c": 38.5, "p_base": 0.7864, "p_enhanced": 0.8251, "delta_p": 0.0387, "rel_mitigation_pct": -4.92, "risk_level": "extreme"}}, {"type": "Feature", "geometry": {"type": "Polygon", "coordinates": [[[121.32, 30.98], [121.32, 30.99], [121.33, 30.99], [121.33, 30.98], [121.32, 30.98]]]}, "properties": {"grid_id": "r091_c047", "phase": "peak_14h", "target_time": "2026-09-18 14:00:00+08:00", "hour": 14, "air_temperature_c": 29.52, "relative_humidity_pct": 56.99999999999999, "wind_speed_10m_ms": 2.7, "utci_c": 37.3, "p_base": 0.7305, "p_enhanced": 0.6855, "delta_p": -0.045, "rel_mitigation_pct": 6.16, "risk_level": "high"}}, {"type": "Feature", "geometry": {"type": "Polygon", "coordinates": [[[121.48, 30.98], [121.48, 30.99], [121.49, 30.99], [121.49, 30.98], [121.48, 30.98]]]}, "properties": {"grid_id": "r091_c063", "phase": "peak_14h", "target_time": "2026-09-18 14:00:00+08:00", "hour": 14, "air_temperature_c": 29.52, "relative_humidity_pct": 56.99999999999999, "wind_speed_10m_ms": 2.7, "utci_c": 38.5, "p_base": 0.7864, "p_enhanced": 0.8251, "delta_p": 0.0387, "rel_mitigation_pct": -4.92, "risk_level": "extreme"}}, {"type": "Feature", "geometry": {"type": "Polygon", "coordinates": [[[121.29, 30.96], [121.29, 30.97], [121.3, 30.97], [121.3, 30.96], [121.29, 30.96]]]}, "properties": {"grid_id": "r093_c044", "phase": "peak_14h", "target_time": "2026-09-18 14:00:00+08:00", "hour": 14, "air_temperature_c": 29.52, "relative_humidity_pct": 56.99999999999999, "wind_speed_10m_ms": 2.7, "utci_c": 36.96, "p_base": 0.7133, "p_enhanced": 0.6121, "delta_p": -0.1013, "rel_mitigation_pct": 14.19, "risk_level": "high"}}, {"type": "Feature", "geometry": {"type": "Polygon", "coordinates": [[[121.9, 30.96], [121.9, 30.97], [121.91, 30.97], [121.91, 30.96], [121.9, 30.96]]]}, "properties": {"grid_id": "r093_c105", "phase": "peak_14h", "target_time": "2026-09-18 14:00:00+08:00", "hour": 14, "air_temperature_c": 29.52, "relative_humidity_pct": 56.99999999999999, "wind_speed_10m_ms": 2.7, "utci_c": 36.87, "p_base": 0.7085, "p_enhanced": 0.7879, "delta_p": 0.0793, "rel_mitigation_pct": -11.2, "risk_level": "extreme"}}, {"type": "Feature", "geometry": {"type": "Polygon", "coordinates": [[[121.25, 30.95], [121.25, 30.96], [121.26, 30.96], [121.26, 30.95], [121.25, 30.95]]]}, "properties": {"grid_id": "r094_c040", "phase": "peak_14h", "target_time": "2026-09-18 14:00:00+08:00", "hour": 14, "air_temperature_c": 29.52, "relative_humidity_pct": 56.99999999999999, "wind_speed_10m_ms": 2.7, "utci_c": 38.5, "p_base": 0.7864, "p_enhanced": 0.8251, "delta_p": 0.0387, "rel_mitigation_pct": -4.92, "risk_level": "extreme"}}, {"type": "Feature", "geometry": {"type": "Polygon", "coordinates": [[[121.08, 30.94], [121.08, 30.95], [121.09, 30.95], [121.09, 30.94], [121.08, 30.94]]]}, "properties": {"grid_id": "r095_c023", "phase": "peak_14h", "target_time": "2026-09-18 14:00:00+08:00", "hour": 14, "air_temperature_c": 29.52, "relative_humidity_pct": 56.99999999999999, "wind_speed_10m_ms": 2.7, "utci_c": 38.51, "p_base": 0.7869, "p_enhanced": 0.8248, "delta_p": 0.0379, "rel_mitigation_pct": -4.82, "risk_level": "extreme"}}, {"type": "Feature", "geometry": {"type": "Polygon", "coordinates": [[[121.49, 30.94], [121.49, 30.95], [121.5, 30.95], [121.5, 30.94], [121.49, 30.94]]]}, "properties": {"grid_id": "r095_c064", "phase": "peak_14h", "target_time": "2026-09-18 14:00:00+08:00", "hour": 14, "air_temperature_c": 29.52, "relative_humidity_pct": 56.99999999999999, "wind_speed_10m_ms": 2.7, "utci_c": 38.4, "p_base": 0.7818, "p_enhanced": 0.8128, "delta_p": 0.031, "rel_mitigation_pct": -3.96, "risk_level": "extreme"}}, {"type": "Feature", "geometry": {"type": "Polygon", "coordinates": [[[121.63, 30.94], [121.63, 30.95], [121.64, 30.95], [121.64, 30.94], [121.63, 30.94]]]}, "properties": {"grid_id": "r095_c078", "phase": "peak_14h", "target_time": "2026-09-18 14:00:00+08:00", "hour": 14, "air_temperature_c": 29.52, "relative_humidity_pct": 56.99999999999999, "wind_speed_10m_ms": 2.7, "utci_c": 38.5, "p_base": 0.7864, "p_enhanced": 0.8251, "delta_p": 0.0387, "rel_mitigation_pct": -4.92, "risk_level": "extreme"}}, {"type": "Feature", "geometry": {"type": "Polygon", "coordinates": [[[121.9, 30.94], [121.9, 30.95], [121.91, 30.95], [121.91, 30.94], [121.9, 30.94]]]}, "properties": {"grid_id": "r095_c105", "phase": "peak_14h", "target_time": "2026-09-18 14:00:00+08:00", "hour": 14, "air_temperature_c": 29.52, "relative_humidity_pct": 56.99999999999999, "wind_speed_10m_ms": 2.7, "utci_c": 38.02, "p_base": 0.7646, "p_enhanced": 0.7928, "delta_p": 0.0282, "rel_mitigation_pct": -3.69, "risk_level": "extreme"}}, {"type": "Feature", "geometry": {"type": "Polygon", "coordinates": [[[121.48, 30.93], [121.48, 30.94], [121.49, 30.94], [121.49, 30.93], [121.48, 30.93]]]}, "properties": {"grid_id": "r096_c063", "phase": "peak_14h", "target_time": "2026-09-18 14:00:00+08:00", "hour": 14, "air_temperature_c": 29.52, "relative_humidity_pct": 56.99999999999999, "wind_speed_10m_ms": 2.7, "utci_c": 38.47, "p_base": 0.7851, "p_enhanced": 0.8225, "delta_p": 0.0374, "rel_mitigation_pct": -4.77, "risk_level": "extreme"}}, {"type": "Feature", "geometry": {"type": "Polygon", "coordinates": [[[121.49, 30.93], [121.49, 30.94], [121.5, 30.94], [121.5, 30.93], [121.49, 30.93]]]}, "properties": {"grid_id": "r096_c064", "phase": "peak_14h", "target_time": "2026-09-18 14:00:00+08:00", "hour": 14, "air_temperature_c": 29.52, "relative_humidity_pct": 56.99999999999999, "wind_speed_10m_ms": 2.7, "utci_c": 36.7, "p_base": 0.6997, "p_enhanced": 0.6216, "delta_p": -0.0781, "rel_mitigation_pct": 11.16, "risk_level": "high"}}, {"type": "Feature", "geometry": {"type": "Polygon", "coordinates": [[[121.01, 30.92], [121.01, 30.93], [121.02, 30.93], [121.02, 30.92], [121.01, 30.92]]]}, "properties": {"grid_id": "r097_c016", "phase": "peak_14h", "target_time": "2026-09-18 14:00:00+08:00", "hour": 14, "air_temperature_c": 29.52, "relative_humidity_pct": 56.99999999999999, "wind_speed_10m_ms": 2.7, "utci_c": 38.5, "p_base": 0.7864, "p_enhanced": 0.8251, "delta_p": 0.0387, "rel_mitigation_pct": -4.92, "risk_level": "extreme"}}, {"type": "Feature", "geometry": {"type": "Polygon", "coordinates": [[[121.27, 30.92], [121.27, 30.93], [121.28, 30.93], [121.28, 30.92], [121.27, 30.92]]]}, "properties": {"grid_id": "r097_c042", "phase": "peak_14h", "target_time": "2026-09-18 14:00:00+08:00", "hour": 14, "air_temperature_c": 29.52, "relative_humidity_pct": 56.99999999999999, "wind_speed_10m_ms": 2.7, "utci_c": 38.5, "p_base": 0.7864, "p_enhanced": 0.8251, "delta_p": 0.0387, "rel_mitigation_pct": -4.92, "risk_level": "extreme"}}, {"type": "Feature", "geometry": {"type": "Polygon", "coordinates": [[[121.46, 30.92], [121.46, 30.93], [121.47, 30.93], [121.47, 30.92], [121.46, 30.92]]]}, "properties": {"grid_id": "r097_c061", "phase": "peak_14h", "target_time": "2026-09-18 14:00:00+08:00", "hour": 14, "air_temperature_c": 29.52, "relative_humidity_pct": 56.99999999999999, "wind_speed_10m_ms": 2.7, "utci_c": 38.52, "p_base": 0.7872, "p_enhanced": 0.8249, "delta_p": 0.0377, "rel_mitigation_pct": -4.79, "risk_level": "extreme"}}, {"type": "Feature", "geometry": {"type": "Polygon", "coordinates": [[[121.48, 30.92], [121.48, 30.93], [121.49, 30.93], [121.49, 30.92], [121.48, 30.92]]]}, "properties": {"grid_id": "r097_c063", "phase": "peak_14h", "target_time": "2026-09-18 14:00:00+08:00", "hour": 14, "air_temperature_c": 29.52, "relative_humidity_pct": 56.99999999999999, "wind_speed_10m_ms": 2.7, "utci_c": 38.44, "p_base": 0.7838, "p_enhanced": 0.8061, "delta_p": 0.0223, "rel_mitigation_pct": -2.85, "risk_level": "extreme"}}, {"type": "Feature", "geometry": {"type": "Polygon", "coordinates": [[[121.49, 30.92], [121.49, 30.93], [121.5, 30.93], [121.5, 30.92], [121.49, 30.92]]]}, "properties": {"grid_id": "r097_c064", "phase": "peak_14h", "target_time": "2026-09-18 14:00:00+08:00", "hour": 14, "air_temperature_c": 29.52, "relative_humidity_pct": 56.99999999999999, "wind_speed_10m_ms": 2.7, "utci_c": 37.96, "p_base": 0.7623, "p_enhanced": 0.8002, "delta_p": 0.038, "rel_mitigation_pct": -4.98, "risk_level": "extreme"}}, {"type": "Feature", "geometry": {"type": "Polygon", "coordinates": [[[121.57, 30.92], [121.57, 30.93], [121.58, 30.93], [121.58, 30.92], [121.57, 30.92]]]}, "properties": {"grid_id": "r097_c072", "phase": "peak_14h", "target_time": "2026-09-18 14:00:00+08:00", "hour": 14, "air_temperature_c": 29.52, "relative_humidity_pct": 56.99999999999999, "wind_speed_10m_ms": 2.7, "utci_c": 38.6, "p_base": 0.7907, "p_enhanced": 0.8212, "delta_p": 0.0305, "rel_mitigation_pct": -3.86, "risk_level": "extreme"}}, {"type": "Feature", "geometry": {"type": "Polygon", "coordinates": [[[121.64, 30.92], [121.64, 30.93], [121.65, 30.93], [121.65, 30.92], [121.64, 30.92]]]}, "properties": {"grid_id": "r097_c079", "phase": "peak_14h", "target_time": "2026-09-18 14:00:00+08:00", "hour": 14, "air_temperature_c": 29.52, "relative_humidity_pct": 56.99999999999999, "wind_speed_10m_ms": 2.7, "utci_c": 38.4, "p_base": 0.7819, "p_enhanced": 0.8116, "delta_p": 0.0297, "rel_mitigation_pct": -3.8, "risk_level": "extreme"}}, {"type": "Feature", "geometry": {"type": "Polygon", "coordinates": [[[121.68, 30.92], [121.68, 30.93], [121.69, 30.93], [121.69, 30.92], [121.68, 30.92]]]}, "properties": {"grid_id": "r097_c083", "phase": "peak_14h", "target_time": "2026-09-18 14:00:00+08:00", "hour": 14, "air_temperature_c": 29.52, "relative_humidity_pct": 56.99999999999999, "wind_speed_10m_ms": 2.7, "utci_c": 38.57, "p_base": 0.7895, "p_enhanced": 0.8092, "delta_p": 0.0197, "rel_mitigation_pct": -2.5, "risk_level": "extreme"}}, {"type": "Feature", "geometry": {"type": "Polygon", "coordinates": [[[121.9, 30.92], [121.9, 30.93], [121.91, 30.93], [121.91, 30.92], [121.9, 30.92]]]}, "properties": {"grid_id": "r097_c105", "phase": "peak_14h", "target_time": "2026-09-18 14:00:00+08:00", "hour": 14, "air_temperature_c": 29.52, "relative_humidity_pct": 56.99999999999999, "wind_speed_10m_ms": 2.7, "utci_c": 38.35, "p_base": 0.7798, "p_enhanced": 0.807, "delta_p": 0.0272, "rel_mitigation_pct": -3.49, "risk_level": "extreme"}}, {"type": "Feature", "geometry": {"type": "Polygon", "coordinates": [[[121.43, 30.91], [121.43, 30.92], [121.44, 30.92], [121.44, 30.91], [121.43, 30.91]]]}, "properties": {"grid_id": "r098_c058", "phase": "peak_14h", "target_time": "2026-09-18 14:00:00+08:00", "hour": 14, "air_temperature_c": 29.52, "relative_humidity_pct": 56.99999999999999, "wind_speed_10m_ms": 2.7, "utci_c": 38.5, "p_base": 0.7864, "p_enhanced": 0.8251, "delta_p": 0.0387, "rel_mitigation_pct": -4.92, "risk_level": "extreme"}}, {"type": "Feature", "geometry": {"type": "Polygon", "coordinates": [[[121.45, 30.91], [121.45, 30.92], [121.46, 30.92], [121.46, 30.91], [121.45, 30.91]]]}, "properties": {"grid_id": "r098_c060", "phase": "peak_14h", "target_time": "2026-09-18 14:00:00+08:00", "hour": 14, "air_temperature_c": 29.52, "relative_humidity_pct": 56.99999999999999, "wind_speed_10m_ms": 2.7, "utci_c": 38.52, "p_base": 0.7875, "p_enhanced": 0.8247, "delta_p": 0.0372, "rel_mitigation_pct": -4.73, "risk_level": "extreme"}}, {"type": "Feature", "geometry": {"type": "Polygon", "coordinates": [[[121.64, 30.91], [121.64, 30.92], [121.65, 30.92], [121.65, 30.91], [121.64, 30.91]]]}, "properties": {"grid_id": "r098_c079", "phase": "peak_14h", "target_time": "2026-09-18 14:00:00+08:00", "hour": 14, "air_temperature_c": 29.52, "relative_humidity_pct": 56.99999999999999, "wind_speed_10m_ms": 2.7, "utci_c": 38.53, "p_base": 0.7875, "p_enhanced": 0.8246, "delta_p": 0.037, "rel_mitigation_pct": -4.7, "risk_level": "extreme"}}, {"type": "Feature", "geometry": {"type": "Polygon", "coordinates": [[[121.81, 30.91], [121.81, 30.92], [121.82, 30.92], [121.82, 30.91], [121.81, 30.91]]]}, "properties": {"grid_id": "r098_c096", "phase": "peak_14h", "target_time": "2026-09-18 14:00:00+08:00", "hour": 14, "air_temperature_c": 29.52, "relative_humidity_pct": 56.99999999999999, "wind_speed_10m_ms": 2.7, "utci_c": 38.45, "p_base": 0.7842, "p_enhanced": 0.8161, "delta_p": 0.0318, "rel_mitigation_pct": -4.06, "risk_level": "extreme"}}, {"type": "Feature", "geometry": {"type": "Polygon", "coordinates": [[[121.9, 30.91], [121.9, 30.92], [121.91, 30.92], [121.91, 30.91], [121.9, 30.91]]]}, "properties": {"grid_id": "r098_c105", "phase": "peak_14h", "target_time": "2026-09-18 14:00:00+08:00", "hour": 14, "air_temperature_c": 29.52, "relative_humidity_pct": 56.99999999999999, "wind_speed_10m_ms": 2.7, "utci_c": 38.01, "p_base": 0.7644, "p_enhanced": 0.7789, "delta_p": 0.0146, "rel_mitigation_pct": -1.9, "risk_level": "extreme"}}, {"type": "Feature", "geometry": {"type": "Polygon", "coordinates": [[[121.92, 30.91], [121.92, 30.92], [121.93, 30.92], [121.93, 30.91], [121.92, 30.91]]]}, "properties": {"grid_id": "r098_c107", "phase": "peak_14h", "target_time": "2026-09-18 14:00:00+08:00", "hour": 14, "air_temperature_c": 29.52, "relative_humidity_pct": 56.99999999999999, "wind_speed_10m_ms": 2.7, "utci_c": 37.71, "p_base": 0.7501, "p_enhanced": 0.7925, "delta_p": 0.0424, "rel_mitigation_pct": -5.66, "risk_level": "extreme"}}, {"type": "Feature", "geometry": {"type": "Polygon", "coordinates": [[[121.9, 30.9], [121.9, 30.91], [121.91, 30.91], [121.91, 30.9], [121.9, 30.9]]]}, "properties": {"grid_id": "r099_c105", "phase": "peak_14h", "target_time": "2026-09-18 14:00:00+08:00", "hour": 14, "air_temperature_c": 29.52, "relative_humidity_pct": 56.99999999999999, "wind_speed_10m_ms": 2.7, "utci_c": 38.28, "p_base": 0.7768, "p_enhanced": 0.8126, "delta_p": 0.0357, "rel_mitigation_pct": -4.6, "risk_level": "extreme"}}, {"type": "Feature", "geometry": {"type": "Polygon", "coordinates": [[[121.91, 30.9], [121.91, 30.91], [121.92, 30.91], [121.92, 30.9], [121.91, 30.9]]]}, "properties": {"grid_id": "r099_c106", "phase": "peak_14h", "target_time": "2026-09-18 14:00:00+08:00", "hour": 14, "air_temperature_c": 29.52, "relative_humidity_pct": 56.99999999999999, "wind_speed_10m_ms": 2.7, "utci_c": 37.71, "p_base": 0.7504, "p_enhanced": 0.7857, "delta_p": 0.0353, "rel_mitigation_pct": -4.7, "risk_level": "extreme"}}, {"type": "Feature", "geometry": {"type": "Polygon", "coordinates": [[[121.92, 30.9], [121.92, 30.91], [121.93, 30.91], [121.93, 30.9], [121.92, 30.9]]]}, "properties": {"grid_id": "r099_c107", "phase": "peak_14h", "target_time": "2026-09-18 14:00:00+08:00", "hour": 14, "air_temperature_c": 29.52, "relative_humidity_pct": 56.99999999999999, "wind_speed_10m_ms": 2.7, "utci_c": 37.18, "p_base": 0.7241, "p_enhanced": 0.6547, "delta_p": -0.0693, "rel_mitigation_pct": 9.58, "risk_level": "high"}}, {"type": "Feature", "geometry": {"type": "Polygon", "coordinates": [[[121.11, 30.89], [121.11, 30.9], [121.12, 30.9], [121.12, 30.89], [121.11, 30.89]]]}, "properties": {"grid_id": "r100_c026", "phase": "peak_14h", "target_time": "2026-09-18 14:00:00+08:00", "hour": 14, "air_temperature_c": 29.52, "relative_humidity_pct": 56.99999999999999, "wind_speed_10m_ms": 2.7, "utci_c": 38.0, "p_base": 0.7637, "p_enhanced": 0.8098, "delta_p": 0.0461, "rel_mitigation_pct": -6.04, "risk_level": "extreme"}}, {"type": "Feature", "geometry": {"type": "Polygon", "coordinates": [[[121.16, 30.89], [121.16, 30.9], [121.17, 30.9], [121.17, 30.89], [121.16, 30.89]]]}, "properties": {"grid_id": "r100_c031", "phase": "peak_14h", "target_time": "2026-09-18 14:00:00+08:00", "hour": 14, "air_temperature_c": 29.52, "relative_humidity_pct": 56.99999999999999, "wind_speed_10m_ms": 2.7, "utci_c": 38.5, "p_base": 0.7866, "p_enhanced": 0.825, "delta_p": 0.0384, "rel_mitigation_pct": -4.88, "risk_level": "extreme"}}, {"type": "Feature", "geometry": {"type": "Polygon", "coordinates": [[[121.9, 30.89], [121.9, 30.9], [121.91, 30.9], [121.91, 30.89], [121.9, 30.89]]]}, "properties": {"grid_id": "r100_c105", "phase": "peak_14h", "target_time": "2026-09-18 14:00:00+08:00", "hour": 14, "air_temperature_c": 29.52, "relative_humidity_pct": 56.99999999999999, "wind_speed_10m_ms": 2.7, "utci_c": 38.43, "p_base": 0.7832, "p_enhanced": 0.8136, "delta_p": 0.0304, "rel_mitigation_pct": -3.88, "risk_level": "extreme"}}, {"type": "Feature", "geometry": {"type": "Polygon", "coordinates": [[[121.91, 30.89], [121.91, 30.9], [121.92, 30.9], [121.92, 30.89], [121.91, 30.89]]]}, "properties": {"grid_id": "r100_c106", "phase": "peak_14h", "target_time": "2026-09-18 14:00:00+08:00", "hour": 14, "air_temperature_c": 29.52, "relative_humidity_pct": 56.99999999999999, "wind_speed_10m_ms": 2.7, "utci_c": 37.67, "p_base": 0.7482, "p_enhanced": 0.7723, "delta_p": 0.0241, "rel_mitigation_pct": -3.22, "risk_level": "extreme"}}, {"type": "Feature", "geometry": {"type": "Polygon", "coordinates": [[[121.92, 30.89], [121.92, 30.9], [121.93, 30.9], [121.93, 30.89], [121.92, 30.89]]]}, "properties": {"grid_id": "r100_c107", "phase": "peak_14h", "target_time": "2026-09-18 14:00:00+08:00", "hour": 14, "air_temperature_c": 29.52, "relative_humidity_pct": 56.99999999999999, "wind_speed_10m_ms": 2.7, "utci_c": 37.25, "p_base": 0.728, "p_enhanced": 0.6553, "delta_p": -0.0727, "rel_mitigation_pct": 9.98, "risk_level": "high"}}, {"type": "Feature", "geometry": {"type": "Polygon", "coordinates": [[[121.0, 30.89], [121.01, 30.89], [121.01, 30.88], [121.00963666149919, 30.88], [121.000885, 30.888693], [121.0, 30.88899443945634], [121.0, 30.89]]]}, "properties": {"grid_id": "r101_c015", "phase": "peak_14h", "target_time": "2026-09-18 14:00:00+08:00", "hour": 14, "air_temperature_c": 29.52, "relative_humidity_pct": 56.99999999999999, "wind_speed_10m_ms": 2.7, "utci_c": 38.41, "p_base": 0.7825, "p_enhanced": 0.8246, "delta_p": 0.0421, "rel_mitigation_pct": -5.39, "risk_level": "extreme"}}, {"type": "Feature", "geometry": {"type": "Polygon", "coordinates": [[[121.01, 30.88], [121.01, 30.89], [121.02, 30.89], [121.02, 30.88], [121.01, 30.88]]]}, "properties": {"grid_id": "r101_c016", "phase": "peak_14h", "target_time": "2026-09-18 14:00:00+08:00", "hour": 14, "air_temperature_c": 29.52, "relative_humidity_pct": 56.99999999999999, "wind_speed_10m_ms": 2.7, "utci_c": 38.2, "p_base": 0.7731, "p_enhanced": 0.8138, "delta_p": 0.0407, "rel_mitigation_pct": -5.27, "risk_level": "extreme"}}, {"type": "Feature", "geometry": {"type": "Polygon", "coordinates": [[[121.09, 30.88], [121.09, 30.89], [121.1, 30.89], [121.1, 30.88], [121.09, 30.88]]]}, "properties": {"grid_id": "r101_c024", "phase": "peak_14h", "target_time": "2026-09-18 14:00:00+08:00", "hour": 14, "air_temperature_c": 29.52, "relative_humidity_pct": 56.99999999999999, "wind_speed_10m_ms": 2.7, "utci_c": 38.42, "p_base": 0.7828, "p_enhanced": 0.8063, "delta_p": 0.0235, "rel_mitigation_pct": -3.0, "risk_level": "extreme"}}, {"type": "Feature", "geometry": {"type": "Polygon", "coordinates": [[[121.16, 30.88], [121.16, 30.89], [121.17, 30.89], [121.17, 30.88], [121.16, 30.88]]]}, "properties": {"grid_id": "r101_c031", "phase": "peak_14h", "target_time": "2026-09-18 14:00:00+08:00", "hour": 14, "air_temperature_c": 29.52, "relative_humidity_pct": 56.99999999999999, "wind_speed_10m_ms": 2.7, "utci_c": 38.51, "p_base": 0.7867, "p_enhanced": 0.8249, "delta_p": 0.0382, "rel_mitigation_pct": -4.86, "risk_level": "extreme"}}, {"type": "Feature", "geometry": {"type": "Polygon", "coordinates": [[[121.39, 30.88], [121.39, 30.89], [121.4, 30.89], [121.4, 30.88], [121.39, 30.88]]]}, "properties": {"grid_id": "r101_c054", "phase": "peak_14h", "target_time": "2026-09-18 14:00:00+08:00", "hour": 14, "air_temperature_c": 29.52, "relative_humidity_pct": 56.99999999999999, "wind_speed_10m_ms": 2.7, "utci_c": 38.5, "p_base": 0.7864, "p_enhanced": 0.8251, "delta_p": 0.0387, "rel_mitigation_pct": -4.92, "risk_level": "extreme"}}, {"type": "Feature", "geometry": {"type": "Polygon", "coordinates": [[[121.9, 30.88], [121.9, 30.89], [121.91, 30.89], [121.91, 30.88], [121.9, 30.88]]]}, "properties": {"grid_id": "r101_c105", "phase": "peak_14h", "target_time": "2026-09-18 14:00:00+08:00", "hour": 14, "air_temperature_c": 29.52, "relative_humidity_pct": 56.99999999999999, "wind_speed_10m_ms": 2.7, "utci_c": 36.96, "p_base": 0.7132, "p_enhanced": 0.5497, "delta_p": -0.1635, "rel_mitigation_pct": 22.92, "risk_level": "high"}}, {"type": "Feature", "geometry": {"type": "Polygon", "coordinates": [[[121.91, 30.88], [121.91, 30.89], [121.92, 30.89], [121.92, 30.88], [121.91, 30.88]]]}, "properties": {"grid_id": "r101_c106", "phase": "peak_14h", "target_time": "2026-09-18 14:00:00+08:00", "hour": 14, "air_temperature_c": 29.52, "relative_humidity_pct": 56.99999999999999, "wind_speed_10m_ms": 2.7, "utci_c": 38.25, "p_base": 0.7752, "p_enhanced": 0.798, "delta_p": 0.0227, "rel_mitigation_pct": -2.93, "risk_level": "extreme"}}, {"type": "Feature", "geometry": {"type": "Polygon", "coordinates": [[[121.85, 30.87], [121.85, 30.88], [121.86, 30.88], [121.86, 30.87], [121.85, 30.87]]]}, "properties": {"grid_id": "r102_c100", "phase": "peak_14h", "target_time": "2026-09-18 14:00:00+08:00", "hour": 14, "air_temperature_c": 29.52, "relative_humidity_pct": 56.99999999999999, "wind_speed_10m_ms": 2.7, "utci_c": 38.41, "p_base": 0.7826, "p_enhanced": 0.8011, "delta_p": 0.0185, "rel_mitigation_pct": -2.37, "risk_level": "extreme"}}, {"type": "Feature", "geometry": {"type": "Polygon", "coordinates": [[[121.9, 30.87], [121.9, 30.88], [121.91, 30.88], [121.91, 30.87], [121.9, 30.87]]]}, "properties": {"grid_id": "r102_c105", "phase": "peak_14h", "target_time": "2026-09-18 14:00:00+08:00", "hour": 14, "air_temperature_c": 29.52, "relative_humidity_pct": 56.99999999999999, "wind_speed_10m_ms": 2.7, "utci_c": 38.32, "p_base": 0.7785, "p_enhanced": 0.78, "delta_p": 0.0014, "rel_mitigation_pct": -0.18, "risk_level": "extreme"}}, {"type": "Feature", "geometry": {"type": "Polygon", "coordinates": [[[121.58, 30.86], [121.58, 30.87], [121.59, 30.87], [121.59, 30.86], [121.58, 30.86]]]}, "properties": {"grid_id": "r103_c073", "phase": "peak_14h", "target_time": "2026-09-18 14:00:00+08:00", "hour": 14, "air_temperature_c": 29.52, "relative_humidity_pct": 56.99999999999999, "wind_speed_10m_ms": 2.7, "utci_c": 37.85, "p_base": 0.7568, "p_enhanced": 0.824, "delta_p": 0.0672, "rel_mitigation_pct": -8.88, "risk_level": "extreme"}}, {"type": "Feature", "geometry": {"type": "Polygon", "coordinates": [[[121.68, 30.86], [121.68, 30.87], [121.69, 30.87], [121.69, 30.86], [121.68, 30.86]]]}, "properties": {"grid_id": "r103_c083", "phase": "peak_14h", "target_time": "2026-09-18 14:00:00+08:00", "hour": 14, "air_temperature_c": 29.52, "relative_humidity_pct": 56.99999999999999, "wind_speed_10m_ms": 2.7, "utci_c": 36.39, "p_base": 0.6832, "p_enhanced": 0.7732, "delta_p": 0.09, "rel_mitigation_pct": -13.17, "risk_level": "extreme"}}, {"type": "Feature", "geometry": {"type": "Polygon", "coordinates": [[[121.9, 30.86], [121.9, 30.87], [121.91, 30.87], [121.91, 30.86], [121.9, 30.86]]]}, "properties": {"grid_id": "r103_c105", "phase": "peak_14h", "target_time": "2026-09-18 14:00:00+08:00", "hour": 14, "air_temperature_c": 29.52, "relative_humidity_pct": 56.99999999999999, "wind_speed_10m_ms": 2.7, "utci_c": 38.28, "p_base": 0.7768, "p_enhanced": 0.7921, "delta_p": 0.0153, "rel_mitigation_pct": -1.97, "risk_level": "extreme"}}, {"type": "Feature", "geometry": {"type": "Polygon", "coordinates": [[[121.89, 30.85], [121.89, 30.86], [121.9, 30.86], [121.9, 30.853630144188088], [121.89091521431273, 30.85], [121.89, 30.85]]]}, "properties": {"grid_id": "r104_c104", "phase": "peak_14h", "target_time": "2026-09-18 14:00:00+08:00", "hour": 14, "air_temperature_c": 29.52, "relative_humidity_pct": 56.99999999999999, "wind_speed_10m_ms": 2.7, "utci_c": 38.61, "p_base": 0.7911, "p_enhanced": 0.8229, "delta_p": 0.0317, "rel_mitigation_pct": -4.01, "risk_level": "extreme"}}, {"type": "Feature", "geometry": {"type": "Polygon", "coordinates": [[[121.21, 30.83], [121.21, 30.84], [121.22, 30.84], [121.22, 30.83], [121.21, 30.83]]]}, "properties": {"grid_id": "r106_c036", "phase": "peak_14h", "target_time": "2026-09-18 14:00:00+08:00", "hour": 14, "air_temperature_c": 29.52, "relative_humidity_pct": 56.99999999999999, "wind_speed_10m_ms": 2.7, "utci_c": 38.5, "p_base": 0.7864, "p_enhanced": 0.8251, "delta_p": 0.0387, "rel_mitigation_pct": -4.92, "risk_level": "extreme"}}, {"type": "Feature", "geometry": {"type": "Polygon", "coordinates": [[[121.52, 30.82], [121.52, 30.83], [121.53, 30.83], [121.53, 30.82], [121.52, 30.82]]]}, "properties": {"grid_id": "r107_c067", "phase": "peak_14h", "target_time": "2026-09-18 14:00:00+08:00", "hour": 14, "air_temperature_c": 29.52, "relative_humidity_pct": 56.99999999999999, "wind_speed_10m_ms": 2.7, "utci_c": 38.04, "p_base": 0.7658, "p_enhanced": 0.7859, "delta_p": 0.0201, "rel_mitigation_pct": -2.63, "risk_level": "extreme"}}, {"type": "Feature", "geometry": {"type": "Polygon", "coordinates": [[[121.54, 30.82], [121.54, 30.83], [121.55, 30.83], [121.55, 30.82], [121.54, 30.82]]]}, "properties": {"grid_id": "r107_c069", "phase": "peak_14h", "target_time": "2026-09-18 14:00:00+08:00", "hour": 14, "air_temperature_c": 29.52, "relative_humidity_pct": 56.99999999999999, "wind_speed_10m_ms": 2.7, "utci_c": 37.92, "p_base": 0.76, "p_enhanced": 0.7374, "delta_p": -0.0226, "rel_mitigation_pct": 2.97, "risk_level": "extreme"}}, {"type": "Feature", "geometry": {"type": "Polygon", "coordinates": [[[121.56, 30.83], [121.57, 30.83], [121.57, 30.822688356210076], [121.56, 30.82001140366525], [121.56, 30.83]]]}, "properties": {"grid_id": "r107_c071", "phase": "peak_14h", "target_time": "2026-09-18 14:00:00+08:00", "hour": 14, "air_temperature_c": 29.52, "relative_humidity_pct": 56.99999999999999, "wind_speed_10m_ms": 2.7, "utci_c": 37.38, "p_base": 0.7344, "p_enhanced": 0.6369, "delta_p": -0.0975, "rel_mitigation_pct": 13.28, "risk_level": "high"}}, {"type": "Feature", "geometry": {"type": "Polygon", "coordinates": [[[121.51, 30.81], [121.51, 30.82], [121.52, 30.82], [121.52, 30.81], [121.51, 30.81]]]}, "properties": {"grid_id": "r108_c066", "phase": "peak_14h", "target_time": "2026-09-18 14:00:00+08:00", "hour": 14, "air_temperature_c": 29.52, "relative_humidity_pct": 56.99999999999999, "wind_speed_10m_ms": 2.7, "utci_c": 38.5, "p_base": 0.7865, "p_enhanced": 0.825, "delta_p": 0.0385, "rel_mitigation_pct": -4.89, "risk_level": "extreme"}}, {"type": "Feature", "geometry": {"type": "Polygon", "coordinates": [[[121.28, 30.8], [121.28, 30.81], [121.29, 30.81], [121.29, 30.8], [121.28, 30.8]]]}, "properties": {"grid_id": "r109_c043", "phase": "peak_14h", "target_time": "2026-09-18 14:00:00+08:00", "hour": 14, "air_temperature_c": 29.52, "relative_humidity_pct": 56.99999999999999, "wind_speed_10m_ms": 2.7, "utci_c": 38.44, "p_base": 0.7838, "p_enhanced": 0.8169, "delta_p": 0.0331, "rel_mitigation_pct": -4.23, "risk_level": "extreme"}}, {"type": "Feature", "geometry": {"type": "Polygon", "coordinates": [[[121.34, 30.79], [121.34, 30.8], [121.35, 30.8], [121.35, 30.79], [121.34, 30.79]]]}, "properties": {"grid_id": "r110_c049", "phase": "peak_14h", "target_time": "2026-09-18 14:00:00+08:00", "hour": 14, "air_temperature_c": 29.52, "relative_humidity_pct": 56.99999999999999, "wind_speed_10m_ms": 2.7, "utci_c": 38.51, "p_base": 0.7867, "p_enhanced": 0.825, "delta_p": 0.0383, "rel_mitigation_pct": -4.87, "risk_level": "extreme"}}, {"type": "Feature", "geometry": {"type": "Polygon", "coordinates": [[[121.15, 30.79], [121.16, 30.79], [121.16, 30.784387277932964], [121.154579, 30.786594], [121.15, 30.785769805516857], [121.15, 30.79]]]}, "properties": {"grid_id": "r111_c030", "phase": "peak_14h", "target_time": "2026-09-18 14:00:00+08:00", "hour": 14, "air_temperature_c": 29.52, "relative_humidity_pct": 56.99999999999999, "wind_speed_10m_ms": 2.7, "utci_c": 37.72, "p_base": 0.7509, "p_enhanced": 0.8259, "delta_p": 0.075, "rel_mitigation_pct": -9.99, "risk_level": "extreme"}}, {"type": "Feature", "geometry": {"type": "Polygon", "coordinates": [[[121.34, 30.74], [121.34, 30.75], [121.35, 30.75], [121.35, 30.74], [121.34, 30.74]]]}, "properties": {"grid_id": "r115_c049", "phase": "peak_14h", "target_time": "2026-09-18 14:00:00+08:00", "hour": 14, "air_temperature_c": 29.52, "relative_humidity_pct": 56.99999999999999, "wind_speed_10m_ms": 2.7, "utci_c": 38.07, "p_base": 0.7671, "p_enhanced": 0.8128, "delta_p": 0.0457, "rel_mitigation_pct": -5.96, "risk_level": "extreme"}}, {"type": "Feature", "geometry": {"type": "Polygon", "coordinates": [[[121.34, 30.73], [121.34, 30.74], [121.35, 30.74], [121.35, 30.73], [121.34, 30.73]]]}, "properties": {"grid_id": "r116_c049", "phase": "peak_14h", "target_time": "2026-09-18 14:00:00+08:00", "hour": 14, "air_temperature_c": 29.52, "relative_humidity_pct": 56.99999999999999, "wind_speed_10m_ms": 2.7, "utci_c": 38.36, "p_base": 0.7802, "p_enhanced": 0.8184, "delta_p": 0.0381, "rel_mitigation_pct": -4.89, "risk_level": "extreme"}}, {"type": "Feature", "geometry": {"type": "Polygon", "coordinates": [[[121.35, 30.73], [121.35, 30.74], [121.36, 30.74], [121.36, 30.73], [121.35, 30.73]]]}, "properties": {"grid_id": "r116_c050", "phase": "peak_14h", "target_time": "2026-09-18 14:00:00+08:00", "hour": 14, "air_temperature_c": 29.52, "relative_humidity_pct": 56.99999999999999, "wind_speed_10m_ms": 2.7, "utci_c": 38.52, "p_base": 0.7874, "p_enhanced": 0.8246, "delta_p": 0.0373, "rel_mitigation_pct": -4.74, "risk_level": "extreme"}}, {"type": "Feature", "geometry": {"type": "Polygon", "coordinates": [[[121.36, 30.73], [121.36, 30.74], [121.37, 30.74], [121.37, 30.73], [121.36, 30.73]]]}, "properties": {"grid_id": "r116_c051", "phase": "peak_14h", "target_time": "2026-09-18 14:00:00+08:00", "hour": 14, "air_temperature_c": 29.52, "relative_humidity_pct": 56.99999999999999, "wind_speed_10m_ms": 2.7, "utci_c": 38.2, "p_base": 0.773, "p_enhanced": 0.8179, "delta_p": 0.0448, "rel_mitigation_pct": -5.8, "risk_level": "extreme"}}, {"type": "Feature", "geometry": {"type": "Polygon", "coordinates": [[[121.34, 30.71], [121.34, 30.72], [121.35, 30.72], [121.35, 30.71051391093382], [121.34920207878972, 30.71], [121.34, 30.71]]]}, "properties": {"grid_id": "r118_c049", "phase": "peak_14h", "target_time": "2026-09-18 14:00:00+08:00", "hour": 14, "air_temperature_c": 29.52, "relative_humidity_pct": 56.99999999999999, "wind_speed_10m_ms": 2.7, "utci_c": 38.22, "p_base": 0.7739, "p_enhanced": 0.7923, "delta_p": 0.0183, "rel_mitigation_pct": -2.37, "risk_level": "extreme"}}, {"type": "Feature", "geometry": {"type": "Polygon", "coordinates": [[[121.33, 30.7], [121.33, 30.71], [121.34, 30.71], [121.34, 30.704073288386077], [121.333675629404, 30.7], [121.33, 30.7]]]}, "properties": {"grid_id": "r119_c048", "phase": "peak_14h", "target_time": "2026-09-18 14:00:00+08:00", "hour": 14, "air_temperature_c": 29.52, "relative_humidity_pct": 56.99999999999999, "wind_speed_10m_ms": 2.7, "utci_c": 37.43, "p_base": 0.7369, "p_enhanced": 0.6488, "delta_p": -0.0882, "rel_mitigation_pct": 11.96, "risk_level": "high"}}, {"type": "Feature", "geometry": {"type": "Polygon", "coordinates": [[[121.34, 30.71], [121.34920207878972, 30.71], [121.34, 30.704073288386077], [121.34, 30.71]]]}, "properties": {"grid_id": "r119_c049", "phase": "peak_14h", "target_time": "2026-09-18 14:00:00+08:00", "hour": 14, "air_temperature_c": 29.52, "relative_humidity_pct": 56.99999999999999, "wind_speed_10m_ms": 2.7, "utci_c": 37.02, "p_base": 0.716, "p_enhanced": 0.6345, "delta_p": -0.0815, "rel_mitigation_pct": 11.39, "risk_level": "high"}}, {"type": "Feature", "geometry": {"type": "Polygon", "coordinates": [[[121.25, 31.74], [121.25, 31.75], [121.26, 31.75], [121.26, 31.74], [121.25, 31.74]]]}, "properties": {"grid_id": "r015_c040", "phase": "evening_18h", "target_time": "2026-09-18 18:00:00+08:00", "hour": 18, "air_temperature_c": 27.25, "relative_humidity_pct": 67.0, "wind_speed_10m_ms": 3.71, "utci_c": 22.29, "p_base": 0.0893, "p_enhanced": 0.0633, "delta_p": -0.026, "rel_mitigation_pct": 29.12, "risk_level": "low"}}, {"type": "Feature", "geometry": {"type": "Polygon", "coordinates": [[[121.21, 31.74], [121.22, 31.74], [121.22, 31.73240103623328], [121.213275, 31.733689], [121.21, 31.73785940554726], [121.21, 31.74]]]}, "properties": {"grid_id": "r016_c036", "phase": "evening_18h", "target_time": "2026-09-18 18:00:00+08:00", "hour": 18, "air_temperature_c": 27.25, "relative_humidity_pct": 67.0, "wind_speed_10m_ms": 3.71, "utci_c": 25.53, "p_base": 0.1461, "p_enhanced": 0.1627, "delta_p": 0.0167, "rel_mitigation_pct": -11.41, "risk_level": "low"}}, {"type": "Feature", "geometry": {"type": "Polygon", "coordinates": [[[121.23, 31.74], [121.24, 31.74], [121.24, 31.73], [121.23253681903644, 31.73], [121.23, 31.73048584847608], [121.23, 31.74]]]}, "properties": {"grid_id": "r016_c038", "phase": "evening_18h", "target_time": "2026-09-18 18:00:00+08:00", "hour": 18, "air_temperature_c": 27.25, "relative_humidity_pct": 67.0, "wind_speed_10m_ms": 3.71, "utci_c": 25.41, "p_base": 0.1435, "p_enhanced": 0.1764, "delta_p": 0.0329, "rel_mitigation_pct": -22.93, "risk_level": "low"}}, {"type": "Feature", "geometry": {"type": "Polygon", "coordinates": [[[121.33, 31.7], [121.33, 31.71], [121.34, 31.71], [121.34, 31.7], [121.33, 31.7]]]}, "properties": {"grid_id": "r019_c048", "phase": "evening_18h", "target_time": "2026-09-18 18:00:00+08:00", "hour": 18, "air_temperature_c": 27.25, "relative_humidity_pct": 67.0, "wind_speed_10m_ms": 3.71, "utci_c": 25.6, "p_base": 0.1477, "p_enhanced": 0.1708, "delta_p": 0.0231, "rel_mitigation_pct": -15.65, "risk_level": "low"}}, {"type": "Feature", "geometry": {"type": "Polygon", "coordinates": [[[121.42, 31.68], [121.42, 31.69], [121.43, 31.69], [121.43, 31.68], [121.42, 31.68]]]}, "properties": {"grid_id": "r021_c057", "phase": "evening_18h", "target_time": "2026-09-18 18:00:00+08:00", "hour": 18, "air_temperature_c": 27.25, "relative_humidity_pct": 67.0, "wind_speed_10m_ms": 3.71, "utci_c": 25.58, "p_base": 0.1473, "p_enhanced": 0.1687, "delta_p": 0.0214, "rel_mitigation_pct": -14.55, "risk_level": "low"}}, {"type": "Feature", "geometry": {"type": "Polygon", "coordinates": [[[121.47, 31.68], [121.47, 31.69], [121.48, 31.69], [121.48, 31.68], [121.47, 31.68]]]}, "properties": {"grid_id": "r021_c062", "phase": "evening_18h", "target_time": "2026-09-18 18:00:00+08:00", "hour": 18, "air_temperature_c": 27.25, "relative_humidity_pct": 67.0, "wind_speed_10m_ms": 3.71, "utci_c": 24.31, "p_base": 0.1211, "p_enhanced": 0.1959, "delta_p": 0.0747, "rel_mitigation_pct": -61.71, "risk_level": "low"}}, {"type": "Feature", "geometry": {"type": "Polygon", "coordinates": [[[121.47, 31.67], [121.47, 31.68], [121.48, 31.68], [121.48, 31.67], [121.47, 31.67]]]}, "properties": {"grid_id": "r022_c062", "phase": "evening_18h", "target_time": "2026-09-18 18:00:00+08:00", "hour": 18, "air_temperature_c": 27.25, "relative_humidity_pct": 67.0, "wind_speed_10m_ms": 3.71, "utci_c": 25.29, "p_base": 0.1408, "p_enhanced": 0.1668, "delta_p": 0.0259, "rel_mitigation_pct": -18.39, "risk_level": "low"}}, {"type": "Feature", "geometry": {"type": "Polygon", "coordinates": [[[121.46, 31.66], [121.46, 31.67], [121.47, 31.67], [121.47, 31.66], [121.46, 31.66]]]}, "properties": {"grid_id": "r023_c061", "phase": "evening_18h", "target_time": "2026-09-18 18:00:00+08:00", "hour": 18, "air_temperature_c": 27.25, "relative_humidity_pct": 67.0, "wind_speed_10m_ms": 3.71, "utci_c": 25.6, "p_base": 0.1477, "p_enhanced": 0.1708, "delta_p": 0.023, "rel_mitigation_pct": -15.58, "risk_level": "low"}}, {"type": "Feature", "geometry": {"type": "Polygon", "coordinates": [[[121.49, 31.65], [121.49, 31.66], [121.5, 31.66], [121.5, 31.65], [121.49, 31.65]]]}, "properties": {"grid_id": "r024_c064", "phase": "evening_18h", "target_time": "2026-09-18 18:00:00+08:00", "hour": 18, "air_temperature_c": 27.25, "relative_humidity_pct": 67.0, "wind_speed_10m_ms": 3.71, "utci_c": 25.6, "p_base": 0.1477, "p_enhanced": 0.1708, "delta_p": 0.0231, "rel_mitigation_pct": -15.65, "risk_level": "low"}}, {"type": "Feature", "geometry": {"type": "Polygon", "coordinates": [[[121.56, 31.64], [121.56, 31.65], [121.57, 31.65], [121.57, 31.64], [121.56, 31.64]]]}, "properties": {"grid_id": "r025_c071", "phase": "evening_18h", "target_time": "2026-09-18 18:00:00+08:00", "hour": 18, "air_temperature_c": 27.25, "relative_humidity_pct": 67.0, "wind_speed_10m_ms": 3.71, "utci_c": 25.6, "p_base": 0.1477, "p_enhanced": 0.1708, "delta_p": 0.0231, "rel_mitigation_pct": -15.65, "risk_level": "low"}}, {"type": "Feature", "geometry": {"type": "Polygon", "coordinates": [[[121.39, 31.63], [121.4, 31.63], [121.4, 31.62], [121.39686060949383, 31.62], [121.39, 31.623211543520505], [121.39, 31.63]]]}, "properties": {"grid_id": "r027_c054", "phase": "evening_18h", "target_time": "2026-09-18 18:00:00+08:00", "hour": 18, "air_temperature_c": 27.25, "relative_humidity_pct": 67.0, "wind_speed_10m_ms": 3.71, "utci_c": 25.75, "p_base": 0.1513, "p_enhanced": 0.1661, "delta_p": 0.0148, "rel_mitigation_pct": -9.76, "risk_level": "low"}}, {"type": "Feature", "geometry": {"type": "Polygon", "coordinates": [[[121.41, 31.62], [121.41, 31.63], [121.42, 31.63], [121.42, 31.62], [121.41, 31.62]]]}, "properties": {"grid_id": "r027_c056", "phase": "evening_18h", "target_time": "2026-09-18 18:00:00+08:00", "hour": 18, "air_temperature_c": 27.25, "relative_humidity_pct": 67.0, "wind_speed_10m_ms": 3.71, "utci_c": 25.08, "p_base": 0.1363, "p_enhanced": 0.1376, "delta_p": 0.0013, "rel_mitigation_pct": -0.96, "risk_level": "low"}}, {"type": "Feature", "geometry": {"type": "Polygon", "coordinates": [[[121.42, 31.62], [121.42, 31.63], [121.43, 31.63], [121.43, 31.62], [121.42, 31.62]]]}, "properties": {"grid_id": "r027_c057", "phase": "evening_18h", "target_time": "2026-09-18 18:00:00+08:00", "hour": 18, "air_temperature_c": 27.25, "relative_humidity_pct": 67.0, "wind_speed_10m_ms": 3.71, "utci_c": 25.53, "p_base": 0.1461, "p_enhanced": 0.1683, "delta_p": 0.0222, "rel_mitigation_pct": -15.21, "risk_level": "low"}}, {"type": "Feature", "geometry": {"type": "Polygon", "coordinates": [[[121.51, 31.6], [121.51, 31.61], [121.52, 31.61], [121.52, 31.6], [121.51, 31.6]]]}, "properties": {"grid_id": "r029_c066", "phase": "evening_18h", "target_time": "2026-09-18 18:00:00+08:00", "hour": 18, "air_temperature_c": 27.25, "relative_humidity_pct": 67.0, "wind_speed_10m_ms": 3.71, "utci_c": 25.54, "p_base": 0.1463, "p_enhanced": 0.1636, "delta_p": 0.0174, "rel_mitigation_pct": -11.88, "risk_level": "low"}}, {"type": "Feature", "geometry": {"type": "Polygon", "coordinates": [[[121.63, 31.57], [121.63, 31.58], [121.64, 31.58], [121.64, 31.57], [121.63, 31.57]]]}, "properties": {"grid_id": "r032_c078", "phase": "evening_18h", "target_time": "2026-09-18 18:00:00+08:00", "hour": 18, "air_temperature_c": 27.25, "relative_humidity_pct": 67.0, "wind_speed_10m_ms": 3.71, "utci_c": 25.47, "p_base": 0.1448, "p_enhanced": 0.1565, "delta_p": 0.0117, "rel_mitigation_pct": -8.11, "risk_level": "low"}}, {"type": "Feature", "geometry": {"type": "Polygon", "coordinates": [[[121.85, 31.53], [121.85, 31.54], [121.86, 31.54], [121.86, 31.53], [121.85, 31.53]]]}, "properties": {"grid_id": "r036_c100", "phase": "evening_18h", "target_time": "2026-09-18 18:00:00+08:00", "hour": 18, "air_temperature_c": 27.25, "relative_humidity_pct": 67.0, "wind_speed_10m_ms": 3.71, "utci_c": 25.43, "p_base": 0.1439, "p_enhanced": 0.1741, "delta_p": 0.0301, "rel_mitigation_pct": -20.92, "risk_level": "low"}}, {"type": "Feature", "geometry": {"type": "Polygon", "coordinates": [[[121.83, 31.52], [121.83, 31.53], [121.84, 31.53], [121.84, 31.52], [121.83, 31.52]]]}, "properties": {"grid_id": "r037_c098", "phase": "evening_18h", "target_time": "2026-09-18 18:00:00+08:00", "hour": 18, "air_temperature_c": 27.25, "relative_humidity_pct": 67.0, "wind_speed_10m_ms": 3.71, "utci_c": 25.52, "p_base": 0.1459, "p_enhanced": 0.162, "delta_p": 0.016, "rel_mitigation_pct": -11.0, "risk_level": "low"}}, {"type": "Feature", "geometry": {"type": "Polygon", "coordinates": [[[121.94, 31.51], [121.94, 31.52], [121.95, 31.52], [121.95, 31.51], [121.94, 31.51]]]}, "properties": {"grid_id": "r038_c109", "phase": "evening_18h", "target_time": "2026-09-18 18:00:00+08:00", "hour": 18, "air_temperature_c": 27.25, "relative_humidity_pct": 67.0, "wind_speed_10m_ms": 3.71, "utci_c": 24.36, "p_base": 0.1219, "p_enhanced": 0.163, "delta_p": 0.0411, "rel_mitigation_pct": -33.71, "risk_level": "low"}}, {"type": "Feature", "geometry": {"type": "Polygon", "coordinates": [[[121.95, 31.51], [121.95, 31.52], [121.96, 31.52], [121.96, 31.51], [121.95, 31.51]]]}, "properties": {"grid_id": "r038_c110", "phase": "evening_18h", "target_time": "2026-09-18 18:00:00+08:00", "hour": 18, "air_temperature_c": 27.25, "relative_humidity_pct": 67.0, "wind_speed_10m_ms": 3.71, "utci_c": 22.96, "p_base": 0.0987, "p_enhanced": 0.0839, "delta_p": -0.0148, "rel_mitigation_pct": 14.98, "risk_level": "low"}}, {"type": "Feature", "geometry": {"type": "Polygon", "coordinates": [[[121.3, 31.49], [121.3, 31.5], [121.31, 31.5], [121.31, 31.49], [121.3, 31.49]]]}, "properties": {"grid_id": "r040_c045", "phase": "evening_18h", "target_time": "2026-09-18 18:00:00+08:00", "hour": 18, "air_temperature_c": 27.25, "relative_humidity_pct": 67.0, "wind_speed_10m_ms": 3.71, "utci_c": 25.6, "p_base": 0.1477, "p_enhanced": 0.1708, "delta_p": 0.0231, "rel_mitigation_pct": -15.65, "risk_level": "low"}}, {"type": "Feature", "geometry": {"type": "Polygon", "coordinates": [[[121.29, 31.49], [121.29, 31.48], [121.28, 31.48], [121.28, 31.48745662042014], [121.28759661160615, 31.49], [121.29, 31.49]]]}, "properties": {"grid_id": "r041_c043", "phase": "evening_18h", "target_time": "2026-09-18 18:00:00+08:00", "hour": 18, "air_temperature_c": 27.25, "relative_humidity_pct": 67.0, "wind_speed_10m_ms": 3.71, "utci_c": 25.6, "p_base": 0.1477, "p_enhanced": 0.1708, "delta_p": 0.0231, "rel_mitigation_pct": -15.65, "risk_level": "low"}}, {"type": "Feature", "geometry": {"type": "Polygon", "coordinates": [[[121.82, 31.48], [121.82, 31.49], [121.83, 31.49], [121.83, 31.48], [121.82, 31.48]]]}, "properties": {"grid_id": "r041_c097", "phase": "evening_18h", "target_time": "2026-09-18 18:00:00+08:00", "hour": 18, "air_temperature_c": 27.25, "relative_humidity_pct": 67.0, "wind_speed_10m_ms": 3.71, "utci_c": 25.35, "p_base": 0.1421, "p_enhanced": 0.1362, "delta_p": -0.0058, "rel_mitigation_pct": 4.1, "risk_level": "low"}}, {"type": "Feature", "geometry": {"type": "Polygon", "coordinates": [[[121.79, 31.46], [121.79, 31.47], [121.8, 31.47], [121.8, 31.46], [121.79, 31.46]]]}, "properties": {"grid_id": "r043_c094", "phase": "evening_18h", "target_time": "2026-09-18 18:00:00+08:00", "hour": 18, "air_temperature_c": 27.25, "relative_humidity_pct": 67.0, "wind_speed_10m_ms": 3.71, "utci_c": 25.41, "p_base": 0.1435, "p_enhanced": 0.1603, "delta_p": 0.0169, "rel_mitigation_pct": -11.74, "risk_level": "low"}}, {"type": "Feature", "geometry": {"type": "Polygon", "coordinates": [[[121.81, 31.46], [121.81, 31.47], [121.82, 31.47], [121.82, 31.46], [121.81, 31.46]]]}, "properties": {"grid_id": "r043_c096", "phase": "evening_18h", "target_time": "2026-09-18 18:00:00+08:00", "hour": 18, "air_temperature_c": 27.25, "relative_humidity_pct": 67.0, "wind_speed_10m_ms": 3.71, "utci_c": 25.44, "p_base": 0.1441, "p_enhanced": 0.1532, "delta_p": 0.0092, "rel_mitigation_pct": -6.35, "risk_level": "low"}}, {"type": "Feature", "geometry": {"type": "Polygon", "coordinates": [[[121.34, 31.43], [121.34, 31.44], [121.35, 31.44], [121.35, 31.43], [121.34, 31.43]]]}, "properties": {"grid_id": "r046_c049", "phase": "evening_18h", "target_time": "2026-09-18 18:00:00+08:00", "hour": 18, "air_temperature_c": 27.25, "relative_humidity_pct": 67.0, "wind_speed_10m_ms": 3.71, "utci_c": 25.22, "p_base": 0.1392, "p_enhanced": 0.1837, "delta_p": 0.0444, "rel_mitigation_pct": -31.9, "risk_level": "low"}}, {"type": "Feature", "geometry": {"type": "Polygon", "coordinates": [[[121.33, 31.42], [121.33, 31.43], [121.34, 31.43], [121.34, 31.42], [121.33, 31.42]]]}, "properties": {"grid_id": "r047_c048", "phase": "evening_18h", "target_time": "2026-09-18 18:00:00+08:00", "hour": 18, "air_temperature_c": 27.25, "relative_humidity_pct": 67.0, "wind_speed_10m_ms": 3.71, "utci_c": 25.6, "p_base": 0.1477, "p_enhanced": 0.1708, "delta_p": 0.0231, "rel_mitigation_pct": -15.65, "risk_level": "low"}}, {"type": "Feature", "geometry": {"type": "Polygon", "coordinates": [[[121.33, 31.41], [121.33, 31.42], [121.34, 31.42], [121.34, 31.41], [121.33, 31.41]]]}, "properties": {"grid_id": "r048_c048", "phase": "evening_18h", "target_time": "2026-09-18 18:00:00+08:00", "hour": 18, "air_temperature_c": 27.25, "relative_humidity_pct": 67.0, "wind_speed_10m_ms": 3.71, "utci_c": 25.5, "p_base": 0.1454, "p_enhanced": 0.1593, "delta_p": 0.0139, "rel_mitigation_pct": -9.57, "risk_level": "low"}}, {"type": "Feature", "geometry": {"type": "Polygon", "coordinates": [[[121.47, 31.41], [121.47, 31.42], [121.48, 31.42], [121.48, 31.41], [121.47, 31.41]]]}, "properties": {"grid_id": "r048_c062", "phase": "evening_18h", "target_time": "2026-09-18 18:00:00+08:00", "hour": 18, "air_temperature_c": 27.25, "relative_humidity_pct": 67.0, "wind_speed_10m_ms": 3.71, "utci_c": 25.41, "p_base": 0.1434, "p_enhanced": 0.1772, "delta_p": 0.0339, "rel_mitigation_pct": -23.63, "risk_level": "low"}}, {"type": "Feature", "geometry": {"type": "Polygon", "coordinates": [[[121.49, 31.41], [121.48, 31.41], [121.48, 31.42], [121.48375298797204, 31.42], [121.489165, 31.416353], [121.49, 31.41530457020918], [121.49, 31.41]]]}, "properties": {"grid_id": "r048_c063", "phase": "evening_18h", "target_time": "2026-09-18 18:00:00+08:00", "hour": 18, "air_temperature_c": 27.25, "relative_humidity_pct": 67.0, "wind_speed_10m_ms": 3.71, "utci_c": 25.38, "p_base": 0.1427, "p_enhanced": 0.1729, "delta_p": 0.0303, "rel_mitigation_pct": -21.21, "risk_level": "low"}}, {"type": "Feature", "geometry": {"type": "Polygon", "coordinates": [[[121.23, 31.4], [121.23, 31.41], [121.24, 31.41], [121.24, 31.4], [121.23, 31.4]]]}, "properties": {"grid_id": "r049_c038", "phase": "evening_18h", "target_time": "2026-09-18 18:00:00+08:00", "hour": 18, "air_temperature_c": 27.25, "relative_humidity_pct": 67.0, "wind_speed_10m_ms": 3.71, "utci_c": 25.23, "p_base": 0.1394, "p_enhanced": 0.1585, "delta_p": 0.0191, "rel_mitigation_pct": -13.68, "risk_level": "low"}}, {"type": "Feature", "geometry": {"type": "Polygon", "coordinates": [[[121.35, 31.4], [121.35, 31.41], [121.36, 31.41], [121.36, 31.4], [121.35, 31.4]]]}, "properties": {"grid_id": "r049_c050", "phase": "evening_18h", "target_time": "2026-09-18 18:00:00+08:00", "hour": 18, "air_temperature_c": 27.25, "relative_humidity_pct": 67.0, "wind_speed_10m_ms": 3.71, "utci_c": 25.35, "p_base": 0.142, "p_enhanced": 0.1535, "delta_p": 0.0115, "rel_mitigation_pct": -8.08, "risk_level": "low"}}, {"type": "Feature", "geometry": {"type": "Polygon", "coordinates": [[[121.69, 31.4], [121.69, 31.41], [121.7, 31.41], [121.7, 31.4], [121.69, 31.4]]]}, "properties": {"grid_id": "r049_c084", "phase": "evening_18h", "target_time": "2026-09-18 18:00:00+08:00", "hour": 18, "air_temperature_c": 27.25, "relative_humidity_pct": 67.0, "wind_speed_10m_ms": 3.71, "utci_c": 24.53, "p_base": 0.1252, "p_enhanced": 0.2027, "delta_p": 0.0775, "rel_mitigation_pct": -61.87, "risk_level": "low"}}, {"type": "Feature", "geometry": {"type": "Polygon", "coordinates": [[[121.7, 31.4], [121.7, 31.41], [121.71, 31.41], [121.71, 31.4], [121.7, 31.4]]]}, "properties": {"grid_id": "r049_c085", "phase": "evening_18h", "target_time": "2026-09-18 18:00:00+08:00", "hour": 18, "air_temperature_c": 27.25, "relative_humidity_pct": 67.0, "wind_speed_10m_ms": 3.71, "utci_c": 23.84, "p_base": 0.1127, "p_enhanced": 0.2066, "delta_p": 0.0939, "rel_mitigation_pct": -83.32, "risk_level": "low"}}, {"type": "Feature", "geometry": {"type": "Polygon", "coordinates": [[[121.72, 31.4], [121.71, 31.4], [121.71, 31.41], [121.71852895582931, 31.41], [121.72, 31.409345531571713], [121.72, 31.4]]]}, "properties": {"grid_id": "r049_c086", "phase": "evening_18h", "target_time": "2026-09-18 18:00:00+08:00", "hour": 18, "air_temperature_c": 27.25, "relative_humidity_pct": 67.0, "wind_speed_10m_ms": 3.71, "utci_c": 23.97, "p_base": 0.1148, "p_enhanced": 0.1638, "delta_p": 0.049, "rel_mitigation_pct": -42.63, "risk_level": "low"}}, {"type": "Feature", "geometry": {"type": "Polygon", "coordinates": [[[121.47, 31.39], [121.47, 31.4], [121.48, 31.4], [121.48, 31.39], [121.47, 31.39]]]}, "properties": {"grid_id": "r050_c062", "phase": "evening_18h", "target_time": "2026-09-18 18:00:00+08:00", "hour": 18, "air_temperature_c": 27.25, "relative_humidity_pct": 67.0, "wind_speed_10m_ms": 3.71, "utci_c": 25.66, "p_base": 0.149, "p_enhanced": 0.1691, "delta_p": 0.0201, "rel_mitigation_pct": -13.5, "risk_level": "low"}}, {"type": "Feature", "geometry": {"type": "Polygon", "coordinates": [[[121.7, 31.39], [121.7, 31.4], [121.71, 31.4], [121.71, 31.39], [121.7, 31.39]]]}, "properties": {"grid_id": "r050_c085", "phase": "evening_18h", "target_time": "2026-09-18 18:00:00+08:00", "hour": 18, "air_temperature_c": 27.25, "relative_humidity_pct": 67.0, "wind_speed_10m_ms": 3.71, "utci_c": 25.26, "p_base": 0.14, "p_enhanced": 0.1694, "delta_p": 0.0294, "rel_mitigation_pct": -20.98, "risk_level": "low"}}, {"type": "Feature", "geometry": {"type": "Polygon", "coordinates": [[[121.23, 31.38], [121.23, 31.39], [121.24, 31.39], [121.24, 31.38], [121.23, 31.38]]]}, "properties": {"grid_id": "r051_c038", "phase": "evening_18h", "target_time": "2026-09-18 18:00:00+08:00", "hour": 18, "air_temperature_c": 27.25, "relative_humidity_pct": 67.0, "wind_speed_10m_ms": 3.71, "utci_c": 25.5, "p_base": 0.1454, "p_enhanced": 0.1603, "delta_p": 0.0149, "rel_mitigation_pct": -10.25, "risk_level": "low"}}, {"type": "Feature", "geometry": {"type": "Polygon", "coordinates": [[[121.24, 31.38], [121.24, 31.39], [121.25, 31.39], [121.25, 31.38], [121.24, 31.38]]]}, "properties": {"grid_id": "r051_c039", "phase": "evening_18h", "target_time": "2026-09-18 18:00:00+08:00", "hour": 18, "air_temperature_c": 27.25, "relative_humidity_pct": 67.0, "wind_speed_10m_ms": 3.71, "utci_c": 25.59, "p_base": 0.1474, "p_enhanced": 0.1698, "delta_p": 0.0224, "rel_mitigation_pct": -15.17, "risk_level": "low"}}, {"type": "Feature", "geometry": {"type": "Polygon", "coordinates": [[[121.31, 31.38], [121.31, 31.39], [121.32, 31.39], [121.32, 31.38], [121.31, 31.38]]]}, "properties": {"grid_id": "r051_c046", "phase": "evening_18h", "target_time": "2026-09-18 18:00:00+08:00", "hour": 18, "air_temperature_c": 27.25, "relative_humidity_pct": 67.0, "wind_speed_10m_ms": 3.71, "utci_c": 25.6, "p_base": 0.1477, "p_enhanced": 0.1708, "delta_p": 0.0231, "rel_mitigation_pct": -15.65, "risk_level": "low"}}, {"type": "Feature", "geometry": {"type": "Polygon", "coordinates": [[[121.52, 31.38], [121.51, 31.38], [121.51, 31.39], [121.51015329620499, 31.39], [121.510487, 31.389581], [121.52, 31.389588318943407], [121.52, 31.38]]]}, "properties": {"grid_id": "r051_c066", "phase": "evening_18h", "target_time": "2026-09-18 18:00:00+08:00", "hour": 18, "air_temperature_c": 27.25, "relative_humidity_pct": 67.0, "wind_speed_10m_ms": 3.71, "utci_c": 24.54, "p_base": 0.1254, "p_enhanced": 0.131, "delta_p": 0.0055, "rel_mitigation_pct": -4.42, "risk_level": "low"}}, {"type": "Feature", "geometry": {"type": "Polygon", "coordinates": [[[121.53, 31.38], [121.52, 31.38], [121.52, 31.389588318943407], [121.522185, 31.38959], [121.53, 31.387382108905328], [121.53, 31.38]]]}, "properties": {"grid_id": "r051_c067", "phase": "evening_18h", "target_time": "2026-09-18 18:00:00+08:00", "hour": 18, "air_temperature_c": 27.25, "relative_humidity_pct": 67.0, "wind_speed_10m_ms": 3.71, "utci_c": 23.94, "p_base": 0.1144, "p_enhanced": 0.2108, "delta_p": 0.0964, "rel_mitigation_pct": -84.25, "risk_level": "low"}}, {"type": "Feature", "geometry": {"type": "Polygon", "coordinates": [[[121.54, 31.38], [121.53, 31.38], [121.53, 31.387382108905328], [121.54, 31.38455691236705], [121.54, 31.38]]]}, "properties": {"grid_id": "r051_c068", "phase": "evening_18h", "target_time": "2026-09-18 18:00:00+08:00", "hour": 18, "air_temperature_c": 27.25, "relative_humidity_pct": 67.0, "wind_speed_10m_ms": 3.71, "utci_c": 24.85, "p_base": 0.1315, "p_enhanced": 0.1932, "delta_p": 0.0617, "rel_mitigation_pct": -46.91, "risk_level": "low"}}, {"type": "Feature", "geometry": {"type": "Polygon", "coordinates": [[[121.7, 31.38], [121.7, 31.39], [121.71, 31.39], [121.71, 31.38], [121.7, 31.38]]]}, "properties": {"grid_id": "r051_c085", "phase": "evening_18h", "target_time": "2026-09-18 18:00:00+08:00", "hour": 18, "air_temperature_c": 27.25, "relative_humidity_pct": 67.0, "wind_speed_10m_ms": 3.71, "utci_c": 25.43, "p_base": 0.1438, "p_enhanced": 0.1626, "delta_p": 0.0189, "rel_mitigation_pct": -13.12, "risk_level": "low"}}, {"type": "Feature", "geometry": {"type": "Polygon", "coordinates": [[[121.52, 31.37], [121.52, 31.38], [121.53, 31.38], [121.53, 31.37], [121.52, 31.37]]]}, "properties": {"grid_id": "r052_c067", "phase": "evening_18h", "target_time": "2026-09-18 18:00:00+08:00", "hour": 18, "air_temperature_c": 27.25, "relative_humidity_pct": 67.0, "wind_speed_10m_ms": 3.71, "utci_c": 25.17, "p_base": 0.1381, "p_enhanced": 0.1856, "delta_p": 0.0475, "rel_mitigation_pct": -34.4, "risk_level": "low"}}, {"type": "Feature", "geometry": {"type": "Polygon", "coordinates": [[[121.25, 31.36], [121.25, 31.37], [121.26, 31.37], [121.26, 31.36], [121.25, 31.36]]]}, "properties": {"grid_id": "r053_c040", "phase": "evening_18h", "target_time": "2026-09-18 18:00:00+08:00", "hour": 18, "air_temperature_c": 27.25, "relative_humidity_pct": 67.0, "wind_speed_10m_ms": 3.71, "utci_c": 25.47, "p_base": 0.1448, "p_enhanced": 0.1666, "delta_p": 0.0218, "rel_mitigation_pct": -15.03, "risk_level": "low"}}, {"type": "Feature", "geometry": {"type": "Polygon", "coordinates": [[[121.42, 31.36], [121.42, 31.37], [121.43, 31.37], [121.43, 31.36], [121.42, 31.36]]]}, "properties": {"grid_id": "r053_c057", "phase": "evening_18h", "target_time": "2026-09-18 18:00:00+08:00", "hour": 18, "air_temperature_c": 27.25, "relative_humidity_pct": 67.0, "wind_speed_10m_ms": 3.71, "utci_c": 25.61, "p_base": 0.1479, "p_enhanced": 0.1706, "delta_p": 0.0227, "rel_mitigation_pct": -15.32, "risk_level": "low"}}, {"type": "Feature", "geometry": {"type": "Polygon", "coordinates": [[[121.36, 31.35], [121.36, 31.36], [121.37, 31.36], [121.37, 31.35], [121.36, 31.35]]]}, "properties": {"grid_id": "r054_c051", "phase": "evening_18h", "target_time": "2026-09-18 18:00:00+08:00", "hour": 18, "air_temperature_c": 27.25, "relative_humidity_pct": 67.0, "wind_speed_10m_ms": 3.71, "utci_c": 25.6, "p_base": 0.1477, "p_enhanced": 0.1708, "delta_p": 0.0231, "rel_mitigation_pct": -15.65, "risk_level": "low"}}, {"type": "Feature", "geometry": {"type": "Polygon", "coordinates": [[[121.42, 31.35], [121.42, 31.36], [121.43, 31.36], [121.43, 31.35], [121.42, 31.35]]]}, "properties": {"grid_id": "r054_c057", "phase": "evening_18h", "target_time": "2026-09-18 18:00:00+08:00", "hour": 18, "air_temperature_c": 27.25, "relative_humidity_pct": 67.0, "wind_speed_10m_ms": 3.71, "utci_c": 25.13, "p_base": 0.1373, "p_enhanced": 0.1869, "delta_p": 0.0497, "rel_mitigation_pct": -36.18, "risk_level": "low"}}, {"type": "Feature", "geometry": {"type": "Polygon", "coordinates": [[[121.78, 31.35], [121.78, 31.36], [121.78667307180206, 31.36], [121.786709, 31.359951], [121.78777437729488, 31.35], [121.78, 31.35]]]}, "properties": {"grid_id": "r054_c093", "phase": "evening_18h", "target_time": "2026-09-18 18:00:00+08:00", "hour": 18, "air_temperature_c": 27.25, "relative_humidity_pct": 67.0, "wind_speed_10m_ms": 3.71, "utci_c": 25.37, "p_base": 0.1425, "p_enhanced": 0.1536, "delta_p": 0.0111, "rel_mitigation_pct": -7.82, "risk_level": "low"}}, {"type": "Feature", "geometry": {"type": "Polygon", "coordinates": [[[121.36, 31.34], [121.36, 31.35], [121.37, 31.35], [121.37, 31.34], [121.36, 31.34]]]}, "properties": {"grid_id": "r055_c051", "phase": "evening_18h", "target_time": "2026-09-18 18:00:00+08:00", "hour": 18, "air_temperature_c": 27.25, "relative_humidity_pct": 67.0, "wind_speed_10m_ms": 3.71, "utci_c": 24.78, "p_base": 0.1302, "p_enhanced": 0.1731, "delta_p": 0.0429, "rel_mitigation_pct": -32.94, "risk_level": "low"}}, {"type": "Feature", "geometry": {"type": "Polygon", "coordinates": [[[121.42, 31.34], [121.42, 31.35], [121.43, 31.35], [121.43, 31.34], [121.42, 31.34]]]}, "properties": {"grid_id": "r055_c057", "phase": "evening_18h", "target_time": "2026-09-18 18:00:00+08:00", "hour": 18, "air_temperature_c": 27.25, "relative_humidity_pct": 67.0, "wind_speed_10m_ms": 3.71, "utci_c": 25.33, "p_base": 0.1417, "p_enhanced": 0.1462, "delta_p": 0.0045, "rel_mitigation_pct": -3.16, "risk_level": "low"}}, {"type": "Feature", "geometry": {"type": "Polygon", "coordinates": [[[121.43, 31.34], [121.43, 31.35], [121.44, 31.35], [121.44, 31.34], [121.43, 31.34]]]}, "properties": {"grid_id": "r055_c058", "phase": "evening_18h", "target_time": "2026-09-18 18:00:00+08:00", "hour": 18, "air_temperature_c": 27.25, "relative_humidity_pct": 67.0, "wind_speed_10m_ms": 3.71, "utci_c": 25.39, "p_base": 0.143, "p_enhanced": 0.1435, "delta_p": 0.0004, "rel_mitigation_pct": -0.31, "risk_level": "low"}}, {"type": "Feature", "geometry": {"type": "Polygon", "coordinates": [[[121.44, 31.34], [121.44, 31.35], [121.45, 31.35], [121.45, 31.34], [121.44, 31.34]]]}, "properties": {"grid_id": "r055_c059", "phase": "evening_18h", "target_time": "2026-09-18 18:00:00+08:00", "hour": 18, "air_temperature_c": 27.25, "relative_humidity_pct": 67.0, "wind_speed_10m_ms": 3.71, "utci_c": 25.38, "p_base": 0.1427, "p_enhanced": 0.1623, "delta_p": 0.0196, "rel_mitigation_pct": -13.75, "risk_level": "low"}}, {"type": "Feature", "geometry": {"type": "Polygon", "coordinates": [[[121.46, 31.34], [121.46, 31.35], [121.47, 31.35], [121.47, 31.34], [121.46, 31.34]]]}, "properties": {"grid_id": "r055_c061", "phase": "evening_18h", "target_time": "2026-09-18 18:00:00+08:00", "hour": 18, "air_temperature_c": 27.25, "relative_humidity_pct": 67.0, "wind_speed_10m_ms": 3.71, "utci_c": 25.55, "p_base": 0.1465, "p_enhanced": 0.1726, "delta_p": 0.0261, "rel_mitigation_pct": -17.8, "risk_level": "low"}}, {"type": "Feature", "geometry": {"type": "Polygon", "coordinates": [[[121.48, 31.34], [121.48, 31.35], [121.49, 31.35], [121.49, 31.34], [121.48, 31.34]]]}, "properties": {"grid_id": "r055_c063", "phase": "evening_18h", "target_time": "2026-09-18 18:00:00+08:00", "hour": 18, "air_temperature_c": 27.25, "relative_humidity_pct": 67.0, "wind_speed_10m_ms": 3.71, "utci_c": 25.67, "p_base": 0.1494, "p_enhanced": 0.1613, "delta_p": 0.0119, "rel_mitigation_pct": -7.93, "risk_level": "low"}}, {"type": "Feature", "geometry": {"type": "Polygon", "coordinates": [[[121.49, 31.34], [121.49, 31.35], [121.5, 31.35], [121.5, 31.34], [121.49, 31.34]]]}, "properties": {"grid_id": "r055_c064", "phase": "evening_18h", "target_time": "2026-09-18 18:00:00+08:00", "hour": 18, "air_temperature_c": 27.25, "relative_humidity_pct": 67.0, "wind_speed_10m_ms": 3.71, "utci_c": 25.63, "p_base": 0.1484, "p_enhanced": 0.1594, "delta_p": 0.011, "rel_mitigation_pct": -7.41, "risk_level": "low"}}, {"type": "Feature", "geometry": {"type": "Polygon", "coordinates": [[[121.57, 31.34], [121.57, 31.35], [121.58, 31.35], [121.58, 31.34], [121.57, 31.34]]]}, "properties": {"grid_id": "r055_c072", "phase": "evening_18h", "target_time": "2026-09-18 18:00:00+08:00", "hour": 18, "air_temperature_c": 27.25, "relative_humidity_pct": 67.0, "wind_speed_10m_ms": 3.71, "utci_c": 25.61, "p_base": 0.1479, "p_enhanced": 0.1569, "delta_p": 0.009, "rel_mitigation_pct": -6.09, "risk_level": "low"}}, {"type": "Feature", "geometry": {"type": "Polygon", "coordinates": [[[121.22, 31.33], [121.22, 31.34], [121.23, 31.34], [121.23, 31.33], [121.22, 31.33]]]}, "properties": {"grid_id": "r056_c037", "phase": "evening_18h", "target_time": "2026-09-18 18:00:00+08:00", "hour": 18, "air_temperature_c": 27.25, "relative_humidity_pct": 67.0, "wind_speed_10m_ms": 3.71, "utci_c": 25.52, "p_base": 0.1459, "p_enhanced": 0.1549, "delta_p": 0.009, "rel_mitigation_pct": -6.18, "risk_level": "low"}}, {"type": "Feature", "geometry": {"type": "Polygon", "coordinates": [[[121.26, 31.33], [121.26, 31.34], [121.27, 31.34], [121.27, 31.33], [121.26, 31.33]]]}, "properties": {"grid_id": "r056_c041", "phase": "evening_18h", "target_time": "2026-09-18 18:00:00+08:00", "hour": 18, "air_temperature_c": 27.25, "relative_humidity_pct": 67.0, "wind_speed_10m_ms": 3.71, "utci_c": 25.62, "p_base": 0.1481, "p_enhanced": 0.1689, "delta_p": 0.0208, "rel_mitigation_pct": -14.08, "risk_level": "low"}}, {"type": "Feature", "geometry": {"type": "Polygon", "coordinates": [[[121.88, 31.33], [121.88, 31.34], [121.89, 31.34], [121.89, 31.33], [121.88, 31.33]]]}, "properties": {"grid_id": "r056_c103", "phase": "evening_18h", "target_time": "2026-09-18 18:00:00+08:00", "hour": 18, "air_temperature_c": 27.25, "relative_humidity_pct": 67.0, "wind_speed_10m_ms": 3.71, "utci_c": 25.34, "p_base": 0.1418, "p_enhanced": 0.1427, "delta_p": 0.0009, "rel_mitigation_pct": -0.66, "risk_level": "low"}}, {"type": "Feature", "geometry": {"type": "Polygon", "coordinates": [[[121.39, 31.32], [121.39, 31.33], [121.4, 31.33], [121.4, 31.32], [121.39, 31.32]]]}, "properties": {"grid_id": "r057_c054", "phase": "evening_18h", "target_time": "2026-09-18 18:00:00+08:00", "hour": 18, "air_temperature_c": 27.25, "relative_humidity_pct": 67.0, "wind_speed_10m_ms": 3.71, "utci_c": 25.4, "p_base": 0.1433, "p_enhanced": 0.1501, "delta_p": 0.0068, "rel_mitigation_pct": -4.78, "risk_level": "low"}}, {"type": "Feature", "geometry": {"type": "Polygon", "coordinates": [[[121.43, 31.32], [121.43, 31.33], [121.44, 31.33], [121.44, 31.32], [121.43, 31.32]]]}, "properties": {"grid_id": "r057_c058", "phase": "evening_18h", "target_time": "2026-09-18 18:00:00+08:00", "hour": 18, "air_temperature_c": 27.25, "relative_humidity_pct": 67.0, "wind_speed_10m_ms": 3.71, "utci_c": 25.59, "p_base": 0.1474, "p_enhanced": 0.1712, "delta_p": 0.0238, "rel_mitigation_pct": -16.13, "risk_level": "low"}}, {"type": "Feature", "geometry": {"type": "Polygon", "coordinates": [[[121.46, 31.32], [121.46, 31.33], [121.47, 31.33], [121.47, 31.32], [121.46, 31.32]]]}, "properties": {"grid_id": "r057_c061", "phase": "evening_18h", "target_time": "2026-09-18 18:00:00+08:00", "hour": 18, "air_temperature_c": 27.25, "relative_humidity_pct": 67.0, "wind_speed_10m_ms": 3.71, "utci_c": 25.55, "p_base": 0.1466, "p_enhanced": 0.16, "delta_p": 0.0134, "rel_mitigation_pct": -9.15, "risk_level": "low"}}, {"type": "Feature", "geometry": {"type": "Polygon", "coordinates": [[[121.5, 31.32], [121.5, 31.33], [121.51, 31.33], [121.51, 31.32], [121.5, 31.32]]]}, "properties": {"grid_id": "r057_c065", "phase": "evening_18h", "target_time": "2026-09-18 18:00:00+08:00", "hour": 18, "air_temperature_c": 27.25, "relative_humidity_pct": 67.0, "wind_speed_10m_ms": 3.71, "utci_c": 25.31, "p_base": 0.1412, "p_enhanced": 0.1555, "delta_p": 0.0143, "rel_mitigation_pct": -10.1, "risk_level": "low"}}, {"type": "Feature", "geometry": {"type": "Polygon", "coordinates": [[[121.54, 31.32], [121.54, 31.33], [121.55, 31.33], [121.55, 31.32], [121.54, 31.32]]]}, "properties": {"grid_id": "r057_c069", "phase": "evening_18h", "target_time": "2026-09-18 18:00:00+08:00", "hour": 18, "air_temperature_c": 27.25, "relative_humidity_pct": 67.0, "wind_speed_10m_ms": 3.71, "utci_c": 24.49, "p_base": 0.1245, "p_enhanced": 0.1889, "delta_p": 0.0644, "rel_mitigation_pct": -51.76, "risk_level": "low"}}, {"type": "Feature", "geometry": {"type": "Polygon", "coordinates": [[[121.59, 31.32], [121.59, 31.33], [121.6, 31.33], [121.6, 31.32], [121.59, 31.32]]]}, "properties": {"grid_id": "r057_c074", "phase": "evening_18h", "target_time": "2026-09-18 18:00:00+08:00", "hour": 18, "air_temperature_c": 27.25, "relative_humidity_pct": 67.0, "wind_speed_10m_ms": 3.71, "utci_c": 24.92, "p_base": 0.1329, "p_enhanced": 0.1877, "delta_p": 0.0548, "rel_mitigation_pct": -41.24, "risk_level": "low"}}, {"type": "Feature", "geometry": {"type": "Polygon", "coordinates": [[[121.3, 31.31], [121.3, 31.32], [121.31, 31.32], [121.31, 31.31], [121.3, 31.31]]]}, "properties": {"grid_id": "r058_c045", "phase": "evening_18h", "target_time": "2026-09-18 18:00:00+08:00", "hour": 18, "air_temperature_c": 27.25, "relative_humidity_pct": 67.0, "wind_speed_10m_ms": 3.71, "utci_c": 25.15, "p_base": 0.1377, "p_enhanced": 0.1461, "delta_p": 0.0084, "rel_mitigation_pct": -6.08, "risk_level": "low"}}, {"type": "Feature", "geometry": {"type": "Polygon", "coordinates": [[[121.4, 31.31], [121.4, 31.32], [121.41, 31.32], [121.41, 31.31], [121.4, 31.31]]]}, "properties": {"grid_id": "r058_c055", "phase": "evening_18h", "target_time": "2026-09-18 18:00:00+08:00", "hour": 18, "air_temperature_c": 27.25, "relative_humidity_pct": 67.0, "wind_speed_10m_ms": 3.71, "utci_c": 25.57, "p_base": 0.1471, "p_enhanced": 0.1717, "delta_p": 0.0247, "rel_mitigation_pct": -16.77, "risk_level": "low"}}, {"type": "Feature", "geometry": {"type": "Polygon", "coordinates": [[[121.45, 31.31], [121.45, 31.32], [121.46, 31.32], [121.46, 31.31], [121.45, 31.31]]]}, "properties": {"grid_id": "r058_c060", "phase": "evening_18h", "target_time": "2026-09-18 18:00:00+08:00", "hour": 18, "air_temperature_c": 27.25, "relative_humidity_pct": 67.0, "wind_speed_10m_ms": 3.71, "utci_c": 25.49, "p_base": 0.1452, "p_enhanced": 0.1663, "delta_p": 0.0212, "rel_mitigation_pct": -14.6, "risk_level": "low"}}, {"type": "Feature", "geometry": {"type": "Polygon", "coordinates": [[[121.47, 31.31], [121.47, 31.32], [121.48, 31.32], [121.48, 31.31], [121.47, 31.31]]]}, "properties": {"grid_id": "r058_c062", "phase": "evening_18h", "target_time": "2026-09-18 18:00:00+08:00", "hour": 18, "air_temperature_c": 27.25, "relative_humidity_pct": 67.0, "wind_speed_10m_ms": 3.71, "utci_c": 25.52, "p_base": 0.146, "p_enhanced": 0.1651, "delta_p": 0.0191, "rel_mitigation_pct": -13.09, "risk_level": "low"}}, {"type": "Feature", "geometry": {"type": "Polygon", "coordinates": [[[121.52, 31.31], [121.52, 31.32], [121.53, 31.32], [121.53, 31.31], [121.52, 31.31]]]}, "properties": {"grid_id": "r058_c067", "phase": "evening_18h", "target_time": "2026-09-18 18:00:00+08:00", "hour": 18, "air_temperature_c": 27.25, "relative_humidity_pct": 67.0, "wind_speed_10m_ms": 3.71, "utci_c": 25.63, "p_base": 0.1484, "p_enhanced": 0.1684, "delta_p": 0.0199, "rel_mitigation_pct": -13.43, "risk_level": "low"}}, {"type": "Feature", "geometry": {"type": "Polygon", "coordinates": [[[121.55, 31.31], [121.55, 31.32], [121.56, 31.32], [121.56, 31.31], [121.55, 31.31]]]}, "properties": {"grid_id": "r058_c070", "phase": "evening_18h", "target_time": "2026-09-18 18:00:00+08:00", "hour": 18, "air_temperature_c": 27.25, "relative_humidity_pct": 67.0, "wind_speed_10m_ms": 3.71, "utci_c": 23.75, "p_base": 0.1111, "p_enhanced": 0.0594, "delta_p": -0.0517, "rel_mitigation_pct": 46.5, "risk_level": "low"}}, {"type": "Feature", "geometry": {"type": "Polygon", "coordinates": [[[121.58, 31.31], [121.58, 31.32], [121.59, 31.32], [121.59, 31.31], [121.58, 31.31]]]}, "properties": {"grid_id": "r058_c073", "phase": "evening_18h", "target_time": "2026-09-18 18:00:00+08:00", "hour": 18, "air_temperature_c": 27.25, "relative_humidity_pct": 67.0, "wind_speed_10m_ms": 3.71, "utci_c": 25.59, "p_base": 0.1475, "p_enhanced": 0.1708, "delta_p": 0.0233, "rel_mitigation_pct": -15.8, "risk_level": "low"}}, {"type": "Feature", "geometry": {"type": "Polygon", "coordinates": [[[121.85, 31.31], [121.85, 31.32], [121.86, 31.32], [121.86, 31.31], [121.85, 31.31]]]}, "properties": {"grid_id": "r058_c100", "phase": "evening_18h", "target_time": "2026-09-18 18:00:00+08:00", "hour": 18, "air_temperature_c": 27.25, "relative_humidity_pct": 67.0, "wind_speed_10m_ms": 3.71, "utci_c": 25.6, "p_base": 0.1477, "p_enhanced": 0.1708, "delta_p": 0.0231, "rel_mitigation_pct": -15.65, "risk_level": "low"}}, {"type": "Feature", "geometry": {"type": "Polygon", "coordinates": [[[121.14, 31.31], [121.15, 31.31], [121.15, 31.3], [121.14554022818477, 31.3], [121.145554, 31.302572], [121.14, 31.30333631912589], [121.14, 31.31]]]}, "properties": {"grid_id": "r059_c029", "phase": "evening_18h", "target_time": "2026-09-18 18:00:00+08:00", "hour": 18, "air_temperature_c": 27.25, "relative_humidity_pct": 67.0, "wind_speed_10m_ms": 3.71, "utci_c": 25.63, "p_base": 0.1483, "p_enhanced": 0.17, "delta_p": 0.0217, "rel_mitigation_pct": -14.67, "risk_level": "low"}}, {"type": "Feature", "geometry": {"type": "Polygon", "coordinates": [[[121.16, 31.3], [121.16, 31.31], [121.17, 31.31], [121.17, 31.3], [121.16, 31.3]]]}, "properties": {"grid_id": "r059_c031", "phase": "evening_18h", "target_time": "2026-09-18 18:00:00+08:00", "hour": 18, "air_temperature_c": 27.25, "relative_humidity_pct": 67.0, "wind_speed_10m_ms": 3.71, "utci_c": 25.78, "p_base": 0.152, "p_enhanced": 0.1652, "delta_p": 0.0132, "rel_mitigation_pct": -8.67, "risk_level": "low"}}, {"type": "Feature", "geometry": {"type": "Polygon", "coordinates": [[[121.44, 31.3], [121.44, 31.31], [121.45, 31.31], [121.45, 31.3], [121.44, 31.3]]]}, "properties": {"grid_id": "r059_c059", "phase": "evening_18h", "target_time": "2026-09-18 18:00:00+08:00", "hour": 18, "air_temperature_c": 27.25, "relative_humidity_pct": 67.0, "wind_speed_10m_ms": 3.71, "utci_c": 25.57, "p_base": 0.1469, "p_enhanced": 0.164, "delta_p": 0.017, "rel_mitigation_pct": -11.6, "risk_level": "low"}}, {"type": "Feature", "geometry": {"type": "Polygon", "coordinates": [[[121.46, 31.3], [121.46, 31.31], [121.47, 31.31], [121.47, 31.3], [121.46, 31.3]]]}, "properties": {"grid_id": "r059_c061", "phase": "evening_18h", "target_time": "2026-09-18 18:00:00+08:00", "hour": 18, "air_temperature_c": 27.25, "relative_humidity_pct": 67.0, "wind_speed_10m_ms": 3.71, "utci_c": 25.6, "p_base": 0.1477, "p_enhanced": 0.1657, "delta_p": 0.018, "rel_mitigation_pct": -12.2, "risk_level": "low"}}, {"type": "Feature", "geometry": {"type": "Polygon", "coordinates": [[[121.47, 31.3], [121.47, 31.31], [121.48, 31.31], [121.48, 31.3], [121.47, 31.3]]]}, "properties": {"grid_id": "r059_c062", "phase": "evening_18h", "target_time": "2026-09-18 18:00:00+08:00", "hour": 18, "air_temperature_c": 27.25, "relative_humidity_pct": 67.0, "wind_speed_10m_ms": 3.71, "utci_c": 25.55, "p_base": 0.1465, "p_enhanced": 0.1634, "delta_p": 0.0169, "rel_mitigation_pct": -11.54, "risk_level": "low"}}, {"type": "Feature", "geometry": {"type": "Polygon", "coordinates": [[[121.49, 31.3], [121.49, 31.31], [121.5, 31.31], [121.5, 31.3], [121.49, 31.3]]]}, "properties": {"grid_id": "r059_c064", "phase": "evening_18h", "target_time": "2026-09-18 18:00:00+08:00", "hour": 18, "air_temperature_c": 27.25, "relative_humidity_pct": 67.0, "wind_speed_10m_ms": 3.71, "utci_c": 25.62, "p_base": 0.1482, "p_enhanced": 0.1669, "delta_p": 0.0188, "rel_mitigation_pct": -12.66, "risk_level": "low"}}, {"type": "Feature", "geometry": {"type": "Polygon", "coordinates": [[[121.5, 31.3], [121.5, 31.31], [121.51, 31.31], [121.51, 31.3], [121.5, 31.3]]]}, "properties": {"grid_id": "r059_c065", "phase": "evening_18h", "target_time": "2026-09-18 18:00:00+08:00", "hour": 18, "air_temperature_c": 27.25, "relative_humidity_pct": 67.0, "wind_speed_10m_ms": 3.71, "utci_c": 25.86, "p_base": 0.1538, "p_enhanced": 0.1629, "delta_p": 0.0091, "rel_mitigation_pct": -5.92, "risk_level": "low"}}, {"type": "Feature", "geometry": {"type": "Polygon", "coordinates": [[[121.51, 31.3], [121.51, 31.31], [121.52, 31.31], [121.52, 31.3], [121.51, 31.3]]]}, "properties": {"grid_id": "r059_c066", "phase": "evening_18h", "target_time": "2026-09-18 18:00:00+08:00", "hour": 18, "air_temperature_c": 27.25, "relative_humidity_pct": 67.0, "wind_speed_10m_ms": 3.71, "utci_c": 25.78, "p_base": 0.1518, "p_enhanced": 0.1642, "delta_p": 0.0123, "rel_mitigation_pct": -8.11, "risk_level": "low"}}, {"type": "Feature", "geometry": {"type": "Polygon", "coordinates": [[[121.15, 31.29], [121.15, 31.3], [121.16, 31.3], [121.16, 31.29], [121.15, 31.29]]]}, "properties": {"grid_id": "r060_c030", "phase": "evening_18h", "target_time": "2026-09-18 18:00:00+08:00", "hour": 18, "air_temperature_c": 27.25, "relative_humidity_pct": 67.0, "wind_speed_10m_ms": 3.71, "utci_c": 25.81, "p_base": 0.1527, "p_enhanced": 0.164, "delta_p": 0.0113, "rel_mitigation_pct": -7.42, "risk_level": "low"}}, {"type": "Feature", "geometry": {"type": "Polygon", "coordinates": [[[121.3, 31.29], [121.3, 31.3], [121.31, 31.3], [121.31, 31.29], [121.3, 31.29]]]}, "properties": {"grid_id": "r060_c045", "phase": "evening_18h", "target_time": "2026-09-18 18:00:00+08:00", "hour": 18, "air_temperature_c": 27.25, "relative_humidity_pct": 67.0, "wind_speed_10m_ms": 3.71, "utci_c": 25.6, "p_base": 0.1476, "p_enhanced": 0.1695, "delta_p": 0.0219, "rel_mitigation_pct": -14.81, "risk_level": "low"}}, {"type": "Feature", "geometry": {"type": "Polygon", "coordinates": [[[121.31, 31.29], [121.31, 31.3], [121.32, 31.3], [121.32, 31.29], [121.31, 31.29]]]}, "properties": {"grid_id": "r060_c046", "phase": "evening_18h", "target_time": "2026-09-18 18:00:00+08:00", "hour": 18, "air_temperature_c": 27.25, "relative_humidity_pct": 67.0, "wind_speed_10m_ms": 3.71, "utci_c": 25.52, "p_base": 0.1458, "p_enhanced": 0.1698, "delta_p": 0.0239, "rel_mitigation_pct": -16.41, "risk_level": "low"}}, {"type": "Feature", "geometry": {"type": "Polygon", "coordinates": [[[121.43, 31.29], [121.43, 31.3], [121.44, 31.3], [121.44, 31.29], [121.43, 31.29]]]}, "properties": {"grid_id": "r060_c058", "phase": "evening_18h", "target_time": "2026-09-18 18:00:00+08:00", "hour": 18, "air_temperature_c": 27.25, "relative_humidity_pct": 67.0, "wind_speed_10m_ms": 3.71, "utci_c": 25.67, "p_base": 0.1492, "p_enhanced": 0.1587, "delta_p": 0.0095, "rel_mitigation_pct": -6.39, "risk_level": "low"}}, {"type": "Feature", "geometry": {"type": "Polygon", "coordinates": [[[121.49, 31.29], [121.49, 31.3], [121.5, 31.3], [121.5, 31.29], [121.49, 31.29]]]}, "properties": {"grid_id": "r060_c064", "phase": "evening_18h", "target_time": "2026-09-18 18:00:00+08:00", "hour": 18, "air_temperature_c": 27.25, "relative_humidity_pct": 67.0, "wind_speed_10m_ms": 3.71, "utci_c": 25.82, "p_base": 0.1528, "p_enhanced": 0.1627, "delta_p": 0.0099, "rel_mitigation_pct": -6.48, "risk_level": "low"}}, {"type": "Feature", "geometry": {"type": "Polygon", "coordinates": [[[121.16, 31.28], [121.16, 31.29], [121.17, 31.29], [121.17, 31.28], [121.16, 31.28]]]}, "properties": {"grid_id": "r061_c031", "phase": "evening_18h", "target_time": "2026-09-18 18:00:00+08:00", "hour": 18, "air_temperature_c": 27.25, "relative_humidity_pct": 67.0, "wind_speed_10m_ms": 3.71, "utci_c": 25.19, "p_base": 0.1386, "p_enhanced": 0.155, "delta_p": 0.0164, "rel_mitigation_pct": -11.83, "risk_level": "low"}}, {"type": "Feature", "geometry": {"type": "Polygon", "coordinates": [[[121.41, 31.28], [121.41, 31.29], [121.42, 31.29], [121.42, 31.28], [121.41, 31.28]]]}, "properties": {"grid_id": "r061_c056", "phase": "evening_18h", "target_time": "2026-09-18 18:00:00+08:00", "hour": 18, "air_temperature_c": 27.25, "relative_humidity_pct": 67.0, "wind_speed_10m_ms": 3.71, "utci_c": 25.77, "p_base": 0.1516, "p_enhanced": 0.1652, "delta_p": 0.0135, "rel_mitigation_pct": -8.91, "risk_level": "low"}}, {"type": "Feature", "geometry": {"type": "Polygon", "coordinates": [[[121.42, 31.28], [121.42, 31.29], [121.43, 31.29], [121.43, 31.28], [121.42, 31.28]]]}, "properties": {"grid_id": "r061_c057", "phase": "evening_18h", "target_time": "2026-09-18 18:00:00+08:00", "hour": 18, "air_temperature_c": 27.25, "relative_humidity_pct": 67.0, "wind_speed_10m_ms": 3.71, "utci_c": 25.79, "p_base": 0.1522, "p_enhanced": 0.1568, "delta_p": 0.0045, "rel_mitigation_pct": -2.99, "risk_level": "low"}}, {"type": "Feature", "geometry": {"type": "Polygon", "coordinates": [[[121.44, 31.28], [121.44, 31.29], [121.45, 31.29], [121.45, 31.28], [121.44, 31.28]]]}, "properties": {"grid_id": "r061_c059", "phase": "evening_18h", "target_time": "2026-09-18 18:00:00+08:00", "hour": 18, "air_temperature_c": 27.25, "relative_humidity_pct": 67.0, "wind_speed_10m_ms": 3.71, "utci_c": 25.58, "p_base": 0.1472, "p_enhanced": 0.171, "delta_p": 0.0238, "rel_mitigation_pct": -16.15, "risk_level": "low"}}, {"type": "Feature", "geometry": {"type": "Polygon", "coordinates": [[[121.47, 31.28], [121.47, 31.29], [121.48, 31.29], [121.48, 31.28], [121.47, 31.28]]]}, "properties": {"grid_id": "r061_c062", "phase": "evening_18h", "target_time": "2026-09-18 18:00:00+08:00", "hour": 18, "air_temperature_c": 27.25, "relative_humidity_pct": 67.0, "wind_speed_10m_ms": 3.71, "utci_c": 25.86, "p_base": 0.1538, "p_enhanced": 0.153, "delta_p": -0.0007, "rel_mitigation_pct": 0.49, "risk_level": "low"}}, {"type": "Feature", "geometry": {"type": "Polygon", "coordinates": [[[121.49, 31.28], [121.49, 31.29], [121.5, 31.29], [121.5, 31.28], [121.49, 31.28]]]}, "properties": {"grid_id": "r061_c064", "phase": "evening_18h", "target_time": "2026-09-18 18:00:00+08:00", "hour": 18, "air_temperature_c": 27.25, "relative_humidity_pct": 67.0, "wind_speed_10m_ms": 3.71, "utci_c": 25.86, "p_base": 0.1538, "p_enhanced": 0.1625, "delta_p": 0.0087, "rel_mitigation_pct": -5.64, "risk_level": "low"}}, {"type": "Feature", "geometry": {"type": "Polygon", "coordinates": [[[121.53, 31.28], [121.53, 31.29], [121.54, 31.29], [121.54, 31.28], [121.53, 31.28]]]}, "properties": {"grid_id": "r061_c068", "phase": "evening_18h", "target_time": "2026-09-18 18:00:00+08:00", "hour": 18, "air_temperature_c": 27.25, "relative_humidity_pct": 67.0, "wind_speed_10m_ms": 3.71, "utci_c": 25.35, "p_base": 0.1422, "p_enhanced": 0.1701, "delta_p": 0.028, "rel_mitigation_pct": -19.67, "risk_level": "low"}}, {"type": "Feature", "geometry": {"type": "Polygon", "coordinates": [[[121.67, 31.28], [121.67, 31.29], [121.68, 31.29], [121.68, 31.28], [121.67, 31.28]]]}, "properties": {"grid_id": "r061_c082", "phase": "evening_18h", "target_time": "2026-09-18 18:00:00+08:00", "hour": 18, "air_temperature_c": 27.25, "relative_humidity_pct": 67.0, "wind_speed_10m_ms": 3.71, "utci_c": 25.65, "p_base": 0.1488, "p_enhanced": 0.1694, "delta_p": 0.0206, "rel_mitigation_pct": -13.86, "risk_level": "low"}}, {"type": "Feature", "geometry": {"type": "Polygon", "coordinates": [[[121.4, 31.27], [121.4, 31.28], [121.41, 31.28], [121.41, 31.27], [121.4, 31.27]]]}, "properties": {"grid_id": "r062_c055", "phase": "evening_18h", "target_time": "2026-09-18 18:00:00+08:00", "hour": 18, "air_temperature_c": 27.25, "relative_humidity_pct": 67.0, "wind_speed_10m_ms": 3.71, "utci_c": 25.57, "p_base": 0.1471, "p_enhanced": 0.1701, "delta_p": 0.023, "rel_mitigation_pct": -15.61, "risk_level": "low"}}, {"type": "Feature", "geometry": {"type": "Polygon", "coordinates": [[[121.42, 31.27], [121.42, 31.28], [121.43, 31.28], [121.43, 31.27], [121.42, 31.27]]]}, "properties": {"grid_id": "r062_c057", "phase": "evening_18h", "target_time": "2026-09-18 18:00:00+08:00", "hour": 18, "air_temperature_c": 27.25, "relative_humidity_pct": 67.0, "wind_speed_10m_ms": 3.71, "utci_c": 25.81, "p_base": 0.1527, "p_enhanced": 0.1643, "delta_p": 0.0117, "rel_mitigation_pct": -7.64, "risk_level": "low"}}, {"type": "Feature", "geometry": {"type": "Polygon", "coordinates": [[[121.43, 31.27], [121.43, 31.28], [121.44, 31.28], [121.44, 31.27], [121.43, 31.27]]]}, "properties": {"grid_id": "r062_c058", "phase": "evening_18h", "target_time": "2026-09-18 18:00:00+08:00", "hour": 18, "air_temperature_c": 27.25, "relative_humidity_pct": 67.0, "wind_speed_10m_ms": 3.71, "utci_c": 25.1, "p_base": 0.1367, "p_enhanced": 0.1689, "delta_p": 0.0322, "rel_mitigation_pct": -23.59, "risk_level": "low"}}, {"type": "Feature", "geometry": {"type": "Polygon", "coordinates": [[[121.44, 31.27], [121.44, 31.28], [121.45, 31.28], [121.45, 31.27], [121.44, 31.27]]]}, "properties": {"grid_id": "r062_c059", "phase": "evening_18h", "target_time": "2026-09-18 18:00:00+08:00", "hour": 18, "air_temperature_c": 27.25, "relative_humidity_pct": 67.0, "wind_speed_10m_ms": 3.71, "utci_c": 25.57, "p_base": 0.1471, "p_enhanced": 0.1536, "delta_p": 0.0065, "rel_mitigation_pct": -4.42, "risk_level": "low"}}, {"type": "Feature", "geometry": {"type": "Polygon", "coordinates": [[[121.45, 31.27], [121.45, 31.28], [121.46, 31.28], [121.46, 31.27], [121.45, 31.27]]]}, "properties": {"grid_id": "r062_c060", "phase": "evening_18h", "target_time": "2026-09-18 18:00:00+08:00", "hour": 18, "air_temperature_c": 27.25, "relative_humidity_pct": 67.0, "wind_speed_10m_ms": 3.71, "utci_c": 25.62, "p_base": 0.1482, "p_enhanced": 0.1623, "delta_p": 0.0141, "rel_mitigation_pct": -9.5, "risk_level": "low"}}, {"type": "Feature", "geometry": {"type": "Polygon", "coordinates": [[[121.47, 31.27], [121.47, 31.28], [121.48, 31.28], [121.48, 31.27], [121.47, 31.27]]]}, "properties": {"grid_id": "r062_c062", "phase": "evening_18h", "target_time": "2026-09-18 18:00:00+08:00", "hour": 18, "air_temperature_c": 27.25, "relative_humidity_pct": 67.0, "wind_speed_10m_ms": 3.71, "utci_c": 25.68, "p_base": 0.1496, "p_enhanced": 0.1589, "delta_p": 0.0093, "rel_mitigation_pct": -6.22, "risk_level": "low"}}, {"type": "Feature", "geometry": {"type": "Polygon", "coordinates": [[[121.49, 31.27], [121.49, 31.28], [121.5, 31.28], [121.5, 31.27], [121.49, 31.27]]]}, "properties": {"grid_id": "r062_c064", "phase": "evening_18h", "target_time": "2026-09-18 18:00:00+08:00", "hour": 18, "air_temperature_c": 27.25, "relative_humidity_pct": 67.0, "wind_speed_10m_ms": 3.71, "utci_c": 25.63, "p_base": 0.1484, "p_enhanced": 0.1638, "delta_p": 0.0154, "rel_mitigation_pct": -10.34, "risk_level": "low"}}, {"type": "Feature", "geometry": {"type": "Polygon", "coordinates": [[[121.51, 31.27], [121.51, 31.28], [121.52, 31.28], [121.52, 31.27], [121.51, 31.27]]]}, "properties": {"grid_id": "r062_c066", "phase": "evening_18h", "target_time": "2026-09-18 18:00:00+08:00", "hour": 18, "air_temperature_c": 27.25, "relative_humidity_pct": 67.0, "wind_speed_10m_ms": 3.71, "utci_c": 25.81, "p_base": 0.1526, "p_enhanced": 0.1568, "delta_p": 0.0042, "rel_mitigation_pct": -2.73, "risk_level": "low"}}, {"type": "Feature", "geometry": {"type": "Polygon", "coordinates": [[[121.53, 31.27], [121.53, 31.28], [121.54, 31.28], [121.54, 31.27], [121.53, 31.27]]]}, "properties": {"grid_id": "r062_c068", "phase": "evening_18h", "target_time": "2026-09-18 18:00:00+08:00", "hour": 18, "air_temperature_c": 27.25, "relative_humidity_pct": 67.0, "wind_speed_10m_ms": 3.71, "utci_c": 25.67, "p_base": 0.1492, "p_enhanced": 0.1688, "delta_p": 0.0195, "rel_mitigation_pct": -13.09, "risk_level": "low"}}, {"type": "Feature", "geometry": {"type": "Polygon", "coordinates": [[[121.54, 31.27], [121.54, 31.28], [121.55, 31.28], [121.55, 31.27], [121.54, 31.27]]]}, "properties": {"grid_id": "r062_c069", "phase": "evening_18h", "target_time": "2026-09-18 18:00:00+08:00", "hour": 18, "air_temperature_c": 27.25, "relative_humidity_pct": 67.0, "wind_speed_10m_ms": 3.71, "utci_c": 25.61, "p_base": 0.1479, "p_enhanced": 0.1705, "delta_p": 0.0226, "rel_mitigation_pct": -15.27, "risk_level": "low"}}, {"type": "Feature", "geometry": {"type": "Polygon", "coordinates": [[[121.47, 31.26], [121.47, 31.27], [121.48, 31.27], [121.48, 31.26], [121.47, 31.26]]]}, "properties": {"grid_id": "r063_c062", "phase": "evening_18h", "target_time": "2026-09-18 18:00:00+08:00", "hour": 18, "air_temperature_c": 27.25, "relative_humidity_pct": 67.0, "wind_speed_10m_ms": 3.71, "utci_c": 25.73, "p_base": 0.1508, "p_enhanced": 0.1564, "delta_p": 0.0056, "rel_mitigation_pct": -3.72, "risk_level": "low"}}, {"type": "Feature", "geometry": {"type": "Polygon", "coordinates": [[[121.48, 31.26], [121.48, 31.27], [121.49, 31.27], [121.49, 31.26], [121.48, 31.26]]]}, "properties": {"grid_id": "r063_c063", "phase": "evening_18h", "target_time": "2026-09-18 18:00:00+08:00", "hour": 18, "air_temperature_c": 27.25, "relative_humidity_pct": 67.0, "wind_speed_10m_ms": 3.71, "utci_c": 25.78, "p_base": 0.1519, "p_enhanced": 0.1567, "delta_p": 0.0048, "rel_mitigation_pct": -3.15, "risk_level": "low"}}, {"type": "Feature", "geometry": {"type": "Polygon", "coordinates": [[[121.49, 31.26], [121.49, 31.27], [121.5, 31.27], [121.5, 31.26], [121.49, 31.26]]]}, "properties": {"grid_id": "r063_c064", "phase": "evening_18h", "target_time": "2026-09-18 18:00:00+08:00", "hour": 18, "air_temperature_c": 27.25, "relative_humidity_pct": 67.0, "wind_speed_10m_ms": 3.71, "utci_c": 25.92, "p_base": 0.1554, "p_enhanced": 0.1609, "delta_p": 0.0055, "rel_mitigation_pct": -3.56, "risk_level": "low"}}, {"type": "Feature", "geometry": {"type": "Polygon", "coordinates": [[[121.51, 31.26], [121.51, 31.27], [121.52, 31.27], [121.52, 31.26], [121.51, 31.26]]]}, "properties": {"grid_id": "r063_c066", "phase": "evening_18h", "target_time": "2026-09-18 18:00:00+08:00", "hour": 18, "air_temperature_c": 27.25, "relative_humidity_pct": 67.0, "wind_speed_10m_ms": 3.71, "utci_c": 25.87, "p_base": 0.154, "p_enhanced": 0.1628, "delta_p": 0.0088, "rel_mitigation_pct": -5.72, "risk_level": "low"}}, {"type": "Feature", "geometry": {"type": "Polygon", "coordinates": [[[121.53, 31.26], [121.53, 31.27], [121.54, 31.27], [121.54, 31.26], [121.53, 31.26]]]}, "properties": {"grid_id": "r063_c068", "phase": "evening_18h", "target_time": "2026-09-18 18:00:00+08:00", "hour": 18, "air_temperature_c": 27.25, "relative_humidity_pct": 67.0, "wind_speed_10m_ms": 3.71, "utci_c": 25.66, "p_base": 0.1491, "p_enhanced": 0.169, "delta_p": 0.0199, "rel_mitigation_pct": -13.38, "risk_level": "low"}}, {"type": "Feature", "geometry": {"type": "Polygon", "coordinates": [[[121.56, 31.26], [121.56, 31.27], [121.57, 31.27], [121.57, 31.26], [121.56, 31.26]]]}, "properties": {"grid_id": "r063_c071", "phase": "evening_18h", "target_time": "2026-09-18 18:00:00+08:00", "hour": 18, "air_temperature_c": 27.25, "relative_humidity_pct": 67.0, "wind_speed_10m_ms": 3.71, "utci_c": 25.61, "p_base": 0.148, "p_enhanced": 0.162, "delta_p": 0.014, "rel_mitigation_pct": -9.45, "risk_level": "low"}}, {"type": "Feature", "geometry": {"type": "Polygon", "coordinates": [[[121.39, 31.25], [121.39, 31.26], [121.4, 31.26], [121.4, 31.25], [121.39, 31.25]]]}, "properties": {"grid_id": "r064_c054", "phase": "evening_18h", "target_time": "2026-09-18 18:00:00+08:00", "hour": 18, "air_temperature_c": 27.25, "relative_humidity_pct": 67.0, "wind_speed_10m_ms": 3.71, "utci_c": 25.54, "p_base": 0.1463, "p_enhanced": 0.1702, "delta_p": 0.0238, "rel_mitigation_pct": -16.29, "risk_level": "low"}}, {"type": "Feature", "geometry": {"type": "Polygon", "coordinates": [[[121.4, 31.25], [121.4, 31.26], [121.41, 31.26], [121.41, 31.25], [121.4, 31.25]]]}, "properties": {"grid_id": "r064_c055", "phase": "evening_18h", "target_time": "2026-09-18 18:00:00+08:00", "hour": 18, "air_temperature_c": 27.25, "relative_humidity_pct": 67.0, "wind_speed_10m_ms": 3.71, "utci_c": 25.72, "p_base": 0.1504, "p_enhanced": 0.1616, "delta_p": 0.0111, "rel_mitigation_pct": -7.39, "risk_level": "low"}}, {"type": "Feature", "geometry": {"type": "Polygon", "coordinates": [[[121.41, 31.25], [121.41, 31.26], [121.42, 31.26], [121.42, 31.25], [121.41, 31.25]]]}, "properties": {"grid_id": "r064_c056", "phase": "evening_18h", "target_time": "2026-09-18 18:00:00+08:00", "hour": 18, "air_temperature_c": 27.25, "relative_humidity_pct": 67.0, "wind_speed_10m_ms": 3.71, "utci_c": 25.73, "p_base": 0.1508, "p_enhanced": 0.1648, "delta_p": 0.014, "rel_mitigation_pct": -9.27, "risk_level": "low"}}, {"type": "Feature", "geometry": {"type": "Polygon", "coordinates": [[[121.42, 31.25], [121.42, 31.26], [121.43, 31.26], [121.43, 31.25], [121.42, 31.25]]]}, "properties": {"grid_id": "r064_c057", "phase": "evening_18h", "target_time": "2026-09-18 18:00:00+08:00", "hour": 18, "air_temperature_c": 27.25, "relative_humidity_pct": 67.0, "wind_speed_10m_ms": 3.71, "utci_c": 25.83, "p_base": 0.153, "p_enhanced": 0.1594, "delta_p": 0.0064, "rel_mitigation_pct": -4.17, "risk_level": "low"}}, {"type": "Feature", "geometry": {"type": "Polygon", "coordinates": [[[121.43, 31.25], [121.43, 31.26], [121.44, 31.26], [121.44, 31.25], [121.43, 31.25]]]}, "properties": {"grid_id": "r064_c058", "phase": "evening_18h", "target_time": "2026-09-18 18:00:00+08:00", "hour": 18, "air_temperature_c": 27.25, "relative_humidity_pct": 67.0, "wind_speed_10m_ms": 3.71, "utci_c": 25.34, "p_base": 0.1419, "p_enhanced": 0.1503, "delta_p": 0.0084, "rel_mitigation_pct": -5.92, "risk_level": "low"}}, {"type": "Feature", "geometry": {"type": "Polygon", "coordinates": [[[121.44, 31.25], [121.44, 31.26], [121.45, 31.26], [121.45, 31.25], [121.44, 31.25]]]}, "properties": {"grid_id": "r064_c059", "phase": "evening_18h", "target_time": "2026-09-18 18:00:00+08:00", "hour": 18, "air_temperature_c": 27.25, "relative_humidity_pct": 67.0, "wind_speed_10m_ms": 3.71, "utci_c": 25.66, "p_base": 0.149, "p_enhanced": 0.143, "delta_p": -0.0061, "rel_mitigation_pct": 4.08, "risk_level": "low"}}, {"type": "Feature", "geometry": {"type": "Polygon", "coordinates": [[[121.46, 31.25], [121.46, 31.26], [121.47, 31.26], [121.47, 31.25], [121.46, 31.25]]]}, "properties": {"grid_id": "r064_c061", "phase": "evening_18h", "target_time": "2026-09-18 18:00:00+08:00", "hour": 18, "air_temperature_c": 27.25, "relative_humidity_pct": 67.0, "wind_speed_10m_ms": 3.71, "utci_c": 25.61, "p_base": 0.1479, "p_enhanced": 0.1707, "delta_p": 0.0228, "rel_mitigation_pct": -15.4, "risk_level": "low"}}, {"type": "Feature", "geometry": {"type": "Polygon", "coordinates": [[[121.47, 31.25], [121.47, 31.26], [121.48, 31.26], [121.48, 31.25], [121.47, 31.25]]]}, "properties": {"grid_id": "r064_c062", "phase": "evening_18h", "target_time": "2026-09-18 18:00:00+08:00", "hour": 18, "air_temperature_c": 27.25, "relative_humidity_pct": 67.0, "wind_speed_10m_ms": 3.71, "utci_c": 25.68, "p_base": 0.1496, "p_enhanced": 0.1682, "delta_p": 0.0186, "rel_mitigation_pct": -12.47, "risk_level": "low"}}, {"type": "Feature", "geometry": {"type": "Polygon", "coordinates": [[[121.48, 31.25], [121.48, 31.26], [121.49, 31.26], [121.49, 31.25], [121.48, 31.25]]]}, "properties": {"grid_id": "r064_c063", "phase": "evening_18h", "target_time": "2026-09-18 18:00:00+08:00", "hour": 18, "air_temperature_c": 27.25, "relative_humidity_pct": 67.0, "wind_speed_10m_ms": 3.71, "utci_c": 25.76, "p_base": 0.1515, "p_enhanced": 0.1516, "delta_p": 0.0001, "rel_mitigation_pct": -0.04, "risk_level": "low"}}, {"type": "Feature", "geometry": {"type": "Polygon", "coordinates": [[[121.49, 31.25], [121.49, 31.26], [121.5, 31.26], [121.5, 31.25], [121.49, 31.25]]]}, "properties": {"grid_id": "r064_c064", "phase": "evening_18h", "target_time": "2026-09-18 18:00:00+08:00", "hour": 18, "air_temperature_c": 27.25, "relative_humidity_pct": 67.0, "wind_speed_10m_ms": 3.71, "utci_c": 25.76, "p_base": 0.1514, "p_enhanced": 0.1642, "delta_p": 0.0129, "rel_mitigation_pct": -8.5, "risk_level": "low"}}, {"type": "Feature", "geometry": {"type": "Polygon", "coordinates": [[[121.5, 31.25], [121.5, 31.26], [121.51, 31.26], [121.51, 31.25], [121.5, 31.25]]]}, "properties": {"grid_id": "r064_c065", "phase": "evening_18h", "target_time": "2026-09-18 18:00:00+08:00", "hour": 18, "air_temperature_c": 27.25, "relative_humidity_pct": 67.0, "wind_speed_10m_ms": 3.71, "utci_c": 25.35, "p_base": 0.142, "p_enhanced": 0.1316, "delta_p": -0.0104, "rel_mitigation_pct": 7.32, "risk_level": "low"}}, {"type": "Feature", "geometry": {"type": "Polygon", "coordinates": [[[121.51, 31.25], [121.51, 31.26], [121.52, 31.26], [121.52, 31.25], [121.51, 31.25]]]}, "properties": {"grid_id": "r064_c066", "phase": "evening_18h", "target_time": "2026-09-18 18:00:00+08:00", "hour": 18, "air_temperature_c": 27.25, "relative_humidity_pct": 67.0, "wind_speed_10m_ms": 3.71, "utci_c": 25.33, "p_base": 0.1416, "p_enhanced": 0.1366, "delta_p": -0.0049, "rel_mitigation_pct": 3.48, "risk_level": "low"}}, {"type": "Feature", "geometry": {"type": "Polygon", "coordinates": [[[121.52, 31.25], [121.52, 31.26], [121.53, 31.26], [121.53, 31.25], [121.52, 31.25]]]}, "properties": {"grid_id": "r064_c067", "phase": "evening_18h", "target_time": "2026-09-18 18:00:00+08:00", "hour": 18, "air_temperature_c": 27.25, "relative_humidity_pct": 67.0, "wind_speed_10m_ms": 3.71, "utci_c": 25.14, "p_base": 0.1375, "p_enhanced": 0.1156, "delta_p": -0.0219, "rel_mitigation_pct": 15.9, "risk_level": "low"}}, {"type": "Feature", "geometry": {"type": "Polygon", "coordinates": [[[121.53, 31.25], [121.53, 31.26], [121.54, 31.26], [121.54, 31.25], [121.53, 31.25]]]}, "properties": {"grid_id": "r064_c068", "phase": "evening_18h", "target_time": "2026-09-18 18:00:00+08:00", "hour": 18, "air_temperature_c": 27.25, "relative_humidity_pct": 67.0, "wind_speed_10m_ms": 3.71, "utci_c": 24.23, "p_base": 0.1196, "p_enhanced": 0.0618, "delta_p": -0.0578, "rel_mitigation_pct": 48.31, "risk_level": "low"}}, {"type": "Feature", "geometry": {"type": "Polygon", "coordinates": [[[121.57, 31.25], [121.57, 31.26], [121.58, 31.26], [121.58, 31.25], [121.57, 31.25]]]}, "properties": {"grid_id": "r064_c072", "phase": "evening_18h", "target_time": "2026-09-18 18:00:00+08:00", "hour": 18, "air_temperature_c": 27.25, "relative_humidity_pct": 67.0, "wind_speed_10m_ms": 3.71, "utci_c": 25.65, "p_base": 0.1489, "p_enhanced": 0.1687, "delta_p": 0.0198, "rel_mitigation_pct": -13.26, "risk_level": "low"}}, {"type": "Feature", "geometry": {"type": "Polygon", "coordinates": [[[121.59, 31.25], [121.59, 31.26], [121.6, 31.26], [121.6, 31.25], [121.59, 31.25]]]}, "properties": {"grid_id": "r064_c074", "phase": "evening_18h", "target_time": "2026-09-18 18:00:00+08:00", "hour": 18, "air_temperature_c": 27.25, "relative_humidity_pct": 67.0, "wind_speed_10m_ms": 3.71, "utci_c": 25.69, "p_base": 0.1499, "p_enhanced": 0.1664, "delta_p": 0.0166, "rel_mitigation_pct": -11.05, "risk_level": "low"}}, {"type": "Feature", "geometry": {"type": "Polygon", "coordinates": [[[121.66, 31.25], [121.66, 31.26], [121.67, 31.26], [121.67, 31.25], [121.66, 31.25]]]}, "properties": {"grid_id": "r064_c081", "phase": "evening_18h", "target_time": "2026-09-18 18:00:00+08:00", "hour": 18, "air_temperature_c": 27.25, "relative_humidity_pct": 67.0, "wind_speed_10m_ms": 3.71, "utci_c": 25.61, "p_base": 0.1479, "p_enhanced": 0.1706, "delta_p": 0.0227, "rel_mitigation_pct": -15.36, "risk_level": "low"}}, {"type": "Feature", "geometry": {"type": "Polygon", "coordinates": [[[121.16, 31.24], [121.16, 31.25], [121.17, 31.25], [121.17, 31.24], [121.16, 31.24]]]}, "properties": {"grid_id": "r065_c031", "phase": "evening_18h", "target_time": "2026-09-18 18:00:00+08:00", "hour": 18, "air_temperature_c": 27.25, "relative_humidity_pct": 67.0, "wind_speed_10m_ms": 3.71, "utci_c": 25.6, "p_base": 0.1477, "p_enhanced": 0.1708, "delta_p": 0.0231, "rel_mitigation_pct": -15.65, "risk_level": "low"}}, {"type": "Feature", "geometry": {"type": "Polygon", "coordinates": [[[121.31, 31.24], [121.31, 31.25], [121.32, 31.25], [121.32, 31.24], [121.31, 31.24]]]}, "properties": {"grid_id": "r065_c046", "phase": "evening_18h", "target_time": "2026-09-18 18:00:00+08:00", "hour": 18, "air_temperature_c": 27.25, "relative_humidity_pct": 67.0, "wind_speed_10m_ms": 3.71, "utci_c": 25.66, "p_base": 0.1491, "p_enhanced": 0.1678, "delta_p": 0.0187, "rel_mitigation_pct": -12.55, "risk_level": "low"}}, {"type": "Feature", "geometry": {"type": "Polygon", "coordinates": [[[121.33, 31.24], [121.33, 31.25], [121.34, 31.25], [121.34, 31.24], [121.33, 31.24]]]}, "properties": {"grid_id": "r065_c048", "phase": "evening_18h", "target_time": "2026-09-18 18:00:00+08:00", "hour": 18, "air_temperature_c": 27.25, "relative_humidity_pct": 67.0, "wind_speed_10m_ms": 3.71, "utci_c": 25.49, "p_base": 0.1451, "p_enhanced": 0.156, "delta_p": 0.0108, "rel_mitigation_pct": -7.47, "risk_level": "low"}}, {"type": "Feature", "geometry": {"type": "Polygon", "coordinates": [[[121.37, 31.24], [121.37, 31.25], [121.38, 31.25], [121.38, 31.24], [121.37, 31.24]]]}, "properties": {"grid_id": "r065_c052", "phase": "evening_18h", "target_time": "2026-09-18 18:00:00+08:00", "hour": 18, "air_temperature_c": 27.25, "relative_humidity_pct": 67.0, "wind_speed_10m_ms": 3.71, "utci_c": 25.64, "p_base": 0.1487, "p_enhanced": 0.1695, "delta_p": 0.0208, "rel_mitigation_pct": -14.0, "risk_level": "low"}}, {"type": "Feature", "geometry": {"type": "Polygon", "coordinates": [[[121.42, 31.24], [121.42, 31.25], [121.43, 31.25], [121.43, 31.24], [121.42, 31.24]]]}, "properties": {"grid_id": "r065_c057", "phase": "evening_18h", "target_time": "2026-09-18 18:00:00+08:00", "hour": 18, "air_temperature_c": 27.25, "relative_humidity_pct": 67.0, "wind_speed_10m_ms": 3.71, "utci_c": 25.65, "p_base": 0.1488, "p_enhanced": 0.1457, "delta_p": -0.0032, "rel_mitigation_pct": 2.12, "risk_level": "low"}}, {"type": "Feature", "geometry": {"type": "Polygon", "coordinates": [[[121.43, 31.24], [121.43, 31.25], [121.44, 31.25], [121.44, 31.24], [121.43, 31.24]]]}, "properties": {"grid_id": "r065_c058", "phase": "evening_18h", "target_time": "2026-09-18 18:00:00+08:00", "hour": 18, "air_temperature_c": 27.25, "relative_humidity_pct": 67.0, "wind_speed_10m_ms": 3.71, "utci_c": 25.79, "p_base": 0.1522, "p_enhanced": 0.1629, "delta_p": 0.0107, "rel_mitigation_pct": -7.05, "risk_level": "low"}}, {"type": "Feature", "geometry": {"type": "Polygon", "coordinates": [[[121.44, 31.24], [121.44, 31.25], [121.45, 31.25], [121.45, 31.24], [121.44, 31.24]]]}, "properties": {"grid_id": "r065_c059", "phase": "evening_18h", "target_time": "2026-09-18 18:00:00+08:00", "hour": 18, "air_temperature_c": 27.25, "relative_humidity_pct": 67.0, "wind_speed_10m_ms": 3.71, "utci_c": 25.64, "p_base": 0.1486, "p_enhanced": 0.1449, "delta_p": -0.0037, "rel_mitigation_pct": 2.47, "risk_level": "low"}}, {"type": "Feature", "geometry": {"type": "Polygon", "coordinates": [[[121.45, 31.24], [121.45, 31.25], [121.46, 31.25], [121.46, 31.24], [121.45, 31.24]]]}, "properties": {"grid_id": "r065_c060", "phase": "evening_18h", "target_time": "2026-09-18 18:00:00+08:00", "hour": 18, "air_temperature_c": 27.25, "relative_humidity_pct": 67.0, "wind_speed_10m_ms": 3.71, "utci_c": 25.57, "p_base": 0.147, "p_enhanced": 0.1533, "delta_p": 0.0063, "rel_mitigation_pct": -4.32, "risk_level": "low"}}, {"type": "Feature", "geometry": {"type": "Polygon", "coordinates": [[[121.46, 31.24], [121.46, 31.25], [121.47, 31.25], [121.47, 31.24], [121.46, 31.24]]]}, "properties": {"grid_id": "r065_c061", "phase": "evening_18h", "target_time": "2026-09-18 18:00:00+08:00", "hour": 18, "air_temperature_c": 27.25, "relative_humidity_pct": 67.0, "wind_speed_10m_ms": 3.71, "utci_c": 25.66, "p_base": 0.149, "p_enhanced": 0.1493, "delta_p": 0.0003, "rel_mitigation_pct": -0.19, "risk_level": "low"}}, {"type": "Feature", "geometry": {"type": "Polygon", "coordinates": [[[121.47, 31.24], [121.47, 31.25], [121.48, 31.25], [121.48, 31.24], [121.47, 31.24]]]}, "properties": {"grid_id": "r065_c062", "phase": "evening_18h", "target_time": "2026-09-18 18:00:00+08:00", "hour": 18, "air_temperature_c": 27.25, "relative_humidity_pct": 67.0, "wind_speed_10m_ms": 3.71, "utci_c": 25.79, "p_base": 0.1521, "p_enhanced": 0.1445, "delta_p": -0.0076, "rel_mitigation_pct": 5.02, "risk_level": "low"}}, {"type": "Feature", "geometry": {"type": "Polygon", "coordinates": [[[121.48, 31.24], [121.48, 31.25], [121.49, 31.25], [121.49, 31.24], [121.48, 31.24]]]}, "properties": {"grid_id": "r065_c063", "phase": "evening_18h", "target_time": "2026-09-18 18:00:00+08:00", "hour": 18, "air_temperature_c": 27.25, "relative_humidity_pct": 67.0, "wind_speed_10m_ms": 3.71, "utci_c": 25.2, "p_base": 0.1388, "p_enhanced": 0.1013, "delta_p": -0.0375, "rel_mitigation_pct": 26.99, "risk_level": "low"}}, {"type": "Feature", "geometry": {"type": "Polygon", "coordinates": [[[121.49, 31.24], [121.49, 31.25], [121.5, 31.25], [121.5, 31.24], [121.49, 31.24]]]}, "properties": {"grid_id": "r065_c064", "phase": "evening_18h", "target_time": "2026-09-18 18:00:00+08:00", "hour": 18, "air_temperature_c": 27.25, "relative_humidity_pct": 67.0, "wind_speed_10m_ms": 3.71, "utci_c": 24.15, "p_base": 0.1181, "p_enhanced": 0.066, "delta_p": -0.0521, "rel_mitigation_pct": 44.1, "risk_level": "low"}}, {"type": "Feature", "geometry": {"type": "Polygon", "coordinates": [[[121.5, 31.24], [121.5, 31.25], [121.51, 31.25], [121.51, 31.24], [121.5, 31.24]]]}, "properties": {"grid_id": "r065_c065", "phase": "evening_18h", "target_time": "2026-09-18 18:00:00+08:00", "hour": 18, "air_temperature_c": 27.25, "relative_humidity_pct": 67.0, "wind_speed_10m_ms": 3.71, "utci_c": 24.61, "p_base": 0.1267, "p_enhanced": 0.0911, "delta_p": -0.0356, "rel_mitigation_pct": 28.11, "risk_level": "low"}}, {"type": "Feature", "geometry": {"type": "Polygon", "coordinates": [[[121.51, 31.24], [121.51, 31.25], [121.52, 31.25], [121.52, 31.24], [121.51, 31.24]]]}, "properties": {"grid_id": "r065_c066", "phase": "evening_18h", "target_time": "2026-09-18 18:00:00+08:00", "hour": 18, "air_temperature_c": 27.25, "relative_humidity_pct": 67.0, "wind_speed_10m_ms": 3.71, "utci_c": 24.73, "p_base": 0.1291, "p_enhanced": 0.0923, "delta_p": -0.0368, "rel_mitigation_pct": 28.49, "risk_level": "low"}}, {"type": "Feature", "geometry": {"type": "Polygon", "coordinates": [[[121.52, 31.24], [121.52, 31.25], [121.53, 31.25], [121.53, 31.24], [121.52, 31.24]]]}, "properties": {"grid_id": "r065_c067", "phase": "evening_18h", "target_time": "2026-09-18 18:00:00+08:00", "hour": 18, "air_temperature_c": 27.25, "relative_humidity_pct": 67.0, "wind_speed_10m_ms": 3.71, "utci_c": 24.86, "p_base": 0.1317, "p_enhanced": 0.1072, "delta_p": -0.0245, "rel_mitigation_pct": 18.61, "risk_level": "low"}}, {"type": "Feature", "geometry": {"type": "Polygon", "coordinates": [[[121.53, 31.24], [121.53, 31.25], [121.54, 31.25], [121.54, 31.24], [121.53, 31.24]]]}, "properties": {"grid_id": "r065_c068", "phase": "evening_18h", "target_time": "2026-09-18 18:00:00+08:00", "hour": 18, "air_temperature_c": 27.25, "relative_humidity_pct": 67.0, "wind_speed_10m_ms": 3.71, "utci_c": 25.52, "p_base": 0.1459, "p_enhanced": 0.1618, "delta_p": 0.0159, "rel_mitigation_pct": -10.9, "risk_level": "low"}}, {"type": "Feature", "geometry": {"type": "Polygon", "coordinates": [[[121.54, 31.24], [121.54, 31.25], [121.55, 31.25], [121.55, 31.24], [121.54, 31.24]]]}, "properties": {"grid_id": "r065_c069", "phase": "evening_18h", "target_time": "2026-09-18 18:00:00+08:00", "hour": 18, "air_temperature_c": 27.25, "relative_humidity_pct": 67.0, "wind_speed_10m_ms": 3.71, "utci_c": 25.58, "p_base": 0.1472, "p_enhanced": 0.1598, "delta_p": 0.0126, "rel_mitigation_pct": -8.55, "risk_level": "low"}}, {"type": "Feature", "geometry": {"type": "Polygon", "coordinates": [[[121.55, 31.24], [121.55, 31.25], [121.56, 31.25], [121.56, 31.24], [121.55, 31.24]]]}, "properties": {"grid_id": "r065_c070", "phase": "evening_18h", "target_time": "2026-09-18 18:00:00+08:00", "hour": 18, "air_temperature_c": 27.25, "relative_humidity_pct": 67.0, "wind_speed_10m_ms": 3.71, "utci_c": 25.65, "p_base": 0.1488, "p_enhanced": 0.1621, "delta_p": 0.0134, "rel_mitigation_pct": -8.98, "risk_level": "low"}}, {"type": "Feature", "geometry": {"type": "Polygon", "coordinates": [[[121.58, 31.24], [121.58, 31.25], [121.59, 31.25], [121.59, 31.24], [121.58, 31.24]]]}, "properties": {"grid_id": "r065_c073", "phase": "evening_18h", "target_time": "2026-09-18 18:00:00+08:00", "hour": 18, "air_temperature_c": 27.25, "relative_humidity_pct": 67.0, "wind_speed_10m_ms": 3.71, "utci_c": 25.6, "p_base": 0.1478, "p_enhanced": 0.1573, "delta_p": 0.0095, "rel_mitigation_pct": -6.42, "risk_level": "low"}}, {"type": "Feature", "geometry": {"type": "Polygon", "coordinates": [[[121.13, 31.23], [121.13, 31.24], [121.14, 31.24], [121.14, 31.23], [121.13, 31.23]]]}, "properties": {"grid_id": "r066_c028", "phase": "evening_18h", "target_time": "2026-09-18 18:00:00+08:00", "hour": 18, "air_temperature_c": 27.25, "relative_humidity_pct": 67.0, "wind_speed_10m_ms": 3.71, "utci_c": 25.59, "p_base": 0.1475, "p_enhanced": 0.1665, "delta_p": 0.019, "rel_mitigation_pct": -12.87, "risk_level": "low"}}, {"type": "Feature", "geometry": {"type": "Polygon", "coordinates": [[[121.33, 31.23], [121.33, 31.24], [121.34, 31.24], [121.34, 31.23], [121.33, 31.23]]]}, "properties": {"grid_id": "r066_c048", "phase": "evening_18h", "target_time": "2026-09-18 18:00:00+08:00", "hour": 18, "air_temperature_c": 27.25, "relative_humidity_pct": 67.0, "wind_speed_10m_ms": 3.71, "utci_c": 25.48, "p_base": 0.145, "p_enhanced": 0.1428, "delta_p": -0.0022, "rel_mitigation_pct": 1.54, "risk_level": "low"}}, {"type": "Feature", "geometry": {"type": "Polygon", "coordinates": [[[121.36, 31.23], [121.36, 31.24], [121.37, 31.24], [121.37, 31.23], [121.36, 31.23]]]}, "properties": {"grid_id": "r066_c051", "phase": "evening_18h", "target_time": "2026-09-18 18:00:00+08:00", "hour": 18, "air_temperature_c": 27.25, "relative_humidity_pct": 67.0, "wind_speed_10m_ms": 3.71, "utci_c": 25.6, "p_base": 0.1477, "p_enhanced": 0.1708, "delta_p": 0.0231, "rel_mitigation_pct": -15.65, "risk_level": "low"}}, {"type": "Feature", "geometry": {"type": "Polygon", "coordinates": [[[121.37, 31.23], [121.37, 31.24], [121.38, 31.24], [121.38, 31.23], [121.37, 31.23]]]}, "properties": {"grid_id": "r066_c052", "phase": "evening_18h", "target_time": "2026-09-18 18:00:00+08:00", "hour": 18, "air_temperature_c": 27.25, "relative_humidity_pct": 67.0, "wind_speed_10m_ms": 3.71, "utci_c": 25.74, "p_base": 0.151, "p_enhanced": 0.1664, "delta_p": 0.0154, "rel_mitigation_pct": -10.2, "risk_level": "low"}}, {"type": "Feature", "geometry": {"type": "Polygon", "coordinates": [[[121.4, 31.23], [121.4, 31.24], [121.41, 31.24], [121.41, 31.23], [121.4, 31.23]]]}, "properties": {"grid_id": "r066_c055", "phase": "evening_18h", "target_time": "2026-09-18 18:00:00+08:00", "hour": 18, "air_temperature_c": 27.25, "relative_humidity_pct": 67.0, "wind_speed_10m_ms": 3.71, "utci_c": 25.85, "p_base": 0.1535, "p_enhanced": 0.1575, "delta_p": 0.004, "rel_mitigation_pct": -2.61, "risk_level": "low"}}, {"type": "Feature", "geometry": {"type": "Polygon", "coordinates": [[[121.41, 31.23], [121.41, 31.24], [121.42, 31.24], [121.42, 31.23], [121.41, 31.23]]]}, "properties": {"grid_id": "r066_c056", "phase": "evening_18h", "target_time": "2026-09-18 18:00:00+08:00", "hour": 18, "air_temperature_c": 27.25, "relative_humidity_pct": 67.0, "wind_speed_10m_ms": 3.71, "utci_c": 25.81, "p_base": 0.1527, "p_enhanced": 0.1573, "delta_p": 0.0046, "rel_mitigation_pct": -3.02, "risk_level": "low"}}, {"type": "Feature", "geometry": {"type": "Polygon", "coordinates": [[[121.42, 31.23], [121.42, 31.24], [121.43, 31.24], [121.43, 31.23], [121.42, 31.23]]]}, "properties": {"grid_id": "r066_c057", "phase": "evening_18h", "target_time": "2026-09-18 18:00:00+08:00", "hour": 18, "air_temperature_c": 27.25, "relative_humidity_pct": 67.0, "wind_speed_10m_ms": 3.71, "utci_c": 25.68, "p_base": 0.1495, "p_enhanced": 0.1504, "delta_p": 0.0009, "rel_mitigation_pct": -0.62, "risk_level": "low"}}, {"type": "Feature", "geometry": {"type": "Polygon", "coordinates": [[[121.43, 31.23], [121.43, 31.24], [121.44, 31.24], [121.44, 31.23], [121.43, 31.23]]]}, "properties": {"grid_id": "r066_c058", "phase": "evening_18h", "target_time": "2026-09-18 18:00:00+08:00", "hour": 18, "air_temperature_c": 27.25, "relative_humidity_pct": 67.0, "wind_speed_10m_ms": 3.71, "utci_c": 25.82, "p_base": 0.1529, "p_enhanced": 0.164, "delta_p": 0.0111, "rel_mitigation_pct": -7.28, "risk_level": "low"}}, {"type": "Feature", "geometry": {"type": "Polygon", "coordinates": [[[121.44, 31.23], [121.44, 31.24], [121.45, 31.24], [121.45, 31.23], [121.44, 31.23]]]}, "properties": {"grid_id": "r066_c059", "phase": "evening_18h", "target_time": "2026-09-18 18:00:00+08:00", "hour": 18, "air_temperature_c": 27.25, "relative_humidity_pct": 67.0, "wind_speed_10m_ms": 3.71, "utci_c": 25.84, "p_base": 0.1534, "p_enhanced": 0.1634, "delta_p": 0.01, "rel_mitigation_pct": -6.5, "risk_level": "low"}}, {"type": "Feature", "geometry": {"type": "Polygon", "coordinates": [[[121.45, 31.23], [121.45, 31.24], [121.46, 31.24], [121.46, 31.23], [121.45, 31.23]]]}, "properties": {"grid_id": "r066_c060", "phase": "evening_18h", "target_time": "2026-09-18 18:00:00+08:00", "hour": 18, "air_temperature_c": 27.25, "relative_humidity_pct": 67.0, "wind_speed_10m_ms": 3.71, "utci_c": 25.81, "p_base": 0.1526, "p_enhanced": 0.1618, "delta_p": 0.0092, "rel_mitigation_pct": -6.03, "risk_level": "low"}}, {"type": "Feature", "geometry": {"type": "Polygon", "coordinates": [[[121.46, 31.23], [121.46, 31.24], [121.47, 31.24], [121.47, 31.23], [121.46, 31.23]]]}, "properties": {"grid_id": "r066_c061", "phase": "evening_18h", "target_time": "2026-09-18 18:00:00+08:00", "hour": 18, "air_temperature_c": 27.25, "relative_humidity_pct": 67.0, "wind_speed_10m_ms": 3.71, "utci_c": 25.78, "p_base": 0.1518, "p_enhanced": 0.1649, "delta_p": 0.0131, "rel_mitigation_pct": -8.64, "risk_level": "low"}}, {"type": "Feature", "geometry": {"type": "Polygon", "coordinates": [[[121.47, 31.23], [121.47, 31.24], [121.48, 31.24], [121.48, 31.23], [121.47, 31.23]]]}, "properties": {"grid_id": "r066_c062", "phase": "evening_18h", "target_time": "2026-09-18 18:00:00+08:00", "hour": 18, "air_temperature_c": 27.25, "relative_humidity_pct": 67.0, "wind_speed_10m_ms": 3.71, "utci_c": 26.0, "p_base": 0.1573, "p_enhanced": 0.1589, "delta_p": 0.0016, "rel_mitigation_pct": -1.01, "risk_level": "moderate"}}, {"type": "Feature", "geometry": {"type": "Polygon", "coordinates": [[[121.48, 31.23], [121.48, 31.24], [121.49, 31.24], [121.49, 31.23], [121.48, 31.23]]]}, "properties": {"grid_id": "r066_c063", "phase": "evening_18h", "target_time": "2026-09-18 18:00:00+08:00", "hour": 18, "air_temperature_c": 27.25, "relative_humidity_pct": 67.0, "wind_speed_10m_ms": 3.71, "utci_c": 25.5, "p_base": 0.1453, "p_enhanced": 0.1156, "delta_p": -0.0298, "rel_mitigation_pct": 20.48, "risk_level": "low"}}, {"type": "Feature", "geometry": {"type": "Polygon", "coordinates": [[[121.49, 31.23], [121.49, 31.24], [121.5, 31.24], [121.5, 31.23], [121.49, 31.23]]]}, "properties": {"grid_id": "r066_c064", "phase": "evening_18h", "target_time": "2026-09-18 18:00:00+08:00", "hour": 18, "air_temperature_c": 27.25, "relative_humidity_pct": 67.0, "wind_speed_10m_ms": 3.71, "utci_c": 24.35, "p_base": 0.1219, "p_enhanced": 0.0705, "delta_p": -0.0513, "rel_mitigation_pct": 42.12, "risk_level": "low"}}, {"type": "Feature", "geometry": {"type": "Polygon", "coordinates": [[[121.5, 31.23], [121.5, 31.24], [121.51, 31.24], [121.51, 31.23], [121.5, 31.23]]]}, "properties": {"grid_id": "r066_c065", "phase": "evening_18h", "target_time": "2026-09-18 18:00:00+08:00", "hour": 18, "air_temperature_c": 27.25, "relative_humidity_pct": 67.0, "wind_speed_10m_ms": 3.71, "utci_c": 25.72, "p_base": 0.1504, "p_enhanced": 0.1653, "delta_p": 0.0149, "rel_mitigation_pct": -9.89, "risk_level": "low"}}, {"type": "Feature", "geometry": {"type": "Polygon", "coordinates": [[[121.51, 31.23], [121.51, 31.24], [121.52, 31.24], [121.52, 31.23], [121.51, 31.23]]]}, "properties": {"grid_id": "r066_c066", "phase": "evening_18h", "target_time": "2026-09-18 18:00:00+08:00", "hour": 18, "air_temperature_c": 27.25, "relative_humidity_pct": 67.0, "wind_speed_10m_ms": 3.71, "utci_c": 25.92, "p_base": 0.1553, "p_enhanced": 0.1611, "delta_p": 0.0058, "rel_mitigation_pct": -3.74, "risk_level": "low"}}, {"type": "Feature", "geometry": {"type": "Polygon", "coordinates": [[[121.52, 31.23], [121.52, 31.24], [121.53, 31.24], [121.53, 31.23], [121.52, 31.23]]]}, "properties": {"grid_id": "r066_c067", "phase": "evening_18h", "target_time": "2026-09-18 18:00:00+08:00", "hour": 18, "air_temperature_c": 27.25, "relative_humidity_pct": 67.0, "wind_speed_10m_ms": 3.71, "utci_c": 25.85, "p_base": 0.1536, "p_enhanced": 0.163, "delta_p": 0.0094, "rel_mitigation_pct": -6.1, "risk_level": "low"}}, {"type": "Feature", "geometry": {"type": "Polygon", "coordinates": [[[121.55, 31.23], [121.55, 31.24], [121.56, 31.24], [121.56, 31.23], [121.55, 31.23]]]}, "properties": {"grid_id": "r066_c070", "phase": "evening_18h", "target_time": "2026-09-18 18:00:00+08:00", "hour": 18, "air_temperature_c": 27.25, "relative_humidity_pct": 67.0, "wind_speed_10m_ms": 3.71, "utci_c": 25.61, "p_base": 0.148, "p_enhanced": 0.1529, "delta_p": 0.0049, "rel_mitigation_pct": -3.31, "risk_level": "low"}}, {"type": "Feature", "geometry": {"type": "Polygon", "coordinates": [[[121.59, 31.23], [121.59, 31.24], [121.6, 31.24], [121.6, 31.23], [121.59, 31.23]]]}, "properties": {"grid_id": "r066_c074", "phase": "evening_18h", "target_time": "2026-09-18 18:00:00+08:00", "hour": 18, "air_temperature_c": 27.25, "relative_humidity_pct": 67.0, "wind_speed_10m_ms": 3.71, "utci_c": 24.9, "p_base": 0.1325, "p_enhanced": 0.1736, "delta_p": 0.0412, "rel_mitigation_pct": -31.07, "risk_level": "low"}}, {"type": "Feature", "geometry": {"type": "Polygon", "coordinates": [[[121.3, 31.22], [121.3, 31.23], [121.31, 31.23], [121.31, 31.22], [121.3, 31.22]]]}, "properties": {"grid_id": "r067_c045", "phase": "evening_18h", "target_time": "2026-09-18 18:00:00+08:00", "hour": 18, "air_temperature_c": 27.25, "relative_humidity_pct": 67.0, "wind_speed_10m_ms": 3.71, "utci_c": 25.19, "p_base": 0.1387, "p_enhanced": 0.142, "delta_p": 0.0033, "rel_mitigation_pct": -2.41, "risk_level": "low"}}, {"type": "Feature", "geometry": {"type": "Polygon", "coordinates": [[[121.36, 31.22], [121.36, 31.23], [121.37, 31.23], [121.37, 31.22], [121.36, 31.22]]]}, "properties": {"grid_id": "r067_c051", "phase": "evening_18h", "target_time": "2026-09-18 18:00:00+08:00", "hour": 18, "air_temperature_c": 27.25, "relative_humidity_pct": 67.0, "wind_speed_10m_ms": 3.71, "utci_c": 25.33, "p_base": 0.1416, "p_enhanced": 0.152, "delta_p": 0.0104, "rel_mitigation_pct": -7.37, "risk_level": "low"}}, {"type": "Feature", "geometry": {"type": "Polygon", "coordinates": [[[121.37, 31.22], [121.37, 31.23], [121.38, 31.23], [121.38, 31.22], [121.37, 31.22]]]}, "properties": {"grid_id": "r067_c052", "phase": "evening_18h", "target_time": "2026-09-18 18:00:00+08:00", "hour": 18, "air_temperature_c": 27.25, "relative_humidity_pct": 67.0, "wind_speed_10m_ms": 3.71, "utci_c": 25.17, "p_base": 0.1381, "p_enhanced": 0.1621, "delta_p": 0.024, "rel_mitigation_pct": -17.36, "risk_level": "low"}}, {"type": "Feature", "geometry": {"type": "Polygon", "coordinates": [[[121.38, 31.22], [121.38, 31.23], [121.39, 31.23], [121.39, 31.22], [121.38, 31.22]]]}, "properties": {"grid_id": "r067_c053", "phase": "evening_18h", "target_time": "2026-09-18 18:00:00+08:00", "hour": 18, "air_temperature_c": 27.25, "relative_humidity_pct": 67.0, "wind_speed_10m_ms": 3.71, "utci_c": 25.39, "p_base": 0.143, "p_enhanced": 0.1594, "delta_p": 0.0164, "rel_mitigation_pct": -11.43, "risk_level": "low"}}, {"type": "Feature", "geometry": {"type": "Polygon", "coordinates": [[[121.39, 31.22], [121.39, 31.23], [121.4, 31.23], [121.4, 31.22], [121.39, 31.22]]]}, "properties": {"grid_id": "r067_c054", "phase": "evening_18h", "target_time": "2026-09-18 18:00:00+08:00", "hour": 18, "air_temperature_c": 27.25, "relative_humidity_pct": 67.0, "wind_speed_10m_ms": 3.71, "utci_c": 24.63, "p_base": 0.1271, "p_enhanced": 0.1347, "delta_p": 0.0076, "rel_mitigation_pct": -6.0, "risk_level": "low"}}, {"type": "Feature", "geometry": {"type": "Polygon", "coordinates": [[[121.4, 31.22], [121.4, 31.23], [121.41, 31.23], [121.41, 31.22], [121.4, 31.22]]]}, "properties": {"grid_id": "r067_c055", "phase": "evening_18h", "target_time": "2026-09-18 18:00:00+08:00", "hour": 18, "air_temperature_c": 27.25, "relative_humidity_pct": 67.0, "wind_speed_10m_ms": 3.71, "utci_c": 25.57, "p_base": 0.147, "p_enhanced": 0.1495, "delta_p": 0.0025, "rel_mitigation_pct": -1.7, "risk_level": "low"}}, {"type": "Feature", "geometry": {"type": "Polygon", "coordinates": [[[121.41, 31.22], [121.41, 31.23], [121.42, 31.23], [121.42, 31.22], [121.41, 31.22]]]}, "properties": {"grid_id": "r067_c056", "phase": "evening_18h", "target_time": "2026-09-18 18:00:00+08:00", "hour": 18, "air_temperature_c": 27.25, "relative_humidity_pct": 67.0, "wind_speed_10m_ms": 3.71, "utci_c": 25.3, "p_base": 0.141, "p_enhanced": 0.151, "delta_p": 0.01, "rel_mitigation_pct": -7.12, "risk_level": "low"}}, {"type": "Feature", "geometry": {"type": "Polygon", "coordinates": [[[121.42, 31.22], [121.42, 31.23], [121.43, 31.23], [121.43, 31.22], [121.42, 31.22]]]}, "properties": {"grid_id": "r067_c057", "phase": "evening_18h", "target_time": "2026-09-18 18:00:00+08:00", "hour": 18, "air_temperature_c": 27.25, "relative_humidity_pct": 67.0, "wind_speed_10m_ms": 3.71, "utci_c": 25.91, "p_base": 0.1551, "p_enhanced": 0.1613, "delta_p": 0.0063, "rel_mitigation_pct": -4.05, "risk_level": "low"}}, {"type": "Feature", "geometry": {"type": "Polygon", "coordinates": [[[121.43, 31.22], [121.43, 31.23], [121.44, 31.23], [121.44, 31.22], [121.43, 31.22]]]}, "properties": {"grid_id": "r067_c058", "phase": "evening_18h", "target_time": "2026-09-18 18:00:00+08:00", "hour": 18, "air_temperature_c": 27.25, "relative_humidity_pct": 67.0, "wind_speed_10m_ms": 3.71, "utci_c": 25.78, "p_base": 0.1519, "p_enhanced": 0.1653, "delta_p": 0.0134, "rel_mitigation_pct": -8.8, "risk_level": "low"}}, {"type": "Feature", "geometry": {"type": "Polygon", "coordinates": [[[121.44, 31.22], [121.44, 31.23], [121.45, 31.23], [121.45, 31.22], [121.44, 31.22]]]}, "properties": {"grid_id": "r067_c059", "phase": "evening_18h", "target_time": "2026-09-18 18:00:00+08:00", "hour": 18, "air_temperature_c": 27.25, "relative_humidity_pct": 67.0, "wind_speed_10m_ms": 3.71, "utci_c": 25.89, "p_base": 0.1545, "p_enhanced": 0.1613, "delta_p": 0.0068, "rel_mitigation_pct": -4.4, "risk_level": "low"}}, {"type": "Feature", "geometry": {"type": "Polygon", "coordinates": [[[121.45, 31.22], [121.45, 31.23], [121.46, 31.23], [121.46, 31.22], [121.45, 31.22]]]}, "properties": {"grid_id": "r067_c060", "phase": "evening_18h", "target_time": "2026-09-18 18:00:00+08:00", "hour": 18, "air_temperature_c": 27.25, "relative_humidity_pct": 67.0, "wind_speed_10m_ms": 3.71, "utci_c": 25.98, "p_base": 0.1566, "p_enhanced": 0.1594, "delta_p": 0.0028, "rel_mitigation_pct": -1.81, "risk_level": "low"}}, {"type": "Feature", "geometry": {"type": "Polygon", "coordinates": [[[121.46, 31.22], [121.46, 31.23], [121.47, 31.23], [121.47, 31.22], [121.46, 31.22]]]}, "properties": {"grid_id": "r067_c061", "phase": "evening_18h", "target_time": "2026-09-18 18:00:00+08:00", "hour": 18, "air_temperature_c": 27.25, "relative_humidity_pct": 67.0, "wind_speed_10m_ms": 3.71, "utci_c": 25.64, "p_base": 0.1487, "p_enhanced": 0.1676, "delta_p": 0.0189, "rel_mitigation_pct": -12.75, "risk_level": "low"}}, {"type": "Feature", "geometry": {"type": "Polygon", "coordinates": [[[121.47, 31.22], [121.47, 31.23], [121.48, 31.23], [121.48, 31.22], [121.47, 31.22]]]}, "properties": {"grid_id": "r067_c062", "phase": "evening_18h", "target_time": "2026-09-18 18:00:00+08:00", "hour": 18, "air_temperature_c": 27.25, "relative_humidity_pct": 67.0, "wind_speed_10m_ms": 3.71, "utci_c": 25.69, "p_base": 0.1498, "p_enhanced": 0.1638, "delta_p": 0.0141, "rel_mitigation_pct": -9.38, "risk_level": "low"}}, {"type": "Feature", "geometry": {"type": "Polygon", "coordinates": [[[121.48, 31.22], [121.48, 31.23], [121.49, 31.23], [121.49, 31.22], [121.48, 31.22]]]}, "properties": {"grid_id": "r067_c063", "phase": "evening_18h", "target_time": "2026-09-18 18:00:00+08:00", "hour": 18, "air_temperature_c": 27.25, "relative_humidity_pct": 67.0, "wind_speed_10m_ms": 3.71, "utci_c": 25.78, "p_base": 0.1519, "p_enhanced": 0.1637, "delta_p": 0.0118, "rel_mitigation_pct": -7.77, "risk_level": "low"}}, {"type": "Feature", "geometry": {"type": "Polygon", "coordinates": [[[121.49, 31.22], [121.49, 31.23], [121.5, 31.23], [121.5, 31.22], [121.49, 31.22]]]}, "properties": {"grid_id": "r067_c064", "phase": "evening_18h", "target_time": "2026-09-18 18:00:00+08:00", "hour": 18, "air_temperature_c": 27.25, "relative_humidity_pct": 67.0, "wind_speed_10m_ms": 3.71, "utci_c": 25.39, "p_base": 0.1431, "p_enhanced": 0.1253, "delta_p": -0.0178, "rel_mitigation_pct": 12.41, "risk_level": "low"}}, {"type": "Feature", "geometry": {"type": "Polygon", "coordinates": [[[121.51, 31.22], [121.51, 31.23], [121.52, 31.23], [121.52, 31.22], [121.51, 31.22]]]}, "properties": {"grid_id": "r067_c066", "phase": "evening_18h", "target_time": "2026-09-18 18:00:00+08:00", "hour": 18, "air_temperature_c": 27.25, "relative_humidity_pct": 67.0, "wind_speed_10m_ms": 3.71, "utci_c": 25.94, "p_base": 0.1557, "p_enhanced": 0.1599, "delta_p": 0.0042, "rel_mitigation_pct": -2.68, "risk_level": "low"}}, {"type": "Feature", "geometry": {"type": "Polygon", "coordinates": [[[121.52, 31.22], [121.52, 31.23], [121.53, 31.23], [121.53, 31.22], [121.52, 31.22]]]}, "properties": {"grid_id": "r067_c067", "phase": "evening_18h", "target_time": "2026-09-18 18:00:00+08:00", "hour": 18, "air_temperature_c": 27.25, "relative_humidity_pct": 67.0, "wind_speed_10m_ms": 3.71, "utci_c": 25.6, "p_base": 0.1477, "p_enhanced": 0.162, "delta_p": 0.0142, "rel_mitigation_pct": -9.62, "risk_level": "low"}}, {"type": "Feature", "geometry": {"type": "Polygon", "coordinates": [[[121.53, 31.22], [121.53, 31.23], [121.54, 31.23], [121.54, 31.22], [121.53, 31.22]]]}, "properties": {"grid_id": "r067_c068", "phase": "evening_18h", "target_time": "2026-09-18 18:00:00+08:00", "hour": 18, "air_temperature_c": 27.25, "relative_humidity_pct": 67.0, "wind_speed_10m_ms": 3.71, "utci_c": 25.44, "p_base": 0.144, "p_enhanced": 0.1702, "delta_p": 0.0262, "rel_mitigation_pct": -18.17, "risk_level": "low"}}, {"type": "Feature", "geometry": {"type": "Polygon", "coordinates": [[[121.54, 31.22], [121.54, 31.23], [121.55, 31.23], [121.55, 31.22], [121.54, 31.22]]]}, "properties": {"grid_id": "r067_c069", "phase": "evening_18h", "target_time": "2026-09-18 18:00:00+08:00", "hour": 18, "air_temperature_c": 27.25, "relative_humidity_pct": 67.0, "wind_speed_10m_ms": 3.71, "utci_c": 25.39, "p_base": 0.143, "p_enhanced": 0.1776, "delta_p": 0.0346, "rel_mitigation_pct": -24.21, "risk_level": "low"}}, {"type": "Feature", "geometry": {"type": "Polygon", "coordinates": [[[121.55, 31.22], [121.55, 31.23], [121.56, 31.23], [121.56, 31.22], [121.55, 31.22]]]}, "properties": {"grid_id": "r067_c070", "phase": "evening_18h", "target_time": "2026-09-18 18:00:00+08:00", "hour": 18, "air_temperature_c": 27.25, "relative_humidity_pct": 67.0, "wind_speed_10m_ms": 3.71, "utci_c": 25.31, "p_base": 0.1412, "p_enhanced": 0.1621, "delta_p": 0.021, "rel_mitigation_pct": -14.87, "risk_level": "low"}}, {"type": "Feature", "geometry": {"type": "Polygon", "coordinates": [[[121.62, 31.22], [121.62, 31.23], [121.63, 31.23], [121.63, 31.22], [121.62, 31.22]]]}, "properties": {"grid_id": "r067_c077", "phase": "evening_18h", "target_time": "2026-09-18 18:00:00+08:00", "hour": 18, "air_temperature_c": 27.25, "relative_humidity_pct": 67.0, "wind_speed_10m_ms": 3.71, "utci_c": 25.23, "p_base": 0.1395, "p_enhanced": 0.1766, "delta_p": 0.0371, "rel_mitigation_pct": -26.59, "risk_level": "low"}}, {"type": "Feature", "geometry": {"type": "Polygon", "coordinates": [[[121.31, 31.21], [121.31, 31.22], [121.32, 31.22], [121.32, 31.21], [121.31, 31.21]]]}, "properties": {"grid_id": "r068_c046", "phase": "evening_18h", "target_time": "2026-09-18 18:00:00+08:00", "hour": 18, "air_temperature_c": 27.25, "relative_humidity_pct": 67.0, "wind_speed_10m_ms": 3.71, "utci_c": 25.44, "p_base": 0.1442, "p_enhanced": 0.156, "delta_p": 0.0118, "rel_mitigation_pct": -8.21, "risk_level": "low"}}, {"type": "Feature", "geometry": {"type": "Polygon", "coordinates": [[[121.34, 31.21], [121.34, 31.22], [121.35, 31.22], [121.35, 31.21], [121.34, 31.21]]]}, "properties": {"grid_id": "r068_c049", "phase": "evening_18h", "target_time": "2026-09-18 18:00:00+08:00", "hour": 18, "air_temperature_c": 27.25, "relative_humidity_pct": 67.0, "wind_speed_10m_ms": 3.71, "utci_c": 25.4, "p_base": 0.1431, "p_enhanced": 0.1739, "delta_p": 0.0308, "rel_mitigation_pct": -21.51, "risk_level": "low"}}, {"type": "Feature", "geometry": {"type": "Polygon", "coordinates": [[[121.35, 31.21], [121.35, 31.22], [121.36, 31.22], [121.36, 31.21], [121.35, 31.21]]]}, "properties": {"grid_id": "r068_c050", "phase": "evening_18h", "target_time": "2026-09-18 18:00:00+08:00", "hour": 18, "air_temperature_c": 27.25, "relative_humidity_pct": 67.0, "wind_speed_10m_ms": 3.71, "utci_c": 25.6, "p_base": 0.1478, "p_enhanced": 0.1707, "delta_p": 0.0229, "rel_mitigation_pct": -15.48, "risk_level": "low"}}, {"type": "Feature", "geometry": {"type": "Polygon", "coordinates": [[[121.38, 31.21], [121.38, 31.22], [121.39, 31.22], [121.39, 31.21], [121.38, 31.21]]]}, "properties": {"grid_id": "r068_c053", "phase": "evening_18h", "target_time": "2026-09-18 18:00:00+08:00", "hour": 18, "air_temperature_c": 27.25, "relative_humidity_pct": 67.0, "wind_speed_10m_ms": 3.71, "utci_c": 25.8, "p_base": 0.1523, "p_enhanced": 0.1649, "delta_p": 0.0126, "rel_mitigation_pct": -8.24, "risk_level": "low"}}, {"type": "Feature", "geometry": {"type": "Polygon", "coordinates": [[[121.39, 31.21], [121.39, 31.22], [121.4, 31.22], [121.4, 31.21], [121.39, 31.21]]]}, "properties": {"grid_id": "r068_c054", "phase": "evening_18h", "target_time": "2026-09-18 18:00:00+08:00", "hour": 18, "air_temperature_c": 27.25, "relative_humidity_pct": 67.0, "wind_speed_10m_ms": 3.71, "utci_c": 25.95, "p_base": 0.1559, "p_enhanced": 0.1601, "delta_p": 0.0041, "rel_mitigation_pct": -2.65, "risk_level": "low"}}, {"type": "Feature", "geometry": {"type": "Polygon", "coordinates": [[[121.4, 31.21], [121.4, 31.22], [121.41, 31.22], [121.41, 31.21], [121.4, 31.21]]]}, "properties": {"grid_id": "r068_c055", "phase": "evening_18h", "target_time": "2026-09-18 18:00:00+08:00", "hour": 18, "air_temperature_c": 27.25, "relative_humidity_pct": 67.0, "wind_speed_10m_ms": 3.71, "utci_c": 25.92, "p_base": 0.1553, "p_enhanced": 0.161, "delta_p": 0.0057, "rel_mitigation_pct": -3.66, "risk_level": "low"}}, {"type": "Feature", "geometry": {"type": "Polygon", "coordinates": [[[121.41, 31.21], [121.41, 31.22], [121.42, 31.22], [121.42, 31.21], [121.41, 31.21]]]}, "properties": {"grid_id": "r068_c056", "phase": "evening_18h", "target_time": "2026-09-18 18:00:00+08:00", "hour": 18, "air_temperature_c": 27.25, "relative_humidity_pct": 67.0, "wind_speed_10m_ms": 3.71, "utci_c": 25.75, "p_base": 0.1511, "p_enhanced": 0.1612, "delta_p": 0.0101, "rel_mitigation_pct": -6.67, "risk_level": "low"}}, {"type": "Feature", "geometry": {"type": "Polygon", "coordinates": [[[121.42, 31.21], [121.42, 31.22], [121.43, 31.22], [121.43, 31.21], [121.42, 31.21]]]}, "properties": {"grid_id": "r068_c057", "phase": "evening_18h", "target_time": "2026-09-18 18:00:00+08:00", "hour": 18, "air_temperature_c": 27.25, "relative_humidity_pct": 67.0, "wind_speed_10m_ms": 3.71, "utci_c": 25.94, "p_base": 0.1558, "p_enhanced": 0.1604, "delta_p": 0.0047, "rel_mitigation_pct": -2.99, "risk_level": "low"}}, {"type": "Feature", "geometry": {"type": "Polygon", "coordinates": [[[121.43, 31.21], [121.43, 31.22], [121.44, 31.22], [121.44, 31.21], [121.43, 31.21]]]}, "properties": {"grid_id": "r068_c058", "phase": "evening_18h", "target_time": "2026-09-18 18:00:00+08:00", "hour": 18, "air_temperature_c": 27.25, "relative_humidity_pct": 67.0, "wind_speed_10m_ms": 3.71, "utci_c": 25.77, "p_base": 0.1517, "p_enhanced": 0.1656, "delta_p": 0.0138, "rel_mitigation_pct": -9.12, "risk_level": "low"}}, {"type": "Feature", "geometry": {"type": "Polygon", "coordinates": [[[121.44, 31.21], [121.44, 31.22], [121.45, 31.22], [121.45, 31.21], [121.44, 31.21]]]}, "properties": {"grid_id": "r068_c059", "phase": "evening_18h", "target_time": "2026-09-18 18:00:00+08:00", "hour": 18, "air_temperature_c": 27.25, "relative_humidity_pct": 67.0, "wind_speed_10m_ms": 3.71, "utci_c": 25.87, "p_base": 0.1541, "p_enhanced": 0.1626, "delta_p": 0.0084, "rel_mitigation_pct": -5.47, "risk_level": "low"}}, {"type": "Feature", "geometry": {"type": "Polygon", "coordinates": [[[121.45, 31.21], [121.45, 31.22], [121.46, 31.22], [121.46, 31.21], [121.45, 31.21]]]}, "properties": {"grid_id": "r068_c060", "phase": "evening_18h", "target_time": "2026-09-18 18:00:00+08:00", "hour": 18, "air_temperature_c": 27.25, "relative_humidity_pct": 67.0, "wind_speed_10m_ms": 3.71, "utci_c": 25.9, "p_base": 0.1548, "p_enhanced": 0.1618, "delta_p": 0.007, "rel_mitigation_pct": -4.52, "risk_level": "low"}}, {"type": "Feature", "geometry": {"type": "Polygon", "coordinates": [[[121.46, 31.21], [121.46, 31.22], [121.47, 31.22], [121.47, 31.21], [121.46, 31.21]]]}, "properties": {"grid_id": "r068_c061", "phase": "evening_18h", "target_time": "2026-09-18 18:00:00+08:00", "hour": 18, "air_temperature_c": 27.25, "relative_humidity_pct": 67.0, "wind_speed_10m_ms": 3.71, "utci_c": 25.76, "p_base": 0.1515, "p_enhanced": 0.1654, "delta_p": 0.0139, "rel_mitigation_pct": -9.15, "risk_level": "low"}}, {"type": "Feature", "geometry": {"type": "Polygon", "coordinates": [[[121.47, 31.21], [121.47, 31.22], [121.48, 31.22], [121.48, 31.21], [121.47, 31.21]]]}, "properties": {"grid_id": "r068_c062", "phase": "evening_18h", "target_time": "2026-09-18 18:00:00+08:00", "hour": 18, "air_temperature_c": 27.25, "relative_humidity_pct": 67.0, "wind_speed_10m_ms": 3.71, "utci_c": 25.86, "p_base": 0.1539, "p_enhanced": 0.1628, "delta_p": 0.0089, "rel_mitigation_pct": -5.78, "risk_level": "low"}}, {"type": "Feature", "geometry": {"type": "Polygon", "coordinates": [[[121.48, 31.21], [121.48, 31.22], [121.49, 31.22], [121.49, 31.21], [121.48, 31.21]]]}, "properties": {"grid_id": "r068_c063", "phase": "evening_18h", "target_time": "2026-09-18 18:00:00+08:00", "hour": 18, "air_temperature_c": 27.25, "relative_humidity_pct": 67.0, "wind_speed_10m_ms": 3.71, "utci_c": 25.92, "p_base": 0.1552, "p_enhanced": 0.1611, "delta_p": 0.0059, "rel_mitigation_pct": -3.81, "risk_level": "low"}}, {"type": "Feature", "geometry": {"type": "Polygon", "coordinates": [[[121.49, 31.21], [121.49, 31.22], [121.5, 31.22], [121.5, 31.21], [121.49, 31.21]]]}, "properties": {"grid_id": "r068_c064", "phase": "evening_18h", "target_time": "2026-09-18 18:00:00+08:00", "hour": 18, "air_temperature_c": 27.25, "relative_humidity_pct": 67.0, "wind_speed_10m_ms": 3.71, "utci_c": 25.78, "p_base": 0.1519, "p_enhanced": 0.1654, "delta_p": 0.0135, "rel_mitigation_pct": -8.92, "risk_level": "low"}}, {"type": "Feature", "geometry": {"type": "Polygon", "coordinates": [[[121.5, 31.21], [121.5, 31.22], [121.51, 31.22], [121.51, 31.21], [121.5, 31.21]]]}, "properties": {"grid_id": "r068_c065", "phase": "evening_18h", "target_time": "2026-09-18 18:00:00+08:00", "hour": 18, "air_temperature_c": 27.25, "relative_humidity_pct": 67.0, "wind_speed_10m_ms": 3.71, "utci_c": 24.59, "p_base": 0.1264, "p_enhanced": 0.0787, "delta_p": -0.0477, "rel_mitigation_pct": 37.76, "risk_level": "low"}}, {"type": "Feature", "geometry": {"type": "Polygon", "coordinates": [[[121.54, 31.21], [121.54, 31.22], [121.55, 31.22], [121.55, 31.21], [121.54, 31.21]]]}, "properties": {"grid_id": "r068_c069", "phase": "evening_18h", "target_time": "2026-09-18 18:00:00+08:00", "hour": 18, "air_temperature_c": 27.25, "relative_humidity_pct": 67.0, "wind_speed_10m_ms": 3.71, "utci_c": 24.2, "p_base": 0.119, "p_enhanced": 0.1453, "delta_p": 0.0263, "rel_mitigation_pct": -22.08, "risk_level": "low"}}, {"type": "Feature", "geometry": {"type": "Polygon", "coordinates": [[[121.55, 31.21], [121.55, 31.22], [121.56, 31.22], [121.56, 31.21], [121.55, 31.21]]]}, "properties": {"grid_id": "r068_c070", "phase": "evening_18h", "target_time": "2026-09-18 18:00:00+08:00", "hour": 18, "air_temperature_c": 27.25, "relative_humidity_pct": 67.0, "wind_speed_10m_ms": 3.71, "utci_c": 25.08, "p_base": 0.1364, "p_enhanced": 0.1697, "delta_p": 0.0334, "rel_mitigation_pct": -24.46, "risk_level": "low"}}, {"type": "Feature", "geometry": {"type": "Polygon", "coordinates": [[[121.56, 31.21], [121.56, 31.22], [121.57, 31.22], [121.57, 31.21], [121.56, 31.21]]]}, "properties": {"grid_id": "r068_c071", "phase": "evening_18h", "target_time": "2026-09-18 18:00:00+08:00", "hour": 18, "air_temperature_c": 27.25, "relative_humidity_pct": 67.0, "wind_speed_10m_ms": 3.71, "utci_c": 25.9, "p_base": 0.1547, "p_enhanced": 0.1618, "delta_p": 0.0071, "rel_mitigation_pct": -4.61, "risk_level": "low"}}, {"type": "Feature", "geometry": {"type": "Polygon", "coordinates": [[[121.61, 31.21], [121.61, 31.22], [121.62, 31.22], [121.62, 31.21], [121.61, 31.21]]]}, "properties": {"grid_id": "r068_c076", "phase": "evening_18h", "target_time": "2026-09-18 18:00:00+08:00", "hour": 18, "air_temperature_c": 27.25, "relative_humidity_pct": 67.0, "wind_speed_10m_ms": 3.71, "utci_c": 25.58, "p_base": 0.1472, "p_enhanced": 0.1706, "delta_p": 0.0233, "rel_mitigation_pct": -15.83, "risk_level": "low"}}, {"type": "Feature", "geometry": {"type": "Polygon", "coordinates": [[[121.62, 31.21], [121.62, 31.22], [121.63, 31.22], [121.63, 31.21], [121.62, 31.21]]]}, "properties": {"grid_id": "r068_c077", "phase": "evening_18h", "target_time": "2026-09-18 18:00:00+08:00", "hour": 18, "air_temperature_c": 27.25, "relative_humidity_pct": 67.0, "wind_speed_10m_ms": 3.71, "utci_c": 25.58, "p_base": 0.1472, "p_enhanced": 0.1715, "delta_p": 0.0243, "rel_mitigation_pct": -16.5, "risk_level": "low"}}, {"type": "Feature", "geometry": {"type": "Polygon", "coordinates": [[[121.65, 31.21], [121.65, 31.22], [121.66, 31.22], [121.66, 31.21], [121.65, 31.21]]]}, "properties": {"grid_id": "r068_c080", "phase": "evening_18h", "target_time": "2026-09-18 18:00:00+08:00", "hour": 18, "air_temperature_c": 27.25, "relative_humidity_pct": 67.0, "wind_speed_10m_ms": 3.71, "utci_c": 25.58, "p_base": 0.1473, "p_enhanced": 0.1635, "delta_p": 0.0162, "rel_mitigation_pct": -10.98, "risk_level": "low"}}, {"type": "Feature", "geometry": {"type": "Polygon", "coordinates": [[[121.69, 31.21], [121.69, 31.22], [121.7, 31.22], [121.7, 31.21], [121.69, 31.21]]]}, "properties": {"grid_id": "r068_c084", "phase": "evening_18h", "target_time": "2026-09-18 18:00:00+08:00", "hour": 18, "air_temperature_c": 27.25, "relative_humidity_pct": 67.0, "wind_speed_10m_ms": 3.71, "utci_c": 25.6, "p_base": 0.1477, "p_enhanced": 0.1708, "delta_p": 0.0231, "rel_mitigation_pct": -15.65, "risk_level": "low"}}, {"type": "Feature", "geometry": {"type": "Polygon", "coordinates": [[[121.27, 31.2], [121.27, 31.21], [121.28, 31.21], [121.28, 31.2], [121.27, 31.2]]]}, "properties": {"grid_id": "r069_c042", "phase": "evening_18h", "target_time": "2026-09-18 18:00:00+08:00", "hour": 18, "air_temperature_c": 27.25, "relative_humidity_pct": 67.0, "wind_speed_10m_ms": 3.71, "utci_c": 25.68, "p_base": 0.1496, "p_enhanced": 0.1682, "delta_p": 0.0186, "rel_mitigation_pct": -12.43, "risk_level": "low"}}, {"type": "Feature", "geometry": {"type": "Polygon", "coordinates": [[[121.36, 31.2], [121.36, 31.21], [121.37, 31.21], [121.37, 31.2], [121.36, 31.2]]]}, "properties": {"grid_id": "r069_c051", "phase": "evening_18h", "target_time": "2026-09-18 18:00:00+08:00", "hour": 18, "air_temperature_c": 27.25, "relative_humidity_pct": 67.0, "wind_speed_10m_ms": 3.71, "utci_c": 25.54, "p_base": 0.1464, "p_enhanced": 0.1724, "delta_p": 0.026, "rel_mitigation_pct": -17.78, "risk_level": "low"}}, {"type": "Feature", "geometry": {"type": "Polygon", "coordinates": [[[121.37, 31.2], [121.37, 31.21], [121.38, 31.21], [121.38, 31.2], [121.37, 31.2]]]}, "properties": {"grid_id": "r069_c052", "phase": "evening_18h", "target_time": "2026-09-18 18:00:00+08:00", "hour": 18, "air_temperature_c": 27.25, "relative_humidity_pct": 67.0, "wind_speed_10m_ms": 3.71, "utci_c": 24.82, "p_base": 0.1309, "p_enhanced": 0.1711, "delta_p": 0.0401, "rel_mitigation_pct": -30.65, "risk_level": "low"}}, {"type": "Feature", "geometry": {"type": "Polygon", "coordinates": [[[121.38, 31.2], [121.38, 31.21], [121.39, 31.21], [121.39, 31.2], [121.38, 31.2]]]}, "properties": {"grid_id": "r069_c053", "phase": "evening_18h", "target_time": "2026-09-18 18:00:00+08:00", "hour": 18, "air_temperature_c": 27.25, "relative_humidity_pct": 67.0, "wind_speed_10m_ms": 3.71, "utci_c": 25.9, "p_base": 0.1548, "p_enhanced": 0.1606, "delta_p": 0.0059, "rel_mitigation_pct": -3.8, "risk_level": "low"}}, {"type": "Feature", "geometry": {"type": "Polygon", "coordinates": [[[121.39, 31.2], [121.39, 31.21], [121.4, 31.21], [121.4, 31.2], [121.39, 31.2]]]}, "properties": {"grid_id": "r069_c054", "phase": "evening_18h", "target_time": "2026-09-18 18:00:00+08:00", "hour": 18, "air_temperature_c": 27.25, "relative_humidity_pct": 67.0, "wind_speed_10m_ms": 3.71, "utci_c": 25.69, "p_base": 0.1497, "p_enhanced": 0.1676, "delta_p": 0.0179, "rel_mitigation_pct": -11.96, "risk_level": "low"}}, {"type": "Feature", "geometry": {"type": "Polygon", "coordinates": [[[121.4, 31.2], [121.4, 31.21], [121.41, 31.21], [121.41, 31.2], [121.4, 31.2]]]}, "properties": {"grid_id": "r069_c055", "phase": "evening_18h", "target_time": "2026-09-18 18:00:00+08:00", "hour": 18, "air_temperature_c": 27.25, "relative_humidity_pct": 67.0, "wind_speed_10m_ms": 3.71, "utci_c": 25.67, "p_base": 0.1493, "p_enhanced": 0.1663, "delta_p": 0.017, "rel_mitigation_pct": -11.37, "risk_level": "low"}}, {"type": "Feature", "geometry": {"type": "Polygon", "coordinates": [[[121.41, 31.2], [121.41, 31.21], [121.42, 31.21], [121.42, 31.2], [121.41, 31.2]]]}, "properties": {"grid_id": "r069_c056", "phase": "evening_18h", "target_time": "2026-09-18 18:00:00+08:00", "hour": 18, "air_temperature_c": 27.25, "relative_humidity_pct": 67.0, "wind_speed_10m_ms": 3.71, "utci_c": 25.94, "p_base": 0.1556, "p_enhanced": 0.1607, "delta_p": 0.0051, "rel_mitigation_pct": -3.25, "risk_level": "low"}}, {"type": "Feature", "geometry": {"type": "Polygon", "coordinates": [[[121.42, 31.2], [121.42, 31.21], [121.43, 31.21], [121.43, 31.2], [121.42, 31.2]]]}, "properties": {"grid_id": "r069_c057", "phase": "evening_18h", "target_time": "2026-09-18 18:00:00+08:00", "hour": 18, "air_temperature_c": 27.25, "relative_humidity_pct": 67.0, "wind_speed_10m_ms": 3.71, "utci_c": 25.88, "p_base": 0.1544, "p_enhanced": 0.1622, "delta_p": 0.0079, "rel_mitigation_pct": -5.09, "risk_level": "low"}}, {"type": "Feature", "geometry": {"type": "Polygon", "coordinates": [[[121.43, 31.2], [121.43, 31.21], [121.44, 31.21], [121.44, 31.2], [121.43, 31.2]]]}, "properties": {"grid_id": "r069_c058", "phase": "evening_18h", "target_time": "2026-09-18 18:00:00+08:00", "hour": 18, "air_temperature_c": 27.25, "relative_humidity_pct": 67.0, "wind_speed_10m_ms": 3.71, "utci_c": 25.82, "p_base": 0.1529, "p_enhanced": 0.1641, "delta_p": 0.0112, "rel_mitigation_pct": -7.36, "risk_level": "low"}}, {"type": "Feature", "geometry": {"type": "Polygon", "coordinates": [[[121.44, 31.2], [121.44, 31.21], [121.45, 31.21], [121.45, 31.2], [121.44, 31.2]]]}, "properties": {"grid_id": "r069_c059", "phase": "evening_18h", "target_time": "2026-09-18 18:00:00+08:00", "hour": 18, "air_temperature_c": 27.25, "relative_humidity_pct": 67.0, "wind_speed_10m_ms": 3.71, "utci_c": 25.85, "p_base": 0.1535, "p_enhanced": 0.1634, "delta_p": 0.0099, "rel_mitigation_pct": -6.46, "risk_level": "low"}}, {"type": "Feature", "geometry": {"type": "Polygon", "coordinates": [[[121.45, 31.2], [121.45, 31.21], [121.46, 31.21], [121.46, 31.2], [121.45, 31.2]]]}, "properties": {"grid_id": "r069_c060", "phase": "evening_18h", "target_time": "2026-09-18 18:00:00+08:00", "hour": 18, "air_temperature_c": 27.25, "relative_humidity_pct": 67.0, "wind_speed_10m_ms": 3.71, "utci_c": 25.91, "p_base": 0.1549, "p_enhanced": 0.1615, "delta_p": 0.0066, "rel_mitigation_pct": -4.25, "risk_level": "low"}}, {"type": "Feature", "geometry": {"type": "Polygon", "coordinates": [[[121.46, 31.2], [121.46, 31.21], [121.47, 31.21], [121.47, 31.2], [121.46, 31.2]]]}, "properties": {"grid_id": "r069_c061", "phase": "evening_18h", "target_time": "2026-09-18 18:00:00+08:00", "hour": 18, "air_temperature_c": 27.25, "relative_humidity_pct": 67.0, "wind_speed_10m_ms": 3.71, "utci_c": 25.89, "p_base": 0.1546, "p_enhanced": 0.1619, "delta_p": 0.0074, "rel_mitigation_pct": -4.76, "risk_level": "low"}}, {"type": "Feature", "geometry": {"type": "Polygon", "coordinates": [[[121.47, 31.2], [121.47, 31.21], [121.48, 31.21], [121.48, 31.2], [121.47, 31.2]]]}, "properties": {"grid_id": "r069_c062", "phase": "evening_18h", "target_time": "2026-09-18 18:00:00+08:00", "hour": 18, "air_temperature_c": 27.25, "relative_humidity_pct": 67.0, "wind_speed_10m_ms": 3.71, "utci_c": 26.0, "p_base": 0.1571, "p_enhanced": 0.1589, "delta_p": 0.0018, "rel_mitigation_pct": -1.14, "risk_level": "moderate"}}, {"type": "Feature", "geometry": {"type": "Polygon", "coordinates": [[[121.48, 31.2], [121.48, 31.21], [121.49, 31.21], [121.49, 31.2], [121.48, 31.2]]]}, "properties": {"grid_id": "r069_c063", "phase": "evening_18h", "target_time": "2026-09-18 18:00:00+08:00", "hour": 18, "air_temperature_c": 27.25, "relative_humidity_pct": 67.0, "wind_speed_10m_ms": 3.71, "utci_c": 25.83, "p_base": 0.153, "p_enhanced": 0.1638, "delta_p": 0.0108, "rel_mitigation_pct": -7.06, "risk_level": "low"}}, {"type": "Feature", "geometry": {"type": "Polygon", "coordinates": [[[121.49, 31.2], [121.49, 31.21], [121.5, 31.21], [121.5, 31.2], [121.49, 31.2]]]}, "properties": {"grid_id": "r069_c064", "phase": "evening_18h", "target_time": "2026-09-18 18:00:00+08:00", "hour": 18, "air_temperature_c": 27.25, "relative_humidity_pct": 67.0, "wind_speed_10m_ms": 3.71, "utci_c": 24.89, "p_base": 0.1322, "p_enhanced": 0.0973, "delta_p": -0.0349, "rel_mitigation_pct": 26.41, "risk_level": "low"}}, {"type": "Feature", "geometry": {"type": "Polygon", "coordinates": [[[121.5, 31.2], [121.5, 31.21], [121.51, 31.21], [121.51, 31.2], [121.5, 31.2]]]}, "properties": {"grid_id": "r069_c065", "phase": "evening_18h", "target_time": "2026-09-18 18:00:00+08:00", "hour": 18, "air_temperature_c": 27.25, "relative_humidity_pct": 67.0, "wind_speed_10m_ms": 3.71, "utci_c": 25.08, "p_base": 0.1362, "p_enhanced": 0.1261, "delta_p": -0.0101, "rel_mitigation_pct": 7.44, "risk_level": "low"}}, {"type": "Feature", "geometry": {"type": "Polygon", "coordinates": [[[121.51, 31.2], [121.51, 31.21], [121.52, 31.21], [121.52, 31.2], [121.51, 31.2]]]}, "properties": {"grid_id": "r069_c066", "phase": "evening_18h", "target_time": "2026-09-18 18:00:00+08:00", "hour": 18, "air_temperature_c": 27.25, "relative_humidity_pct": 67.0, "wind_speed_10m_ms": 3.71, "utci_c": 25.72, "p_base": 0.1505, "p_enhanced": 0.1672, "delta_p": 0.0167, "rel_mitigation_pct": -11.1, "risk_level": "low"}}, {"type": "Feature", "geometry": {"type": "Polygon", "coordinates": [[[121.55, 31.2], [121.55, 31.21], [121.56, 31.21], [121.56, 31.2], [121.55, 31.2]]]}, "properties": {"grid_id": "r069_c070", "phase": "evening_18h", "target_time": "2026-09-18 18:00:00+08:00", "hour": 18, "air_temperature_c": 27.25, "relative_humidity_pct": 67.0, "wind_speed_10m_ms": 3.71, "utci_c": 25.68, "p_base": 0.1496, "p_enhanced": 0.1677, "delta_p": 0.0181, "rel_mitigation_pct": -12.08, "risk_level": "low"}}, {"type": "Feature", "geometry": {"type": "Polygon", "coordinates": [[[121.58, 31.2], [121.58, 31.21], [121.59, 31.21], [121.59, 31.2], [121.58, 31.2]]]}, "properties": {"grid_id": "r069_c073", "phase": "evening_18h", "target_time": "2026-09-18 18:00:00+08:00", "hour": 18, "air_temperature_c": 27.25, "relative_humidity_pct": 67.0, "wind_speed_10m_ms": 3.71, "utci_c": 25.62, "p_base": 0.1482, "p_enhanced": 0.1704, "delta_p": 0.0222, "rel_mitigation_pct": -14.98, "risk_level": "low"}}, {"type": "Feature", "geometry": {"type": "Polygon", "coordinates": [[[121.59, 31.2], [121.59, 31.21], [121.6, 31.21], [121.6, 31.2], [121.59, 31.2]]]}, "properties": {"grid_id": "r069_c074", "phase": "evening_18h", "target_time": "2026-09-18 18:00:00+08:00", "hour": 18, "air_temperature_c": 27.25, "relative_humidity_pct": 67.0, "wind_speed_10m_ms": 3.71, "utci_c": 25.66, "p_base": 0.1491, "p_enhanced": 0.1667, "delta_p": 0.0176, "rel_mitigation_pct": -11.81, "risk_level": "low"}}, {"type": "Feature", "geometry": {"type": "Polygon", "coordinates": [[[121.6, 31.2], [121.6, 31.21], [121.61, 31.21], [121.61, 31.2], [121.6, 31.2]]]}, "properties": {"grid_id": "r069_c075", "phase": "evening_18h", "target_time": "2026-09-18 18:00:00+08:00", "hour": 18, "air_temperature_c": 27.25, "relative_humidity_pct": 67.0, "wind_speed_10m_ms": 3.71, "utci_c": 25.4, "p_base": 0.1431, "p_enhanced": 0.1652, "delta_p": 0.0221, "rel_mitigation_pct": -15.41, "risk_level": "low"}}, {"type": "Feature", "geometry": {"type": "Polygon", "coordinates": [[[121.66, 31.2], [121.66, 31.21], [121.67, 31.21], [121.67, 31.2], [121.66, 31.2]]]}, "properties": {"grid_id": "r069_c081", "phase": "evening_18h", "target_time": "2026-09-18 18:00:00+08:00", "hour": 18, "air_temperature_c": 27.25, "relative_humidity_pct": 67.0, "wind_speed_10m_ms": 3.71, "utci_c": 25.44, "p_base": 0.1441, "p_enhanced": 0.1535, "delta_p": 0.0094, "rel_mitigation_pct": -6.53, "risk_level": "low"}}, {"type": "Feature", "geometry": {"type": "Polygon", "coordinates": [[[121.27, 31.19], [121.27, 31.2], [121.28, 31.2], [121.28, 31.19], [121.27, 31.19]]]}, "properties": {"grid_id": "r070_c042", "phase": "evening_18h", "target_time": "2026-09-18 18:00:00+08:00", "hour": 18, "air_temperature_c": 27.25, "relative_humidity_pct": 67.0, "wind_speed_10m_ms": 3.71, "utci_c": 25.57, "p_base": 0.147, "p_enhanced": 0.1719, "delta_p": 0.0249, "rel_mitigation_pct": -16.91, "risk_level": "low"}}, {"type": "Feature", "geometry": {"type": "Polygon", "coordinates": [[[121.3, 31.19], [121.3, 31.2], [121.31, 31.2], [121.31, 31.19], [121.3, 31.19]]]}, "properties": {"grid_id": "r070_c045", "phase": "evening_18h", "target_time": "2026-09-18 18:00:00+08:00", "hour": 18, "air_temperature_c": 27.25, "relative_humidity_pct": 67.0, "wind_speed_10m_ms": 3.71, "utci_c": 25.5, "p_base": 0.1455, "p_enhanced": 0.1484, "delta_p": 0.0029, "rel_mitigation_pct": -1.99, "risk_level": "low"}}, {"type": "Feature", "geometry": {"type": "Polygon", "coordinates": [[[121.31, 31.19], [121.31, 31.2], [121.32, 31.2], [121.32, 31.19], [121.31, 31.19]]]}, "properties": {"grid_id": "r070_c046", "phase": "evening_18h", "target_time": "2026-09-18 18:00:00+08:00", "hour": 18, "air_temperature_c": 27.25, "relative_humidity_pct": 67.0, "wind_speed_10m_ms": 3.71, "utci_c": 26.0, "p_base": 0.1571, "p_enhanced": 0.1588, "delta_p": 0.0017, "rel_mitigation_pct": -1.08, "risk_level": "moderate"}}, {"type": "Feature", "geometry": {"type": "Polygon", "coordinates": [[[121.35, 31.19], [121.35, 31.2], [121.36, 31.2], [121.36, 31.19], [121.35, 31.19]]]}, "properties": {"grid_id": "r070_c050", "phase": "evening_18h", "target_time": "2026-09-18 18:00:00+08:00", "hour": 18, "air_temperature_c": 27.25, "relative_humidity_pct": 67.0, "wind_speed_10m_ms": 3.71, "utci_c": 25.36, "p_base": 0.1422, "p_enhanced": 0.173, "delta_p": 0.0308, "rel_mitigation_pct": -21.67, "risk_level": "low"}}, {"type": "Feature", "geometry": {"type": "Polygon", "coordinates": [[[121.36, 31.19], [121.36, 31.2], [121.37, 31.2], [121.37, 31.19], [121.36, 31.19]]]}, "properties": {"grid_id": "r070_c051", "phase": "evening_18h", "target_time": "2026-09-18 18:00:00+08:00", "hour": 18, "air_temperature_c": 27.25, "relative_humidity_pct": 67.0, "wind_speed_10m_ms": 3.71, "utci_c": 25.59, "p_base": 0.1474, "p_enhanced": 0.1659, "delta_p": 0.0185, "rel_mitigation_pct": -12.57, "risk_level": "low"}}, {"type": "Feature", "geometry": {"type": "Polygon", "coordinates": [[[121.37, 31.19], [121.37, 31.2], [121.38, 31.2], [121.38, 31.19], [121.37, 31.19]]]}, "properties": {"grid_id": "r070_c052", "phase": "evening_18h", "target_time": "2026-09-18 18:00:00+08:00", "hour": 18, "air_temperature_c": 27.25, "relative_humidity_pct": 67.0, "wind_speed_10m_ms": 3.71, "utci_c": 25.62, "p_base": 0.1482, "p_enhanced": 0.1702, "delta_p": 0.022, "rel_mitigation_pct": -14.81, "risk_level": "low"}}, {"type": "Feature", "geometry": {"type": "Polygon", "coordinates": [[[121.38, 31.19], [121.38, 31.2], [121.39, 31.2], [121.39, 31.19], [121.38, 31.19]]]}, "properties": {"grid_id": "r070_c053", "phase": "evening_18h", "target_time": "2026-09-18 18:00:00+08:00", "hour": 18, "air_temperature_c": 27.25, "relative_humidity_pct": 67.0, "wind_speed_10m_ms": 3.71, "utci_c": 25.68, "p_base": 0.1495, "p_enhanced": 0.1678, "delta_p": 0.0183, "rel_mitigation_pct": -12.26, "risk_level": "low"}}, {"type": "Feature", "geometry": {"type": "Polygon", "coordinates": [[[121.4, 31.19], [121.4, 31.2], [121.41, 31.2], [121.41, 31.19], [121.4, 31.19]]]}, "properties": {"grid_id": "r070_c055", "phase": "evening_18h", "target_time": "2026-09-18 18:00:00+08:00", "hour": 18, "air_temperature_c": 27.25, "relative_humidity_pct": 67.0, "wind_speed_10m_ms": 3.71, "utci_c": 25.78, "p_base": 0.1518, "p_enhanced": 0.1654, "delta_p": 0.0136, "rel_mitigation_pct": -8.96, "risk_level": "low"}}, {"type": "Feature", "geometry": {"type": "Polygon", "coordinates": [[[121.42, 31.19], [121.42, 31.2], [121.43, 31.2], [121.43, 31.19], [121.42, 31.19]]]}, "properties": {"grid_id": "r070_c057", "phase": "evening_18h", "target_time": "2026-09-18 18:00:00+08:00", "hour": 18, "air_temperature_c": 27.25, "relative_humidity_pct": 67.0, "wind_speed_10m_ms": 3.71, "utci_c": 25.77, "p_base": 0.1516, "p_enhanced": 0.1657, "delta_p": 0.0141, "rel_mitigation_pct": -9.29, "risk_level": "low"}}, {"type": "Feature", "geometry": {"type": "Polygon", "coordinates": [[[121.43, 31.19], [121.43, 31.2], [121.44, 31.2], [121.44, 31.19], [121.43, 31.19]]]}, "properties": {"grid_id": "r070_c058", "phase": "evening_18h", "target_time": "2026-09-18 18:00:00+08:00", "hour": 18, "air_temperature_c": 27.25, "relative_humidity_pct": 67.0, "wind_speed_10m_ms": 3.71, "utci_c": 25.75, "p_base": 0.1512, "p_enhanced": 0.1648, "delta_p": 0.0137, "rel_mitigation_pct": -9.05, "risk_level": "low"}}, {"type": "Feature", "geometry": {"type": "Polygon", "coordinates": [[[121.44, 31.19], [121.44, 31.2], [121.45, 31.2], [121.45, 31.19], [121.44, 31.19]]]}, "properties": {"grid_id": "r070_c059", "phase": "evening_18h", "target_time": "2026-09-18 18:00:00+08:00", "hour": 18, "air_temperature_c": 27.25, "relative_humidity_pct": 67.0, "wind_speed_10m_ms": 3.71, "utci_c": 25.75, "p_base": 0.1512, "p_enhanced": 0.166, "delta_p": 0.0148, "rel_mitigation_pct": -9.77, "risk_level": "low"}}, {"type": "Feature", "geometry": {"type": "Polygon", "coordinates": [[[121.45, 31.19], [121.45, 31.2], [121.46, 31.2], [121.46, 31.19], [121.45, 31.19]]]}, "properties": {"grid_id": "r070_c060", "phase": "evening_18h", "target_time": "2026-09-18 18:00:00+08:00", "hour": 18, "air_temperature_c": 27.25, "relative_humidity_pct": 67.0, "wind_speed_10m_ms": 3.71, "utci_c": 25.9, "p_base": 0.1548, "p_enhanced": 0.1617, "delta_p": 0.0069, "rel_mitigation_pct": -4.44, "risk_level": "low"}}, {"type": "Feature", "geometry": {"type": "Polygon", "coordinates": [[[121.46, 31.19], [121.46, 31.2], [121.47, 31.2], [121.47, 31.19], [121.46, 31.19]]]}, "properties": {"grid_id": "r070_c061", "phase": "evening_18h", "target_time": "2026-09-18 18:00:00+08:00", "hour": 18, "air_temperature_c": 27.25, "relative_humidity_pct": 67.0, "wind_speed_10m_ms": 3.71, "utci_c": 25.59, "p_base": 0.1475, "p_enhanced": 0.1564, "delta_p": 0.009, "rel_mitigation_pct": -6.07, "risk_level": "low"}}, {"type": "Feature", "geometry": {"type": "Polygon", "coordinates": [[[121.47, 31.19], [121.47, 31.2], [121.48, 31.2], [121.48, 31.19], [121.47, 31.19]]]}, "properties": {"grid_id": "r070_c062", "phase": "evening_18h", "target_time": "2026-09-18 18:00:00+08:00", "hour": 18, "air_temperature_c": 27.25, "relative_humidity_pct": 67.0, "wind_speed_10m_ms": 3.71, "utci_c": 24.72, "p_base": 0.1288, "p_enhanced": 0.0921, "delta_p": -0.0367, "rel_mitigation_pct": 28.52, "risk_level": "low"}}, {"type": "Feature", "geometry": {"type": "Polygon", "coordinates": [[[121.48, 31.19], [121.48, 31.2], [121.49, 31.2], [121.49, 31.19], [121.48, 31.19]]]}, "properties": {"grid_id": "r070_c063", "phase": "evening_18h", "target_time": "2026-09-18 18:00:00+08:00", "hour": 18, "air_temperature_c": 27.25, "relative_humidity_pct": 67.0, "wind_speed_10m_ms": 3.71, "utci_c": 24.38, "p_base": 0.1223, "p_enhanced": 0.0716, "delta_p": -0.0507, "rel_mitigation_pct": 41.46, "risk_level": "low"}}, {"type": "Feature", "geometry": {"type": "Polygon", "coordinates": [[[121.49, 31.19], [121.49, 31.2], [121.5, 31.2], [121.5, 31.19], [121.49, 31.19]]]}, "properties": {"grid_id": "r070_c064", "phase": "evening_18h", "target_time": "2026-09-18 18:00:00+08:00", "hour": 18, "air_temperature_c": 27.25, "relative_humidity_pct": 67.0, "wind_speed_10m_ms": 3.71, "utci_c": 24.55, "p_base": 0.1255, "p_enhanced": 0.0879, "delta_p": -0.0376, "rel_mitigation_pct": 29.99, "risk_level": "low"}}, {"type": "Feature", "geometry": {"type": "Polygon", "coordinates": [[[121.51, 31.19], [121.51, 31.2], [121.52, 31.2], [121.52, 31.19], [121.51, 31.19]]]}, "properties": {"grid_id": "r070_c066", "phase": "evening_18h", "target_time": "2026-09-18 18:00:00+08:00", "hour": 18, "air_temperature_c": 27.25, "relative_humidity_pct": 67.0, "wind_speed_10m_ms": 3.71, "utci_c": 25.57, "p_base": 0.1471, "p_enhanced": 0.151, "delta_p": 0.0039, "rel_mitigation_pct": -2.67, "risk_level": "low"}}, {"type": "Feature", "geometry": {"type": "Polygon", "coordinates": [[[121.53, 31.19], [121.53, 31.2], [121.54, 31.2], [121.54, 31.19], [121.53, 31.19]]]}, "properties": {"grid_id": "r070_c068", "phase": "evening_18h", "target_time": "2026-09-18 18:00:00+08:00", "hour": 18, "air_temperature_c": 27.25, "relative_humidity_pct": 67.0, "wind_speed_10m_ms": 3.71, "utci_c": 25.23, "p_base": 0.1394, "p_enhanced": 0.1601, "delta_p": 0.0208, "rel_mitigation_pct": -14.89, "risk_level": "low"}}, {"type": "Feature", "geometry": {"type": "Polygon", "coordinates": [[[121.69, 31.19], [121.69, 31.2], [121.7, 31.2], [121.7, 31.19], [121.69, 31.19]]]}, "properties": {"grid_id": "r070_c084", "phase": "evening_18h", "target_time": "2026-09-18 18:00:00+08:00", "hour": 18, "air_temperature_c": 27.25, "relative_humidity_pct": 67.0, "wind_speed_10m_ms": 3.71, "utci_c": 25.64, "p_base": 0.1487, "p_enhanced": 0.1682, "delta_p": 0.0195, "rel_mitigation_pct": -13.09, "risk_level": "low"}}, {"type": "Feature", "geometry": {"type": "Polygon", "coordinates": [[[121.7, 31.19], [121.7, 31.2], [121.71, 31.2], [121.71, 31.19], [121.7, 31.19]]]}, "properties": {"grid_id": "r070_c085", "phase": "evening_18h", "target_time": "2026-09-18 18:00:00+08:00", "hour": 18, "air_temperature_c": 27.25, "relative_humidity_pct": 67.0, "wind_speed_10m_ms": 3.71, "utci_c": 25.61, "p_base": 0.1478, "p_enhanced": 0.1707, "delta_p": 0.0228, "rel_mitigation_pct": -15.45, "risk_level": "low"}}, {"type": "Feature", "geometry": {"type": "Polygon", "coordinates": [[[121.27, 31.18], [121.27, 31.19], [121.28, 31.19], [121.28, 31.18], [121.27, 31.18]]]}, "properties": {"grid_id": "r071_c042", "phase": "evening_18h", "target_time": "2026-09-18 18:00:00+08:00", "hour": 18, "air_temperature_c": 27.25, "relative_humidity_pct": 67.0, "wind_speed_10m_ms": 3.71, "utci_c": 25.45, "p_base": 0.1442, "p_enhanced": 0.1759, "delta_p": 0.0317, "rel_mitigation_pct": -22.0, "risk_level": "low"}}, {"type": "Feature", "geometry": {"type": "Polygon", "coordinates": [[[121.36, 31.18], [121.36, 31.19], [121.37, 31.19], [121.37, 31.18], [121.36, 31.18]]]}, "properties": {"grid_id": "r071_c051", "phase": "evening_18h", "target_time": "2026-09-18 18:00:00+08:00", "hour": 18, "air_temperature_c": 27.25, "relative_humidity_pct": 67.0, "wind_speed_10m_ms": 3.71, "utci_c": 25.69, "p_base": 0.1499, "p_enhanced": 0.1679, "delta_p": 0.0181, "rel_mitigation_pct": -12.05, "risk_level": "low"}}, {"type": "Feature", "geometry": {"type": "Polygon", "coordinates": [[[121.38, 31.18], [121.38, 31.19], [121.39, 31.19], [121.39, 31.18], [121.38, 31.18]]]}, "properties": {"grid_id": "r071_c053", "phase": "evening_18h", "target_time": "2026-09-18 18:00:00+08:00", "hour": 18, "air_temperature_c": 27.25, "relative_humidity_pct": 67.0, "wind_speed_10m_ms": 3.71, "utci_c": 25.6, "p_base": 0.1478, "p_enhanced": 0.1661, "delta_p": 0.0184, "rel_mitigation_pct": -12.42, "risk_level": "low"}}, {"type": "Feature", "geometry": {"type": "Polygon", "coordinates": [[[121.42, 31.18], [121.42, 31.19], [121.43, 31.19], [121.43, 31.18], [121.42, 31.18]]]}, "properties": {"grid_id": "r071_c057", "phase": "evening_18h", "target_time": "2026-09-18 18:00:00+08:00", "hour": 18, "air_temperature_c": 27.25, "relative_humidity_pct": 67.0, "wind_speed_10m_ms": 3.71, "utci_c": 25.91, "p_base": 0.1551, "p_enhanced": 0.1613, "delta_p": 0.0062, "rel_mitigation_pct": -3.98, "risk_level": "low"}}, {"type": "Feature", "geometry": {"type": "Polygon", "coordinates": [[[121.43, 31.18], [121.43, 31.19], [121.44, 31.19], [121.44, 31.18], [121.43, 31.18]]]}, "properties": {"grid_id": "r071_c058", "phase": "evening_18h", "target_time": "2026-09-18 18:00:00+08:00", "hour": 18, "air_temperature_c": 27.25, "relative_humidity_pct": 67.0, "wind_speed_10m_ms": 3.71, "utci_c": 25.73, "p_base": 0.1508, "p_enhanced": 0.1668, "delta_p": 0.016, "rel_mitigation_pct": -10.59, "risk_level": "low"}}, {"type": "Feature", "geometry": {"type": "Polygon", "coordinates": [[[121.44, 31.18], [121.44, 31.19], [121.45, 31.19], [121.45, 31.18], [121.44, 31.18]]]}, "properties": {"grid_id": "r071_c059", "phase": "evening_18h", "target_time": "2026-09-18 18:00:00+08:00", "hour": 18, "air_temperature_c": 27.25, "relative_humidity_pct": 67.0, "wind_speed_10m_ms": 3.71, "utci_c": 25.78, "p_base": 0.1519, "p_enhanced": 0.1653, "delta_p": 0.0134, "rel_mitigation_pct": -8.81, "risk_level": "low"}}, {"type": "Feature", "geometry": {"type": "Polygon", "coordinates": [[[121.45, 31.18], [121.45, 31.19], [121.46, 31.19], [121.46, 31.18], [121.45, 31.18]]]}, "properties": {"grid_id": "r071_c060", "phase": "evening_18h", "target_time": "2026-09-18 18:00:00+08:00", "hour": 18, "air_temperature_c": 27.25, "relative_humidity_pct": 67.0, "wind_speed_10m_ms": 3.71, "utci_c": 25.61, "p_base": 0.148, "p_enhanced": 0.1556, "delta_p": 0.0075, "rel_mitigation_pct": -5.1, "risk_level": "low"}}, {"type": "Feature", "geometry": {"type": "Polygon", "coordinates": [[[121.46, 31.18], [121.46, 31.19], [121.47, 31.19], [121.47, 31.18], [121.46, 31.18]]]}, "properties": {"grid_id": "r071_c061", "phase": "evening_18h", "target_time": "2026-09-18 18:00:00+08:00", "hour": 18, "air_temperature_c": 27.25, "relative_humidity_pct": 67.0, "wind_speed_10m_ms": 3.71, "utci_c": 23.7, "p_base": 0.1102, "p_enhanced": 0.0705, "delta_p": -0.0397, "rel_mitigation_pct": 36.04, "risk_level": "low"}}, {"type": "Feature", "geometry": {"type": "Polygon", "coordinates": [[[121.47, 31.18], [121.47, 31.19], [121.48, 31.19], [121.48, 31.18], [121.47, 31.18]]]}, "properties": {"grid_id": "r071_c062", "phase": "evening_18h", "target_time": "2026-09-18 18:00:00+08:00", "hour": 18, "air_temperature_c": 27.25, "relative_humidity_pct": 67.0, "wind_speed_10m_ms": 3.71, "utci_c": 23.8, "p_base": 0.1119, "p_enhanced": 0.1357, "delta_p": 0.0238, "rel_mitigation_pct": -21.27, "risk_level": "low"}}, {"type": "Feature", "geometry": {"type": "Polygon", "coordinates": [[[121.48, 31.18], [121.48, 31.19], [121.49, 31.19], [121.49, 31.18], [121.48, 31.18]]]}, "properties": {"grid_id": "r071_c063", "phase": "evening_18h", "target_time": "2026-09-18 18:00:00+08:00", "hour": 18, "air_temperature_c": 27.25, "relative_humidity_pct": 67.0, "wind_speed_10m_ms": 3.71, "utci_c": 25.81, "p_base": 0.1526, "p_enhanced": 0.1634, "delta_p": 0.0108, "rel_mitigation_pct": -7.08, "risk_level": "low"}}, {"type": "Feature", "geometry": {"type": "Polygon", "coordinates": [[[121.49, 31.18], [121.49, 31.19], [121.5, 31.19], [121.5, 31.18], [121.49, 31.18]]]}, "properties": {"grid_id": "r071_c064", "phase": "evening_18h", "target_time": "2026-09-18 18:00:00+08:00", "hour": 18, "air_temperature_c": 27.25, "relative_humidity_pct": 67.0, "wind_speed_10m_ms": 3.71, "utci_c": 25.77, "p_base": 0.1515, "p_enhanced": 0.1608, "delta_p": 0.0093, "rel_mitigation_pct": -6.13, "risk_level": "low"}}, {"type": "Feature", "geometry": {"type": "Polygon", "coordinates": [[[121.54, 31.18], [121.54, 31.19], [121.55, 31.19], [121.55, 31.18], [121.54, 31.18]]]}, "properties": {"grid_id": "r071_c069", "phase": "evening_18h", "target_time": "2026-09-18 18:00:00+08:00", "hour": 18, "air_temperature_c": 27.25, "relative_humidity_pct": 67.0, "wind_speed_10m_ms": 3.71, "utci_c": 25.66, "p_base": 0.149, "p_enhanced": 0.1522, "delta_p": 0.0031, "rel_mitigation_pct": -2.11, "risk_level": "low"}}, {"type": "Feature", "geometry": {"type": "Polygon", "coordinates": [[[121.59, 31.18], [121.59, 31.19], [121.6, 31.19], [121.6, 31.18], [121.59, 31.18]]]}, "properties": {"grid_id": "r071_c074", "phase": "evening_18h", "target_time": "2026-09-18 18:00:00+08:00", "hour": 18, "air_temperature_c": 27.25, "relative_humidity_pct": 67.0, "wind_speed_10m_ms": 3.71, "utci_c": 25.58, "p_base": 0.1473, "p_enhanced": 0.1531, "delta_p": 0.0058, "rel_mitigation_pct": -3.94, "risk_level": "low"}}, {"type": "Feature", "geometry": {"type": "Polygon", "coordinates": [[[121.62, 31.18], [121.62, 31.19], [121.63, 31.19], [121.63, 31.18], [121.62, 31.18]]]}, "properties": {"grid_id": "r071_c077", "phase": "evening_18h", "target_time": "2026-09-18 18:00:00+08:00", "hour": 18, "air_temperature_c": 27.25, "relative_humidity_pct": 67.0, "wind_speed_10m_ms": 3.71, "utci_c": 25.53, "p_base": 0.1462, "p_enhanced": 0.1696, "delta_p": 0.0234, "rel_mitigation_pct": -16.01, "risk_level": "low"}}, {"type": "Feature", "geometry": {"type": "Polygon", "coordinates": [[[121.24, 31.17], [121.24, 31.18], [121.25, 31.18], [121.25, 31.17], [121.24, 31.17]]]}, "properties": {"grid_id": "r072_c039", "phase": "evening_18h", "target_time": "2026-09-18 18:00:00+08:00", "hour": 18, "air_temperature_c": 27.25, "relative_humidity_pct": 67.0, "wind_speed_10m_ms": 3.71, "utci_c": 25.63, "p_base": 0.1485, "p_enhanced": 0.1698, "delta_p": 0.0213, "rel_mitigation_pct": -14.35, "risk_level": "low"}}, {"type": "Feature", "geometry": {"type": "Polygon", "coordinates": [[[121.28, 31.17], [121.28, 31.18], [121.29, 31.18], [121.29, 31.17], [121.28, 31.17]]]}, "properties": {"grid_id": "r072_c043", "phase": "evening_18h", "target_time": "2026-09-18 18:00:00+08:00", "hour": 18, "air_temperature_c": 27.25, "relative_humidity_pct": 67.0, "wind_speed_10m_ms": 3.71, "utci_c": 25.6, "p_base": 0.1476, "p_enhanced": 0.1684, "delta_p": 0.0208, "rel_mitigation_pct": -14.08, "risk_level": "low"}}, {"type": "Feature", "geometry": {"type": "Polygon", "coordinates": [[[121.35, 31.17], [121.35, 31.18], [121.36, 31.18], [121.36, 31.17], [121.35, 31.17]]]}, "properties": {"grid_id": "r072_c050", "phase": "evening_18h", "target_time": "2026-09-18 18:00:00+08:00", "hour": 18, "air_temperature_c": 27.25, "relative_humidity_pct": 67.0, "wind_speed_10m_ms": 3.71, "utci_c": 25.39, "p_base": 0.143, "p_enhanced": 0.1778, "delta_p": 0.0348, "rel_mitigation_pct": -24.31, "risk_level": "low"}}, {"type": "Feature", "geometry": {"type": "Polygon", "coordinates": [[[121.36, 31.17], [121.36, 31.18], [121.37, 31.18], [121.37, 31.17], [121.36, 31.17]]]}, "properties": {"grid_id": "r072_c051", "phase": "evening_18h", "target_time": "2026-09-18 18:00:00+08:00", "hour": 18, "air_temperature_c": 27.25, "relative_humidity_pct": 67.0, "wind_speed_10m_ms": 3.71, "utci_c": 25.77, "p_base": 0.1518, "p_enhanced": 0.1655, "delta_p": 0.0137, "rel_mitigation_pct": -9.04, "risk_level": "low"}}, {"type": "Feature", "geometry": {"type": "Polygon", "coordinates": [[[121.37, 31.17], [121.37, 31.18], [121.38, 31.18], [121.38, 31.17], [121.37, 31.17]]]}, "properties": {"grid_id": "r072_c052", "phase": "evening_18h", "target_time": "2026-09-18 18:00:00+08:00", "hour": 18, "air_temperature_c": 27.25, "relative_humidity_pct": 67.0, "wind_speed_10m_ms": 3.71, "utci_c": 25.63, "p_base": 0.1484, "p_enhanced": 0.17, "delta_p": 0.0216, "rel_mitigation_pct": -14.53, "risk_level": "low"}}, {"type": "Feature", "geometry": {"type": "Polygon", "coordinates": [[[121.38, 31.17], [121.38, 31.18], [121.39, 31.18], [121.39, 31.17], [121.38, 31.17]]]}, "properties": {"grid_id": "r072_c053", "phase": "evening_18h", "target_time": "2026-09-18 18:00:00+08:00", "hour": 18, "air_temperature_c": 27.25, "relative_humidity_pct": 67.0, "wind_speed_10m_ms": 3.71, "utci_c": 25.64, "p_base": 0.1487, "p_enhanced": 0.1695, "delta_p": 0.0208, "rel_mitigation_pct": -14.01, "risk_level": "low"}}, {"type": "Feature", "geometry": {"type": "Polygon", "coordinates": [[[121.41, 31.17], [121.41, 31.18], [121.42, 31.18], [121.42, 31.17], [121.41, 31.17]]]}, "properties": {"grid_id": "r072_c056", "phase": "evening_18h", "target_time": "2026-09-18 18:00:00+08:00", "hour": 18, "air_temperature_c": 27.25, "relative_humidity_pct": 67.0, "wind_speed_10m_ms": 3.71, "utci_c": 25.95, "p_base": 0.1559, "p_enhanced": 0.16, "delta_p": 0.0041, "rel_mitigation_pct": -2.65, "risk_level": "low"}}, {"type": "Feature", "geometry": {"type": "Polygon", "coordinates": [[[121.42, 31.17], [121.42, 31.18], [121.43, 31.18], [121.43, 31.17], [121.42, 31.17]]]}, "properties": {"grid_id": "r072_c057", "phase": "evening_18h", "target_time": "2026-09-18 18:00:00+08:00", "hour": 18, "air_temperature_c": 27.25, "relative_humidity_pct": 67.0, "wind_speed_10m_ms": 3.71, "utci_c": 25.91, "p_base": 0.1551, "p_enhanced": 0.1614, "delta_p": 0.0063, "rel_mitigation_pct": -4.05, "risk_level": "low"}}, {"type": "Feature", "geometry": {"type": "Polygon", "coordinates": [[[121.43, 31.17], [121.43, 31.18], [121.44, 31.18], [121.44, 31.17], [121.43, 31.17]]]}, "properties": {"grid_id": "r072_c058", "phase": "evening_18h", "target_time": "2026-09-18 18:00:00+08:00", "hour": 18, "air_temperature_c": 27.25, "relative_humidity_pct": 67.0, "wind_speed_10m_ms": 3.71, "utci_c": 25.86, "p_base": 0.1537, "p_enhanced": 0.1628, "delta_p": 0.0091, "rel_mitigation_pct": -5.9, "risk_level": "low"}}, {"type": "Feature", "geometry": {"type": "Polygon", "coordinates": [[[121.44, 31.17], [121.44, 31.18], [121.45, 31.18], [121.45, 31.17], [121.44, 31.17]]]}, "properties": {"grid_id": "r072_c059", "phase": "evening_18h", "target_time": "2026-09-18 18:00:00+08:00", "hour": 18, "air_temperature_c": 27.25, "relative_humidity_pct": 67.0, "wind_speed_10m_ms": 3.71, "utci_c": 25.59, "p_base": 0.1476, "p_enhanced": 0.1713, "delta_p": 0.0238, "rel_mitigation_pct": -16.1, "risk_level": "low"}}, {"type": "Feature", "geometry": {"type": "Polygon", "coordinates": [[[121.45, 31.17], [121.45, 31.18], [121.46, 31.18], [121.46, 31.17], [121.45, 31.17]]]}, "properties": {"grid_id": "r072_c060", "phase": "evening_18h", "target_time": "2026-09-18 18:00:00+08:00", "hour": 18, "air_temperature_c": 27.25, "relative_humidity_pct": 67.0, "wind_speed_10m_ms": 3.71, "utci_c": 25.22, "p_base": 0.1392, "p_enhanced": 0.1202, "delta_p": -0.0191, "rel_mitigation_pct": 13.7, "risk_level": "low"}}, {"type": "Feature", "geometry": {"type": "Polygon", "coordinates": [[[121.46, 31.17], [121.46, 31.18], [121.47, 31.18], [121.47, 31.17], [121.46, 31.17]]]}, "properties": {"grid_id": "r072_c061", "phase": "evening_18h", "target_time": "2026-09-18 18:00:00+08:00", "hour": 18, "air_temperature_c": 27.25, "relative_humidity_pct": 67.0, "wind_speed_10m_ms": 3.71, "utci_c": 24.15, "p_base": 0.118, "p_enhanced": 0.0841, "delta_p": -0.0339, "rel_mitigation_pct": 28.75, "risk_level": "low"}}, {"type": "Feature", "geometry": {"type": "Polygon", "coordinates": [[[121.47, 31.17], [121.47, 31.18], [121.48, 31.18], [121.48, 31.17], [121.47, 31.17]]]}, "properties": {"grid_id": "r072_c062", "phase": "evening_18h", "target_time": "2026-09-18 18:00:00+08:00", "hour": 18, "air_temperature_c": 27.25, "relative_humidity_pct": 67.0, "wind_speed_10m_ms": 3.71, "utci_c": 25.37, "p_base": 0.1426, "p_enhanced": 0.1741, "delta_p": 0.0315, "rel_mitigation_pct": -22.12, "risk_level": "low"}}, {"type": "Feature", "geometry": {"type": "Polygon", "coordinates": [[[121.49, 31.17], [121.49, 31.18], [121.5, 31.18], [121.5, 31.17], [121.49, 31.17]]]}, "properties": {"grid_id": "r072_c064", "phase": "evening_18h", "target_time": "2026-09-18 18:00:00+08:00", "hour": 18, "air_temperature_c": 27.25, "relative_humidity_pct": 67.0, "wind_speed_10m_ms": 3.71, "utci_c": 25.85, "p_base": 0.1536, "p_enhanced": 0.1632, "delta_p": 0.0096, "rel_mitigation_pct": -6.25, "risk_level": "low"}}, {"type": "Feature", "geometry": {"type": "Polygon", "coordinates": [[[121.65, 31.17], [121.65, 31.18], [121.66, 31.18], [121.66, 31.17], [121.65, 31.17]]]}, "properties": {"grid_id": "r072_c080", "phase": "evening_18h", "target_time": "2026-09-18 18:00:00+08:00", "hour": 18, "air_temperature_c": 27.25, "relative_humidity_pct": 67.0, "wind_speed_10m_ms": 3.71, "utci_c": 25.51, "p_base": 0.1457, "p_enhanced": 0.1592, "delta_p": 0.0135, "rel_mitigation_pct": -9.24, "risk_level": "low"}}, {"type": "Feature", "geometry": {"type": "Polygon", "coordinates": [[[121.69, 31.17], [121.69, 31.18], [121.7, 31.18], [121.7, 31.17], [121.69, 31.17]]]}, "properties": {"grid_id": "r072_c084", "phase": "evening_18h", "target_time": "2026-09-18 18:00:00+08:00", "hour": 18, "air_temperature_c": 27.25, "relative_humidity_pct": 67.0, "wind_speed_10m_ms": 3.71, "utci_c": 24.9, "p_base": 0.1325, "p_enhanced": 0.1912, "delta_p": 0.0587, "rel_mitigation_pct": -44.28, "risk_level": "low"}}, {"type": "Feature", "geometry": {"type": "Polygon", "coordinates": [[[121.35, 31.16], [121.35, 31.17], [121.36, 31.17], [121.36, 31.16], [121.35, 31.16]]]}, "properties": {"grid_id": "r073_c050", "phase": "evening_18h", "target_time": "2026-09-18 18:00:00+08:00", "hour": 18, "air_temperature_c": 27.25, "relative_humidity_pct": 67.0, "wind_speed_10m_ms": 3.71, "utci_c": 24.35, "p_base": 0.1218, "p_enhanced": 0.1731, "delta_p": 0.0513, "rel_mitigation_pct": -42.13, "risk_level": "low"}}, {"type": "Feature", "geometry": {"type": "Polygon", "coordinates": [[[121.4, 31.16], [121.4, 31.17], [121.41, 31.17], [121.41, 31.16], [121.4, 31.16]]]}, "properties": {"grid_id": "r073_c055", "phase": "evening_18h", "target_time": "2026-09-18 18:00:00+08:00", "hour": 18, "air_temperature_c": 27.25, "relative_humidity_pct": 67.0, "wind_speed_10m_ms": 3.71, "utci_c": 25.86, "p_base": 0.1538, "p_enhanced": 0.1629, "delta_p": 0.009, "rel_mitigation_pct": -5.88, "risk_level": "low"}}, {"type": "Feature", "geometry": {"type": "Polygon", "coordinates": [[[121.41, 31.16], [121.41, 31.17], [121.42, 31.17], [121.42, 31.16], [121.41, 31.16]]]}, "properties": {"grid_id": "r073_c056", "phase": "evening_18h", "target_time": "2026-09-18 18:00:00+08:00", "hour": 18, "air_temperature_c": 27.25, "relative_humidity_pct": 67.0, "wind_speed_10m_ms": 3.71, "utci_c": 25.55, "p_base": 0.1466, "p_enhanced": 0.1605, "delta_p": 0.0139, "rel_mitigation_pct": -9.48, "risk_level": "low"}}, {"type": "Feature", "geometry": {"type": "Polygon", "coordinates": [[[121.42, 31.16], [121.42, 31.17], [121.43, 31.17], [121.43, 31.16], [121.42, 31.16]]]}, "properties": {"grid_id": "r073_c057", "phase": "evening_18h", "target_time": "2026-09-18 18:00:00+08:00", "hour": 18, "air_temperature_c": 27.25, "relative_humidity_pct": 67.0, "wind_speed_10m_ms": 3.71, "utci_c": 25.9, "p_base": 0.1547, "p_enhanced": 0.1615, "delta_p": 0.0068, "rel_mitigation_pct": -4.38, "risk_level": "low"}}, {"type": "Feature", "geometry": {"type": "Polygon", "coordinates": [[[121.45, 31.16], [121.45, 31.17], [121.46, 31.17], [121.46, 31.16], [121.45, 31.16]]]}, "properties": {"grid_id": "r073_c060", "phase": "evening_18h", "target_time": "2026-09-18 18:00:00+08:00", "hour": 18, "air_temperature_c": 27.25, "relative_humidity_pct": 67.0, "wind_speed_10m_ms": 3.71, "utci_c": 25.88, "p_base": 0.1542, "p_enhanced": 0.1619, "delta_p": 0.0077, "rel_mitigation_pct": -5.01, "risk_level": "low"}}, {"type": "Feature", "geometry": {"type": "Polygon", "coordinates": [[[121.46, 31.16], [121.46, 31.17], [121.47, 31.17], [121.47, 31.16], [121.46, 31.16]]]}, "properties": {"grid_id": "r073_c061", "phase": "evening_18h", "target_time": "2026-09-18 18:00:00+08:00", "hour": 18, "air_temperature_c": 27.25, "relative_humidity_pct": 67.0, "wind_speed_10m_ms": 3.71, "utci_c": 23.83, "p_base": 0.1125, "p_enhanced": 0.0537, "delta_p": -0.0588, "rel_mitigation_pct": 52.29, "risk_level": "low"}}, {"type": "Feature", "geometry": {"type": "Polygon", "coordinates": [[[121.47, 31.16], [121.47, 31.17], [121.48, 31.17], [121.48, 31.16], [121.47, 31.16]]]}, "properties": {"grid_id": "r073_c062", "phase": "evening_18h", "target_time": "2026-09-18 18:00:00+08:00", "hour": 18, "air_temperature_c": 27.25, "relative_humidity_pct": 67.0, "wind_speed_10m_ms": 3.71, "utci_c": 25.51, "p_base": 0.1457, "p_enhanced": 0.1419, "delta_p": -0.0039, "rel_mitigation_pct": 2.66, "risk_level": "low"}}, {"type": "Feature", "geometry": {"type": "Polygon", "coordinates": [[[121.49, 31.16], [121.49, 31.17], [121.5, 31.17], [121.5, 31.16], [121.49, 31.16]]]}, "properties": {"grid_id": "r073_c064", "phase": "evening_18h", "target_time": "2026-09-18 18:00:00+08:00", "hour": 18, "air_temperature_c": 27.25, "relative_humidity_pct": 67.0, "wind_speed_10m_ms": 3.71, "utci_c": 25.62, "p_base": 0.1482, "p_enhanced": 0.1499, "delta_p": 0.0017, "rel_mitigation_pct": -1.13, "risk_level": "low"}}, {"type": "Feature", "geometry": {"type": "Polygon", "coordinates": [[[121.55, 31.16], [121.55, 31.17], [121.56, 31.17], [121.56, 31.16], [121.55, 31.16]]]}, "properties": {"grid_id": "r073_c070", "phase": "evening_18h", "target_time": "2026-09-18 18:00:00+08:00", "hour": 18, "air_temperature_c": 27.25, "relative_humidity_pct": 67.0, "wind_speed_10m_ms": 3.71, "utci_c": 25.66, "p_base": 0.1491, "p_enhanced": 0.1569, "delta_p": 0.0078, "rel_mitigation_pct": -5.22, "risk_level": "low"}}, {"type": "Feature", "geometry": {"type": "Polygon", "coordinates": [[[121.59, 31.16], [121.59, 31.17], [121.6, 31.17], [121.6, 31.16], [121.59, 31.16]]]}, "properties": {"grid_id": "r073_c074", "phase": "evening_18h", "target_time": "2026-09-18 18:00:00+08:00", "hour": 18, "air_temperature_c": 27.25, "relative_humidity_pct": 67.0, "wind_speed_10m_ms": 3.71, "utci_c": 25.57, "p_base": 0.147, "p_enhanced": 0.1493, "delta_p": 0.0023, "rel_mitigation_pct": -1.57, "risk_level": "low"}}, {"type": "Feature", "geometry": {"type": "Polygon", "coordinates": [[[121.13, 31.15], [121.13, 31.16], [121.14, 31.16], [121.14, 31.15], [121.13, 31.15]]]}, "properties": {"grid_id": "r074_c028", "phase": "evening_18h", "target_time": "2026-09-18 18:00:00+08:00", "hour": 18, "air_temperature_c": 27.25, "relative_humidity_pct": 67.0, "wind_speed_10m_ms": 3.71, "utci_c": 24.94, "p_base": 0.1334, "p_enhanced": 0.1448, "delta_p": 0.0114, "rel_mitigation_pct": -8.54, "risk_level": "low"}}, {"type": "Feature", "geometry": {"type": "Polygon", "coordinates": [[[121.22, 31.15], [121.22, 31.16], [121.23, 31.16], [121.23, 31.15], [121.22, 31.15]]]}, "properties": {"grid_id": "r074_c037", "phase": "evening_18h", "target_time": "2026-09-18 18:00:00+08:00", "hour": 18, "air_temperature_c": 27.25, "relative_humidity_pct": 67.0, "wind_speed_10m_ms": 3.71, "utci_c": 25.54, "p_base": 0.1463, "p_enhanced": 0.1467, "delta_p": 0.0004, "rel_mitigation_pct": -0.28, "risk_level": "low"}}, {"type": "Feature", "geometry": {"type": "Polygon", "coordinates": [[[121.34, 31.15], [121.34, 31.16], [121.35, 31.16], [121.35, 31.15], [121.34, 31.15]]]}, "properties": {"grid_id": "r074_c049", "phase": "evening_18h", "target_time": "2026-09-18 18:00:00+08:00", "hour": 18, "air_temperature_c": 27.25, "relative_humidity_pct": 67.0, "wind_speed_10m_ms": 3.71, "utci_c": 25.83, "p_base": 0.1532, "p_enhanced": 0.1636, "delta_p": 0.0105, "rel_mitigation_pct": -6.83, "risk_level": "low"}}, {"type": "Feature", "geometry": {"type": "Polygon", "coordinates": [[[121.35, 31.15], [121.35, 31.16], [121.36, 31.16], [121.36, 31.15], [121.35, 31.15]]]}, "properties": {"grid_id": "r074_c050", "phase": "evening_18h", "target_time": "2026-09-18 18:00:00+08:00", "hour": 18, "air_temperature_c": 27.25, "relative_humidity_pct": 67.0, "wind_speed_10m_ms": 3.71, "utci_c": 25.61, "p_base": 0.1479, "p_enhanced": 0.1704, "delta_p": 0.0224, "rel_mitigation_pct": -15.15, "risk_level": "low"}}, {"type": "Feature", "geometry": {"type": "Polygon", "coordinates": [[[121.44, 31.15], [121.44, 31.16], [121.45, 31.16], [121.45, 31.15], [121.44, 31.15]]]}, "properties": {"grid_id": "r074_c059", "phase": "evening_18h", "target_time": "2026-09-18 18:00:00+08:00", "hour": 18, "air_temperature_c": 27.25, "relative_humidity_pct": 67.0, "wind_speed_10m_ms": 3.71, "utci_c": 25.5, "p_base": 0.1454, "p_enhanced": 0.1741, "delta_p": 0.0287, "rel_mitigation_pct": -19.75, "risk_level": "low"}}, {"type": "Feature", "geometry": {"type": "Polygon", "coordinates": [[[121.46, 31.15], [121.46, 31.16], [121.47, 31.16], [121.47, 31.15], [121.46, 31.15]]]}, "properties": {"grid_id": "r074_c061", "phase": "evening_18h", "target_time": "2026-09-18 18:00:00+08:00", "hour": 18, "air_temperature_c": 27.25, "relative_humidity_pct": 67.0, "wind_speed_10m_ms": 3.71, "utci_c": 24.27, "p_base": 0.1203, "p_enhanced": 0.0955, "delta_p": -0.0248, "rel_mitigation_pct": 20.64, "risk_level": "low"}}, {"type": "Feature", "geometry": {"type": "Polygon", "coordinates": [[[121.47, 31.15], [121.47, 31.16], [121.48, 31.16], [121.48, 31.15], [121.47, 31.15]]]}, "properties": {"grid_id": "r074_c062", "phase": "evening_18h", "target_time": "2026-09-18 18:00:00+08:00", "hour": 18, "air_temperature_c": 27.25, "relative_humidity_pct": 67.0, "wind_speed_10m_ms": 3.71, "utci_c": 25.63, "p_base": 0.1483, "p_enhanced": 0.1474, "delta_p": -0.0009, "rel_mitigation_pct": 0.64, "risk_level": "low"}}, {"type": "Feature", "geometry": {"type": "Polygon", "coordinates": [[[121.49, 31.15], [121.49, 31.16], [121.5, 31.16], [121.5, 31.15], [121.49, 31.15]]]}, "properties": {"grid_id": "r074_c064", "phase": "evening_18h", "target_time": "2026-09-18 18:00:00+08:00", "hour": 18, "air_temperature_c": 27.25, "relative_humidity_pct": 67.0, "wind_speed_10m_ms": 3.71, "utci_c": 25.84, "p_base": 0.1533, "p_enhanced": 0.1635, "delta_p": 0.0101, "rel_mitigation_pct": -6.61, "risk_level": "low"}}, {"type": "Feature", "geometry": {"type": "Polygon", "coordinates": [[[121.02, 31.14], [121.01, 31.14], [121.01, 31.141167947588553], [121.010307, 31.141247], [121.02, 31.140881950380734], [121.02, 31.14]]]}, "properties": {"grid_id": "r075_c016", "phase": "evening_18h", "target_time": "2026-09-18 18:00:00+08:00", "hour": 18, "air_temperature_c": 27.25, "relative_humidity_pct": 67.0, "wind_speed_10m_ms": 3.71, "utci_c": 23.04, "p_base": 0.0998, "p_enhanced": 0.0257, "delta_p": -0.0741, "rel_mitigation_pct": 74.25, "risk_level": "low"}}, {"type": "Feature", "geometry": {"type": "Polygon", "coordinates": [[[121.1, 31.14], [121.1, 31.15], [121.11, 31.15], [121.11, 31.14], [121.1, 31.14]]]}, "properties": {"grid_id": "r075_c025", "phase": "evening_18h", "target_time": "2026-09-18 18:00:00+08:00", "hour": 18, "air_temperature_c": 27.25, "relative_humidity_pct": 67.0, "wind_speed_10m_ms": 3.71, "utci_c": 24.94, "p_base": 0.1334, "p_enhanced": 0.1406, "delta_p": 0.0072, "rel_mitigation_pct": -5.36, "risk_level": "low"}}, {"type": "Feature", "geometry": {"type": "Polygon", "coordinates": [[[121.22, 31.14], [121.22, 31.15], [121.23, 31.15], [121.23, 31.14], [121.22, 31.14]]]}, "properties": {"grid_id": "r075_c037", "phase": "evening_18h", "target_time": "2026-09-18 18:00:00+08:00", "hour": 18, "air_temperature_c": 27.25, "relative_humidity_pct": 67.0, "wind_speed_10m_ms": 3.71, "utci_c": 25.19, "p_base": 0.1386, "p_enhanced": 0.1418, "delta_p": 0.0032, "rel_mitigation_pct": -2.33, "risk_level": "low"}}, {"type": "Feature", "geometry": {"type": "Polygon", "coordinates": [[[121.39, 31.14], [121.39, 31.15], [121.4, 31.15], [121.4, 31.14], [121.39, 31.14]]]}, "properties": {"grid_id": "r075_c054", "phase": "evening_18h", "target_time": "2026-09-18 18:00:00+08:00", "hour": 18, "air_temperature_c": 27.25, "relative_humidity_pct": 67.0, "wind_speed_10m_ms": 3.71, "utci_c": 25.71, "p_base": 0.1502, "p_enhanced": 0.1658, "delta_p": 0.0156, "rel_mitigation_pct": -10.4, "risk_level": "low"}}, {"type": "Feature", "geometry": {"type": "Polygon", "coordinates": [[[121.4, 31.14], [121.4, 31.15], [121.41, 31.15], [121.41, 31.14], [121.4, 31.14]]]}, "properties": {"grid_id": "r075_c055", "phase": "evening_18h", "target_time": "2026-09-18 18:00:00+08:00", "hour": 18, "air_temperature_c": 27.25, "relative_humidity_pct": 67.0, "wind_speed_10m_ms": 3.71, "utci_c": 25.43, "p_base": 0.1439, "p_enhanced": 0.1642, "delta_p": 0.0203, "rel_mitigation_pct": -14.1, "risk_level": "low"}}, {"type": "Feature", "geometry": {"type": "Polygon", "coordinates": [[[121.43, 31.14], [121.43, 31.15], [121.44, 31.15], [121.44, 31.14], [121.43, 31.14]]]}, "properties": {"grid_id": "r075_c058", "phase": "evening_18h", "target_time": "2026-09-18 18:00:00+08:00", "hour": 18, "air_temperature_c": 27.25, "relative_humidity_pct": 67.0, "wind_speed_10m_ms": 3.71, "utci_c": 25.12, "p_base": 0.1372, "p_enhanced": 0.1774, "delta_p": 0.0402, "rel_mitigation_pct": -29.31, "risk_level": "low"}}, {"type": "Feature", "geometry": {"type": "Polygon", "coordinates": [[[121.44, 31.14], [121.44, 31.15], [121.45, 31.15], [121.45, 31.14], [121.44, 31.14]]]}, "properties": {"grid_id": "r075_c059", "phase": "evening_18h", "target_time": "2026-09-18 18:00:00+08:00", "hour": 18, "air_temperature_c": 27.25, "relative_humidity_pct": 67.0, "wind_speed_10m_ms": 3.71, "utci_c": 25.45, "p_base": 0.1444, "p_enhanced": 0.1597, "delta_p": 0.0153, "rel_mitigation_pct": -10.63, "risk_level": "low"}}, {"type": "Feature", "geometry": {"type": "Polygon", "coordinates": [[[121.46, 31.14], [121.46, 31.15], [121.47, 31.15], [121.47, 31.14], [121.46, 31.14]]]}, "properties": {"grid_id": "r075_c061", "phase": "evening_18h", "target_time": "2026-09-18 18:00:00+08:00", "hour": 18, "air_temperature_c": 27.25, "relative_humidity_pct": 67.0, "wind_speed_10m_ms": 3.71, "utci_c": 25.44, "p_base": 0.1442, "p_enhanced": 0.1741, "delta_p": 0.03, "rel_mitigation_pct": -20.78, "risk_level": "low"}}, {"type": "Feature", "geometry": {"type": "Polygon", "coordinates": [[[121.49, 31.14], [121.49, 31.15], [121.5, 31.15], [121.5, 31.14], [121.49, 31.14]]]}, "properties": {"grid_id": "r075_c064", "phase": "evening_18h", "target_time": "2026-09-18 18:00:00+08:00", "hour": 18, "air_temperature_c": 27.25, "relative_humidity_pct": 67.0, "wind_speed_10m_ms": 3.71, "utci_c": 25.96, "p_base": 0.1562, "p_enhanced": 0.16, "delta_p": 0.0038, "rel_mitigation_pct": -2.43, "risk_level": "low"}}, {"type": "Feature", "geometry": {"type": "Polygon", "coordinates": [[[121.51, 31.14], [121.51, 31.15], [121.52, 31.15], [121.52, 31.14], [121.51, 31.14]]]}, "properties": {"grid_id": "r075_c066", "phase": "evening_18h", "target_time": "2026-09-18 18:00:00+08:00", "hour": 18, "air_temperature_c": 27.25, "relative_humidity_pct": 67.0, "wind_speed_10m_ms": 3.71, "utci_c": 25.6, "p_base": 0.1477, "p_enhanced": 0.1576, "delta_p": 0.0099, "rel_mitigation_pct": -6.73, "risk_level": "low"}}, {"type": "Feature", "geometry": {"type": "Polygon", "coordinates": [[[121.54, 31.14], [121.54, 31.15], [121.55, 31.15], [121.55, 31.14], [121.54, 31.14]]]}, "properties": {"grid_id": "r075_c069", "phase": "evening_18h", "target_time": "2026-09-18 18:00:00+08:00", "hour": 18, "air_temperature_c": 27.25, "relative_humidity_pct": 67.0, "wind_speed_10m_ms": 3.71, "utci_c": 25.07, "p_base": 0.1361, "p_enhanced": 0.189, "delta_p": 0.0529, "rel_mitigation_pct": -38.89, "risk_level": "low"}}, {"type": "Feature", "geometry": {"type": "Polygon", "coordinates": [[[121.65, 31.14], [121.65, 31.15], [121.66, 31.15], [121.66, 31.14], [121.65, 31.14]]]}, "properties": {"grid_id": "r075_c080", "phase": "evening_18h", "target_time": "2026-09-18 18:00:00+08:00", "hour": 18, "air_temperature_c": 27.25, "relative_humidity_pct": 67.0, "wind_speed_10m_ms": 3.71, "utci_c": 25.34, "p_base": 0.1418, "p_enhanced": 0.1607, "delta_p": 0.0189, "rel_mitigation_pct": -13.35, "risk_level": "low"}}, {"type": "Feature", "geometry": {"type": "Polygon", "coordinates": [[[121.66, 31.14], [121.66, 31.15], [121.67, 31.15], [121.67, 31.14], [121.66, 31.14]]]}, "properties": {"grid_id": "r075_c081", "phase": "evening_18h", "target_time": "2026-09-18 18:00:00+08:00", "hour": 18, "air_temperature_c": 27.25, "relative_humidity_pct": 67.0, "wind_speed_10m_ms": 3.71, "utci_c": 23.77, "p_base": 0.1115, "p_enhanced": 0.1397, "delta_p": 0.0282, "rel_mitigation_pct": -25.26, "risk_level": "low"}}, {"type": "Feature", "geometry": {"type": "Polygon", "coordinates": [[[121.71, 31.14], [121.71, 31.15], [121.72, 31.15], [121.72, 31.14], [121.71, 31.14]]]}, "properties": {"grid_id": "r075_c086", "phase": "evening_18h", "target_time": "2026-09-18 18:00:00+08:00", "hour": 18, "air_temperature_c": 27.25, "relative_humidity_pct": 67.0, "wind_speed_10m_ms": 3.71, "utci_c": 25.6, "p_base": 0.1477, "p_enhanced": 0.1708, "delta_p": 0.0231, "rel_mitigation_pct": -15.65, "risk_level": "low"}}, {"type": "Feature", "geometry": {"type": "Polygon", "coordinates": [[[121.05, 31.13], [121.05, 31.14], [121.06, 31.14], [121.06, 31.13], [121.05, 31.13]]]}, "properties": {"grid_id": "r076_c020", "phase": "evening_18h", "target_time": "2026-09-18 18:00:00+08:00", "hour": 18, "air_temperature_c": 27.25, "relative_humidity_pct": 67.0, "wind_speed_10m_ms": 3.71, "utci_c": 25.5, "p_base": 0.1455, "p_enhanced": 0.174, "delta_p": 0.0284, "rel_mitigation_pct": -19.53, "risk_level": "low"}}, {"type": "Feature", "geometry": {"type": "Polygon", "coordinates": [[[121.09, 31.13], [121.09, 31.14], [121.1, 31.14], [121.1, 31.13], [121.09, 31.13]]]}, "properties": {"grid_id": "r076_c024", "phase": "evening_18h", "target_time": "2026-09-18 18:00:00+08:00", "hour": 18, "air_temperature_c": 27.25, "relative_humidity_pct": 67.0, "wind_speed_10m_ms": 3.71, "utci_c": 24.79, "p_base": 0.1304, "p_enhanced": 0.1537, "delta_p": 0.0233, "rel_mitigation_pct": -17.87, "risk_level": "low"}}, {"type": "Feature", "geometry": {"type": "Polygon", "coordinates": [[[121.2, 31.13], [121.2, 31.14], [121.21, 31.14], [121.21, 31.13], [121.2, 31.13]]]}, "properties": {"grid_id": "r076_c035", "phase": "evening_18h", "target_time": "2026-09-18 18:00:00+08:00", "hour": 18, "air_temperature_c": 27.25, "relative_humidity_pct": 67.0, "wind_speed_10m_ms": 3.71, "utci_c": 25.33, "p_base": 0.1417, "p_enhanced": 0.1452, "delta_p": 0.0036, "rel_mitigation_pct": -2.51, "risk_level": "low"}}, {"type": "Feature", "geometry": {"type": "Polygon", "coordinates": [[[121.22, 31.13], [121.22, 31.14], [121.23, 31.14], [121.23, 31.13], [121.22, 31.13]]]}, "properties": {"grid_id": "r076_c037", "phase": "evening_18h", "target_time": "2026-09-18 18:00:00+08:00", "hour": 18, "air_temperature_c": 27.25, "relative_humidity_pct": 67.0, "wind_speed_10m_ms": 3.71, "utci_c": 25.47, "p_base": 0.1448, "p_enhanced": 0.157, "delta_p": 0.0123, "rel_mitigation_pct": -8.48, "risk_level": "low"}}, {"type": "Feature", "geometry": {"type": "Polygon", "coordinates": [[[121.38, 31.13], [121.38, 31.14], [121.39, 31.14], [121.39, 31.13], [121.38, 31.13]]]}, "properties": {"grid_id": "r076_c053", "phase": "evening_18h", "target_time": "2026-09-18 18:00:00+08:00", "hour": 18, "air_temperature_c": 27.25, "relative_humidity_pct": 67.0, "wind_speed_10m_ms": 3.71, "utci_c": 25.41, "p_base": 0.1433, "p_enhanced": 0.1587, "delta_p": 0.0154, "rel_mitigation_pct": -10.73, "risk_level": "low"}}, {"type": "Feature", "geometry": {"type": "Polygon", "coordinates": [[[121.42, 31.13], [121.42, 31.14], [121.43, 31.14], [121.43, 31.13], [121.42, 31.13]]]}, "properties": {"grid_id": "r076_c057", "phase": "evening_18h", "target_time": "2026-09-18 18:00:00+08:00", "hour": 18, "air_temperature_c": 27.25, "relative_humidity_pct": 67.0, "wind_speed_10m_ms": 3.71, "utci_c": 25.6, "p_base": 0.1477, "p_enhanced": 0.1598, "delta_p": 0.0121, "rel_mitigation_pct": -8.19, "risk_level": "low"}}, {"type": "Feature", "geometry": {"type": "Polygon", "coordinates": [[[121.55, 31.13], [121.55, 31.14], [121.56, 31.14], [121.56, 31.13], [121.55, 31.13]]]}, "properties": {"grid_id": "r076_c070", "phase": "evening_18h", "target_time": "2026-09-18 18:00:00+08:00", "hour": 18, "air_temperature_c": 27.25, "relative_humidity_pct": 67.0, "wind_speed_10m_ms": 3.71, "utci_c": 25.76, "p_base": 0.1514, "p_enhanced": 0.1659, "delta_p": 0.0145, "rel_mitigation_pct": -9.57, "risk_level": "low"}}, {"type": "Feature", "geometry": {"type": "Polygon", "coordinates": [[[121.56, 31.13], [121.56, 31.14], [121.57, 31.14], [121.57, 31.13], [121.56, 31.13]]]}, "properties": {"grid_id": "r076_c071", "phase": "evening_18h", "target_time": "2026-09-18 18:00:00+08:00", "hour": 18, "air_temperature_c": 27.25, "relative_humidity_pct": 67.0, "wind_speed_10m_ms": 3.71, "utci_c": 25.73, "p_base": 0.1507, "p_enhanced": 0.1657, "delta_p": 0.015, "rel_mitigation_pct": -9.95, "risk_level": "low"}}, {"type": "Feature", "geometry": {"type": "Polygon", "coordinates": [[[121.66, 31.13], [121.66, 31.14], [121.67, 31.14], [121.67, 31.13], [121.66, 31.13]]]}, "properties": {"grid_id": "r076_c081", "phase": "evening_18h", "target_time": "2026-09-18 18:00:00+08:00", "hour": 18, "air_temperature_c": 27.25, "relative_humidity_pct": 67.0, "wind_speed_10m_ms": 3.71, "utci_c": 25.27, "p_base": 0.1404, "p_enhanced": 0.1468, "delta_p": 0.0063, "rel_mitigation_pct": -4.51, "risk_level": "low"}}, {"type": "Feature", "geometry": {"type": "Polygon", "coordinates": [[[121.04, 31.12], [121.04, 31.13], [121.05, 31.13], [121.05, 31.12], [121.04, 31.12]]]}, "properties": {"grid_id": "r077_c019", "phase": "evening_18h", "target_time": "2026-09-18 18:00:00+08:00", "hour": 18, "air_temperature_c": 27.25, "relative_humidity_pct": 67.0, "wind_speed_10m_ms": 3.71, "utci_c": 25.04, "p_base": 0.1355, "p_enhanced": 0.1218, "delta_p": -0.0137, "rel_mitigation_pct": 10.12, "risk_level": "low"}}, {"type": "Feature", "geometry": {"type": "Polygon", "coordinates": [[[121.11, 31.12], [121.11, 31.13], [121.12, 31.13], [121.12, 31.12], [121.11, 31.12]]]}, "properties": {"grid_id": "r077_c026", "phase": "evening_18h", "target_time": "2026-09-18 18:00:00+08:00", "hour": 18, "air_temperature_c": 27.25, "relative_humidity_pct": 67.0, "wind_speed_10m_ms": 3.71, "utci_c": 25.38, "p_base": 0.1427, "p_enhanced": 0.1469, "delta_p": 0.0042, "rel_mitigation_pct": -2.92, "risk_level": "low"}}, {"type": "Feature", "geometry": {"type": "Polygon", "coordinates": [[[121.2, 31.12], [121.2, 31.13], [121.21, 31.13], [121.21, 31.12], [121.2, 31.12]]]}, "properties": {"grid_id": "r077_c035", "phase": "evening_18h", "target_time": "2026-09-18 18:00:00+08:00", "hour": 18, "air_temperature_c": 27.25, "relative_humidity_pct": 67.0, "wind_speed_10m_ms": 3.71, "utci_c": 25.55, "p_base": 0.1466, "p_enhanced": 0.1636, "delta_p": 0.017, "rel_mitigation_pct": -11.6, "risk_level": "low"}}, {"type": "Feature", "geometry": {"type": "Polygon", "coordinates": [[[121.36, 31.12], [121.36, 31.13], [121.37, 31.13], [121.37, 31.12], [121.36, 31.12]]]}, "properties": {"grid_id": "r077_c051", "phase": "evening_18h", "target_time": "2026-09-18 18:00:00+08:00", "hour": 18, "air_temperature_c": 27.25, "relative_humidity_pct": 67.0, "wind_speed_10m_ms": 3.71, "utci_c": 25.26, "p_base": 0.1402, "p_enhanced": 0.1572, "delta_p": 0.0169, "rel_mitigation_pct": -12.08, "risk_level": "low"}}, {"type": "Feature", "geometry": {"type": "Polygon", "coordinates": [[[121.39, 31.12], [121.39, 31.13], [121.4, 31.13], [121.4, 31.12], [121.39, 31.12]]]}, "properties": {"grid_id": "r077_c054", "phase": "evening_18h", "target_time": "2026-09-18 18:00:00+08:00", "hour": 18, "air_temperature_c": 27.25, "relative_humidity_pct": 67.0, "wind_speed_10m_ms": 3.71, "utci_c": 25.35, "p_base": 0.1421, "p_enhanced": 0.163, "delta_p": 0.0209, "rel_mitigation_pct": -14.7, "risk_level": "low"}}, {"type": "Feature", "geometry": {"type": "Polygon", "coordinates": [[[121.44, 31.12], [121.44, 31.13], [121.45, 31.13], [121.45, 31.12], [121.44, 31.12]]]}, "properties": {"grid_id": "r077_c059", "phase": "evening_18h", "target_time": "2026-09-18 18:00:00+08:00", "hour": 18, "air_temperature_c": 27.25, "relative_humidity_pct": 67.0, "wind_speed_10m_ms": 3.71, "utci_c": 25.35, "p_base": 0.142, "p_enhanced": 0.1714, "delta_p": 0.0294, "rel_mitigation_pct": -20.7, "risk_level": "low"}}, {"type": "Feature", "geometry": {"type": "Polygon", "coordinates": [[[121.56, 31.12], [121.56, 31.13], [121.57, 31.13], [121.57, 31.12], [121.56, 31.12]]]}, "properties": {"grid_id": "r077_c071", "phase": "evening_18h", "target_time": "2026-09-18 18:00:00+08:00", "hour": 18, "air_temperature_c": 27.25, "relative_humidity_pct": 67.0, "wind_speed_10m_ms": 3.71, "utci_c": 25.75, "p_base": 0.1513, "p_enhanced": 0.1661, "delta_p": 0.0148, "rel_mitigation_pct": -9.79, "risk_level": "low"}}, {"type": "Feature", "geometry": {"type": "Polygon", "coordinates": [[[120.91, 31.11], [120.91, 31.12], [120.92, 31.12], [120.92, 31.11], [120.91, 31.11]]]}, "properties": {"grid_id": "r078_c006", "phase": "evening_18h", "target_time": "2026-09-18 18:00:00+08:00", "hour": 18, "air_temperature_c": 27.25, "relative_humidity_pct": 67.0, "wind_speed_10m_ms": 3.71, "utci_c": 25.03, "p_base": 0.1352, "p_enhanced": 0.1148, "delta_p": -0.0204, "rel_mitigation_pct": 15.09, "risk_level": "low"}}, {"type": "Feature", "geometry": {"type": "Polygon", "coordinates": [[[120.92, 31.11], [120.92, 31.12], [120.93, 31.12], [120.93, 31.11], [120.92, 31.11]]]}, "properties": {"grid_id": "r078_c007", "phase": "evening_18h", "target_time": "2026-09-18 18:00:00+08:00", "hour": 18, "air_temperature_c": 27.25, "relative_humidity_pct": 67.0, "wind_speed_10m_ms": 3.71, "utci_c": 24.82, "p_base": 0.1309, "p_enhanced": 0.0987, "delta_p": -0.0321, "rel_mitigation_pct": 24.56, "risk_level": "low"}}, {"type": "Feature", "geometry": {"type": "Polygon", "coordinates": [[[121.0, 31.11], [121.0, 31.12], [121.01, 31.12], [121.01, 31.11], [121.0, 31.11]]]}, "properties": {"grid_id": "r078_c015", "phase": "evening_18h", "target_time": "2026-09-18 18:00:00+08:00", "hour": 18, "air_temperature_c": 27.25, "relative_humidity_pct": 67.0, "wind_speed_10m_ms": 3.71, "utci_c": 23.53, "p_base": 0.1075, "p_enhanced": 0.0973, "delta_p": -0.0102, "rel_mitigation_pct": 9.48, "risk_level": "low"}}, {"type": "Feature", "geometry": {"type": "Polygon", "coordinates": [[[121.04, 31.11], [121.04, 31.12], [121.05, 31.12], [121.05, 31.11], [121.04, 31.11]]]}, "properties": {"grid_id": "r078_c019", "phase": "evening_18h", "target_time": "2026-09-18 18:00:00+08:00", "hour": 18, "air_temperature_c": 27.25, "relative_humidity_pct": 67.0, "wind_speed_10m_ms": 3.71, "utci_c": 24.86, "p_base": 0.1316, "p_enhanced": 0.1176, "delta_p": -0.014, "rel_mitigation_pct": 10.66, "risk_level": "low"}}, {"type": "Feature", "geometry": {"type": "Polygon", "coordinates": [[[121.05, 31.11], [121.05, 31.12], [121.06, 31.12], [121.06, 31.11], [121.05, 31.11]]]}, "properties": {"grid_id": "r078_c020", "phase": "evening_18h", "target_time": "2026-09-18 18:00:00+08:00", "hour": 18, "air_temperature_c": 27.25, "relative_humidity_pct": 67.0, "wind_speed_10m_ms": 3.71, "utci_c": 25.08, "p_base": 0.1362, "p_enhanced": 0.1238, "delta_p": -0.0124, "rel_mitigation_pct": 9.09, "risk_level": "low"}}, {"type": "Feature", "geometry": {"type": "Polygon", "coordinates": [[[121.2, 31.11], [121.2, 31.12], [121.21, 31.12], [121.21, 31.11], [121.2, 31.11]]]}, "properties": {"grid_id": "r078_c035", "phase": "evening_18h", "target_time": "2026-09-18 18:00:00+08:00", "hour": 18, "air_temperature_c": 27.25, "relative_humidity_pct": 67.0, "wind_speed_10m_ms": 3.71, "utci_c": 25.33, "p_base": 0.1416, "p_enhanced": 0.1571, "delta_p": 0.0154, "rel_mitigation_pct": -10.91, "risk_level": "low"}}, {"type": "Feature", "geometry": {"type": "Polygon", "coordinates": [[[121.21, 31.11], [121.21, 31.12], [121.22, 31.12], [121.22, 31.11], [121.21, 31.11]]]}, "properties": {"grid_id": "r078_c036", "phase": "evening_18h", "target_time": "2026-09-18 18:00:00+08:00", "hour": 18, "air_temperature_c": 27.25, "relative_humidity_pct": 67.0, "wind_speed_10m_ms": 3.71, "utci_c": 25.31, "p_base": 0.1412, "p_enhanced": 0.1718, "delta_p": 0.0305, "rel_mitigation_pct": -21.61, "risk_level": "low"}}, {"type": "Feature", "geometry": {"type": "Polygon", "coordinates": [[[121.22, 31.11], [121.22, 31.12], [121.23, 31.12], [121.23, 31.11], [121.22, 31.11]]]}, "properties": {"grid_id": "r078_c037", "phase": "evening_18h", "target_time": "2026-09-18 18:00:00+08:00", "hour": 18, "air_temperature_c": 27.25, "relative_humidity_pct": 67.0, "wind_speed_10m_ms": 3.71, "utci_c": 25.46, "p_base": 0.1446, "p_enhanced": 0.164, "delta_p": 0.0194, "rel_mitigation_pct": -13.39, "risk_level": "low"}}, {"type": "Feature", "geometry": {"type": "Polygon", "coordinates": [[[121.25, 31.11], [121.25, 31.12], [121.26, 31.12], [121.26, 31.11], [121.25, 31.11]]]}, "properties": {"grid_id": "r078_c040", "phase": "evening_18h", "target_time": "2026-09-18 18:00:00+08:00", "hour": 18, "air_temperature_c": 27.25, "relative_humidity_pct": 67.0, "wind_speed_10m_ms": 3.71, "utci_c": 25.3, "p_base": 0.1411, "p_enhanced": 0.1337, "delta_p": -0.0074, "rel_mitigation_pct": 5.24, "risk_level": "low"}}, {"type": "Feature", "geometry": {"type": "Polygon", "coordinates": [[[121.27, 31.11], [121.27, 31.12], [121.28, 31.12], [121.28, 31.11], [121.27, 31.11]]]}, "properties": {"grid_id": "r078_c042", "phase": "evening_18h", "target_time": "2026-09-18 18:00:00+08:00", "hour": 18, "air_temperature_c": 27.25, "relative_humidity_pct": 67.0, "wind_speed_10m_ms": 3.71, "utci_c": 25.45, "p_base": 0.1444, "p_enhanced": 0.1639, "delta_p": 0.0195, "rel_mitigation_pct": -13.48, "risk_level": "low"}}, {"type": "Feature", "geometry": {"type": "Polygon", "coordinates": [[[121.34, 31.11], [121.34, 31.12], [121.35, 31.12], [121.35, 31.11], [121.34, 31.11]]]}, "properties": {"grid_id": "r078_c049", "phase": "evening_18h", "target_time": "2026-09-18 18:00:00+08:00", "hour": 18, "air_temperature_c": 27.25, "relative_humidity_pct": 67.0, "wind_speed_10m_ms": 3.71, "utci_c": 25.09, "p_base": 0.1364, "p_enhanced": 0.1752, "delta_p": 0.0388, "rel_mitigation_pct": -28.41, "risk_level": "low"}}, {"type": "Feature", "geometry": {"type": "Polygon", "coordinates": [[[121.39, 31.11], [121.39, 31.12], [121.4, 31.12], [121.4, 31.11], [121.39, 31.11]]]}, "properties": {"grid_id": "r078_c054", "phase": "evening_18h", "target_time": "2026-09-18 18:00:00+08:00", "hour": 18, "air_temperature_c": 27.25, "relative_humidity_pct": 67.0, "wind_speed_10m_ms": 3.71, "utci_c": 25.09, "p_base": 0.1366, "p_enhanced": 0.1705, "delta_p": 0.0339, "rel_mitigation_pct": -24.82, "risk_level": "low"}}, {"type": "Feature", "geometry": {"type": "Polygon", "coordinates": [[[121.46, 31.11], [121.46, 31.12], [121.47, 31.12], [121.47, 31.11], [121.46, 31.11]]]}, "properties": {"grid_id": "r078_c061", "phase": "evening_18h", "target_time": "2026-09-18 18:00:00+08:00", "hour": 18, "air_temperature_c": 27.25, "relative_humidity_pct": 67.0, "wind_speed_10m_ms": 3.71, "utci_c": 24.39, "p_base": 0.1225, "p_enhanced": 0.0769, "delta_p": -0.0456, "rel_mitigation_pct": 37.21, "risk_level": "low"}}, {"type": "Feature", "geometry": {"type": "Polygon", "coordinates": [[[121.58, 31.11], [121.58, 31.12], [121.59, 31.12], [121.59, 31.11], [121.58, 31.11]]]}, "properties": {"grid_id": "r078_c073", "phase": "evening_18h", "target_time": "2026-09-18 18:00:00+08:00", "hour": 18, "air_temperature_c": 27.25, "relative_humidity_pct": 67.0, "wind_speed_10m_ms": 3.71, "utci_c": 25.91, "p_base": 0.1549, "p_enhanced": 0.1615, "delta_p": 0.0066, "rel_mitigation_pct": -4.23, "risk_level": "low"}}, {"type": "Feature", "geometry": {"type": "Polygon", "coordinates": [[[120.94, 31.1], [120.94, 31.11], [120.95, 31.11], [120.95, 31.1], [120.94, 31.1]]]}, "properties": {"grid_id": "r079_c009", "phase": "evening_18h", "target_time": "2026-09-18 18:00:00+08:00", "hour": 18, "air_temperature_c": 27.25, "relative_humidity_pct": 67.0, "wind_speed_10m_ms": 3.71, "utci_c": 22.8, "p_base": 0.0963, "p_enhanced": 0.0214, "delta_p": -0.0749, "rel_mitigation_pct": 77.79, "risk_level": "low"}}, {"type": "Feature", "geometry": {"type": "Polygon", "coordinates": [[[121.0, 31.1], [121.0, 31.11], [121.01, 31.11], [121.01, 31.1], [121.0, 31.1]]]}, "properties": {"grid_id": "r079_c015", "phase": "evening_18h", "target_time": "2026-09-18 18:00:00+08:00", "hour": 18, "air_temperature_c": 27.25, "relative_humidity_pct": 67.0, "wind_speed_10m_ms": 3.71, "utci_c": 23.83, "p_base": 0.1124, "p_enhanced": 0.1552, "delta_p": 0.0427, "rel_mitigation_pct": -37.99, "risk_level": "low"}}, {"type": "Feature", "geometry": {"type": "Polygon", "coordinates": [[[121.18, 31.1], [121.18, 31.11], [121.19, 31.11], [121.19, 31.1], [121.18, 31.1]]]}, "properties": {"grid_id": "r079_c033", "phase": "evening_18h", "target_time": "2026-09-18 18:00:00+08:00", "hour": 18, "air_temperature_c": 27.25, "relative_humidity_pct": 67.0, "wind_speed_10m_ms": 3.71, "utci_c": 25.6, "p_base": 0.1477, "p_enhanced": 0.1708, "delta_p": 0.0231, "rel_mitigation_pct": -15.65, "risk_level": "low"}}, {"type": "Feature", "geometry": {"type": "Polygon", "coordinates": [[[121.2, 31.1], [121.2, 31.11], [121.21, 31.11], [121.21, 31.1], [121.2, 31.1]]]}, "properties": {"grid_id": "r079_c035", "phase": "evening_18h", "target_time": "2026-09-18 18:00:00+08:00", "hour": 18, "air_temperature_c": 27.25, "relative_humidity_pct": 67.0, "wind_speed_10m_ms": 3.71, "utci_c": 24.31, "p_base": 0.121, "p_enhanced": 0.133, "delta_p": 0.0119, "rel_mitigation_pct": -9.84, "risk_level": "low"}}, {"type": "Feature", "geometry": {"type": "Polygon", "coordinates": [[[121.22, 31.1], [121.22, 31.11], [121.23, 31.11], [121.23, 31.1], [121.22, 31.1]]]}, "properties": {"grid_id": "r079_c037", "phase": "evening_18h", "target_time": "2026-09-18 18:00:00+08:00", "hour": 18, "air_temperature_c": 27.25, "relative_humidity_pct": 67.0, "wind_speed_10m_ms": 3.71, "utci_c": 25.47, "p_base": 0.1448, "p_enhanced": 0.1573, "delta_p": 0.0126, "rel_mitigation_pct": -8.68, "risk_level": "low"}}, {"type": "Feature", "geometry": {"type": "Polygon", "coordinates": [[[121.25, 31.1], [121.25, 31.11], [121.26, 31.11], [121.26, 31.1], [121.25, 31.1]]]}, "properties": {"grid_id": "r079_c040", "phase": "evening_18h", "target_time": "2026-09-18 18:00:00+08:00", "hour": 18, "air_temperature_c": 27.25, "relative_humidity_pct": 67.0, "wind_speed_10m_ms": 3.71, "utci_c": 25.53, "p_base": 0.146, "p_enhanced": 0.1622, "delta_p": 0.0162, "rel_mitigation_pct": -11.11, "risk_level": "low"}}, {"type": "Feature", "geometry": {"type": "Polygon", "coordinates": [[[121.35, 31.1], [121.35, 31.11], [121.36, 31.11], [121.36, 31.1], [121.35, 31.1]]]}, "properties": {"grid_id": "r079_c050", "phase": "evening_18h", "target_time": "2026-09-18 18:00:00+08:00", "hour": 18, "air_temperature_c": 27.25, "relative_humidity_pct": 67.0, "wind_speed_10m_ms": 3.71, "utci_c": 25.48, "p_base": 0.145, "p_enhanced": 0.1536, "delta_p": 0.0086, "rel_mitigation_pct": -5.91, "risk_level": "low"}}, {"type": "Feature", "geometry": {"type": "Polygon", "coordinates": [[[121.37, 31.1], [121.37, 31.11], [121.38, 31.11], [121.38, 31.1], [121.37, 31.1]]]}, "properties": {"grid_id": "r079_c052", "phase": "evening_18h", "target_time": "2026-09-18 18:00:00+08:00", "hour": 18, "air_temperature_c": 27.25, "relative_humidity_pct": 67.0, "wind_speed_10m_ms": 3.71, "utci_c": 25.65, "p_base": 0.1488, "p_enhanced": 0.1624, "delta_p": 0.0136, "rel_mitigation_pct": -9.13, "risk_level": "low"}}, {"type": "Feature", "geometry": {"type": "Polygon", "coordinates": [[[121.4, 31.1], [121.4, 31.11], [121.41, 31.11], [121.41, 31.1], [121.4, 31.1]]]}, "properties": {"grid_id": "r079_c055", "phase": "evening_18h", "target_time": "2026-09-18 18:00:00+08:00", "hour": 18, "air_temperature_c": 27.25, "relative_humidity_pct": 67.0, "wind_speed_10m_ms": 3.71, "utci_c": 25.69, "p_base": 0.1497, "p_enhanced": 0.1682, "delta_p": 0.0184, "rel_mitigation_pct": -12.31, "risk_level": "low"}}, {"type": "Feature", "geometry": {"type": "Polygon", "coordinates": [[[121.42, 31.1], [121.42, 31.11], [121.43, 31.11], [121.43, 31.1], [121.42, 31.1]]]}, "properties": {"grid_id": "r079_c057", "phase": "evening_18h", "target_time": "2026-09-18 18:00:00+08:00", "hour": 18, "air_temperature_c": 27.25, "relative_humidity_pct": 67.0, "wind_speed_10m_ms": 3.71, "utci_c": 25.6, "p_base": 0.1478, "p_enhanced": 0.1708, "delta_p": 0.023, "rel_mitigation_pct": -15.57, "risk_level": "low"}}, {"type": "Feature", "geometry": {"type": "Polygon", "coordinates": [[[120.97, 31.09], [120.97, 31.1], [120.98, 31.1], [120.98, 31.09], [120.97, 31.09]]]}, "properties": {"grid_id": "r080_c012", "phase": "evening_18h", "target_time": "2026-09-18 18:00:00+08:00", "hour": 18, "air_temperature_c": 27.25, "relative_humidity_pct": 67.0, "wind_speed_10m_ms": 3.71, "utci_c": 23.27, "p_base": 0.1033, "p_enhanced": 0.0328, "delta_p": -0.0705, "rel_mitigation_pct": 68.24, "risk_level": "low"}}, {"type": "Feature", "geometry": {"type": "Polygon", "coordinates": [[[121.15, 31.09], [121.15, 31.1], [121.16, 31.1], [121.16, 31.09], [121.15, 31.09]]]}, "properties": {"grid_id": "r080_c030", "phase": "evening_18h", "target_time": "2026-09-18 18:00:00+08:00", "hour": 18, "air_temperature_c": 27.25, "relative_humidity_pct": 67.0, "wind_speed_10m_ms": 3.71, "utci_c": 25.6, "p_base": 0.1477, "p_enhanced": 0.1708, "delta_p": 0.0231, "rel_mitigation_pct": -15.65, "risk_level": "low"}}, {"type": "Feature", "geometry": {"type": "Polygon", "coordinates": [[[121.17, 31.09], [121.17, 31.1], [121.18, 31.1], [121.18, 31.09], [121.17, 31.09]]]}, "properties": {"grid_id": "r080_c032", "phase": "evening_18h", "target_time": "2026-09-18 18:00:00+08:00", "hour": 18, "air_temperature_c": 27.25, "relative_humidity_pct": 67.0, "wind_speed_10m_ms": 3.71, "utci_c": 25.53, "p_base": 0.1462, "p_enhanced": 0.1551, "delta_p": 0.0089, "rel_mitigation_pct": -6.1, "risk_level": "low"}}, {"type": "Feature", "geometry": {"type": "Polygon", "coordinates": [[[121.18, 31.09], [121.18, 31.1], [121.19, 31.1], [121.19, 31.09], [121.18, 31.09]]]}, "properties": {"grid_id": "r080_c033", "phase": "evening_18h", "target_time": "2026-09-18 18:00:00+08:00", "hour": 18, "air_temperature_c": 27.25, "relative_humidity_pct": 67.0, "wind_speed_10m_ms": 3.71, "utci_c": 25.1, "p_base": 0.1367, "p_enhanced": 0.1836, "delta_p": 0.0469, "rel_mitigation_pct": -34.31, "risk_level": "low"}}, {"type": "Feature", "geometry": {"type": "Polygon", "coordinates": [[[121.19, 31.09], [121.19, 31.1], [121.2, 31.1], [121.2, 31.09], [121.19, 31.09]]]}, "properties": {"grid_id": "r080_c034", "phase": "evening_18h", "target_time": "2026-09-18 18:00:00+08:00", "hour": 18, "air_temperature_c": 27.25, "relative_humidity_pct": 67.0, "wind_speed_10m_ms": 3.71, "utci_c": 25.16, "p_base": 0.1379, "p_enhanced": 0.1834, "delta_p": 0.0455, "rel_mitigation_pct": -33.02, "risk_level": "low"}}, {"type": "Feature", "geometry": {"type": "Polygon", "coordinates": [[[121.2, 31.09], [121.2, 31.1], [121.21, 31.1], [121.21, 31.09], [121.2, 31.09]]]}, "properties": {"grid_id": "r080_c035", "phase": "evening_18h", "target_time": "2026-09-18 18:00:00+08:00", "hour": 18, "air_temperature_c": 27.25, "relative_humidity_pct": 67.0, "wind_speed_10m_ms": 3.71, "utci_c": 25.46, "p_base": 0.1446, "p_enhanced": 0.1573, "delta_p": 0.0127, "rel_mitigation_pct": -8.76, "risk_level": "low"}}, {"type": "Feature", "geometry": {"type": "Polygon", "coordinates": [[[121.21, 31.09], [121.21, 31.1], [121.22, 31.1], [121.22, 31.09], [121.21, 31.09]]]}, "properties": {"grid_id": "r080_c036", "phase": "evening_18h", "target_time": "2026-09-18 18:00:00+08:00", "hour": 18, "air_temperature_c": 27.25, "relative_humidity_pct": 67.0, "wind_speed_10m_ms": 3.71, "utci_c": 25.29, "p_base": 0.1408, "p_enhanced": 0.1468, "delta_p": 0.006, "rel_mitigation_pct": -4.26, "risk_level": "low"}}, {"type": "Feature", "geometry": {"type": "Polygon", "coordinates": [[[121.22, 31.09], [121.22, 31.1], [121.23, 31.1], [121.23, 31.09], [121.22, 31.09]]]}, "properties": {"grid_id": "r080_c037", "phase": "evening_18h", "target_time": "2026-09-18 18:00:00+08:00", "hour": 18, "air_temperature_c": 27.25, "relative_humidity_pct": 67.0, "wind_speed_10m_ms": 3.71, "utci_c": 25.42, "p_base": 0.1435, "p_enhanced": 0.1587, "delta_p": 0.0152, "rel_mitigation_pct": -10.57, "risk_level": "low"}}, {"type": "Feature", "geometry": {"type": "Polygon", "coordinates": [[[121.24, 31.09], [121.24, 31.1], [121.25, 31.1], [121.25, 31.09], [121.24, 31.09]]]}, "properties": {"grid_id": "r080_c039", "phase": "evening_18h", "target_time": "2026-09-18 18:00:00+08:00", "hour": 18, "air_temperature_c": 27.25, "relative_humidity_pct": 67.0, "wind_speed_10m_ms": 3.71, "utci_c": 25.5, "p_base": 0.1455, "p_enhanced": 0.1527, "delta_p": 0.0073, "rel_mitigation_pct": -5.01, "risk_level": "low"}}, {"type": "Feature", "geometry": {"type": "Polygon", "coordinates": [[[121.34, 31.09], [121.34, 31.1], [121.35, 31.1], [121.35, 31.09], [121.34, 31.09]]]}, "properties": {"grid_id": "r080_c049", "phase": "evening_18h", "target_time": "2026-09-18 18:00:00+08:00", "hour": 18, "air_temperature_c": 27.25, "relative_humidity_pct": 67.0, "wind_speed_10m_ms": 3.71, "utci_c": 25.62, "p_base": 0.1482, "p_enhanced": 0.1701, "delta_p": 0.0219, "rel_mitigation_pct": -14.78, "risk_level": "low"}}, {"type": "Feature", "geometry": {"type": "Polygon", "coordinates": [[[121.48, 31.09], [121.48, 31.1], [121.49, 31.1], [121.49, 31.09], [121.48, 31.09]]]}, "properties": {"grid_id": "r080_c063", "phase": "evening_18h", "target_time": "2026-09-18 18:00:00+08:00", "hour": 18, "air_temperature_c": 27.25, "relative_humidity_pct": 67.0, "wind_speed_10m_ms": 3.71, "utci_c": 25.6, "p_base": 0.1476, "p_enhanced": 0.1636, "delta_p": 0.0159, "rel_mitigation_pct": -10.79, "risk_level": "low"}}, {"type": "Feature", "geometry": {"type": "Polygon", "coordinates": [[[121.49, 31.09], [121.49, 31.1], [121.5, 31.1], [121.5, 31.09], [121.49, 31.09]]]}, "properties": {"grid_id": "r080_c064", "phase": "evening_18h", "target_time": "2026-09-18 18:00:00+08:00", "hour": 18, "air_temperature_c": 27.25, "relative_humidity_pct": 67.0, "wind_speed_10m_ms": 3.71, "utci_c": 25.41, "p_base": 0.1433, "p_enhanced": 0.1469, "delta_p": 0.0035, "rel_mitigation_pct": -2.46, "risk_level": "low"}}, {"type": "Feature", "geometry": {"type": "Polygon", "coordinates": [[[121.18, 31.08], [121.18, 31.09], [121.19, 31.09], [121.19, 31.08], [121.18, 31.08]]]}, "properties": {"grid_id": "r081_c033", "phase": "evening_18h", "target_time": "2026-09-18 18:00:00+08:00", "hour": 18, "air_temperature_c": 27.25, "relative_humidity_pct": 67.0, "wind_speed_10m_ms": 3.71, "utci_c": 25.21, "p_base": 0.1391, "p_enhanced": 0.1685, "delta_p": 0.0294, "rel_mitigation_pct": -21.1, "risk_level": "low"}}, {"type": "Feature", "geometry": {"type": "Polygon", "coordinates": [[[121.19, 31.08], [121.19, 31.09], [121.2, 31.09], [121.2, 31.08], [121.19, 31.08]]]}, "properties": {"grid_id": "r081_c034", "phase": "evening_18h", "target_time": "2026-09-18 18:00:00+08:00", "hour": 18, "air_temperature_c": 27.25, "relative_humidity_pct": 67.0, "wind_speed_10m_ms": 3.71, "utci_c": 25.44, "p_base": 0.1441, "p_enhanced": 0.1624, "delta_p": 0.0183, "rel_mitigation_pct": -12.73, "risk_level": "low"}}, {"type": "Feature", "geometry": {"type": "Polygon", "coordinates": [[[121.2, 31.08], [121.2, 31.09], [121.21, 31.09], [121.21, 31.08], [121.2, 31.08]]]}, "properties": {"grid_id": "r081_c035", "phase": "evening_18h", "target_time": "2026-09-18 18:00:00+08:00", "hour": 18, "air_temperature_c": 27.25, "relative_humidity_pct": 67.0, "wind_speed_10m_ms": 3.71, "utci_c": 25.45, "p_base": 0.1444, "p_enhanced": 0.1578, "delta_p": 0.0133, "rel_mitigation_pct": -9.24, "risk_level": "low"}}, {"type": "Feature", "geometry": {"type": "Polygon", "coordinates": [[[121.22, 31.08], [121.22, 31.09], [121.23, 31.09], [121.23, 31.08], [121.22, 31.08]]]}, "properties": {"grid_id": "r081_c037", "phase": "evening_18h", "target_time": "2026-09-18 18:00:00+08:00", "hour": 18, "air_temperature_c": 27.25, "relative_humidity_pct": 67.0, "wind_speed_10m_ms": 3.71, "utci_c": 25.46, "p_base": 0.1446, "p_enhanced": 0.1699, "delta_p": 0.0253, "rel_mitigation_pct": -17.53, "risk_level": "low"}}, {"type": "Feature", "geometry": {"type": "Polygon", "coordinates": [[[121.28, 31.08], [121.28, 31.09], [121.29, 31.09], [121.29, 31.08], [121.28, 31.08]]]}, "properties": {"grid_id": "r081_c043", "phase": "evening_18h", "target_time": "2026-09-18 18:00:00+08:00", "hour": 18, "air_temperature_c": 27.25, "relative_humidity_pct": 67.0, "wind_speed_10m_ms": 3.71, "utci_c": 25.56, "p_base": 0.1467, "p_enhanced": 0.1615, "delta_p": 0.0148, "rel_mitigation_pct": -10.08, "risk_level": "low"}}, {"type": "Feature", "geometry": {"type": "Polygon", "coordinates": [[[121.39, 31.08], [121.39, 31.09], [121.4, 31.09], [121.4, 31.08], [121.39, 31.08]]]}, "properties": {"grid_id": "r081_c054", "phase": "evening_18h", "target_time": "2026-09-18 18:00:00+08:00", "hour": 18, "air_temperature_c": 27.25, "relative_humidity_pct": 67.0, "wind_speed_10m_ms": 3.71, "utci_c": 25.61, "p_base": 0.148, "p_enhanced": 0.1705, "delta_p": 0.0225, "rel_mitigation_pct": -15.19, "risk_level": "low"}}, {"type": "Feature", "geometry": {"type": "Polygon", "coordinates": [[[121.61, 31.08], [121.61, 31.09], [121.62, 31.09], [121.62, 31.08], [121.61, 31.08]]]}, "properties": {"grid_id": "r081_c076", "phase": "evening_18h", "target_time": "2026-09-18 18:00:00+08:00", "hour": 18, "air_temperature_c": 27.25, "relative_humidity_pct": 67.0, "wind_speed_10m_ms": 3.71, "utci_c": 25.59, "p_base": 0.1476, "p_enhanced": 0.168, "delta_p": 0.0204, "rel_mitigation_pct": -13.8, "risk_level": "low"}}, {"type": "Feature", "geometry": {"type": "Polygon", "coordinates": [[[120.9, 31.07], [120.9, 31.08], [120.91, 31.08], [120.91, 31.07], [120.9, 31.07]]]}, "properties": {"grid_id": "r082_c005", "phase": "evening_18h", "target_time": "2026-09-18 18:00:00+08:00", "hour": 18, "air_temperature_c": 27.25, "relative_humidity_pct": 67.0, "wind_speed_10m_ms": 3.71, "utci_c": 24.19, "p_base": 0.1188, "p_enhanced": 0.0963, "delta_p": -0.0225, "rel_mitigation_pct": 18.93, "risk_level": "low"}}, {"type": "Feature", "geometry": {"type": "Polygon", "coordinates": [[[120.93, 31.07], [120.93, 31.08], [120.94, 31.08], [120.94, 31.07], [120.93, 31.07]]]}, "properties": {"grid_id": "r082_c008", "phase": "evening_18h", "target_time": "2026-09-18 18:00:00+08:00", "hour": 18, "air_temperature_c": 27.25, "relative_humidity_pct": 67.0, "wind_speed_10m_ms": 3.71, "utci_c": 24.04, "p_base": 0.1161, "p_enhanced": 0.0553, "delta_p": -0.0608, "rel_mitigation_pct": 52.33, "risk_level": "low"}}, {"type": "Feature", "geometry": {"type": "Polygon", "coordinates": [[[120.94, 31.07], [120.94, 31.08], [120.95, 31.08], [120.95, 31.07], [120.94, 31.07]]]}, "properties": {"grid_id": "r082_c009", "phase": "evening_18h", "target_time": "2026-09-18 18:00:00+08:00", "hour": 18, "air_temperature_c": 27.25, "relative_humidity_pct": 67.0, "wind_speed_10m_ms": 3.71, "utci_c": 24.71, "p_base": 0.1288, "p_enhanced": 0.0914, "delta_p": -0.0373, "rel_mitigation_pct": 28.99, "risk_level": "low"}}, {"type": "Feature", "geometry": {"type": "Polygon", "coordinates": [[[120.99, 31.07], [120.99, 31.08], [121.0, 31.08], [121.0, 31.07], [120.99, 31.07]]]}, "properties": {"grid_id": "r082_c014", "phase": "evening_18h", "target_time": "2026-09-18 18:00:00+08:00", "hour": 18, "air_temperature_c": 27.25, "relative_humidity_pct": 67.0, "wind_speed_10m_ms": 3.71, "utci_c": 23.83, "p_base": 0.1124, "p_enhanced": 0.1436, "delta_p": 0.0311, "rel_mitigation_pct": -27.7, "risk_level": "low"}}, {"type": "Feature", "geometry": {"type": "Polygon", "coordinates": [[[121.11, 31.07], [121.11, 31.08], [121.12, 31.08], [121.12, 31.07], [121.11, 31.07]]]}, "properties": {"grid_id": "r082_c026", "phase": "evening_18h", "target_time": "2026-09-18 18:00:00+08:00", "hour": 18, "air_temperature_c": 27.25, "relative_humidity_pct": 67.0, "wind_speed_10m_ms": 3.71, "utci_c": 25.6, "p_base": 0.1478, "p_enhanced": 0.1694, "delta_p": 0.0216, "rel_mitigation_pct": -14.59, "risk_level": "low"}}, {"type": "Feature", "geometry": {"type": "Polygon", "coordinates": [[[121.14, 31.07], [121.14, 31.08], [121.15, 31.08], [121.15, 31.07], [121.14, 31.07]]]}, "properties": {"grid_id": "r082_c029", "phase": "evening_18h", "target_time": "2026-09-18 18:00:00+08:00", "hour": 18, "air_temperature_c": 27.25, "relative_humidity_pct": 67.0, "wind_speed_10m_ms": 3.71, "utci_c": 25.23, "p_base": 0.1396, "p_enhanced": 0.1832, "delta_p": 0.0436, "rel_mitigation_pct": -31.27, "risk_level": "low"}}, {"type": "Feature", "geometry": {"type": "Polygon", "coordinates": [[[121.17, 31.07], [121.17, 31.08], [121.18, 31.08], [121.18, 31.07], [121.17, 31.07]]]}, "properties": {"grid_id": "r082_c032", "phase": "evening_18h", "target_time": "2026-09-18 18:00:00+08:00", "hour": 18, "air_temperature_c": 27.25, "relative_humidity_pct": 67.0, "wind_speed_10m_ms": 3.71, "utci_c": 24.15, "p_base": 0.1181, "p_enhanced": 0.1827, "delta_p": 0.0647, "rel_mitigation_pct": -54.8, "risk_level": "low"}}, {"type": "Feature", "geometry": {"type": "Polygon", "coordinates": [[[121.49, 31.07], [121.49, 31.08], [121.5, 31.08], [121.5, 31.07], [121.49, 31.07]]]}, "properties": {"grid_id": "r082_c064", "phase": "evening_18h", "target_time": "2026-09-18 18:00:00+08:00", "hour": 18, "air_temperature_c": 27.25, "relative_humidity_pct": 67.0, "wind_speed_10m_ms": 3.71, "utci_c": 25.39, "p_base": 0.1431, "p_enhanced": 0.1725, "delta_p": 0.0295, "rel_mitigation_pct": -20.59, "risk_level": "low"}}, {"type": "Feature", "geometry": {"type": "Polygon", "coordinates": [[[121.54, 31.07], [121.54, 31.08], [121.55, 31.08], [121.55, 31.07], [121.54, 31.07]]]}, "properties": {"grid_id": "r082_c069", "phase": "evening_18h", "target_time": "2026-09-18 18:00:00+08:00", "hour": 18, "air_temperature_c": 27.25, "relative_humidity_pct": 67.0, "wind_speed_10m_ms": 3.71, "utci_c": 25.43, "p_base": 0.1439, "p_enhanced": 0.1745, "delta_p": 0.0305, "rel_mitigation_pct": -21.22, "risk_level": "low"}}, {"type": "Feature", "geometry": {"type": "Polygon", "coordinates": [[[120.91, 31.06], [120.91, 31.07], [120.92, 31.07], [120.92, 31.06], [120.91, 31.06]]]}, "properties": {"grid_id": "r083_c006", "phase": "evening_18h", "target_time": "2026-09-18 18:00:00+08:00", "hour": 18, "air_temperature_c": 27.25, "relative_humidity_pct": 67.0, "wind_speed_10m_ms": 3.71, "utci_c": 25.08, "p_base": 0.1364, "p_enhanced": 0.1195, "delta_p": -0.0169, "rel_mitigation_pct": 12.38, "risk_level": "low"}}, {"type": "Feature", "geometry": {"type": "Polygon", "coordinates": [[[120.93, 31.06], [120.93, 31.07], [120.94, 31.07], [120.94, 31.06], [120.93, 31.06]]]}, "properties": {"grid_id": "r083_c008", "phase": "evening_18h", "target_time": "2026-09-18 18:00:00+08:00", "hour": 18, "air_temperature_c": 27.25, "relative_humidity_pct": 67.0, "wind_speed_10m_ms": 3.71, "utci_c": 25.46, "p_base": 0.1446, "p_enhanced": 0.1513, "delta_p": 0.0067, "rel_mitigation_pct": -4.66, "risk_level": "low"}}, {"type": "Feature", "geometry": {"type": "Polygon", "coordinates": [[[120.97, 31.06], [120.97, 31.07], [120.98, 31.07], [120.98, 31.06], [120.97, 31.06]]]}, "properties": {"grid_id": "r083_c012", "phase": "evening_18h", "target_time": "2026-09-18 18:00:00+08:00", "hour": 18, "air_temperature_c": 27.25, "relative_humidity_pct": 67.0, "wind_speed_10m_ms": 3.71, "utci_c": 23.54, "p_base": 0.1077, "p_enhanced": 0.1179, "delta_p": 0.0102, "rel_mitigation_pct": -9.45, "risk_level": "low"}}, {"type": "Feature", "geometry": {"type": "Polygon", "coordinates": [[[121.14, 31.06], [121.14, 31.07], [121.15, 31.07], [121.15, 31.06], [121.14, 31.06]]]}, "properties": {"grid_id": "r083_c029", "phase": "evening_18h", "target_time": "2026-09-18 18:00:00+08:00", "hour": 18, "air_temperature_c": 27.25, "relative_humidity_pct": 67.0, "wind_speed_10m_ms": 3.71, "utci_c": 25.35, "p_base": 0.1422, "p_enhanced": 0.1474, "delta_p": 0.0052, "rel_mitigation_pct": -3.67, "risk_level": "low"}}, {"type": "Feature", "geometry": {"type": "Polygon", "coordinates": [[[121.15, 31.06], [121.15, 31.07], [121.16, 31.07], [121.16, 31.06], [121.15, 31.06]]]}, "properties": {"grid_id": "r083_c030", "phase": "evening_18h", "target_time": "2026-09-18 18:00:00+08:00", "hour": 18, "air_temperature_c": 27.25, "relative_humidity_pct": 67.0, "wind_speed_10m_ms": 3.71, "utci_c": 25.49, "p_base": 0.1453, "p_enhanced": 0.1584, "delta_p": 0.0131, "rel_mitigation_pct": -9.04, "risk_level": "low"}}, {"type": "Feature", "geometry": {"type": "Polygon", "coordinates": [[[121.17, 31.06], [121.17, 31.07], [121.18, 31.07], [121.18, 31.06], [121.17, 31.06]]]}, "properties": {"grid_id": "r083_c032", "phase": "evening_18h", "target_time": "2026-09-18 18:00:00+08:00", "hour": 18, "air_temperature_c": 27.25, "relative_humidity_pct": 67.0, "wind_speed_10m_ms": 3.71, "utci_c": 24.34, "p_base": 0.1216, "p_enhanced": 0.2167, "delta_p": 0.0951, "rel_mitigation_pct": -78.2, "risk_level": "low"}}, {"type": "Feature", "geometry": {"type": "Polygon", "coordinates": [[[121.19, 31.06], [121.19, 31.07], [121.2, 31.07], [121.2, 31.06], [121.19, 31.06]]]}, "properties": {"grid_id": "r083_c034", "phase": "evening_18h", "target_time": "2026-09-18 18:00:00+08:00", "hour": 18, "air_temperature_c": 27.25, "relative_humidity_pct": 67.0, "wind_speed_10m_ms": 3.71, "utci_c": 24.78, "p_base": 0.1301, "p_enhanced": 0.1284, "delta_p": -0.0017, "rel_mitigation_pct": 1.34, "risk_level": "low"}}, {"type": "Feature", "geometry": {"type": "Polygon", "coordinates": [[[121.21, 31.06], [121.21, 31.07], [121.22, 31.07], [121.22, 31.06], [121.21, 31.06]]]}, "properties": {"grid_id": "r083_c036", "phase": "evening_18h", "target_time": "2026-09-18 18:00:00+08:00", "hour": 18, "air_temperature_c": 27.25, "relative_humidity_pct": 67.0, "wind_speed_10m_ms": 3.71, "utci_c": 25.47, "p_base": 0.1447, "p_enhanced": 0.1556, "delta_p": 0.0109, "rel_mitigation_pct": -7.56, "risk_level": "low"}}, {"type": "Feature", "geometry": {"type": "Polygon", "coordinates": [[[121.23, 31.06], [121.23, 31.07], [121.24, 31.07], [121.24, 31.06], [121.23, 31.06]]]}, "properties": {"grid_id": "r083_c038", "phase": "evening_18h", "target_time": "2026-09-18 18:00:00+08:00", "hour": 18, "air_temperature_c": 27.25, "relative_humidity_pct": 67.0, "wind_speed_10m_ms": 3.71, "utci_c": 25.28, "p_base": 0.1406, "p_enhanced": 0.1307, "delta_p": -0.0099, "rel_mitigation_pct": 7.07, "risk_level": "low"}}, {"type": "Feature", "geometry": {"type": "Polygon", "coordinates": [[[121.21, 31.05], [121.21, 31.06], [121.22, 31.06], [121.22, 31.05], [121.21, 31.05]]]}, "properties": {"grid_id": "r084_c036", "phase": "evening_18h", "target_time": "2026-09-18 18:00:00+08:00", "hour": 18, "air_temperature_c": 27.25, "relative_humidity_pct": 67.0, "wind_speed_10m_ms": 3.71, "utci_c": 25.25, "p_base": 0.14, "p_enhanced": 0.1371, "delta_p": -0.0028, "rel_mitigation_pct": 2.01, "risk_level": "low"}}, {"type": "Feature", "geometry": {"type": "Polygon", "coordinates": [[[121.5, 31.05], [121.5, 31.06], [121.51, 31.06], [121.51, 31.05], [121.5, 31.05]]]}, "properties": {"grid_id": "r084_c065", "phase": "evening_18h", "target_time": "2026-09-18 18:00:00+08:00", "hour": 18, "air_temperature_c": 27.25, "relative_humidity_pct": 67.0, "wind_speed_10m_ms": 3.71, "utci_c": 24.19, "p_base": 0.1189, "p_enhanced": 0.1832, "delta_p": 0.0643, "rel_mitigation_pct": -54.12, "risk_level": "low"}}, {"type": "Feature", "geometry": {"type": "Polygon", "coordinates": [[[121.71, 31.05], [121.71, 31.06], [121.72, 31.06], [121.72, 31.05], [121.71, 31.05]]]}, "properties": {"grid_id": "r084_c086", "phase": "evening_18h", "target_time": "2026-09-18 18:00:00+08:00", "hour": 18, "air_temperature_c": 27.25, "relative_humidity_pct": 67.0, "wind_speed_10m_ms": 3.71, "utci_c": 25.24, "p_base": 0.1397, "p_enhanced": 0.1438, "delta_p": 0.0041, "rel_mitigation_pct": -2.96, "risk_level": "low"}}, {"type": "Feature", "geometry": {"type": "Polygon", "coordinates": [[[121.76, 31.05], [121.76, 31.06], [121.77, 31.06], [121.77, 31.05], [121.76, 31.05]]]}, "properties": {"grid_id": "r084_c091", "phase": "evening_18h", "target_time": "2026-09-18 18:00:00+08:00", "hour": 18, "air_temperature_c": 27.25, "relative_humidity_pct": 67.0, "wind_speed_10m_ms": 3.71, "utci_c": 25.71, "p_base": 0.1504, "p_enhanced": 0.1675, "delta_p": 0.0171, "rel_mitigation_pct": -11.37, "risk_level": "low"}}, {"type": "Feature", "geometry": {"type": "Polygon", "coordinates": [[[120.98, 31.04], [120.98, 31.05], [120.99, 31.05], [120.99, 31.04], [120.98, 31.04]]]}, "properties": {"grid_id": "r085_c013", "phase": "evening_18h", "target_time": "2026-09-18 18:00:00+08:00", "hour": 18, "air_temperature_c": 27.25, "relative_humidity_pct": 67.0, "wind_speed_10m_ms": 3.71, "utci_c": 25.34, "p_base": 0.1419, "p_enhanced": 0.1431, "delta_p": 0.0013, "rel_mitigation_pct": -0.88, "risk_level": "low"}}, {"type": "Feature", "geometry": {"type": "Polygon", "coordinates": [[[121.27, 31.04], [121.27, 31.05], [121.28, 31.05], [121.28, 31.04], [121.27, 31.04]]]}, "properties": {"grid_id": "r085_c042", "phase": "evening_18h", "target_time": "2026-09-18 18:00:00+08:00", "hour": 18, "air_temperature_c": 27.25, "relative_humidity_pct": 67.0, "wind_speed_10m_ms": 3.71, "utci_c": 25.64, "p_base": 0.1486, "p_enhanced": 0.1697, "delta_p": 0.0211, "rel_mitigation_pct": -14.21, "risk_level": "low"}}, {"type": "Feature", "geometry": {"type": "Polygon", "coordinates": [[[121.48, 31.04], [121.48, 31.05], [121.49, 31.05], [121.49, 31.04], [121.48, 31.04]]]}, "properties": {"grid_id": "r085_c063", "phase": "evening_18h", "target_time": "2026-09-18 18:00:00+08:00", "hour": 18, "air_temperature_c": 27.25, "relative_humidity_pct": 67.0, "wind_speed_10m_ms": 3.71, "utci_c": 24.91, "p_base": 0.1328, "p_enhanced": 0.146, "delta_p": 0.0132, "rel_mitigation_pct": -9.93, "risk_level": "low"}}, {"type": "Feature", "geometry": {"type": "Polygon", "coordinates": [[[121.5, 31.04], [121.5, 31.05], [121.51, 31.05], [121.51, 31.04], [121.5, 31.04]]]}, "properties": {"grid_id": "r085_c065", "phase": "evening_18h", "target_time": "2026-09-18 18:00:00+08:00", "hour": 18, "air_temperature_c": 27.25, "relative_humidity_pct": 67.0, "wind_speed_10m_ms": 3.71, "utci_c": 25.3, "p_base": 0.1411, "p_enhanced": 0.1744, "delta_p": 0.0334, "rel_mitigation_pct": -23.64, "risk_level": "low"}}, {"type": "Feature", "geometry": {"type": "Polygon", "coordinates": [[[121.51, 31.04], [121.51, 31.05], [121.52, 31.05], [121.52, 31.04], [121.51, 31.04]]]}, "properties": {"grid_id": "r085_c066", "phase": "evening_18h", "target_time": "2026-09-18 18:00:00+08:00", "hour": 18, "air_temperature_c": 27.25, "relative_humidity_pct": 67.0, "wind_speed_10m_ms": 3.71, "utci_c": 24.81, "p_base": 0.1308, "p_enhanced": 0.1896, "delta_p": 0.0588, "rel_mitigation_pct": -44.95, "risk_level": "low"}}, {"type": "Feature", "geometry": {"type": "Polygon", "coordinates": [[[121.72, 31.04], [121.72, 31.05], [121.73, 31.05], [121.73, 31.04], [121.72, 31.04]]]}, "properties": {"grid_id": "r085_c087", "phase": "evening_18h", "target_time": "2026-09-18 18:00:00+08:00", "hour": 18, "air_temperature_c": 27.25, "relative_humidity_pct": 67.0, "wind_speed_10m_ms": 3.71, "utci_c": 25.5, "p_base": 0.1455, "p_enhanced": 0.1554, "delta_p": 0.0099, "rel_mitigation_pct": -6.82, "risk_level": "low"}}, {"type": "Feature", "geometry": {"type": "Polygon", "coordinates": [[[120.91, 31.03], [120.91, 31.04], [120.92, 31.04], [120.92, 31.03], [120.91, 31.03]]]}, "properties": {"grid_id": "r086_c006", "phase": "evening_18h", "target_time": "2026-09-18 18:00:00+08:00", "hour": 18, "air_temperature_c": 27.25, "relative_humidity_pct": 67.0, "wind_speed_10m_ms": 3.71, "utci_c": 25.55, "p_base": 0.1466, "p_enhanced": 0.165, "delta_p": 0.0184, "rel_mitigation_pct": -12.53, "risk_level": "low"}}, {"type": "Feature", "geometry": {"type": "Polygon", "coordinates": [[[121.06, 31.03], [121.06, 31.04], [121.07, 31.04], [121.07, 31.03], [121.06, 31.03]]]}, "properties": {"grid_id": "r086_c021", "phase": "evening_18h", "target_time": "2026-09-18 18:00:00+08:00", "hour": 18, "air_temperature_c": 27.25, "relative_humidity_pct": 67.0, "wind_speed_10m_ms": 3.71, "utci_c": 24.33, "p_base": 0.1215, "p_enhanced": 0.1237, "delta_p": 0.0022, "rel_mitigation_pct": -1.81, "risk_level": "low"}}, {"type": "Feature", "geometry": {"type": "Polygon", "coordinates": [[[121.18, 31.03], [121.18, 31.04], [121.19, 31.04], [121.19, 31.03], [121.18, 31.03]]]}, "properties": {"grid_id": "r086_c033", "phase": "evening_18h", "target_time": "2026-09-18 18:00:00+08:00", "hour": 18, "air_temperature_c": 27.25, "relative_humidity_pct": 67.0, "wind_speed_10m_ms": 3.71, "utci_c": 25.5, "p_base": 0.1454, "p_enhanced": 0.1568, "delta_p": 0.0115, "rel_mitigation_pct": -7.89, "risk_level": "low"}}, {"type": "Feature", "geometry": {"type": "Polygon", "coordinates": [[[121.19, 31.03], [121.19, 31.04], [121.2, 31.04], [121.2, 31.03], [121.19, 31.03]]]}, "properties": {"grid_id": "r086_c034", "phase": "evening_18h", "target_time": "2026-09-18 18:00:00+08:00", "hour": 18, "air_temperature_c": 27.25, "relative_humidity_pct": 67.0, "wind_speed_10m_ms": 3.71, "utci_c": 25.06, "p_base": 0.1359, "p_enhanced": 0.1141, "delta_p": -0.0218, "rel_mitigation_pct": 16.07, "risk_level": "low"}}, {"type": "Feature", "geometry": {"type": "Polygon", "coordinates": [[[121.2, 31.03], [121.2, 31.04], [121.21, 31.04], [121.21, 31.03], [121.2, 31.03]]]}, "properties": {"grid_id": "r086_c035", "phase": "evening_18h", "target_time": "2026-09-18 18:00:00+08:00", "hour": 18, "air_temperature_c": 27.25, "relative_humidity_pct": 67.0, "wind_speed_10m_ms": 3.71, "utci_c": 25.14, "p_base": 0.1375, "p_enhanced": 0.1474, "delta_p": 0.0098, "rel_mitigation_pct": -7.15, "risk_level": "low"}}, {"type": "Feature", "geometry": {"type": "Polygon", "coordinates": [[[121.21, 31.03], [121.21, 31.04], [121.22, 31.04], [121.22, 31.03], [121.21, 31.03]]]}, "properties": {"grid_id": "r086_c036", "phase": "evening_18h", "target_time": "2026-09-18 18:00:00+08:00", "hour": 18, "air_temperature_c": 27.25, "relative_humidity_pct": 67.0, "wind_speed_10m_ms": 3.71, "utci_c": 24.98, "p_base": 0.1342, "p_enhanced": 0.1542, "delta_p": 0.02, "rel_mitigation_pct": -14.92, "risk_level": "low"}}, {"type": "Feature", "geometry": {"type": "Polygon", "coordinates": [[[121.22, 31.03], [121.22, 31.04], [121.23, 31.04], [121.23, 31.03], [121.22, 31.03]]]}, "properties": {"grid_id": "r086_c037", "phase": "evening_18h", "target_time": "2026-09-18 18:00:00+08:00", "hour": 18, "air_temperature_c": 27.25, "relative_humidity_pct": 67.0, "wind_speed_10m_ms": 3.71, "utci_c": 25.15, "p_base": 0.1377, "p_enhanced": 0.1621, "delta_p": 0.0244, "rel_mitigation_pct": -17.68, "risk_level": "low"}}, {"type": "Feature", "geometry": {"type": "Polygon", "coordinates": [[[121.23, 31.03], [121.23, 31.04], [121.24, 31.04], [121.24, 31.03], [121.23, 31.03]]]}, "properties": {"grid_id": "r086_c038", "phase": "evening_18h", "target_time": "2026-09-18 18:00:00+08:00", "hour": 18, "air_temperature_c": 27.25, "relative_humidity_pct": 67.0, "wind_speed_10m_ms": 3.71, "utci_c": 25.69, "p_base": 0.1499, "p_enhanced": 0.152, "delta_p": 0.0021, "rel_mitigation_pct": -1.41, "risk_level": "low"}}, {"type": "Feature", "geometry": {"type": "Polygon", "coordinates": [[[121.24, 31.03], [121.24, 31.04], [121.25, 31.04], [121.25, 31.03], [121.24, 31.03]]]}, "properties": {"grid_id": "r086_c039", "phase": "evening_18h", "target_time": "2026-09-18 18:00:00+08:00", "hour": 18, "air_temperature_c": 27.25, "relative_humidity_pct": 67.0, "wind_speed_10m_ms": 3.71, "utci_c": 25.76, "p_base": 0.1513, "p_enhanced": 0.1659, "delta_p": 0.0146, "rel_mitigation_pct": -9.64, "risk_level": "low"}}, {"type": "Feature", "geometry": {"type": "Polygon", "coordinates": [[[121.43, 31.03], [121.43, 31.04], [121.44, 31.04], [121.44, 31.03], [121.43, 31.03]]]}, "properties": {"grid_id": "r086_c058", "phase": "evening_18h", "target_time": "2026-09-18 18:00:00+08:00", "hour": 18, "air_temperature_c": 27.25, "relative_humidity_pct": 67.0, "wind_speed_10m_ms": 3.71, "utci_c": 25.43, "p_base": 0.1439, "p_enhanced": 0.1612, "delta_p": 0.0173, "rel_mitigation_pct": -12.01, "risk_level": "low"}}, {"type": "Feature", "geometry": {"type": "Polygon", "coordinates": [[[121.71, 31.03], [121.71, 31.04], [121.72, 31.04], [121.72, 31.03], [121.71, 31.03]]]}, "properties": {"grid_id": "r086_c086", "phase": "evening_18h", "target_time": "2026-09-18 18:00:00+08:00", "hour": 18, "air_temperature_c": 27.25, "relative_humidity_pct": 67.0, "wind_speed_10m_ms": 3.71, "utci_c": 25.63, "p_base": 0.1484, "p_enhanced": 0.1699, "delta_p": 0.0215, "rel_mitigation_pct": -14.49, "risk_level": "low"}}, {"type": "Feature", "geometry": {"type": "Polygon", "coordinates": [[[120.96, 31.03], [120.97, 31.03], [120.97, 31.02], [120.96081207835229, 31.02], [120.96, 31.020847476326466], [120.96, 31.03]]]}, "properties": {"grid_id": "r087_c011", "phase": "evening_18h", "target_time": "2026-09-18 18:00:00+08:00", "hour": 18, "air_temperature_c": 27.25, "relative_humidity_pct": 67.0, "wind_speed_10m_ms": 3.71, "utci_c": 24.68, "p_base": 0.128, "p_enhanced": 0.0905, "delta_p": -0.0375, "rel_mitigation_pct": 29.28, "risk_level": "low"}}, {"type": "Feature", "geometry": {"type": "Polygon", "coordinates": [[[120.98, 31.02], [120.98, 31.03], [120.99, 31.03], [120.99, 31.02], [120.98, 31.02]]]}, "properties": {"grid_id": "r087_c013", "phase": "evening_18h", "target_time": "2026-09-18 18:00:00+08:00", "hour": 18, "air_temperature_c": 27.25, "relative_humidity_pct": 67.0, "wind_speed_10m_ms": 3.71, "utci_c": 24.75, "p_base": 0.1296, "p_enhanced": 0.1049, "delta_p": -0.0247, "rel_mitigation_pct": 19.05, "risk_level": "low"}}, {"type": "Feature", "geometry": {"type": "Polygon", "coordinates": [[[121.03, 31.02], [121.03, 31.03], [121.04, 31.03], [121.04, 31.02], [121.03, 31.02]]]}, "properties": {"grid_id": "r087_c018", "phase": "evening_18h", "target_time": "2026-09-18 18:00:00+08:00", "hour": 18, "air_temperature_c": 27.25, "relative_humidity_pct": 67.0, "wind_speed_10m_ms": 3.71, "utci_c": 24.42, "p_base": 0.123, "p_enhanced": 0.1388, "delta_p": 0.0158, "rel_mitigation_pct": -12.86, "risk_level": "low"}}, {"type": "Feature", "geometry": {"type": "Polygon", "coordinates": [[[121.25, 31.02], [121.25, 31.03], [121.26, 31.03], [121.26, 31.02], [121.25, 31.02]]]}, "properties": {"grid_id": "r087_c040", "phase": "evening_18h", "target_time": "2026-09-18 18:00:00+08:00", "hour": 18, "air_temperature_c": 27.25, "relative_humidity_pct": 67.0, "wind_speed_10m_ms": 3.71, "utci_c": 25.6, "p_base": 0.1478, "p_enhanced": 0.1571, "delta_p": 0.0093, "rel_mitigation_pct": -6.31, "risk_level": "low"}}, {"type": "Feature", "geometry": {"type": "Polygon", "coordinates": [[[121.4, 31.02], [121.4, 31.03], [121.41, 31.03], [121.41, 31.02], [121.4, 31.02]]]}, "properties": {"grid_id": "r087_c055", "phase": "evening_18h", "target_time": "2026-09-18 18:00:00+08:00", "hour": 18, "air_temperature_c": 27.25, "relative_humidity_pct": 67.0, "wind_speed_10m_ms": 3.71, "utci_c": 25.43, "p_base": 0.1438, "p_enhanced": 0.1666, "delta_p": 0.0228, "rel_mitigation_pct": -15.86, "risk_level": "low"}}, {"type": "Feature", "geometry": {"type": "Polygon", "coordinates": [[[121.42, 31.02], [121.42, 31.03], [121.43, 31.03], [121.43, 31.02], [121.42, 31.02]]]}, "properties": {"grid_id": "r087_c057", "phase": "evening_18h", "target_time": "2026-09-18 18:00:00+08:00", "hour": 18, "air_temperature_c": 27.25, "relative_humidity_pct": 67.0, "wind_speed_10m_ms": 3.71, "utci_c": 25.51, "p_base": 0.1457, "p_enhanced": 0.1568, "delta_p": 0.011, "rel_mitigation_pct": -7.56, "risk_level": "low"}}, {"type": "Feature", "geometry": {"type": "Polygon", "coordinates": [[[121.43, 31.02], [121.43, 31.03], [121.44, 31.03], [121.44, 31.02], [121.43, 31.02]]]}, "properties": {"grid_id": "r087_c058", "phase": "evening_18h", "target_time": "2026-09-18 18:00:00+08:00", "hour": 18, "air_temperature_c": 27.25, "relative_humidity_pct": 67.0, "wind_speed_10m_ms": 3.71, "utci_c": 25.35, "p_base": 0.1422, "p_enhanced": 0.1567, "delta_p": 0.0145, "rel_mitigation_pct": -10.2, "risk_level": "low"}}, {"type": "Feature", "geometry": {"type": "Polygon", "coordinates": [[[121.44, 31.02], [121.44, 31.03], [121.45, 31.03], [121.45, 31.02], [121.44, 31.02]]]}, "properties": {"grid_id": "r087_c059", "phase": "evening_18h", "target_time": "2026-09-18 18:00:00+08:00", "hour": 18, "air_temperature_c": 27.25, "relative_humidity_pct": 67.0, "wind_speed_10m_ms": 3.71, "utci_c": 25.64, "p_base": 0.1486, "p_enhanced": 0.1626, "delta_p": 0.014, "rel_mitigation_pct": -9.39, "risk_level": "low"}}, {"type": "Feature", "geometry": {"type": "Polygon", "coordinates": [[[121.46, 31.02], [121.46, 31.03], [121.47, 31.03], [121.47, 31.02], [121.46, 31.02]]]}, "properties": {"grid_id": "r087_c061", "phase": "evening_18h", "target_time": "2026-09-18 18:00:00+08:00", "hour": 18, "air_temperature_c": 27.25, "relative_humidity_pct": 67.0, "wind_speed_10m_ms": 3.71, "utci_c": 24.96, "p_base": 0.1338, "p_enhanced": 0.1053, "delta_p": -0.0285, "rel_mitigation_pct": 21.29, "risk_level": "low"}}, {"type": "Feature", "geometry": {"type": "Polygon", "coordinates": [[[121.64, 31.02], [121.64, 31.03], [121.65, 31.03], [121.65, 31.02], [121.64, 31.02]]]}, "properties": {"grid_id": "r087_c079", "phase": "evening_18h", "target_time": "2026-09-18 18:00:00+08:00", "hour": 18, "air_temperature_c": 27.25, "relative_humidity_pct": 67.0, "wind_speed_10m_ms": 3.71, "utci_c": 25.67, "p_base": 0.1494, "p_enhanced": 0.1686, "delta_p": 0.0192, "rel_mitigation_pct": -12.86, "risk_level": "low"}}, {"type": "Feature", "geometry": {"type": "Polygon", "coordinates": [[[121.69, 31.02], [121.69, 31.03], [121.7, 31.03], [121.7, 31.02], [121.69, 31.02]]]}, "properties": {"grid_id": "r087_c084", "phase": "evening_18h", "target_time": "2026-09-18 18:00:00+08:00", "hour": 18, "air_temperature_c": 27.25, "relative_humidity_pct": 67.0, "wind_speed_10m_ms": 3.71, "utci_c": 25.73, "p_base": 0.1508, "p_enhanced": 0.1668, "delta_p": 0.016, "rel_mitigation_pct": -10.61, "risk_level": "low"}}, {"type": "Feature", "geometry": {"type": "Polygon", "coordinates": [[[121.04, 31.01], [121.04, 31.02], [121.05, 31.02], [121.05, 31.01], [121.04, 31.01]]]}, "properties": {"grid_id": "r088_c019", "phase": "evening_18h", "target_time": "2026-09-18 18:00:00+08:00", "hour": 18, "air_temperature_c": 27.25, "relative_humidity_pct": 67.0, "wind_speed_10m_ms": 3.71, "utci_c": 25.2, "p_base": 0.1387, "p_enhanced": 0.1839, "delta_p": 0.0452, "rel_mitigation_pct": -32.59, "risk_level": "low"}}, {"type": "Feature", "geometry": {"type": "Polygon", "coordinates": [[[121.26, 31.01], [121.26, 31.02], [121.27, 31.02], [121.27, 31.01], [121.26, 31.01]]]}, "properties": {"grid_id": "r088_c041", "phase": "evening_18h", "target_time": "2026-09-18 18:00:00+08:00", "hour": 18, "air_temperature_c": 27.25, "relative_humidity_pct": 67.0, "wind_speed_10m_ms": 3.71, "utci_c": 25.66, "p_base": 0.1491, "p_enhanced": 0.1584, "delta_p": 0.0093, "rel_mitigation_pct": -6.27, "risk_level": "low"}}, {"type": "Feature", "geometry": {"type": "Polygon", "coordinates": [[[121.3, 31.01], [121.3, 31.02], [121.31, 31.02], [121.31, 31.01], [121.3, 31.01]]]}, "properties": {"grid_id": "r088_c045", "phase": "evening_18h", "target_time": "2026-09-18 18:00:00+08:00", "hour": 18, "air_temperature_c": 27.25, "relative_humidity_pct": 67.0, "wind_speed_10m_ms": 3.71, "utci_c": 25.63, "p_base": 0.1484, "p_enhanced": 0.1699, "delta_p": 0.0216, "rel_mitigation_pct": -14.55, "risk_level": "low"}}, {"type": "Feature", "geometry": {"type": "Polygon", "coordinates": [[[121.64, 31.01], [121.64, 31.02], [121.65, 31.02], [121.65, 31.01], [121.64, 31.01]]]}, "properties": {"grid_id": "r088_c079", "phase": "evening_18h", "target_time": "2026-09-18 18:00:00+08:00", "hour": 18, "air_temperature_c": 27.25, "relative_humidity_pct": 67.0, "wind_speed_10m_ms": 3.71, "utci_c": 25.17, "p_base": 0.1382, "p_enhanced": 0.1478, "delta_p": 0.0096, "rel_mitigation_pct": -6.93, "risk_level": "low"}}, {"type": "Feature", "geometry": {"type": "Polygon", "coordinates": [[[121.2, 31.0], [121.2, 31.01], [121.21, 31.01], [121.21, 31.0], [121.2, 31.0]]]}, "properties": {"grid_id": "r089_c035", "phase": "evening_18h", "target_time": "2026-09-18 18:00:00+08:00", "hour": 18, "air_temperature_c": 27.25, "relative_humidity_pct": 67.0, "wind_speed_10m_ms": 3.71, "utci_c": 25.6, "p_base": 0.1477, "p_enhanced": 0.1708, "delta_p": 0.023, "rel_mitigation_pct": -15.58, "risk_level": "low"}}, {"type": "Feature", "geometry": {"type": "Polygon", "coordinates": [[[121.21, 31.0], [121.21, 31.01], [121.22, 31.01], [121.22, 31.0], [121.21, 31.0]]]}, "properties": {"grid_id": "r089_c036", "phase": "evening_18h", "target_time": "2026-09-18 18:00:00+08:00", "hour": 18, "air_temperature_c": 27.25, "relative_humidity_pct": 67.0, "wind_speed_10m_ms": 3.71, "utci_c": 25.6, "p_base": 0.1477, "p_enhanced": 0.1695, "delta_p": 0.0217, "rel_mitigation_pct": -14.71, "risk_level": "low"}}, {"type": "Feature", "geometry": {"type": "Polygon", "coordinates": [[[121.22, 31.0], [121.22, 31.01], [121.23, 31.01], [121.23, 31.0], [121.22, 31.0]]]}, "properties": {"grid_id": "r089_c037", "phase": "evening_18h", "target_time": "2026-09-18 18:00:00+08:00", "hour": 18, "air_temperature_c": 27.25, "relative_humidity_pct": 67.0, "wind_speed_10m_ms": 3.71, "utci_c": 25.55, "p_base": 0.1465, "p_enhanced": 0.1717, "delta_p": 0.0251, "rel_mitigation_pct": -17.16, "risk_level": "low"}}, {"type": "Feature", "geometry": {"type": "Polygon", "coordinates": [[[121.23, 31.0], [121.23, 31.01], [121.24, 31.01], [121.24, 31.0], [121.23, 31.0]]]}, "properties": {"grid_id": "r089_c038", "phase": "evening_18h", "target_time": "2026-09-18 18:00:00+08:00", "hour": 18, "air_temperature_c": 27.25, "relative_humidity_pct": 67.0, "wind_speed_10m_ms": 3.71, "utci_c": 25.51, "p_base": 0.1457, "p_enhanced": 0.1568, "delta_p": 0.0111, "rel_mitigation_pct": -7.64, "risk_level": "low"}}, {"type": "Feature", "geometry": {"type": "Polygon", "coordinates": [[[121.24, 31.0], [121.24, 31.01], [121.25, 31.01], [121.25, 31.0], [121.24, 31.0]]]}, "properties": {"grid_id": "r089_c039", "phase": "evening_18h", "target_time": "2026-09-18 18:00:00+08:00", "hour": 18, "air_temperature_c": 27.25, "relative_humidity_pct": 67.0, "wind_speed_10m_ms": 3.71, "utci_c": 25.39, "p_base": 0.1429, "p_enhanced": 0.1715, "delta_p": 0.0286, "rel_mitigation_pct": -20.01, "risk_level": "low"}}, {"type": "Feature", "geometry": {"type": "Polygon", "coordinates": [[[121.3, 31.0], [121.3, 31.01], [121.31, 31.01], [121.31, 31.0], [121.3, 31.0]]]}, "properties": {"grid_id": "r089_c045", "phase": "evening_18h", "target_time": "2026-09-18 18:00:00+08:00", "hour": 18, "air_temperature_c": 27.25, "relative_humidity_pct": 67.0, "wind_speed_10m_ms": 3.71, "utci_c": 25.58, "p_base": 0.1473, "p_enhanced": 0.1687, "delta_p": 0.0214, "rel_mitigation_pct": -14.54, "risk_level": "low"}}, {"type": "Feature", "geometry": {"type": "Polygon", "coordinates": [[[121.41, 31.0], [121.41, 31.01], [121.42, 31.01], [121.42, 31.0], [121.41, 31.0]]]}, "properties": {"grid_id": "r089_c056", "phase": "evening_18h", "target_time": "2026-09-18 18:00:00+08:00", "hour": 18, "air_temperature_c": 27.25, "relative_humidity_pct": 67.0, "wind_speed_10m_ms": 3.71, "utci_c": 25.88, "p_base": 0.1542, "p_enhanced": 0.1624, "delta_p": 0.0081, "rel_mitigation_pct": -5.28, "risk_level": "low"}}, {"type": "Feature", "geometry": {"type": "Polygon", "coordinates": [[[121.62, 31.0], [121.62, 31.01], [121.63, 31.01], [121.63, 31.0], [121.62, 31.0]]]}, "properties": {"grid_id": "r089_c077", "phase": "evening_18h", "target_time": "2026-09-18 18:00:00+08:00", "hour": 18, "air_temperature_c": 27.25, "relative_humidity_pct": 67.0, "wind_speed_10m_ms": 3.71, "utci_c": 25.6, "p_base": 0.1477, "p_enhanced": 0.1708, "delta_p": 0.0231, "rel_mitigation_pct": -15.65, "risk_level": "low"}}, {"type": "Feature", "geometry": {"type": "Polygon", "coordinates": [[[121.32, 30.98], [121.32, 30.99], [121.33, 30.99], [121.33, 30.98], [121.32, 30.98]]]}, "properties": {"grid_id": "r091_c047", "phase": "evening_18h", "target_time": "2026-09-18 18:00:00+08:00", "hour": 18, "air_temperature_c": 27.25, "relative_humidity_pct": 67.0, "wind_speed_10m_ms": 3.71, "utci_c": 24.4, "p_base": 0.1228, "p_enhanced": 0.0948, "delta_p": -0.028, "rel_mitigation_pct": 22.82, "risk_level": "low"}}, {"type": "Feature", "geometry": {"type": "Polygon", "coordinates": [[[121.48, 30.98], [121.48, 30.99], [121.49, 30.99], [121.49, 30.98], [121.48, 30.98]]]}, "properties": {"grid_id": "r091_c063", "phase": "evening_18h", "target_time": "2026-09-18 18:00:00+08:00", "hour": 18, "air_temperature_c": 27.25, "relative_humidity_pct": 67.0, "wind_speed_10m_ms": 3.71, "utci_c": 25.6, "p_base": 0.1477, "p_enhanced": 0.1708, "delta_p": 0.0231, "rel_mitigation_pct": -15.65, "risk_level": "low"}}, {"type": "Feature", "geometry": {"type": "Polygon", "coordinates": [[[121.29, 30.96], [121.29, 30.97], [121.3, 30.97], [121.3, 30.96], [121.29, 30.96]]]}, "properties": {"grid_id": "r093_c044", "phase": "evening_18h", "target_time": "2026-09-18 18:00:00+08:00", "hour": 18, "air_temperature_c": 27.25, "relative_humidity_pct": 67.0, "wind_speed_10m_ms": 3.71, "utci_c": 24.06, "p_base": 0.1166, "p_enhanced": 0.0723, "delta_p": -0.0443, "rel_mitigation_pct": 38.02, "risk_level": "low"}}, {"type": "Feature", "geometry": {"type": "Polygon", "coordinates": [[[121.9, 30.96], [121.9, 30.97], [121.91, 30.97], [121.91, 30.96], [121.9, 30.96]]]}, "properties": {"grid_id": "r093_c105", "phase": "evening_18h", "target_time": "2026-09-18 18:00:00+08:00", "hour": 18, "air_temperature_c": 27.25, "relative_humidity_pct": 67.0, "wind_speed_10m_ms": 3.71, "utci_c": 23.97, "p_base": 0.1149, "p_enhanced": 0.1559, "delta_p": 0.041, "rel_mitigation_pct": -35.67, "risk_level": "low"}}, {"type": "Feature", "geometry": {"type": "Polygon", "coordinates": [[[121.25, 30.95], [121.25, 30.96], [121.26, 30.96], [121.26, 30.95], [121.25, 30.95]]]}, "properties": {"grid_id": "r094_c040", "phase": "evening_18h", "target_time": "2026-09-18 18:00:00+08:00", "hour": 18, "air_temperature_c": 27.25, "relative_humidity_pct": 67.0, "wind_speed_10m_ms": 3.71, "utci_c": 25.6, "p_base": 0.1477, "p_enhanced": 0.1708, "delta_p": 0.0231, "rel_mitigation_pct": -15.65, "risk_level": "low"}}, {"type": "Feature", "geometry": {"type": "Polygon", "coordinates": [[[121.08, 30.94], [121.08, 30.95], [121.09, 30.95], [121.09, 30.94], [121.08, 30.94]]]}, "properties": {"grid_id": "r095_c023", "phase": "evening_18h", "target_time": "2026-09-18 18:00:00+08:00", "hour": 18, "air_temperature_c": 27.25, "relative_humidity_pct": 67.0, "wind_speed_10m_ms": 3.71, "utci_c": 25.61, "p_base": 0.148, "p_enhanced": 0.1704, "delta_p": 0.0224, "rel_mitigation_pct": -15.16, "risk_level": "low"}}, {"type": "Feature", "geometry": {"type": "Polygon", "coordinates": [[[121.49, 30.94], [121.49, 30.95], [121.5, 30.95], [121.5, 30.94], [121.49, 30.94]]]}, "properties": {"grid_id": "r095_c064", "phase": "evening_18h", "target_time": "2026-09-18 18:00:00+08:00", "hour": 18, "air_temperature_c": 27.25, "relative_humidity_pct": 67.0, "wind_speed_10m_ms": 3.71, "utci_c": 25.5, "p_base": 0.1453, "p_enhanced": 0.1605, "delta_p": 0.0151, "rel_mitigation_pct": -10.42, "risk_level": "low"}}, {"type": "Feature", "geometry": {"type": "Polygon", "coordinates": [[[121.63, 30.94], [121.63, 30.95], [121.64, 30.95], [121.64, 30.94], [121.63, 30.94]]]}, "properties": {"grid_id": "r095_c078", "phase": "evening_18h", "target_time": "2026-09-18 18:00:00+08:00", "hour": 18, "air_temperature_c": 27.25, "relative_humidity_pct": 67.0, "wind_speed_10m_ms": 3.71, "utci_c": 25.6, "p_base": 0.1477, "p_enhanced": 0.1708, "delta_p": 0.0231, "rel_mitigation_pct": -15.65, "risk_level": "low"}}, {"type": "Feature", "geometry": {"type": "Polygon", "coordinates": [[[121.9, 30.94], [121.9, 30.95], [121.91, 30.95], [121.91, 30.94], [121.9, 30.94]]]}, "properties": {"grid_id": "r095_c105", "phase": "evening_18h", "target_time": "2026-09-18 18:00:00+08:00", "hour": 18, "air_temperature_c": 27.25, "relative_humidity_pct": 67.0, "wind_speed_10m_ms": 3.71, "utci_c": 25.12, "p_base": 0.137, "p_enhanced": 0.148, "delta_p": 0.011, "rel_mitigation_pct": -8.02, "risk_level": "low"}}, {"type": "Feature", "geometry": {"type": "Polygon", "coordinates": [[[121.48, 30.93], [121.48, 30.94], [121.49, 30.94], [121.49, 30.93], [121.48, 30.93]]]}, "properties": {"grid_id": "r096_c063", "phase": "evening_18h", "target_time": "2026-09-18 18:00:00+08:00", "hour": 18, "air_temperature_c": 27.25, "relative_humidity_pct": 67.0, "wind_speed_10m_ms": 3.71, "utci_c": 25.57, "p_base": 0.147, "p_enhanced": 0.1686, "delta_p": 0.0216, "rel_mitigation_pct": -14.7, "risk_level": "low"}}, {"type": "Feature", "geometry": {"type": "Polygon", "coordinates": [[[121.49, 30.93], [121.49, 30.94], [121.5, 30.94], [121.5, 30.93], [121.49, 30.93]]]}, "properties": {"grid_id": "r096_c064", "phase": "evening_18h", "target_time": "2026-09-18 18:00:00+08:00", "hour": 18, "air_temperature_c": 27.25, "relative_humidity_pct": 67.0, "wind_speed_10m_ms": 3.71, "utci_c": 23.8, "p_base": 0.112, "p_enhanced": 0.0765, "delta_p": -0.0355, "rel_mitigation_pct": 31.7, "risk_level": "low"}}, {"type": "Feature", "geometry": {"type": "Polygon", "coordinates": [[[121.01, 30.92], [121.01, 30.93], [121.02, 30.93], [121.02, 30.92], [121.01, 30.92]]]}, "properties": {"grid_id": "r097_c016", "phase": "evening_18h", "target_time": "2026-09-18 18:00:00+08:00", "hour": 18, "air_temperature_c": 27.25, "relative_humidity_pct": 67.0, "wind_speed_10m_ms": 3.71, "utci_c": 25.6, "p_base": 0.1477, "p_enhanced": 0.1708, "delta_p": 0.0231, "rel_mitigation_pct": -15.65, "risk_level": "low"}}, {"type": "Feature", "geometry": {"type": "Polygon", "coordinates": [[[121.27, 30.92], [121.27, 30.93], [121.28, 30.93], [121.28, 30.92], [121.27, 30.92]]]}, "properties": {"grid_id": "r097_c042", "phase": "evening_18h", "target_time": "2026-09-18 18:00:00+08:00", "hour": 18, "air_temperature_c": 27.25, "relative_humidity_pct": 67.0, "wind_speed_10m_ms": 3.71, "utci_c": 25.6, "p_base": 0.1477, "p_enhanced": 0.1708, "delta_p": 0.0231, "rel_mitigation_pct": -15.65, "risk_level": "low"}}, {"type": "Feature", "geometry": {"type": "Polygon", "coordinates": [[[121.46, 30.92], [121.46, 30.93], [121.47, 30.93], [121.47, 30.92], [121.46, 30.92]]]}, "properties": {"grid_id": "r097_c061", "phase": "evening_18h", "target_time": "2026-09-18 18:00:00+08:00", "hour": 18, "air_temperature_c": 27.25, "relative_humidity_pct": 67.0, "wind_speed_10m_ms": 3.71, "utci_c": 25.62, "p_base": 0.1482, "p_enhanced": 0.1704, "delta_p": 0.0223, "rel_mitigation_pct": -15.03, "risk_level": "low"}}, {"type": "Feature", "geometry": {"type": "Polygon", "coordinates": [[[121.48, 30.92], [121.48, 30.93], [121.49, 30.93], [121.49, 30.92], [121.48, 30.92]]]}, "properties": {"grid_id": "r097_c063", "phase": "evening_18h", "target_time": "2026-09-18 18:00:00+08:00", "hour": 18, "air_temperature_c": 27.25, "relative_humidity_pct": 67.0, "wind_speed_10m_ms": 3.71, "utci_c": 25.54, "p_base": 0.1464, "p_enhanced": 0.1543, "delta_p": 0.0079, "rel_mitigation_pct": -5.41, "risk_level": "low"}}, {"type": "Feature", "geometry": {"type": "Polygon", "coordinates": [[[121.49, 30.92], [121.49, 30.93], [121.5, 30.93], [121.5, 30.92], [121.49, 30.92]]]}, "properties": {"grid_id": "r097_c064", "phase": "evening_18h", "target_time": "2026-09-18 18:00:00+08:00", "hour": 18, "air_temperature_c": 27.25, "relative_humidity_pct": 67.0, "wind_speed_10m_ms": 3.71, "utci_c": 25.06, "p_base": 0.136, "p_enhanced": 0.1544, "delta_p": 0.0184, "rel_mitigation_pct": -13.56, "risk_level": "low"}}, {"type": "Feature", "geometry": {"type": "Polygon", "coordinates": [[[121.57, 30.92], [121.57, 30.93], [121.58, 30.93], [121.58, 30.92], [121.57, 30.92]]]}, "properties": {"grid_id": "r097_c072", "phase": "evening_18h", "target_time": "2026-09-18 18:00:00+08:00", "hour": 18, "air_temperature_c": 27.25, "relative_humidity_pct": 67.0, "wind_speed_10m_ms": 3.71, "utci_c": 25.7, "p_base": 0.15, "p_enhanced": 0.166, "delta_p": 0.016, "rel_mitigation_pct": -10.64, "risk_level": "low"}}, {"type": "Feature", "geometry": {"type": "Polygon", "coordinates": [[[121.64, 30.92], [121.64, 30.93], [121.65, 30.93], [121.65, 30.92], [121.64, 30.92]]]}, "properties": {"grid_id": "r097_c079", "phase": "evening_18h", "target_time": "2026-09-18 18:00:00+08:00", "hour": 18, "air_temperature_c": 27.25, "relative_humidity_pct": 67.0, "wind_speed_10m_ms": 3.71, "utci_c": 25.5, "p_base": 0.1454, "p_enhanced": 0.1594, "delta_p": 0.014, "rel_mitigation_pct": -9.64, "risk_level": "low"}}, {"type": "Feature", "geometry": {"type": "Polygon", "coordinates": [[[121.68, 30.92], [121.68, 30.93], [121.69, 30.93], [121.69, 30.92], [121.68, 30.92]]]}, "properties": {"grid_id": "r097_c083", "phase": "evening_18h", "target_time": "2026-09-18 18:00:00+08:00", "hour": 18, "air_temperature_c": 27.25, "relative_humidity_pct": 67.0, "wind_speed_10m_ms": 3.71, "utci_c": 25.67, "p_base": 0.1494, "p_enhanced": 0.1555, "delta_p": 0.0062, "rel_mitigation_pct": -4.13, "risk_level": "low"}}, {"type": "Feature", "geometry": {"type": "Polygon", "coordinates": [[[121.9, 30.92], [121.9, 30.93], [121.91, 30.93], [121.91, 30.92], [121.9, 30.92]]]}, "properties": {"grid_id": "r097_c105", "phase": "evening_18h", "target_time": "2026-09-18 18:00:00+08:00", "hour": 18, "air_temperature_c": 27.25, "relative_humidity_pct": 67.0, "wind_speed_10m_ms": 3.71, "utci_c": 25.45, "p_base": 0.1443, "p_enhanced": 0.156, "delta_p": 0.0116, "rel_mitigation_pct": -8.07, "risk_level": "low"}}, {"type": "Feature", "geometry": {"type": "Polygon", "coordinates": [[[121.43, 30.91], [121.43, 30.92], [121.44, 30.92], [121.44, 30.91], [121.43, 30.91]]]}, "properties": {"grid_id": "r098_c058", "phase": "evening_18h", "target_time": "2026-09-18 18:00:00+08:00", "hour": 18, "air_temperature_c": 27.25, "relative_humidity_pct": 67.0, "wind_speed_10m_ms": 3.71, "utci_c": 25.6, "p_base": 0.1477, "p_enhanced": 0.1708, "delta_p": 0.0231, "rel_mitigation_pct": -15.65, "risk_level": "low"}}, {"type": "Feature", "geometry": {"type": "Polygon", "coordinates": [[[121.45, 30.91], [121.45, 30.92], [121.46, 30.92], [121.46, 30.91], [121.45, 30.91]]]}, "properties": {"grid_id": "r098_c060", "phase": "evening_18h", "target_time": "2026-09-18 18:00:00+08:00", "hour": 18, "air_temperature_c": 27.25, "relative_humidity_pct": 67.0, "wind_speed_10m_ms": 3.71, "utci_c": 25.62, "p_base": 0.1483, "p_enhanced": 0.1701, "delta_p": 0.0218, "rel_mitigation_pct": -14.73, "risk_level": "low"}}, {"type": "Feature", "geometry": {"type": "Polygon", "coordinates": [[[121.64, 30.91], [121.64, 30.92], [121.65, 30.92], [121.65, 30.91], [121.64, 30.91]]]}, "properties": {"grid_id": "r098_c079", "phase": "evening_18h", "target_time": "2026-09-18 18:00:00+08:00", "hour": 18, "air_temperature_c": 27.25, "relative_humidity_pct": 67.0, "wind_speed_10m_ms": 3.71, "utci_c": 25.63, "p_base": 0.1483, "p_enhanced": 0.17, "delta_p": 0.0217, "rel_mitigation_pct": -14.6, "risk_level": "low"}}, {"type": "Feature", "geometry": {"type": "Polygon", "coordinates": [[[121.81, 30.91], [121.81, 30.92], [121.82, 30.92], [121.82, 30.91], [121.81, 30.91]]]}, "properties": {"grid_id": "r098_c096", "phase": "evening_18h", "target_time": "2026-09-18 18:00:00+08:00", "hour": 18, "air_temperature_c": 27.25, "relative_humidity_pct": 67.0, "wind_speed_10m_ms": 3.71, "utci_c": 25.55, "p_base": 0.1466, "p_enhanced": 0.1628, "delta_p": 0.0163, "rel_mitigation_pct": -11.09, "risk_level": "low"}}, {"type": "Feature", "geometry": {"type": "Polygon", "coordinates": [[[121.9, 30.91], [121.9, 30.92], [121.91, 30.92], [121.91, 30.91], [121.9, 30.91]]]}, "properties": {"grid_id": "r098_c105", "phase": "evening_18h", "target_time": "2026-09-18 18:00:00+08:00", "hour": 18, "air_temperature_c": 27.25, "relative_humidity_pct": 67.0, "wind_speed_10m_ms": 3.71, "utci_c": 25.11, "p_base": 0.1369, "p_enhanced": 0.1379, "delta_p": 0.001, "rel_mitigation_pct": -0.75, "risk_level": "low"}}, {"type": "Feature", "geometry": {"type": "Polygon", "coordinates": [[[121.92, 30.91], [121.92, 30.92], [121.93, 30.92], [121.93, 30.91], [121.92, 30.91]]]}, "properties": {"grid_id": "r098_c107", "phase": "evening_18h", "target_time": "2026-09-18 18:00:00+08:00", "hour": 18, "air_temperature_c": 27.25, "relative_humidity_pct": 67.0, "wind_speed_10m_ms": 3.71, "utci_c": 24.81, "p_base": 0.1306, "p_enhanced": 0.1509, "delta_p": 0.0203, "rel_mitigation_pct": -15.51, "risk_level": "low"}}, {"type": "Feature", "geometry": {"type": "Polygon", "coordinates": [[[121.9, 30.9], [121.9, 30.91], [121.91, 30.91], [121.91, 30.9], [121.9, 30.9]]]}, "properties": {"grid_id": "r099_c105", "phase": "evening_18h", "target_time": "2026-09-18 18:00:00+08:00", "hour": 18, "air_temperature_c": 27.25, "relative_humidity_pct": 67.0, "wind_speed_10m_ms": 3.71, "utci_c": 25.38, "p_base": 0.1428, "p_enhanced": 0.1615, "delta_p": 0.0187, "rel_mitigation_pct": -13.07, "risk_level": "low"}}, {"type": "Feature", "geometry": {"type": "Polygon", "coordinates": [[[121.91, 30.9], [121.91, 30.91], [121.92, 30.91], [121.92, 30.9], [121.91, 30.9]]]}, "properties": {"grid_id": "r099_c106", "phase": "evening_18h", "target_time": "2026-09-18 18:00:00+08:00", "hour": 18, "air_temperature_c": 27.25, "relative_humidity_pct": 67.0, "wind_speed_10m_ms": 3.71, "utci_c": 24.81, "p_base": 0.1308, "p_enhanced": 0.1456, "delta_p": 0.0149, "rel_mitigation_pct": -11.37, "risk_level": "low"}}, {"type": "Feature", "geometry": {"type": "Polygon", "coordinates": [[[121.92, 30.9], [121.92, 30.91], [121.93, 30.91], [121.93, 30.9], [121.92, 30.9]]]}, "properties": {"grid_id": "r099_c107", "phase": "evening_18h", "target_time": "2026-09-18 18:00:00+08:00", "hour": 18, "air_temperature_c": 27.25, "relative_humidity_pct": 67.0, "wind_speed_10m_ms": 3.71, "utci_c": 24.28, "p_base": 0.1204, "p_enhanced": 0.0843, "delta_p": -0.0361, "rel_mitigation_pct": 30.01, "risk_level": "low"}}, {"type": "Feature", "geometry": {"type": "Polygon", "coordinates": [[[121.11, 30.89], [121.11, 30.9], [121.12, 30.9], [121.12, 30.89], [121.11, 30.89]]]}, "properties": {"grid_id": "r100_c026", "phase": "evening_18h", "target_time": "2026-09-18 18:00:00+08:00", "hour": 18, "air_temperature_c": 27.25, "relative_humidity_pct": 67.0, "wind_speed_10m_ms": 3.71, "utci_c": 25.1, "p_base": 0.1366, "p_enhanced": 0.1622, "delta_p": 0.0256, "rel_mitigation_pct": -18.71, "risk_level": "low"}}, {"type": "Feature", "geometry": {"type": "Polygon", "coordinates": [[[121.16, 30.89], [121.16, 30.9], [121.17, 30.9], [121.17, 30.89], [121.16, 30.89]]]}, "properties": {"grid_id": "r100_c031", "phase": "evening_18h", "target_time": "2026-09-18 18:00:00+08:00", "hour": 18, "air_temperature_c": 27.25, "relative_humidity_pct": 67.0, "wind_speed_10m_ms": 3.71, "utci_c": 25.6, "p_base": 0.1478, "p_enhanced": 0.1707, "delta_p": 0.0228, "rel_mitigation_pct": -15.45, "risk_level": "low"}}, {"type": "Feature", "geometry": {"type": "Polygon", "coordinates": [[[121.9, 30.89], [121.9, 30.9], [121.91, 30.9], [121.91, 30.89], [121.9, 30.89]]]}, "properties": {"grid_id": "r100_c105", "phase": "evening_18h", "target_time": "2026-09-18 18:00:00+08:00", "hour": 18, "air_temperature_c": 27.25, "relative_humidity_pct": 67.0, "wind_speed_10m_ms": 3.71, "utci_c": 25.53, "p_base": 0.1461, "p_enhanced": 0.1609, "delta_p": 0.0148, "rel_mitigation_pct": -10.15, "risk_level": "low"}}, {"type": "Feature", "geometry": {"type": "Polygon", "coordinates": [[[121.91, 30.89], [121.91, 30.9], [121.92, 30.9], [121.92, 30.89], [121.91, 30.89]]]}, "properties": {"grid_id": "r100_c106", "phase": "evening_18h", "target_time": "2026-09-18 18:00:00+08:00", "hour": 18, "air_temperature_c": 27.25, "relative_humidity_pct": 67.0, "wind_speed_10m_ms": 3.71, "utci_c": 24.77, "p_base": 0.1299, "p_enhanced": 0.1367, "delta_p": 0.0068, "rel_mitigation_pct": -5.25, "risk_level": "low"}}, {"type": "Feature", "geometry": {"type": "Polygon", "coordinates": [[[121.92, 30.89], [121.92, 30.9], [121.93, 30.9], [121.93, 30.89], [121.92, 30.89]]]}, "properties": {"grid_id": "r100_c107", "phase": "evening_18h", "target_time": "2026-09-18 18:00:00+08:00", "hour": 18, "air_temperature_c": 27.25, "relative_humidity_pct": 67.0, "wind_speed_10m_ms": 3.71, "utci_c": 24.35, "p_base": 0.1219, "p_enhanced": 0.084, "delta_p": -0.0379, "rel_mitigation_pct": 31.07, "risk_level": "low"}}, {"type": "Feature", "geometry": {"type": "Polygon", "coordinates": [[[121.0, 30.89], [121.01, 30.89], [121.01, 30.88], [121.00963666149919, 30.88], [121.000885, 30.888693], [121.0, 30.88899443945634], [121.0, 30.89]]]}, "properties": {"grid_id": "r101_c015", "phase": "evening_18h", "target_time": "2026-09-18 18:00:00+08:00", "hour": 18, "air_temperature_c": 27.25, "relative_humidity_pct": 67.0, "wind_speed_10m_ms": 3.71, "utci_c": 25.51, "p_base": 0.1457, "p_enhanced": 0.1713, "delta_p": 0.0257, "rel_mitigation_pct": -17.62, "risk_level": "low"}}, {"type": "Feature", "geometry": {"type": "Polygon", "coordinates": [[[121.01, 30.88], [121.01, 30.89], [121.02, 30.89], [121.02, 30.88], [121.01, 30.88]]]}, "properties": {"grid_id": "r101_c016", "phase": "evening_18h", "target_time": "2026-09-18 18:00:00+08:00", "hour": 18, "air_temperature_c": 27.25, "relative_humidity_pct": 67.0, "wind_speed_10m_ms": 3.71, "utci_c": 25.3, "p_base": 0.141, "p_enhanced": 0.1635, "delta_p": 0.0225, "rel_mitigation_pct": -15.96, "risk_level": "low"}}, {"type": "Feature", "geometry": {"type": "Polygon", "coordinates": [[[121.09, 30.88], [121.09, 30.89], [121.1, 30.89], [121.1, 30.88], [121.09, 30.88]]]}, "properties": {"grid_id": "r101_c024", "phase": "evening_18h", "target_time": "2026-09-18 18:00:00+08:00", "hour": 18, "air_temperature_c": 27.25, "relative_humidity_pct": 67.0, "wind_speed_10m_ms": 3.71, "utci_c": 25.52, "p_base": 0.1458, "p_enhanced": 0.1546, "delta_p": 0.0088, "rel_mitigation_pct": -6.04, "risk_level": "low"}}, {"type": "Feature", "geometry": {"type": "Polygon", "coordinates": [[[121.16, 30.88], [121.16, 30.89], [121.17, 30.89], [121.17, 30.88], [121.16, 30.88]]]}, "properties": {"grid_id": "r101_c031", "phase": "evening_18h", "target_time": "2026-09-18 18:00:00+08:00", "hour": 18, "air_temperature_c": 27.25, "relative_humidity_pct": 67.0, "wind_speed_10m_ms": 3.71, "utci_c": 25.61, "p_base": 0.1479, "p_enhanced": 0.1706, "delta_p": 0.0227, "rel_mitigation_pct": -15.35, "risk_level": "low"}}, {"type": "Feature", "geometry": {"type": "Polygon", "coordinates": [[[121.39, 30.88], [121.39, 30.89], [121.4, 30.89], [121.4, 30.88], [121.39, 30.88]]]}, "properties": {"grid_id": "r101_c054", "phase": "evening_18h", "target_time": "2026-09-18 18:00:00+08:00", "hour": 18, "air_temperature_c": 27.25, "relative_humidity_pct": 67.0, "wind_speed_10m_ms": 3.71, "utci_c": 25.6, "p_base": 0.1477, "p_enhanced": 0.1708, "delta_p": 0.0231, "rel_mitigation_pct": -15.65, "risk_level": "low"}}, {"type": "Feature", "geometry": {"type": "Polygon", "coordinates": [[[121.9, 30.88], [121.9, 30.89], [121.91, 30.89], [121.91, 30.88], [121.9, 30.88]]]}, "properties": {"grid_id": "r101_c105", "phase": "evening_18h", "target_time": "2026-09-18 18:00:00+08:00", "hour": 18, "air_temperature_c": 27.25, "relative_humidity_pct": 67.0, "wind_speed_10m_ms": 3.71, "utci_c": 24.06, "p_base": 0.1165, "p_enhanced": 0.0568, "delta_p": -0.0597, "rel_mitigation_pct": 51.21, "risk_level": "low"}}, {"type": "Feature", "geometry": {"type": "Polygon", "coordinates": [[[121.91, 30.88], [121.91, 30.89], [121.92, 30.89], [121.92, 30.88], [121.91, 30.88]]]}, "properties": {"grid_id": "r101_c106", "phase": "evening_18h", "target_time": "2026-09-18 18:00:00+08:00", "hour": 18, "air_temperature_c": 27.25, "relative_humidity_pct": 67.0, "wind_speed_10m_ms": 3.71, "utci_c": 25.35, "p_base": 0.1421, "p_enhanced": 0.1496, "delta_p": 0.0076, "rel_mitigation_pct": -5.34, "risk_level": "low"}}, {"type": "Feature", "geometry": {"type": "Polygon", "coordinates": [[[121.85, 30.87], [121.85, 30.88], [121.86, 30.88], [121.86, 30.87], [121.85, 30.87]]]}, "properties": {"grid_id": "r102_c100", "phase": "evening_18h", "target_time": "2026-09-18 18:00:00+08:00", "hour": 18, "air_temperature_c": 27.25, "relative_humidity_pct": 67.0, "wind_speed_10m_ms": 3.71, "utci_c": 25.51, "p_base": 0.1457, "p_enhanced": 0.1505, "delta_p": 0.0047, "rel_mitigation_pct": -3.25, "risk_level": "low"}}, {"type": "Feature", "geometry": {"type": "Polygon", "coordinates": [[[121.9, 30.87], [121.9, 30.88], [121.91, 30.88], [121.91, 30.87], [121.9, 30.87]]]}, "properties": {"grid_id": "r102_c105", "phase": "evening_18h", "target_time": "2026-09-18 18:00:00+08:00", "hour": 18, "air_temperature_c": 27.25, "relative_humidity_pct": 67.0, "wind_speed_10m_ms": 3.71, "utci_c": 25.42, "p_base": 0.1437, "p_enhanced": 0.1357, "delta_p": -0.008, "rel_mitigation_pct": 5.56, "risk_level": "low"}}, {"type": "Feature", "geometry": {"type": "Polygon", "coordinates": [[[121.58, 30.86], [121.58, 30.87], [121.59, 30.87], [121.59, 30.86], [121.58, 30.86]]]}, "properties": {"grid_id": "r103_c073", "phase": "evening_18h", "target_time": "2026-09-18 18:00:00+08:00", "hour": 18, "air_temperature_c": 27.25, "relative_humidity_pct": 67.0, "wind_speed_10m_ms": 3.71, "utci_c": 24.95, "p_base": 0.1335, "p_enhanced": 0.1772, "delta_p": 0.0437, "rel_mitigation_pct": -32.71, "risk_level": "low"}}, {"type": "Feature", "geometry": {"type": "Polygon", "coordinates": [[[121.68, 30.86], [121.68, 30.87], [121.69, 30.87], [121.69, 30.86], [121.68, 30.86]]]}, "properties": {"grid_id": "r103_c083", "phase": "evening_18h", "target_time": "2026-09-18 18:00:00+08:00", "hour": 18, "air_temperature_c": 27.25, "relative_humidity_pct": 67.0, "wind_speed_10m_ms": 3.71, "utci_c": 23.49, "p_base": 0.1068, "p_enhanced": 0.1498, "delta_p": 0.043, "rel_mitigation_pct": -40.23, "risk_level": "low"}}, {"type": "Feature", "geometry": {"type": "Polygon", "coordinates": [[[121.9, 30.86], [121.9, 30.87], [121.91, 30.87], [121.91, 30.86], [121.9, 30.86]]]}, "properties": {"grid_id": "r103_c105", "phase": "evening_18h", "target_time": "2026-09-18 18:00:00+08:00", "hour": 18, "air_temperature_c": 27.25, "relative_humidity_pct": 67.0, "wind_speed_10m_ms": 3.71, "utci_c": 25.38, "p_base": 0.1428, "p_enhanced": 0.1448, "delta_p": 0.0019, "rel_mitigation_pct": -1.36, "risk_level": "low"}}, {"type": "Feature", "geometry": {"type": "Polygon", "coordinates": [[[121.89, 30.85], [121.89, 30.86], [121.9, 30.86], [121.9, 30.853630144188088], [121.89091521431273, 30.85], [121.89, 30.85]]]}, "properties": {"grid_id": "r104_c104", "phase": "evening_18h", "target_time": "2026-09-18 18:00:00+08:00", "hour": 18, "air_temperature_c": 27.25, "relative_humidity_pct": 67.0, "wind_speed_10m_ms": 3.71, "utci_c": 25.71, "p_base": 0.1502, "p_enhanced": 0.1674, "delta_p": 0.0172, "rel_mitigation_pct": -11.44, "risk_level": "low"}}, {"type": "Feature", "geometry": {"type": "Polygon", "coordinates": [[[121.21, 30.83], [121.21, 30.84], [121.22, 30.84], [121.22, 30.83], [121.21, 30.83]]]}, "properties": {"grid_id": "r106_c036", "phase": "evening_18h", "target_time": "2026-09-18 18:00:00+08:00", "hour": 18, "air_temperature_c": 27.25, "relative_humidity_pct": 67.0, "wind_speed_10m_ms": 3.71, "utci_c": 25.6, "p_base": 0.1477, "p_enhanced": 0.1708, "delta_p": 0.0231, "rel_mitigation_pct": -15.65, "risk_level": "low"}}, {"type": "Feature", "geometry": {"type": "Polygon", "coordinates": [[[121.52, 30.82], [121.52, 30.83], [121.53, 30.83], [121.53, 30.82], [121.52, 30.82]]]}, "properties": {"grid_id": "r107_c067", "phase": "evening_18h", "target_time": "2026-09-18 18:00:00+08:00", "hour": 18, "air_temperature_c": 27.25, "relative_humidity_pct": 67.0, "wind_speed_10m_ms": 3.71, "utci_c": 25.14, "p_base": 0.1376, "p_enhanced": 0.1426, "delta_p": 0.005, "rel_mitigation_pct": -3.66, "risk_level": "low"}}, {"type": "Feature", "geometry": {"type": "Polygon", "coordinates": [[[121.54, 30.82], [121.54, 30.83], [121.55, 30.83], [121.55, 30.82], [121.54, 30.82]]]}, "properties": {"grid_id": "r107_c069", "phase": "evening_18h", "target_time": "2026-09-18 18:00:00+08:00", "hour": 18, "air_temperature_c": 27.25, "relative_humidity_pct": 67.0, "wind_speed_10m_ms": 3.71, "utci_c": 25.02, "p_base": 0.1349, "p_enhanced": 0.1139, "delta_p": -0.0211, "rel_mitigation_pct": 15.62, "risk_level": "low"}}, {"type": "Feature", "geometry": {"type": "Polygon", "coordinates": [[[121.56, 30.83], [121.57, 30.83], [121.57, 30.822688356210076], [121.56, 30.82001140366525], [121.56, 30.83]]]}, "properties": {"grid_id": "r107_c071", "phase": "evening_18h", "target_time": "2026-09-18 18:00:00+08:00", "hour": 18, "air_temperature_c": 27.25, "relative_humidity_pct": 67.0, "wind_speed_10m_ms": 3.71, "utci_c": 24.48, "p_base": 0.1243, "p_enhanced": 0.0773, "delta_p": -0.047, "rel_mitigation_pct": 37.84, "risk_level": "low"}}, {"type": "Feature", "geometry": {"type": "Polygon", "coordinates": [[[121.51, 30.81], [121.51, 30.82], [121.52, 30.82], [121.52, 30.81], [121.51, 30.81]]]}, "properties": {"grid_id": "r108_c066", "phase": "evening_18h", "target_time": "2026-09-18 18:00:00+08:00", "hour": 18, "air_temperature_c": 27.25, "relative_humidity_pct": 67.0, "wind_speed_10m_ms": 3.71, "utci_c": 25.6, "p_base": 0.1478, "p_enhanced": 0.1707, "delta_p": 0.0229, "rel_mitigation_pct": -15.5, "risk_level": "low"}}, {"type": "Feature", "geometry": {"type": "Polygon", "coordinates": [[[121.28, 30.8], [121.28, 30.81], [121.29, 30.81], [121.29, 30.8], [121.28, 30.8]]]}, "properties": {"grid_id": "r109_c043", "phase": "evening_18h", "target_time": "2026-09-18 18:00:00+08:00", "hour": 18, "air_temperature_c": 27.25, "relative_humidity_pct": 67.0, "wind_speed_10m_ms": 3.71, "utci_c": 25.54, "p_base": 0.1464, "p_enhanced": 0.1637, "delta_p": 0.0174, "rel_mitigation_pct": -11.87, "risk_level": "low"}}, {"type": "Feature", "geometry": {"type": "Polygon", "coordinates": [[[121.34, 30.79], [121.34, 30.8], [121.35, 30.8], [121.35, 30.79], [121.34, 30.79]]]}, "properties": {"grid_id": "r110_c049", "phase": "evening_18h", "target_time": "2026-09-18 18:00:00+08:00", "hour": 18, "air_temperature_c": 27.25, "relative_humidity_pct": 67.0, "wind_speed_10m_ms": 3.71, "utci_c": 25.61, "p_base": 0.1479, "p_enhanced": 0.1706, "delta_p": 0.0228, "rel_mitigation_pct": -15.39, "risk_level": "low"}}, {"type": "Feature", "geometry": {"type": "Polygon", "coordinates": [[[121.15, 30.79], [121.16, 30.79], [121.16, 30.784387277932964], [121.154579, 30.786594], [121.15, 30.785769805516857], [121.15, 30.79]]]}, "properties": {"grid_id": "r111_c030", "phase": "evening_18h", "target_time": "2026-09-18 18:00:00+08:00", "hour": 18, "air_temperature_c": 27.25, "relative_humidity_pct": 67.0, "wind_speed_10m_ms": 3.71, "utci_c": 24.82, "p_base": 0.131, "p_enhanced": 0.1806, "delta_p": 0.0496, "rel_mitigation_pct": -37.89, "risk_level": "low"}}, {"type": "Feature", "geometry": {"type": "Polygon", "coordinates": [[[121.34, 30.74], [121.34, 30.75], [121.35, 30.75], [121.35, 30.74], [121.34, 30.74]]]}, "properties": {"grid_id": "r115_c049", "phase": "evening_18h", "target_time": "2026-09-18 18:00:00+08:00", "hour": 18, "air_temperature_c": 27.25, "relative_humidity_pct": 67.0, "wind_speed_10m_ms": 3.71, "utci_c": 25.17, "p_base": 0.1382, "p_enhanced": 0.164, "delta_p": 0.0259, "rel_mitigation_pct": -18.73, "risk_level": "low"}}, {"type": "Feature", "geometry": {"type": "Polygon", "coordinates": [[[121.34, 30.73], [121.34, 30.74], [121.35, 30.74], [121.35, 30.73], [121.34, 30.73]]]}, "properties": {"grid_id": "r116_c049", "phase": "evening_18h", "target_time": "2026-09-18 18:00:00+08:00", "hour": 18, "air_temperature_c": 27.25, "relative_humidity_pct": 67.0, "wind_speed_10m_ms": 3.71, "utci_c": 25.46, "p_base": 0.1445, "p_enhanced": 0.1659, "delta_p": 0.0214, "rel_mitigation_pct": -14.81, "risk_level": "low"}}, {"type": "Feature", "geometry": {"type": "Polygon", "coordinates": [[[121.35, 30.73], [121.35, 30.74], [121.36, 30.74], [121.36, 30.73], [121.35, 30.73]]]}, "properties": {"grid_id": "r116_c050", "phase": "evening_18h", "target_time": "2026-09-18 18:00:00+08:00", "hour": 18, "air_temperature_c": 27.25, "relative_humidity_pct": 67.0, "wind_speed_10m_ms": 3.71, "utci_c": 25.62, "p_base": 0.1482, "p_enhanced": 0.1701, "delta_p": 0.0219, "rel_mitigation_pct": -14.77, "risk_level": "low"}}, {"type": "Feature", "geometry": {"type": "Polygon", "coordinates": [[[121.36, 30.73], [121.36, 30.74], [121.37, 30.74], [121.37, 30.73], [121.36, 30.73]]]}, "properties": {"grid_id": "r116_c051", "phase": "evening_18h", "target_time": "2026-09-18 18:00:00+08:00", "hour": 18, "air_temperature_c": 27.25, "relative_humidity_pct": 67.0, "wind_speed_10m_ms": 3.71, "utci_c": 25.3, "p_base": 0.141, "p_enhanced": 0.1673, "delta_p": 0.0263, "rel_mitigation_pct": -18.64, "risk_level": "low"}}, {"type": "Feature", "geometry": {"type": "Polygon", "coordinates": [[[121.34, 30.71], [121.34, 30.72], [121.35, 30.72], [121.35, 30.71051391093382], [121.34920207878972, 30.71], [121.34, 30.71]]]}, "properties": {"grid_id": "r118_c049", "phase": "evening_18h", "target_time": "2026-09-18 18:00:00+08:00", "hour": 18, "air_temperature_c": 27.25, "relative_humidity_pct": 67.0, "wind_speed_10m_ms": 3.71, "utci_c": 25.32, "p_base": 0.1414, "p_enhanced": 0.1455, "delta_p": 0.0041, "rel_mitigation_pct": -2.91, "risk_level": "low"}}, {"type": "Feature", "geometry": {"type": "Polygon", "coordinates": [[[121.33, 30.7], [121.33, 30.71], [121.34, 30.71], [121.34, 30.704073288386077], [121.333675629404, 30.7], [121.33, 30.7]]]}, "properties": {"grid_id": "r119_c048", "phase": "evening_18h", "target_time": "2026-09-18 18:00:00+08:00", "hour": 18, "air_temperature_c": 27.25, "relative_humidity_pct": 67.0, "wind_speed_10m_ms": 3.71, "utci_c": 24.53, "p_base": 0.1253, "p_enhanced": 0.0807, "delta_p": -0.0446, "rel_mitigation_pct": 35.56, "risk_level": "low"}}, {"type": "Feature", "geometry": {"type": "Polygon", "coordinates": [[[121.34, 30.71], [121.34920207878972, 30.71], [121.34, 30.704073288386077], [121.34, 30.71]]]}, "properties": {"grid_id": "r119_c049", "phase": "evening_18h", "target_time": "2026-09-18 18:00:00+08:00", "hour": 18, "air_temperature_c": 27.25, "relative_humidity_pct": 67.0, "wind_speed_10m_ms": 3.71, "utci_c": 24.12, "p_base": 0.1175, "p_enhanced": 0.0786, "delta_p": -0.0389, "rel_mitigation_pct": 33.09, "risk_level": "low"}}, {"type": "Feature", "geometry": {"type": "Polygon", "coordinates": [[[121.25, 31.74], [121.25, 31.75], [121.26, 31.75], [121.26, 31.74], [121.25, 31.74]]]}, "properties": {"grid_id": "r015_c040", "phase": "night_22h", "target_time": "2026-09-18 22:00:00+08:00", "hour": 22, "air_temperature_c": 25.94, "relative_humidity_pct": 75.0, "wind_speed_10m_ms": 2.64, "utci_c": 22.41, "p_base": 0.0677, "p_enhanced": 0.0494, "delta_p": -0.0183, "rel_mitigation_pct": 26.98, "risk_level": "low"}}, {"type": "Feature", "geometry": {"type": "Polygon", "coordinates": [[[121.21, 31.74], [121.22, 31.74], [121.22, 31.73240103623328], [121.213275, 31.733689], [121.21, 31.73785940554726], [121.21, 31.74]]]}, "properties": {"grid_id": "r016_c036", "phase": "night_22h", "target_time": "2026-09-18 22:00:00+08:00", "hour": 22, "air_temperature_c": 25.94, "relative_humidity_pct": 75.0, "wind_speed_10m_ms": 2.64, "utci_c": 25.65, "p_base": 0.1127, "p_enhanced": 0.1304, "delta_p": 0.0177, "rel_mitigation_pct": -15.73, "risk_level": "low"}}, {"type": "Feature", "geometry": {"type": "Polygon", "coordinates": [[[121.23, 31.74], [121.24, 31.74], [121.24, 31.73], [121.23253681903644, 31.73], [121.23, 31.73048584847608], [121.23, 31.74]]]}, "properties": {"grid_id": "r016_c038", "phase": "night_22h", "target_time": "2026-09-18 22:00:00+08:00", "hour": 22, "air_temperature_c": 25.94, "relative_humidity_pct": 75.0, "wind_speed_10m_ms": 2.64, "utci_c": 25.53, "p_base": 0.1106, "p_enhanced": 0.1418, "delta_p": 0.0312, "rel_mitigation_pct": -28.2, "risk_level": "low"}}, {"type": "Feature", "geometry": {"type": "Polygon", "coordinates": [[[121.33, 31.7], [121.33, 31.71], [121.34, 31.71], [121.34, 31.7], [121.33, 31.7]]]}, "properties": {"grid_id": "r019_c048", "phase": "night_22h", "target_time": "2026-09-18 22:00:00+08:00", "hour": 22, "air_temperature_c": 25.94, "relative_humidity_pct": 75.0, "wind_speed_10m_ms": 2.64, "utci_c": 25.72, "p_base": 0.114, "p_enhanced": 0.1371, "delta_p": 0.0232, "rel_mitigation_pct": -20.31, "risk_level": "low"}}, {"type": "Feature", "geometry": {"type": "Polygon", "coordinates": [[[121.42, 31.68], [121.42, 31.69], [121.43, 31.69], [121.43, 31.68], [121.42, 31.68]]]}, "properties": {"grid_id": "r021_c057", "phase": "night_22h", "target_time": "2026-09-18 22:00:00+08:00", "hour": 22, "air_temperature_c": 25.94, "relative_humidity_pct": 75.0, "wind_speed_10m_ms": 2.64, "utci_c": 25.7, "p_base": 0.1136, "p_enhanced": 0.1354, "delta_p": 0.0217, "rel_mitigation_pct": -19.13, "risk_level": "low"}}, {"type": "Feature", "geometry": {"type": "Polygon", "coordinates": [[[121.47, 31.68], [121.47, 31.69], [121.48, 31.69], [121.48, 31.68], [121.47, 31.68]]]}, "properties": {"grid_id": "r021_c062", "phase": "night_22h", "target_time": "2026-09-18 22:00:00+08:00", "hour": 22, "air_temperature_c": 25.94, "relative_humidity_pct": 75.0, "wind_speed_10m_ms": 2.64, "utci_c": 24.43, "p_base": 0.0927, "p_enhanced": 0.1581, "delta_p": 0.0653, "rel_mitigation_pct": -70.46, "risk_level": "low"}}, {"type": "Feature", "geometry": {"type": "Polygon", "coordinates": [[[121.47, 31.67], [121.47, 31.68], [121.48, 31.68], [121.48, 31.67], [121.47, 31.67]]]}, "properties": {"grid_id": "r022_c062", "phase": "night_22h", "target_time": "2026-09-18 22:00:00+08:00", "hour": 22, "air_temperature_c": 25.94, "relative_humidity_pct": 75.0, "wind_speed_10m_ms": 2.64, "utci_c": 25.41, "p_base": 0.1085, "p_enhanced": 0.1337, "delta_p": 0.0252, "rel_mitigation_pct": -23.28, "risk_level": "low"}}, {"type": "Feature", "geometry": {"type": "Polygon", "coordinates": [[[121.46, 31.66], [121.46, 31.67], [121.47, 31.67], [121.47, 31.66], [121.46, 31.66]]]}, "properties": {"grid_id": "r023_c061", "phase": "night_22h", "target_time": "2026-09-18 22:00:00+08:00", "hour": 22, "air_temperature_c": 25.94, "relative_humidity_pct": 75.0, "wind_speed_10m_ms": 2.64, "utci_c": 25.72, "p_base": 0.114, "p_enhanced": 0.1371, "delta_p": 0.0231, "rel_mitigation_pct": -20.24, "risk_level": "low"}}, {"type": "Feature", "geometry": {"type": "Polygon", "coordinates": [[[121.49, 31.65], [121.49, 31.66], [121.5, 31.66], [121.5, 31.65], [121.49, 31.65]]]}, "properties": {"grid_id": "r024_c064", "phase": "night_22h", "target_time": "2026-09-18 22:00:00+08:00", "hour": 22, "air_temperature_c": 25.94, "relative_humidity_pct": 75.0, "wind_speed_10m_ms": 2.64, "utci_c": 25.72, "p_base": 0.114, "p_enhanced": 0.1371, "delta_p": 0.0232, "rel_mitigation_pct": -20.31, "risk_level": "low"}}, {"type": "Feature", "geometry": {"type": "Polygon", "coordinates": [[[121.56, 31.64], [121.56, 31.65], [121.57, 31.65], [121.57, 31.64], [121.56, 31.64]]]}, "properties": {"grid_id": "r025_c071", "phase": "night_22h", "target_time": "2026-09-18 22:00:00+08:00", "hour": 22, "air_temperature_c": 25.94, "relative_humidity_pct": 75.0, "wind_speed_10m_ms": 2.64, "utci_c": 25.72, "p_base": 0.114, "p_enhanced": 0.1371, "delta_p": 0.0232, "rel_mitigation_pct": -20.31, "risk_level": "low"}}, {"type": "Feature", "geometry": {"type": "Polygon", "coordinates": [[[121.39, 31.63], [121.4, 31.63], [121.4, 31.62], [121.39686060949383, 31.62], [121.39, 31.623211543520505], [121.39, 31.63]]]}, "properties": {"grid_id": "r027_c054", "phase": "night_22h", "target_time": "2026-09-18 22:00:00+08:00", "hour": 22, "air_temperature_c": 25.94, "relative_humidity_pct": 75.0, "wind_speed_10m_ms": 2.64, "utci_c": 25.87, "p_base": 0.1169, "p_enhanced": 0.1332, "delta_p": 0.0163, "rel_mitigation_pct": -13.95, "risk_level": "low"}}, {"type": "Feature", "geometry": {"type": "Polygon", "coordinates": [[[121.41, 31.62], [121.41, 31.63], [121.42, 31.63], [121.42, 31.62], [121.41, 31.62]]]}, "properties": {"grid_id": "r027_c056", "phase": "night_22h", "target_time": "2026-09-18 22:00:00+08:00", "hour": 22, "air_temperature_c": 25.94, "relative_humidity_pct": 75.0, "wind_speed_10m_ms": 2.64, "utci_c": 25.2, "p_base": 0.1048, "p_enhanced": 0.1096, "delta_p": 0.0048, "rel_mitigation_pct": -4.53, "risk_level": "low"}}, {"type": "Feature", "geometry": {"type": "Polygon", "coordinates": [[[121.42, 31.62], [121.42, 31.63], [121.43, 31.63], [121.43, 31.62], [121.42, 31.62]]]}, "properties": {"grid_id": "r027_c057", "phase": "night_22h", "target_time": "2026-09-18 22:00:00+08:00", "hour": 22, "air_temperature_c": 25.94, "relative_humidity_pct": 75.0, "wind_speed_10m_ms": 2.64, "utci_c": 25.65, "p_base": 0.1127, "p_enhanced": 0.135, "delta_p": 0.0224, "rel_mitigation_pct": -19.84, "risk_level": "low"}}, {"type": "Feature", "geometry": {"type": "Polygon", "coordinates": [[[121.51, 31.6], [121.51, 31.61], [121.52, 31.61], [121.52, 31.6], [121.51, 31.6]]]}, "properties": {"grid_id": "r029_c066", "phase": "night_22h", "target_time": "2026-09-18 22:00:00+08:00", "hour": 22, "air_temperature_c": 25.94, "relative_humidity_pct": 75.0, "wind_speed_10m_ms": 2.64, "utci_c": 25.66, "p_base": 0.1128, "p_enhanced": 0.1311, "delta_p": 0.0183, "rel_mitigation_pct": -16.24, "risk_level": "low"}}, {"type": "Feature", "geometry": {"type": "Polygon", "coordinates": [[[121.63, 31.57], [121.63, 31.58], [121.64, 31.58], [121.64, 31.57], [121.63, 31.57]]]}, "properties": {"grid_id": "r032_c078", "phase": "night_22h", "target_time": "2026-09-18 22:00:00+08:00", "hour": 22, "air_temperature_c": 25.94, "relative_humidity_pct": 75.0, "wind_speed_10m_ms": 2.64, "utci_c": 25.59, "p_base": 0.1116, "p_enhanced": 0.1252, "delta_p": 0.0136, "rel_mitigation_pct": -12.18, "risk_level": "low"}}, {"type": "Feature", "geometry": {"type": "Polygon", "coordinates": [[[121.85, 31.53], [121.85, 31.54], [121.86, 31.54], [121.86, 31.53], [121.85, 31.53]]]}, "properties": {"grid_id": "r036_c100", "phase": "night_22h", "target_time": "2026-09-18 22:00:00+08:00", "hour": 22, "air_temperature_c": 25.94, "relative_humidity_pct": 75.0, "wind_speed_10m_ms": 2.64, "utci_c": 25.55, "p_base": 0.111, "p_enhanced": 0.1398, "delta_p": 0.0289, "rel_mitigation_pct": -26.02, "risk_level": "low"}}, {"type": "Feature", "geometry": {"type": "Polygon", "coordinates": [[[121.83, 31.52], [121.83, 31.53], [121.84, 31.53], [121.84, 31.52], [121.83, 31.52]]]}, "properties": {"grid_id": "r037_c098", "phase": "night_22h", "target_time": "2026-09-18 22:00:00+08:00", "hour": 22, "air_temperature_c": 25.94, "relative_humidity_pct": 75.0, "wind_speed_10m_ms": 2.64, "utci_c": 25.64, "p_base": 0.1125, "p_enhanced": 0.1297, "delta_p": 0.0172, "rel_mitigation_pct": -15.29, "risk_level": "low"}}, {"type": "Feature", "geometry": {"type": "Polygon", "coordinates": [[[121.94, 31.51], [121.94, 31.52], [121.95, 31.52], [121.95, 31.51], [121.94, 31.51]]]}, "properties": {"grid_id": "r038_c109", "phase": "night_22h", "target_time": "2026-09-18 22:00:00+08:00", "hour": 22, "air_temperature_c": 25.94, "relative_humidity_pct": 75.0, "wind_speed_10m_ms": 2.64, "utci_c": 24.48, "p_base": 0.0934, "p_enhanced": 0.1306, "delta_p": 0.0372, "rel_mitigation_pct": -39.8, "risk_level": "low"}}, {"type": "Feature", "geometry": {"type": "Polygon", "coordinates": [[[121.95, 31.51], [121.95, 31.52], [121.96, 31.52], [121.96, 31.51], [121.95, 31.51]]]}, "properties": {"grid_id": "r038_c110", "phase": "night_22h", "target_time": "2026-09-18 22:00:00+08:00", "hour": 22, "air_temperature_c": 25.94, "relative_humidity_pct": 75.0, "wind_speed_10m_ms": 2.64, "utci_c": 23.08, "p_base": 0.075, "p_enhanced": 0.0659, "delta_p": -0.0092, "rel_mitigation_pct": 12.21, "risk_level": "low"}}, {"type": "Feature", "geometry": {"type": "Polygon", "coordinates": [[[121.3, 31.49], [121.3, 31.5], [121.31, 31.5], [121.31, 31.49], [121.3, 31.49]]]}, "properties": {"grid_id": "r040_c045", "phase": "night_22h", "target_time": "2026-09-18 22:00:00+08:00", "hour": 22, "air_temperature_c": 25.94, "relative_humidity_pct": 75.0, "wind_speed_10m_ms": 2.64, "utci_c": 25.72, "p_base": 0.114, "p_enhanced": 0.1371, "delta_p": 0.0232, "rel_mitigation_pct": -20.31, "risk_level": "low"}}, {"type": "Feature", "geometry": {"type": "Polygon", "coordinates": [[[121.29, 31.49], [121.29, 31.48], [121.28, 31.48], [121.28, 31.48745662042014], [121.28759661160615, 31.49], [121.29, 31.49]]]}, "properties": {"grid_id": "r041_c043", "phase": "night_22h", "target_time": "2026-09-18 22:00:00+08:00", "hour": 22, "air_temperature_c": 25.94, "relative_humidity_pct": 75.0, "wind_speed_10m_ms": 2.64, "utci_c": 25.72, "p_base": 0.114, "p_enhanced": 0.1371, "delta_p": 0.0232, "rel_mitigation_pct": -20.31, "risk_level": "low"}}, {"type": "Feature", "geometry": {"type": "Polygon", "coordinates": [[[121.82, 31.48], [121.82, 31.49], [121.83, 31.49], [121.83, 31.48], [121.82, 31.48]]]}, "properties": {"grid_id": "r041_c097", "phase": "night_22h", "target_time": "2026-09-18 22:00:00+08:00", "hour": 22, "air_temperature_c": 25.94, "relative_humidity_pct": 75.0, "wind_speed_10m_ms": 2.64, "utci_c": 25.47, "p_base": 0.1095, "p_enhanced": 0.1085, "delta_p": -0.001, "rel_mitigation_pct": 0.9, "risk_level": "low"}}, {"type": "Feature", "geometry": {"type": "Polygon", "coordinates": [[[121.79, 31.46], [121.79, 31.47], [121.8, 31.47], [121.8, 31.46], [121.79, 31.46]]]}, "properties": {"grid_id": "r043_c094", "phase": "night_22h", "target_time": "2026-09-18 22:00:00+08:00", "hour": 22, "air_temperature_c": 25.94, "relative_humidity_pct": 75.0, "wind_speed_10m_ms": 2.64, "utci_c": 25.53, "p_base": 0.1106, "p_enhanced": 0.1284, "delta_p": 0.0178, "rel_mitigation_pct": -16.1, "risk_level": "low"}}, {"type": "Feature", "geometry": {"type": "Polygon", "coordinates": [[[121.81, 31.46], [121.81, 31.47], [121.82, 31.47], [121.82, 31.46], [121.81, 31.46]]]}, "properties": {"grid_id": "r043_c096", "phase": "night_22h", "target_time": "2026-09-18 22:00:00+08:00", "hour": 22, "air_temperature_c": 25.94, "relative_humidity_pct": 75.0, "wind_speed_10m_ms": 2.64, "utci_c": 25.56, "p_base": 0.1111, "p_enhanced": 0.1225, "delta_p": 0.0114, "rel_mitigation_pct": -10.29, "risk_level": "low"}}, {"type": "Feature", "geometry": {"type": "Polygon", "coordinates": [[[121.34, 31.43], [121.34, 31.44], [121.35, 31.44], [121.35, 31.43], [121.34, 31.43]]]}, "properties": {"grid_id": "r046_c049", "phase": "night_22h", "target_time": "2026-09-18 22:00:00+08:00", "hour": 22, "air_temperature_c": 25.94, "relative_humidity_pct": 75.0, "wind_speed_10m_ms": 2.64, "utci_c": 25.34, "p_base": 0.1072, "p_enhanced": 0.1479, "delta_p": 0.0407, "rel_mitigation_pct": -37.95, "risk_level": "low"}}, {"type": "Feature", "geometry": {"type": "Polygon", "coordinates": [[[121.33, 31.42], [121.33, 31.43], [121.34, 31.43], [121.34, 31.42], [121.33, 31.42]]]}, "properties": {"grid_id": "r047_c048", "phase": "night_22h", "target_time": "2026-09-18 22:00:00+08:00", "hour": 22, "air_temperature_c": 25.94, "relative_humidity_pct": 75.0, "wind_speed_10m_ms": 2.64, "utci_c": 25.72, "p_base": 0.114, "p_enhanced": 0.1371, "delta_p": 0.0232, "rel_mitigation_pct": -20.31, "risk_level": "low"}}, {"type": "Feature", "geometry": {"type": "Polygon", "coordinates": [[[121.33, 31.41], [121.33, 31.42], [121.34, 31.42], [121.34, 31.41], [121.33, 31.41]]]}, "properties": {"grid_id": "r048_c048", "phase": "night_22h", "target_time": "2026-09-18 22:00:00+08:00", "hour": 22, "air_temperature_c": 25.94, "relative_humidity_pct": 75.0, "wind_speed_10m_ms": 2.64, "utci_c": 25.62, "p_base": 0.1121, "p_enhanced": 0.1275, "delta_p": 0.0154, "rel_mitigation_pct": -13.75, "risk_level": "low"}}, {"type": "Feature", "geometry": {"type": "Polygon", "coordinates": [[[121.47, 31.41], [121.47, 31.42], [121.48, 31.42], [121.48, 31.41], [121.47, 31.41]]]}, "properties": {"grid_id": "r048_c062", "phase": "night_22h", "target_time": "2026-09-18 22:00:00+08:00", "hour": 22, "air_temperature_c": 25.94, "relative_humidity_pct": 75.0, "wind_speed_10m_ms": 2.64, "utci_c": 25.53, "p_base": 0.1105, "p_enhanced": 0.1425, "delta_p": 0.032, "rel_mitigation_pct": -28.97, "risk_level": "low"}}, {"type": "Feature", "geometry": {"type": "Polygon", "coordinates": [[[121.49, 31.41], [121.48, 31.41], [121.48, 31.42], [121.48375298797204, 31.42], [121.489165, 31.416353], [121.49, 31.41530457020918], [121.49, 31.41]]]}, "properties": {"grid_id": "r048_c063", "phase": "night_22h", "target_time": "2026-09-18 22:00:00+08:00", "hour": 22, "air_temperature_c": 25.94, "relative_humidity_pct": 75.0, "wind_speed_10m_ms": 2.64, "utci_c": 25.5, "p_base": 0.1099, "p_enhanced": 0.1389, "delta_p": 0.029, "rel_mitigation_pct": -26.33, "risk_level": "low"}}, {"type": "Feature", "geometry": {"type": "Polygon", "coordinates": [[[121.23, 31.4], [121.23, 31.41], [121.24, 31.41], [121.24, 31.4], [121.23, 31.4]]]}, "properties": {"grid_id": "r049_c038", "phase": "night_22h", "target_time": "2026-09-18 22:00:00+08:00", "hour": 22, "air_temperature_c": 25.94, "relative_humidity_pct": 75.0, "wind_speed_10m_ms": 2.64, "utci_c": 25.35, "p_base": 0.1073, "p_enhanced": 0.1268, "delta_p": 0.0195, "rel_mitigation_pct": -18.18, "risk_level": "low"}}, {"type": "Feature", "geometry": {"type": "Polygon", "coordinates": [[[121.35, 31.4], [121.35, 31.41], [121.36, 31.41], [121.36, 31.4], [121.35, 31.4]]]}, "properties": {"grid_id": "r049_c050", "phase": "night_22h", "target_time": "2026-09-18 22:00:00+08:00", "hour": 22, "air_temperature_c": 25.94, "relative_humidity_pct": 75.0, "wind_speed_10m_ms": 2.64, "utci_c": 25.47, "p_base": 0.1094, "p_enhanced": 0.1227, "delta_p": 0.0133, "rel_mitigation_pct": -12.16, "risk_level": "low"}}, {"type": "Feature", "geometry": {"type": "Polygon", "coordinates": [[[121.69, 31.4], [121.69, 31.41], [121.7, 31.41], [121.7, 31.4], [121.69, 31.4]]]}, "properties": {"grid_id": "r049_c084", "phase": "night_22h", "target_time": "2026-09-18 22:00:00+08:00", "hour": 22, "air_temperature_c": 25.94, "relative_humidity_pct": 75.0, "wind_speed_10m_ms": 2.64, "utci_c": 24.65, "p_base": 0.096, "p_enhanced": 0.1639, "delta_p": 0.0679, "rel_mitigation_pct": -70.72, "risk_level": "low"}}, {"type": "Feature", "geometry": {"type": "Polygon", "coordinates": [[[121.7, 31.4], [121.7, 31.41], [121.71, 31.41], [121.71, 31.4], [121.7, 31.4]]]}, "properties": {"grid_id": "r049_c085", "phase": "night_22h", "target_time": "2026-09-18 22:00:00+08:00", "hour": 22, "air_temperature_c": 25.94, "relative_humidity_pct": 75.0, "wind_speed_10m_ms": 2.64, "utci_c": 23.96, "p_base": 0.0861, "p_enhanced": 0.1671, "delta_p": 0.081, "rel_mitigation_pct": -94.17, "risk_level": "low"}}, {"type": "Feature", "geometry": {"type": "Polygon", "coordinates": [[[121.72, 31.4], [121.71, 31.4], [121.71, 31.41], [121.71852895582931, 31.41], [121.72, 31.409345531571713], [121.72, 31.4]]]}, "properties": {"grid_id": "r049_c086", "phase": "night_22h", "target_time": "2026-09-18 22:00:00+08:00", "hour": 22, "air_temperature_c": 25.94, "relative_humidity_pct": 75.0, "wind_speed_10m_ms": 2.64, "utci_c": 24.09, "p_base": 0.0878, "p_enhanced": 0.1311, "delta_p": 0.0434, "rel_mitigation_pct": -49.45, "risk_level": "low"}}, {"type": "Feature", "geometry": {"type": "Polygon", "coordinates": [[[121.47, 31.39], [121.47, 31.4], [121.48, 31.4], [121.48, 31.39], [121.47, 31.39]]]}, "properties": {"grid_id": "r050_c062", "phase": "night_22h", "target_time": "2026-09-18 22:00:00+08:00", "hour": 22, "air_temperature_c": 25.94, "relative_humidity_pct": 75.0, "wind_speed_10m_ms": 2.64, "utci_c": 25.78, "p_base": 0.115, "p_enhanced": 0.1357, "delta_p": 0.0207, "rel_mitigation_pct": -17.99, "risk_level": "low"}}, {"type": "Feature", "geometry": {"type": "Polygon", "coordinates": [[[121.7, 31.39], [121.7, 31.4], [121.71, 31.4], [121.71, 31.39], [121.7, 31.39]]]}, "properties": {"grid_id": "r050_c085", "phase": "night_22h", "target_time": "2026-09-18 22:00:00+08:00", "hour": 22, "air_temperature_c": 25.94, "relative_humidity_pct": 75.0, "wind_speed_10m_ms": 2.64, "utci_c": 25.38, "p_base": 0.1078, "p_enhanced": 0.1359, "delta_p": 0.0281, "rel_mitigation_pct": -26.07, "risk_level": "low"}}, {"type": "Feature", "geometry": {"type": "Polygon", "coordinates": [[[121.23, 31.38], [121.23, 31.39], [121.24, 31.39], [121.24, 31.38], [121.23, 31.38]]]}, "properties": {"grid_id": "r051_c038", "phase": "night_22h", "target_time": "2026-09-18 22:00:00+08:00", "hour": 22, "air_temperature_c": 25.94, "relative_humidity_pct": 75.0, "wind_speed_10m_ms": 2.64, "utci_c": 25.62, "p_base": 0.1122, "p_enhanced": 0.1284, "delta_p": 0.0162, "rel_mitigation_pct": -14.48, "risk_level": "low"}}, {"type": "Feature", "geometry": {"type": "Polygon", "coordinates": [[[121.24, 31.38], [121.24, 31.39], [121.25, 31.39], [121.25, 31.38], [121.24, 31.38]]]}, "properties": {"grid_id": "r051_c039", "phase": "night_22h", "target_time": "2026-09-18 22:00:00+08:00", "hour": 22, "air_temperature_c": 25.94, "relative_humidity_pct": 75.0, "wind_speed_10m_ms": 2.64, "utci_c": 25.71, "p_base": 0.1137, "p_enhanced": 0.1363, "delta_p": 0.0225, "rel_mitigation_pct": -19.8, "risk_level": "low"}}, {"type": "Feature", "geometry": {"type": "Polygon", "coordinates": [[[121.31, 31.38], [121.31, 31.39], [121.32, 31.39], [121.32, 31.38], [121.31, 31.38]]]}, "properties": {"grid_id": "r051_c046", "phase": "night_22h", "target_time": "2026-09-18 22:00:00+08:00", "hour": 22, "air_temperature_c": 25.94, "relative_humidity_pct": 75.0, "wind_speed_10m_ms": 2.64, "utci_c": 25.72, "p_base": 0.114, "p_enhanced": 0.1371, "delta_p": 0.0232, "rel_mitigation_pct": -20.31, "risk_level": "low"}}, {"type": "Feature", "geometry": {"type": "Polygon", "coordinates": [[[121.52, 31.38], [121.51, 31.38], [121.51, 31.39], [121.51015329620499, 31.39], [121.510487, 31.389581], [121.52, 31.389588318943407], [121.52, 31.38]]]}, "properties": {"grid_id": "r051_c066", "phase": "night_22h", "target_time": "2026-09-18 22:00:00+08:00", "hour": 22, "air_temperature_c": 25.94, "relative_humidity_pct": 75.0, "wind_speed_10m_ms": 2.64, "utci_c": 24.66, "p_base": 0.0962, "p_enhanced": 0.1041, "delta_p": 0.0079, "rel_mitigation_pct": -8.26, "risk_level": "low"}}, {"type": "Feature", "geometry": {"type": "Polygon", "coordinates": [[[121.53, 31.38], [121.52, 31.38], [121.52, 31.389588318943407], [121.522185, 31.38959], [121.53, 31.387382108905328], [121.53, 31.38]]]}, "properties": {"grid_id": "r051_c067", "phase": "night_22h", "target_time": "2026-09-18 22:00:00+08:00", "hour": 22, "air_temperature_c": 25.94, "relative_humidity_pct": 75.0, "wind_speed_10m_ms": 2.64, "utci_c": 24.06, "p_base": 0.0874, "p_enhanced": 0.1707, "delta_p": 0.0833, "rel_mitigation_pct": -95.26, "risk_level": "low"}}, {"type": "Feature", "geometry": {"type": "Polygon", "coordinates": [[[121.54, 31.38], [121.53, 31.38], [121.53, 31.387382108905328], [121.54, 31.38455691236705], [121.54, 31.38]]]}, "properties": {"grid_id": "r051_c068", "phase": "night_22h", "target_time": "2026-09-18 22:00:00+08:00", "hour": 22, "air_temperature_c": 25.94, "relative_humidity_pct": 75.0, "wind_speed_10m_ms": 2.64, "utci_c": 24.97, "p_base": 0.101, "p_enhanced": 0.1559, "delta_p": 0.0549, "rel_mitigation_pct": -54.33, "risk_level": "low"}}, {"type": "Feature", "geometry": {"type": "Polygon", "coordinates": [[[121.7, 31.38], [121.7, 31.39], [121.71, 31.39], [121.71, 31.38], [121.7, 31.38]]]}, "properties": {"grid_id": "r051_c085", "phase": "night_22h", "target_time": "2026-09-18 22:00:00+08:00", "hour": 22, "air_temperature_c": 25.94, "relative_humidity_pct": 75.0, "wind_speed_10m_ms": 2.64, "utci_c": 25.55, "p_base": 0.1108, "p_enhanced": 0.1303, "delta_p": 0.0195, "rel_mitigation_pct": -17.59, "risk_level": "low"}}, {"type": "Feature", "geometry": {"type": "Polygon", "coordinates": [[[121.52, 31.37], [121.52, 31.38], [121.53, 31.38], [121.53, 31.37], [121.52, 31.37]]]}, "properties": {"grid_id": "r052_c067", "phase": "night_22h", "target_time": "2026-09-18 22:00:00+08:00", "hour": 22, "air_temperature_c": 25.94, "relative_humidity_pct": 75.0, "wind_speed_10m_ms": 2.64, "utci_c": 25.29, "p_base": 0.1063, "p_enhanced": 0.1495, "delta_p": 0.0432, "rel_mitigation_pct": -40.67, "risk_level": "low"}}, {"type": "Feature", "geometry": {"type": "Polygon", "coordinates": [[[121.25, 31.36], [121.25, 31.37], [121.26, 31.37], [121.26, 31.36], [121.25, 31.36]]]}, "properties": {"grid_id": "r053_c040", "phase": "night_22h", "target_time": "2026-09-18 22:00:00+08:00", "hour": 22, "air_temperature_c": 25.94, "relative_humidity_pct": 75.0, "wind_speed_10m_ms": 2.64, "utci_c": 25.59, "p_base": 0.1117, "p_enhanced": 0.1336, "delta_p": 0.0219, "rel_mitigation_pct": -19.64, "risk_level": "low"}}, {"type": "Feature", "geometry": {"type": "Polygon", "coordinates": [[[121.42, 31.36], [121.42, 31.37], [121.43, 31.37], [121.43, 31.36], [121.42, 31.36]]]}, "properties": {"grid_id": "r053_c057", "phase": "night_22h", "target_time": "2026-09-18 22:00:00+08:00", "hour": 22, "air_temperature_c": 25.94, "relative_humidity_pct": 75.0, "wind_speed_10m_ms": 2.64, "utci_c": 25.73, "p_base": 0.1142, "p_enhanced": 0.1369, "delta_p": 0.0228, "rel_mitigation_pct": -19.96, "risk_level": "low"}}, {"type": "Feature", "geometry": {"type": "Polygon", "coordinates": [[[121.36, 31.35], [121.36, 31.36], [121.37, 31.36], [121.37, 31.35], [121.36, 31.35]]]}, "properties": {"grid_id": "r054_c051", "phase": "night_22h", "target_time": "2026-09-18 22:00:00+08:00", "hour": 22, "air_temperature_c": 25.94, "relative_humidity_pct": 75.0, "wind_speed_10m_ms": 2.64, "utci_c": 25.72, "p_base": 0.114, "p_enhanced": 0.1371, "delta_p": 0.0232, "rel_mitigation_pct": -20.31, "risk_level": "low"}}, {"type": "Feature", "geometry": {"type": "Polygon", "coordinates": [[[121.42, 31.35], [121.42, 31.36], [121.43, 31.36], [121.43, 31.35], [121.42, 31.35]]]}, "properties": {"grid_id": "r054_c057", "phase": "night_22h", "target_time": "2026-09-18 22:00:00+08:00", "hour": 22, "air_temperature_c": 25.94, "relative_humidity_pct": 75.0, "wind_speed_10m_ms": 2.64, "utci_c": 25.25, "p_base": 0.1056, "p_enhanced": 0.1506, "delta_p": 0.045, "rel_mitigation_pct": -42.62, "risk_level": "low"}}, {"type": "Feature", "geometry": {"type": "Polygon", "coordinates": [[[121.78, 31.35], [121.78, 31.36], [121.78667307180206, 31.36], [121.786709, 31.359951], [121.78777437729488, 31.35], [121.78, 31.35]]]}, "properties": {"grid_id": "r054_c093", "phase": "night_22h", "target_time": "2026-09-18 22:00:00+08:00", "hour": 22, "air_temperature_c": 25.94, "relative_humidity_pct": 75.0, "wind_speed_10m_ms": 2.64, "utci_c": 25.49, "p_base": 0.1098, "p_enhanced": 0.1228, "delta_p": 0.013, "rel_mitigation_pct": -11.87, "risk_level": "low"}}, {"type": "Feature", "geometry": {"type": "Polygon", "coordinates": [[[121.36, 31.34], [121.36, 31.35], [121.37, 31.35], [121.37, 31.34], [121.36, 31.34]]]}, "properties": {"grid_id": "r055_c051", "phase": "night_22h", "target_time": "2026-09-18 22:00:00+08:00", "hour": 22, "air_temperature_c": 25.94, "relative_humidity_pct": 75.0, "wind_speed_10m_ms": 2.64, "utci_c": 24.9, "p_base": 0.1, "p_enhanced": 0.139, "delta_p": 0.039, "rel_mitigation_pct": -39.02, "risk_level": "low"}}, {"type": "Feature", "geometry": {"type": "Polygon", "coordinates": [[[121.42, 31.34], [121.42, 31.35], [121.43, 31.35], [121.43, 31.34], [121.42, 31.34]]]}, "properties": {"grid_id": "r055_c057", "phase": "night_22h", "target_time": "2026-09-18 22:00:00+08:00", "hour": 22, "air_temperature_c": 25.94, "relative_humidity_pct": 75.0, "wind_speed_10m_ms": 2.64, "utci_c": 25.45, "p_base": 0.1092, "p_enhanced": 0.1167, "delta_p": 0.0075, "rel_mitigation_pct": -6.87, "risk_level": "low"}}, {"type": "Feature", "geometry": {"type": "Polygon", "coordinates": [[[121.43, 31.34], [121.43, 31.35], [121.44, 31.35], [121.44, 31.34], [121.43, 31.34]]]}, "properties": {"grid_id": "r055_c058", "phase": "night_22h", "target_time": "2026-09-18 22:00:00+08:00", "hour": 22, "air_temperature_c": 25.94, "relative_humidity_pct": 75.0, "wind_speed_10m_ms": 2.64, "utci_c": 25.51, "p_base": 0.1102, "p_enhanced": 0.1144, "delta_p": 0.0042, "rel_mitigation_pct": -3.81, "risk_level": "low"}}, {"type": "Feature", "geometry": {"type": "Polygon", "coordinates": [[[121.44, 31.34], [121.44, 31.35], [121.45, 31.35], [121.45, 31.34], [121.44, 31.34]]]}, "properties": {"grid_id": "r055_c059", "phase": "night_22h", "target_time": "2026-09-18 22:00:00+08:00", "hour": 22, "air_temperature_c": 25.94, "relative_humidity_pct": 75.0, "wind_speed_10m_ms": 2.64, "utci_c": 25.5, "p_base": 0.11, "p_enhanced": 0.1301, "delta_p": 0.0201, "rel_mitigation_pct": -18.26, "risk_level": "low"}}, {"type": "Feature", "geometry": {"type": "Polygon", "coordinates": [[[121.46, 31.34], [121.46, 31.35], [121.47, 31.35], [121.47, 31.34], [121.46, 31.34]]]}, "properties": {"grid_id": "r055_c061", "phase": "night_22h", "target_time": "2026-09-18 22:00:00+08:00", "hour": 22, "air_temperature_c": 25.94, "relative_humidity_pct": 75.0, "wind_speed_10m_ms": 2.64, "utci_c": 25.67, "p_base": 0.113, "p_enhanced": 0.1386, "delta_p": 0.0256, "rel_mitigation_pct": -22.64, "risk_level": "low"}}, {"type": "Feature", "geometry": {"type": "Polygon", "coordinates": [[[121.48, 31.34], [121.48, 31.35], [121.49, 31.35], [121.49, 31.34], [121.48, 31.34]]]}, "properties": {"grid_id": "r055_c063", "phase": "night_22h", "target_time": "2026-09-18 22:00:00+08:00", "hour": 22, "air_temperature_c": 25.94, "relative_humidity_pct": 75.0, "wind_speed_10m_ms": 2.64, "utci_c": 25.79, "p_base": 0.1154, "p_enhanced": 0.1292, "delta_p": 0.0138, "rel_mitigation_pct": -11.99, "risk_level": "low"}}, {"type": "Feature", "geometry": {"type": "Polygon", "coordinates": [[[121.49, 31.34], [121.49, 31.35], [121.5, 31.35], [121.5, 31.34], [121.49, 31.34]]]}, "properties": {"grid_id": "r055_c064", "phase": "night_22h", "target_time": "2026-09-18 22:00:00+08:00", "hour": 22, "air_temperature_c": 25.94, "relative_humidity_pct": 75.0, "wind_speed_10m_ms": 2.64, "utci_c": 25.75, "p_base": 0.1146, "p_enhanced": 0.1277, "delta_p": 0.0131, "rel_mitigation_pct": -11.42, "risk_level": "low"}}, {"type": "Feature", "geometry": {"type": "Polygon", "coordinates": [[[121.57, 31.34], [121.57, 31.35], [121.58, 31.35], [121.58, 31.34], [121.57, 31.34]]]}, "properties": {"grid_id": "r055_c072", "phase": "night_22h", "target_time": "2026-09-18 22:00:00+08:00", "hour": 22, "air_temperature_c": 25.94, "relative_humidity_pct": 75.0, "wind_speed_10m_ms": 2.64, "utci_c": 25.73, "p_base": 0.1142, "p_enhanced": 0.1256, "delta_p": 0.0114, "rel_mitigation_pct": -10.0, "risk_level": "low"}}, {"type": "Feature", "geometry": {"type": "Polygon", "coordinates": [[[121.22, 31.33], [121.22, 31.34], [121.23, 31.34], [121.23, 31.33], [121.22, 31.33]]]}, "properties": {"grid_id": "r056_c037", "phase": "night_22h", "target_time": "2026-09-18 22:00:00+08:00", "hour": 22, "air_temperature_c": 25.94, "relative_humidity_pct": 75.0, "wind_speed_10m_ms": 2.64, "utci_c": 25.64, "p_base": 0.1125, "p_enhanced": 0.1239, "delta_p": 0.0114, "rel_mitigation_pct": -10.11, "risk_level": "low"}}, {"type": "Feature", "geometry": {"type": "Polygon", "coordinates": [[[121.26, 31.33], [121.26, 31.34], [121.27, 31.34], [121.27, 31.33], [121.26, 31.33]]]}, "properties": {"grid_id": "r056_c041", "phase": "night_22h", "target_time": "2026-09-18 22:00:00+08:00", "hour": 22, "air_temperature_c": 25.94, "relative_humidity_pct": 75.0, "wind_speed_10m_ms": 2.64, "utci_c": 25.74, "p_base": 0.1143, "p_enhanced": 0.1356, "delta_p": 0.0213, "rel_mitigation_pct": -18.62, "risk_level": "low"}}, {"type": "Feature", "geometry": {"type": "Polygon", "coordinates": [[[121.88, 31.33], [121.88, 31.34], [121.89, 31.34], [121.89, 31.33], [121.88, 31.33]]]}, "properties": {"grid_id": "r056_c103", "phase": "night_22h", "target_time": "2026-09-18 22:00:00+08:00", "hour": 22, "air_temperature_c": 25.94, "relative_humidity_pct": 75.0, "wind_speed_10m_ms": 2.64, "utci_c": 25.46, "p_base": 0.1092, "p_enhanced": 0.1138, "delta_p": 0.0046, "rel_mitigation_pct": -4.19, "risk_level": "low"}}, {"type": "Feature", "geometry": {"type": "Polygon", "coordinates": [[[121.39, 31.32], [121.39, 31.33], [121.4, 31.33], [121.4, 31.32], [121.39, 31.32]]]}, "properties": {"grid_id": "r057_c054", "phase": "night_22h", "target_time": "2026-09-18 22:00:00+08:00", "hour": 22, "air_temperature_c": 25.94, "relative_humidity_pct": 75.0, "wind_speed_10m_ms": 2.64, "utci_c": 25.52, "p_base": 0.1104, "p_enhanced": 0.1199, "delta_p": 0.0095, "rel_mitigation_pct": -8.6, "risk_level": "low"}}, {"type": "Feature", "geometry": {"type": "Polygon", "coordinates": [[[121.43, 31.32], [121.43, 31.33], [121.44, 31.33], [121.44, 31.32], [121.43, 31.32]]]}, "properties": {"grid_id": "r057_c058", "phase": "night_22h", "target_time": "2026-09-18 22:00:00+08:00", "hour": 22, "air_temperature_c": 25.94, "relative_humidity_pct": 75.0, "wind_speed_10m_ms": 2.64, "utci_c": 25.71, "p_base": 0.1138, "p_enhanced": 0.1375, "delta_p": 0.0237, "rel_mitigation_pct": -20.84, "risk_level": "low"}}, {"type": "Feature", "geometry": {"type": "Polygon", "coordinates": [[[121.46, 31.32], [121.46, 31.33], [121.47, 31.33], [121.47, 31.32], [121.46, 31.32]]]}, "properties": {"grid_id": "r057_c061", "phase": "night_22h", "target_time": "2026-09-18 22:00:00+08:00", "hour": 22, "air_temperature_c": 25.94, "relative_humidity_pct": 75.0, "wind_speed_10m_ms": 2.64, "utci_c": 25.67, "p_base": 0.1131, "p_enhanced": 0.1281, "delta_p": 0.015, "rel_mitigation_pct": -13.29, "risk_level": "low"}}, {"type": "Feature", "geometry": {"type": "Polygon", "coordinates": [[[121.5, 31.32], [121.5, 31.33], [121.51, 31.33], [121.51, 31.32], [121.5, 31.32]]]}, "properties": {"grid_id": "r057_c065", "phase": "night_22h", "target_time": "2026-09-18 22:00:00+08:00", "hour": 22, "air_temperature_c": 25.94, "relative_humidity_pct": 75.0, "wind_speed_10m_ms": 2.64, "utci_c": 25.43, "p_base": 0.1088, "p_enhanced": 0.1244, "delta_p": 0.0156, "rel_mitigation_pct": -14.33, "risk_level": "low"}}, {"type": "Feature", "geometry": {"type": "Polygon", "coordinates": [[[121.54, 31.32], [121.54, 31.33], [121.55, 31.33], [121.55, 31.32], [121.54, 31.32]]]}, "properties": {"grid_id": "r057_c069", "phase": "night_22h", "target_time": "2026-09-18 22:00:00+08:00", "hour": 22, "air_temperature_c": 25.94, "relative_humidity_pct": 75.0, "wind_speed_10m_ms": 2.64, "utci_c": 24.61, "p_base": 0.0954, "p_enhanced": 0.1522, "delta_p": 0.0568, "rel_mitigation_pct": -59.55, "risk_level": "low"}}, {"type": "Feature", "geometry": {"type": "Polygon", "coordinates": [[[121.59, 31.32], [121.59, 31.33], [121.6, 31.33], [121.6, 31.32], [121.59, 31.32]]]}, "properties": {"grid_id": "r057_c074", "phase": "night_22h", "target_time": "2026-09-18 22:00:00+08:00", "hour": 22, "air_temperature_c": 25.94, "relative_humidity_pct": 75.0, "wind_speed_10m_ms": 2.64, "utci_c": 25.04, "p_base": 0.1021, "p_enhanced": 0.1513, "delta_p": 0.0491, "rel_mitigation_pct": -48.12, "risk_level": "low"}}, {"type": "Feature", "geometry": {"type": "Polygon", "coordinates": [[[121.3, 31.31], [121.3, 31.32], [121.31, 31.32], [121.31, 31.31], [121.3, 31.31]]]}, "properties": {"grid_id": "r058_c045", "phase": "night_22h", "target_time": "2026-09-18 22:00:00+08:00", "hour": 22, "air_temperature_c": 25.94, "relative_humidity_pct": 75.0, "wind_speed_10m_ms": 2.64, "utci_c": 25.27, "p_base": 0.106, "p_enhanced": 0.1166, "delta_p": 0.0106, "rel_mitigation_pct": -10.01, "risk_level": "low"}}, {"type": "Feature", "geometry": {"type": "Polygon", "coordinates": [[[121.4, 31.31], [121.4, 31.32], [121.41, 31.32], [121.41, 31.31], [121.4, 31.31]]]}, "properties": {"grid_id": "r058_c055", "phase": "night_22h", "target_time": "2026-09-18 22:00:00+08:00", "hour": 22, "air_temperature_c": 25.94, "relative_humidity_pct": 75.0, "wind_speed_10m_ms": 2.64, "utci_c": 25.69, "p_base": 0.1135, "p_enhanced": 0.1379, "delta_p": 0.0244, "rel_mitigation_pct": -21.53, "risk_level": "low"}}, {"type": "Feature", "geometry": {"type": "Polygon", "coordinates": [[[121.45, 31.31], [121.45, 31.32], [121.46, 31.32], [121.46, 31.31], [121.45, 31.31]]]}, "properties": {"grid_id": "r058_c060", "phase": "night_22h", "target_time": "2026-09-18 22:00:00+08:00", "hour": 22, "air_temperature_c": 25.94, "relative_humidity_pct": 75.0, "wind_speed_10m_ms": 2.64, "utci_c": 25.61, "p_base": 0.1119, "p_enhanced": 0.1334, "delta_p": 0.0215, "rel_mitigation_pct": -19.18, "risk_level": "low"}}, {"type": "Feature", "geometry": {"type": "Polygon", "coordinates": [[[121.47, 31.31], [121.47, 31.32], [121.48, 31.32], [121.48, 31.31], [121.47, 31.31]]]}, "properties": {"grid_id": "r058_c062", "phase": "night_22h", "target_time": "2026-09-18 22:00:00+08:00", "hour": 22, "air_temperature_c": 25.94, "relative_humidity_pct": 75.0, "wind_speed_10m_ms": 2.64, "utci_c": 25.64, "p_base": 0.1126, "p_enhanced": 0.1323, "delta_p": 0.0198, "rel_mitigation_pct": -17.55, "risk_level": "low"}}, {"type": "Feature", "geometry": {"type": "Polygon", "coordinates": [[[121.52, 31.31], [121.52, 31.32], [121.53, 31.32], [121.53, 31.31], [121.52, 31.31]]]}, "properties": {"grid_id": "r058_c067", "phase": "night_22h", "target_time": "2026-09-18 22:00:00+08:00", "hour": 22, "air_temperature_c": 25.94, "relative_humidity_pct": 75.0, "wind_speed_10m_ms": 2.64, "utci_c": 25.75, "p_base": 0.1146, "p_enhanced": 0.1351, "delta_p": 0.0205, "rel_mitigation_pct": -17.92, "risk_level": "low"}}, {"type": "Feature", "geometry": {"type": "Polygon", "coordinates": [[[121.55, 31.31], [121.55, 31.32], [121.56, 31.32], [121.56, 31.31], [121.55, 31.31]]]}, "properties": {"grid_id": "r058_c070", "phase": "night_22h", "target_time": "2026-09-18 22:00:00+08:00", "hour": 22, "air_temperature_c": 25.94, "relative_humidity_pct": 75.0, "wind_speed_10m_ms": 2.64, "utci_c": 23.87, "p_base": 0.0848, "p_enhanced": 0.0464, "delta_p": -0.0384, "rel_mitigation_pct": 45.25, "risk_level": "low"}}, {"type": "Feature", "geometry": {"type": "Polygon", "coordinates": [[[121.58, 31.31], [121.58, 31.32], [121.59, 31.32], [121.59, 31.31], [121.58, 31.31]]]}, "properties": {"grid_id": "r058_c073", "phase": "night_22h", "target_time": "2026-09-18 22:00:00+08:00", "hour": 22, "air_temperature_c": 25.94, "relative_humidity_pct": 75.0, "wind_speed_10m_ms": 2.64, "utci_c": 25.71, "p_base": 0.1138, "p_enhanced": 0.1371, "delta_p": 0.0233, "rel_mitigation_pct": -20.48, "risk_level": "low"}}, {"type": "Feature", "geometry": {"type": "Polygon", "coordinates": [[[121.85, 31.31], [121.85, 31.32], [121.86, 31.32], [121.86, 31.31], [121.85, 31.31]]]}, "properties": {"grid_id": "r058_c100", "phase": "night_22h", "target_time": "2026-09-18 22:00:00+08:00", "hour": 22, "air_temperature_c": 25.94, "relative_humidity_pct": 75.0, "wind_speed_10m_ms": 2.64, "utci_c": 25.72, "p_base": 0.114, "p_enhanced": 0.1371, "delta_p": 0.0232, "rel_mitigation_pct": -20.31, "risk_level": "low"}}, {"type": "Feature", "geometry": {"type": "Polygon", "coordinates": [[[121.14, 31.31], [121.15, 31.31], [121.15, 31.3], [121.14554022818477, 31.3], [121.145554, 31.302572], [121.14, 31.30333631912589], [121.14, 31.31]]]}, "properties": {"grid_id": "r059_c029", "phase": "night_22h", "target_time": "2026-09-18 22:00:00+08:00", "hour": 22, "air_temperature_c": 25.94, "relative_humidity_pct": 75.0, "wind_speed_10m_ms": 2.64, "utci_c": 25.75, "p_base": 0.1145, "p_enhanced": 0.1365, "delta_p": 0.022, "rel_mitigation_pct": -19.25, "risk_level": "low"}}, {"type": "Feature", "geometry": {"type": "Polygon", "coordinates": [[[121.16, 31.3], [121.16, 31.31], [121.17, 31.31], [121.17, 31.3], [121.16, 31.3]]]}, "properties": {"grid_id": "r059_c031", "phase": "night_22h", "target_time": "2026-09-18 22:00:00+08:00", "hour": 22, "air_temperature_c": 25.94, "relative_humidity_pct": 75.0, "wind_speed_10m_ms": 2.64, "utci_c": 25.9, "p_base": 0.1175, "p_enhanced": 0.1325, "delta_p": 0.015, "rel_mitigation_pct": -12.78, "risk_level": "low"}}, {"type": "Feature", "geometry": {"type": "Polygon", "coordinates": [[[121.44, 31.3], [121.44, 31.31], [121.45, 31.31], [121.45, 31.3], [121.44, 31.3]]]}, "properties": {"grid_id": "r059_c059", "phase": "night_22h", "target_time": "2026-09-18 22:00:00+08:00", "hour": 22, "air_temperature_c": 25.94, "relative_humidity_pct": 75.0, "wind_speed_10m_ms": 2.64, "utci_c": 25.69, "p_base": 0.1134, "p_enhanced": 0.1314, "delta_p": 0.0181, "rel_mitigation_pct": -15.94, "risk_level": "low"}}, {"type": "Feature", "geometry": {"type": "Polygon", "coordinates": [[[121.46, 31.3], [121.46, 31.31], [121.47, 31.31], [121.47, 31.3], [121.46, 31.3]]]}, "properties": {"grid_id": "r059_c061", "phase": "night_22h", "target_time": "2026-09-18 22:00:00+08:00", "hour": 22, "air_temperature_c": 25.94, "relative_humidity_pct": 75.0, "wind_speed_10m_ms": 2.64, "utci_c": 25.72, "p_base": 0.114, "p_enhanced": 0.1329, "delta_p": 0.0189, "rel_mitigation_pct": -16.59, "risk_level": "low"}}, {"type": "Feature", "geometry": {"type": "Polygon", "coordinates": [[[121.47, 31.3], [121.47, 31.31], [121.48, 31.31], [121.48, 31.3], [121.47, 31.3]]]}, "properties": {"grid_id": "r059_c062", "phase": "night_22h", "target_time": "2026-09-18 22:00:00+08:00", "hour": 22, "air_temperature_c": 25.94, "relative_humidity_pct": 75.0, "wind_speed_10m_ms": 2.64, "utci_c": 25.67, "p_base": 0.113, "p_enhanced": 0.131, "delta_p": 0.0179, "rel_mitigation_pct": -15.87, "risk_level": "low"}}, {"type": "Feature", "geometry": {"type": "Polygon", "coordinates": [[[121.49, 31.3], [121.49, 31.31], [121.5, 31.31], [121.5, 31.3], [121.49, 31.3]]]}, "properties": {"grid_id": "r059_c064", "phase": "night_22h", "target_time": "2026-09-18 22:00:00+08:00", "hour": 22, "air_temperature_c": 25.94, "relative_humidity_pct": 75.0, "wind_speed_10m_ms": 2.64, "utci_c": 25.74, "p_base": 0.1144, "p_enhanced": 0.1339, "delta_p": 0.0195, "rel_mitigation_pct": -17.09, "risk_level": "low"}}, {"type": "Feature", "geometry": {"type": "Polygon", "coordinates": [[[121.5, 31.3], [121.5, 31.31], [121.51, 31.31], [121.51, 31.3], [121.5, 31.3]]]}, "properties": {"grid_id": "r059_c065", "phase": "night_22h", "target_time": "2026-09-18 22:00:00+08:00", "hour": 22, "air_temperature_c": 25.94, "relative_humidity_pct": 75.0, "wind_speed_10m_ms": 2.64, "utci_c": 25.98, "p_base": 0.1189, "p_enhanced": 0.1306, "delta_p": 0.0117, "rel_mitigation_pct": -9.8, "risk_level": "low"}}, {"type": "Feature", "geometry": {"type": "Polygon", "coordinates": [[[121.51, 31.3], [121.51, 31.31], [121.52, 31.31], [121.52, 31.3], [121.51, 31.3]]]}, "properties": {"grid_id": "r059_c066", "phase": "night_22h", "target_time": "2026-09-18 22:00:00+08:00", "hour": 22, "air_temperature_c": 25.94, "relative_humidity_pct": 75.0, "wind_speed_10m_ms": 2.64, "utci_c": 25.9, "p_base": 0.1173, "p_enhanced": 0.1316, "delta_p": 0.0143, "rel_mitigation_pct": -12.17, "risk_level": "low"}}, {"type": "Feature", "geometry": {"type": "Polygon", "coordinates": [[[121.15, 31.29], [121.15, 31.3], [121.16, 31.3], [121.16, 31.29], [121.15, 31.29]]]}, "properties": {"grid_id": "r060_c030", "phase": "night_22h", "target_time": "2026-09-18 22:00:00+08:00", "hour": 22, "air_temperature_c": 25.94, "relative_humidity_pct": 75.0, "wind_speed_10m_ms": 2.64, "utci_c": 25.93, "p_base": 0.118, "p_enhanced": 0.1315, "delta_p": 0.0135, "rel_mitigation_pct": -11.42, "risk_level": "low"}}, {"type": "Feature", "geometry": {"type": "Polygon", "coordinates": [[[121.3, 31.29], [121.3, 31.3], [121.31, 31.3], [121.31, 31.29], [121.3, 31.29]]]}, "properties": {"grid_id": "r060_c045", "phase": "night_22h", "target_time": "2026-09-18 22:00:00+08:00", "hour": 22, "air_temperature_c": 25.94, "relative_humidity_pct": 75.0, "wind_speed_10m_ms": 2.64, "utci_c": 25.72, "p_base": 0.1139, "p_enhanced": 0.136, "delta_p": 0.0221, "rel_mitigation_pct": -19.41, "risk_level": "low"}}, {"type": "Feature", "geometry": {"type": "Polygon", "coordinates": [[[121.31, 31.29], [121.31, 31.3], [121.32, 31.3], [121.32, 31.29], [121.31, 31.29]]]}, "properties": {"grid_id": "r060_c046", "phase": "night_22h", "target_time": "2026-09-18 22:00:00+08:00", "hour": 22, "air_temperature_c": 25.94, "relative_humidity_pct": 75.0, "wind_speed_10m_ms": 2.64, "utci_c": 25.64, "p_base": 0.1125, "p_enhanced": 0.1363, "delta_p": 0.0238, "rel_mitigation_pct": -21.14, "risk_level": "low"}}, {"type": "Feature", "geometry": {"type": "Polygon", "coordinates": [[[121.43, 31.29], [121.43, 31.3], [121.44, 31.3], [121.44, 31.29], [121.43, 31.29]]]}, "properties": {"grid_id": "r060_c058", "phase": "night_22h", "target_time": "2026-09-18 22:00:00+08:00", "hour": 22, "air_temperature_c": 25.94, "relative_humidity_pct": 75.0, "wind_speed_10m_ms": 2.64, "utci_c": 25.79, "p_base": 0.1152, "p_enhanced": 0.1271, "delta_p": 0.0119, "rel_mitigation_pct": -10.32, "risk_level": "low"}}, {"type": "Feature", "geometry": {"type": "Polygon", "coordinates": [[[121.49, 31.29], [121.49, 31.3], [121.5, 31.3], [121.5, 31.29], [121.49, 31.29]]]}, "properties": {"grid_id": "r060_c064", "phase": "night_22h", "target_time": "2026-09-18 22:00:00+08:00", "hour": 22, "air_temperature_c": 25.94, "relative_humidity_pct": 75.0, "wind_speed_10m_ms": 2.64, "utci_c": 25.94, "p_base": 0.1181, "p_enhanced": 0.1304, "delta_p": 0.0123, "rel_mitigation_pct": -10.41, "risk_level": "low"}}, {"type": "Feature", "geometry": {"type": "Polygon", "coordinates": [[[121.16, 31.28], [121.16, 31.29], [121.17, 31.29], [121.17, 31.28], [121.16, 31.28]]]}, "properties": {"grid_id": "r061_c031", "phase": "night_22h", "target_time": "2026-09-18 22:00:00+08:00", "hour": 22, "air_temperature_c": 25.94, "relative_humidity_pct": 75.0, "wind_speed_10m_ms": 2.64, "utci_c": 25.31, "p_base": 0.1067, "p_enhanced": 0.1239, "delta_p": 0.0173, "rel_mitigation_pct": -16.19, "risk_level": "low"}}, {"type": "Feature", "geometry": {"type": "Polygon", "coordinates": [[[121.41, 31.28], [121.41, 31.29], [121.42, 31.29], [121.42, 31.28], [121.41, 31.28]]]}, "properties": {"grid_id": "r061_c056", "phase": "night_22h", "target_time": "2026-09-18 22:00:00+08:00", "hour": 22, "air_temperature_c": 25.94, "relative_humidity_pct": 75.0, "wind_speed_10m_ms": 2.64, "utci_c": 25.89, "p_base": 0.1172, "p_enhanced": 0.1324, "delta_p": 0.0153, "rel_mitigation_pct": -13.03, "risk_level": "low"}}, {"type": "Feature", "geometry": {"type": "Polygon", "coordinates": [[[121.42, 31.28], [121.42, 31.29], [121.43, 31.29], [121.43, 31.28], [121.42, 31.28]]]}, "properties": {"grid_id": "r061_c057", "phase": "night_22h", "target_time": "2026-09-18 22:00:00+08:00", "hour": 22, "air_temperature_c": 25.94, "relative_humidity_pct": 75.0, "wind_speed_10m_ms": 2.64, "utci_c": 25.91, "p_base": 0.1176, "p_enhanced": 0.1255, "delta_p": 0.0078, "rel_mitigation_pct": -6.66, "risk_level": "low"}}, {"type": "Feature", "geometry": {"type": "Polygon", "coordinates": [[[121.44, 31.28], [121.44, 31.29], [121.45, 31.29], [121.45, 31.28], [121.44, 31.28]]]}, "properties": {"grid_id": "r061_c059", "phase": "night_22h", "target_time": "2026-09-18 22:00:00+08:00", "hour": 22, "air_temperature_c": 25.94, "relative_humidity_pct": 75.0, "wind_speed_10m_ms": 2.64, "utci_c": 25.7, "p_base": 0.1136, "p_enhanced": 0.1373, "delta_p": 0.0237, "rel_mitigation_pct": -20.86, "risk_level": "low"}}, {"type": "Feature", "geometry": {"type": "Polygon", "coordinates": [[[121.47, 31.28], [121.47, 31.29], [121.48, 31.29], [121.48, 31.28], [121.47, 31.28]]]}, "properties": {"grid_id": "r061_c062", "phase": "night_22h", "target_time": "2026-09-18 22:00:00+08:00", "hour": 22, "air_temperature_c": 25.94, "relative_humidity_pct": 75.0, "wind_speed_10m_ms": 2.64, "utci_c": 25.98, "p_base": 0.1189, "p_enhanced": 0.1224, "delta_p": 0.0035, "rel_mitigation_pct": -2.93, "risk_level": "low"}}, {"type": "Feature", "geometry": {"type": "Polygon", "coordinates": [[[121.49, 31.28], [121.49, 31.29], [121.5, 31.29], [121.5, 31.28], [121.49, 31.28]]]}, "properties": {"grid_id": "r061_c064", "phase": "night_22h", "target_time": "2026-09-18 22:00:00+08:00", "hour": 22, "air_temperature_c": 25.94, "relative_humidity_pct": 75.0, "wind_speed_10m_ms": 2.64, "utci_c": 25.98, "p_base": 0.1189, "p_enhanced": 0.1302, "delta_p": 0.0113, "rel_mitigation_pct": -9.51, "risk_level": "low"}}, {"type": "Feature", "geometry": {"type": "Polygon", "coordinates": [[[121.53, 31.28], [121.53, 31.29], [121.54, 31.29], [121.54, 31.28], [121.53, 31.28]]]}, "properties": {"grid_id": "r061_c068", "phase": "night_22h", "target_time": "2026-09-18 22:00:00+08:00", "hour": 22, "air_temperature_c": 25.94, "relative_humidity_pct": 75.0, "wind_speed_10m_ms": 2.64, "utci_c": 25.47, "p_base": 0.1095, "p_enhanced": 0.1366, "delta_p": 0.027, "rel_mitigation_pct": -24.67, "risk_level": "low"}}, {"type": "Feature", "geometry": {"type": "Polygon", "coordinates": [[[121.67, 31.28], [121.67, 31.29], [121.68, 31.29], [121.68, 31.28], [121.67, 31.28]]]}, "properties": {"grid_id": "r061_c082", "phase": "night_22h", "target_time": "2026-09-18 22:00:00+08:00", "hour": 22, "air_temperature_c": 25.94, "relative_humidity_pct": 75.0, "wind_speed_10m_ms": 2.64, "utci_c": 25.77, "p_base": 0.1148, "p_enhanced": 0.1359, "delta_p": 0.0211, "rel_mitigation_pct": -18.38, "risk_level": "low"}}, {"type": "Feature", "geometry": {"type": "Polygon", "coordinates": [[[121.4, 31.27], [121.4, 31.28], [121.41, 31.28], [121.41, 31.27], [121.4, 31.27]]]}, "properties": {"grid_id": "r062_c055", "phase": "night_22h", "target_time": "2026-09-18 22:00:00+08:00", "hour": 22, "air_temperature_c": 25.94, "relative_humidity_pct": 75.0, "wind_speed_10m_ms": 2.64, "utci_c": 25.69, "p_base": 0.1135, "p_enhanced": 0.1365, "delta_p": 0.023, "rel_mitigation_pct": -20.27, "risk_level": "low"}}, {"type": "Feature", "geometry": {"type": "Polygon", "coordinates": [[[121.42, 31.27], [121.42, 31.28], [121.43, 31.28], [121.43, 31.27], [121.42, 31.27]]]}, "properties": {"grid_id": "r062_c057", "phase": "night_22h", "target_time": "2026-09-18 22:00:00+08:00", "hour": 22, "air_temperature_c": 25.94, "relative_humidity_pct": 75.0, "wind_speed_10m_ms": 2.64, "utci_c": 25.93, "p_base": 0.118, "p_enhanced": 0.1317, "delta_p": 0.0138, "rel_mitigation_pct": -11.67, "risk_level": "low"}}, {"type": "Feature", "geometry": {"type": "Polygon", "coordinates": [[[121.43, 31.27], [121.43, 31.28], [121.44, 31.28], [121.44, 31.27], [121.43, 31.27]]]}, "properties": {"grid_id": "r062_c058", "phase": "night_22h", "target_time": "2026-09-18 22:00:00+08:00", "hour": 22, "air_temperature_c": 25.94, "relative_humidity_pct": 75.0, "wind_speed_10m_ms": 2.64, "utci_c": 25.22, "p_base": 0.1051, "p_enhanced": 0.1355, "delta_p": 0.0304, "rel_mitigation_pct": -28.9, "risk_level": "low"}}, {"type": "Feature", "geometry": {"type": "Polygon", "coordinates": [[[121.44, 31.27], [121.44, 31.28], [121.45, 31.28], [121.45, 31.27], [121.44, 31.27]]]}, "properties": {"grid_id": "r062_c059", "phase": "night_22h", "target_time": "2026-09-18 22:00:00+08:00", "hour": 22, "air_temperature_c": 25.94, "relative_humidity_pct": 75.0, "wind_speed_10m_ms": 2.64, "utci_c": 25.69, "p_base": 0.1135, "p_enhanced": 0.1228, "delta_p": 0.0093, "rel_mitigation_pct": -8.21, "risk_level": "low"}}, {"type": "Feature", "geometry": {"type": "Polygon", "coordinates": [[[121.45, 31.27], [121.45, 31.28], [121.46, 31.28], [121.46, 31.27], [121.45, 31.27]]]}, "properties": {"grid_id": "r062_c060", "phase": "night_22h", "target_time": "2026-09-18 22:00:00+08:00", "hour": 22, "air_temperature_c": 25.94, "relative_humidity_pct": 75.0, "wind_speed_10m_ms": 2.64, "utci_c": 25.74, "p_base": 0.1144, "p_enhanced": 0.1301, "delta_p": 0.0156, "rel_mitigation_pct": -13.67, "risk_level": "low"}}, {"type": "Feature", "geometry": {"type": "Polygon", "coordinates": [[[121.47, 31.27], [121.47, 31.28], [121.48, 31.28], [121.48, 31.27], [121.47, 31.27]]]}, "properties": {"grid_id": "r062_c062", "phase": "night_22h", "target_time": "2026-09-18 22:00:00+08:00", "hour": 22, "air_temperature_c": 25.94, "relative_humidity_pct": 75.0, "wind_speed_10m_ms": 2.64, "utci_c": 25.8, "p_base": 0.1155, "p_enhanced": 0.1272, "delta_p": 0.0117, "rel_mitigation_pct": -10.14, "risk_level": "low"}}, {"type": "Feature", "geometry": {"type": "Polygon", "coordinates": [[[121.49, 31.27], [121.49, 31.28], [121.5, 31.28], [121.5, 31.27], [121.49, 31.27]]]}, "properties": {"grid_id": "r062_c064", "phase": "night_22h", "target_time": "2026-09-18 22:00:00+08:00", "hour": 22, "air_temperature_c": 25.94, "relative_humidity_pct": 75.0, "wind_speed_10m_ms": 2.64, "utci_c": 25.75, "p_base": 0.1146, "p_enhanced": 0.1313, "delta_p": 0.0167, "rel_mitigation_pct": -14.58, "risk_level": "low"}}, {"type": "Feature", "geometry": {"type": "Polygon", "coordinates": [[[121.51, 31.27], [121.51, 31.28], [121.52, 31.28], [121.52, 31.27], [121.51, 31.27]]]}, "properties": {"grid_id": "r062_c066", "phase": "night_22h", "target_time": "2026-09-18 22:00:00+08:00", "hour": 22, "air_temperature_c": 25.94, "relative_humidity_pct": 75.0, "wind_speed_10m_ms": 2.64, "utci_c": 25.93, "p_base": 0.118, "p_enhanced": 0.1255, "delta_p": 0.0075, "rel_mitigation_pct": -6.38, "risk_level": "low"}}, {"type": "Feature", "geometry": {"type": "Polygon", "coordinates": [[[121.53, 31.27], [121.53, 31.28], [121.54, 31.28], [121.54, 31.27], [121.53, 31.27]]]}, "properties": {"grid_id": "r062_c068", "phase": "night_22h", "target_time": "2026-09-18 22:00:00+08:00", "hour": 22, "air_temperature_c": 25.94, "relative_humidity_pct": 75.0, "wind_speed_10m_ms": 2.64, "utci_c": 25.79, "p_base": 0.1152, "p_enhanced": 0.1354, "delta_p": 0.0202, "rel_mitigation_pct": -17.55, "risk_level": "low"}}, {"type": "Feature", "geometry": {"type": "Polygon", "coordinates": [[[121.54, 31.27], [121.54, 31.28], [121.55, 31.28], [121.55, 31.27], [121.54, 31.27]]]}, "properties": {"grid_id": "r062_c069", "phase": "night_22h", "target_time": "2026-09-18 22:00:00+08:00", "hour": 22, "air_temperature_c": 25.94, "relative_humidity_pct": 75.0, "wind_speed_10m_ms": 2.64, "utci_c": 25.73, "p_base": 0.1142, "p_enhanced": 0.1369, "delta_p": 0.0227, "rel_mitigation_pct": -19.91, "risk_level": "low"}}, {"type": "Feature", "geometry": {"type": "Polygon", "coordinates": [[[121.47, 31.26], [121.47, 31.27], [121.48, 31.27], [121.48, 31.26], [121.47, 31.26]]]}, "properties": {"grid_id": "r063_c062", "phase": "night_22h", "target_time": "2026-09-18 22:00:00+08:00", "hour": 22, "air_temperature_c": 25.94, "relative_humidity_pct": 75.0, "wind_speed_10m_ms": 2.64, "utci_c": 25.85, "p_base": 0.1165, "p_enhanced": 0.1252, "delta_p": 0.0087, "rel_mitigation_pct": -7.45, "risk_level": "low"}}, {"type": "Feature", "geometry": {"type": "Polygon", "coordinates": [[[121.48, 31.26], [121.48, 31.27], [121.49, 31.27], [121.49, 31.26], [121.48, 31.26]]]}, "properties": {"grid_id": "r063_c063", "phase": "night_22h", "target_time": "2026-09-18 22:00:00+08:00", "hour": 22, "air_temperature_c": 25.94, "relative_humidity_pct": 75.0, "wind_speed_10m_ms": 2.64, "utci_c": 25.9, "p_base": 0.1174, "p_enhanced": 0.1254, "delta_p": 0.008, "rel_mitigation_pct": -6.83, "risk_level": "low"}}, {"type": "Feature", "geometry": {"type": "Polygon", "coordinates": [[[121.49, 31.26], [121.49, 31.27], [121.5, 31.27], [121.5, 31.26], [121.49, 31.26]]]}, "properties": {"grid_id": "r063_c064", "phase": "night_22h", "target_time": "2026-09-18 22:00:00+08:00", "hour": 22, "air_temperature_c": 25.94, "relative_humidity_pct": 75.0, "wind_speed_10m_ms": 2.64, "utci_c": 26.04, "p_base": 0.1202, "p_enhanced": 0.1289, "delta_p": 0.0087, "rel_mitigation_pct": -7.27, "risk_level": "moderate"}}, {"type": "Feature", "geometry": {"type": "Polygon", "coordinates": [[[121.51, 31.26], [121.51, 31.27], [121.52, 31.27], [121.52, 31.26], [121.51, 31.26]]]}, "properties": {"grid_id": "r063_c066", "phase": "night_22h", "target_time": "2026-09-18 22:00:00+08:00", "hour": 22, "air_temperature_c": 25.94, "relative_humidity_pct": 75.0, "wind_speed_10m_ms": 2.64, "utci_c": 25.99, "p_base": 0.119, "p_enhanced": 0.1304, "delta_p": 0.0114, "rel_mitigation_pct": -9.59, "risk_level": "low"}}, {"type": "Feature", "geometry": {"type": "Polygon", "coordinates": [[[121.53, 31.26], [121.53, 31.27], [121.54, 31.27], [121.54, 31.26], [121.53, 31.26]]]}, "properties": {"grid_id": "r063_c068", "phase": "night_22h", "target_time": "2026-09-18 22:00:00+08:00", "hour": 22, "air_temperature_c": 25.94, "relative_humidity_pct": 75.0, "wind_speed_10m_ms": 2.64, "utci_c": 25.78, "p_base": 0.1151, "p_enhanced": 0.1356, "delta_p": 0.0206, "rel_mitigation_pct": -17.86, "risk_level": "low"}}, {"type": "Feature", "geometry": {"type": "Polygon", "coordinates": [[[121.56, 31.26], [121.56, 31.27], [121.57, 31.27], [121.57, 31.26], [121.56, 31.26]]]}, "properties": {"grid_id": "r063_c071", "phase": "night_22h", "target_time": "2026-09-18 22:00:00+08:00", "hour": 22, "air_temperature_c": 25.94, "relative_humidity_pct": 75.0, "wind_speed_10m_ms": 2.64, "utci_c": 25.73, "p_base": 0.1142, "p_enhanced": 0.1298, "delta_p": 0.0156, "rel_mitigation_pct": -13.62, "risk_level": "low"}}, {"type": "Feature", "geometry": {"type": "Polygon", "coordinates": [[[121.39, 31.25], [121.39, 31.26], [121.4, 31.26], [121.4, 31.25], [121.39, 31.25]]]}, "properties": {"grid_id": "r064_c054", "phase": "night_22h", "target_time": "2026-09-18 22:00:00+08:00", "hour": 22, "air_temperature_c": 25.94, "relative_humidity_pct": 75.0, "wind_speed_10m_ms": 2.64, "utci_c": 25.66, "p_base": 0.1129, "p_enhanced": 0.1366, "delta_p": 0.0237, "rel_mitigation_pct": -21.01, "risk_level": "low"}}, {"type": "Feature", "geometry": {"type": "Polygon", "coordinates": [[[121.4, 31.25], [121.4, 31.26], [121.41, 31.26], [121.41, 31.25], [121.4, 31.25]]]}, "properties": {"grid_id": "r064_c055", "phase": "night_22h", "target_time": "2026-09-18 22:00:00+08:00", "hour": 22, "air_temperature_c": 25.94, "relative_humidity_pct": 75.0, "wind_speed_10m_ms": 2.64, "utci_c": 25.84, "p_base": 0.1162, "p_enhanced": 0.1294, "delta_p": 0.0132, "rel_mitigation_pct": -11.4, "risk_level": "low"}}, {"type": "Feature", "geometry": {"type": "Polygon", "coordinates": [[[121.41, 31.25], [121.41, 31.26], [121.42, 31.26], [121.42, 31.25], [121.41, 31.25]]]}, "properties": {"grid_id": "r064_c056", "phase": "night_22h", "target_time": "2026-09-18 22:00:00+08:00", "hour": 22, "air_temperature_c": 25.94, "relative_humidity_pct": 75.0, "wind_speed_10m_ms": 2.64, "utci_c": 25.85, "p_base": 0.1165, "p_enhanced": 0.1321, "delta_p": 0.0156, "rel_mitigation_pct": -13.43, "risk_level": "low"}}, {"type": "Feature", "geometry": {"type": "Polygon", "coordinates": [[[121.42, 31.25], [121.42, 31.26], [121.43, 31.26], [121.43, 31.25], [121.42, 31.25]]]}, "properties": {"grid_id": "r064_c057", "phase": "night_22h", "target_time": "2026-09-18 22:00:00+08:00", "hour": 22, "air_temperature_c": 25.94, "relative_humidity_pct": 75.0, "wind_speed_10m_ms": 2.64, "utci_c": 25.95, "p_base": 0.1182, "p_enhanced": 0.1276, "delta_p": 0.0094, "rel_mitigation_pct": -7.93, "risk_level": "low"}}, {"type": "Feature", "geometry": {"type": "Polygon", "coordinates": [[[121.43, 31.25], [121.43, 31.26], [121.44, 31.26], [121.44, 31.25], [121.43, 31.25]]]}, "properties": {"grid_id": "r064_c058", "phase": "night_22h", "target_time": "2026-09-18 22:00:00+08:00", "hour": 22, "air_temperature_c": 25.94, "relative_humidity_pct": 75.0, "wind_speed_10m_ms": 2.64, "utci_c": 25.46, "p_base": 0.1093, "p_enhanced": 0.1201, "delta_p": 0.0108, "rel_mitigation_pct": -9.83, "risk_level": "low"}}, {"type": "Feature", "geometry": {"type": "Polygon", "coordinates": [[[121.44, 31.25], [121.44, 31.26], [121.45, 31.26], [121.45, 31.25], [121.44, 31.25]]]}, "properties": {"grid_id": "r064_c059", "phase": "night_22h", "target_time": "2026-09-18 22:00:00+08:00", "hour": 22, "air_temperature_c": 25.94, "relative_humidity_pct": 75.0, "wind_speed_10m_ms": 2.64, "utci_c": 25.78, "p_base": 0.1151, "p_enhanced": 0.114, "delta_p": -0.001, "rel_mitigation_pct": 0.9, "risk_level": "low"}}, {"type": "Feature", "geometry": {"type": "Polygon", "coordinates": [[[121.46, 31.25], [121.46, 31.26], [121.47, 31.26], [121.47, 31.25], [121.46, 31.25]]]}, "properties": {"grid_id": "r064_c061", "phase": "night_22h", "target_time": "2026-09-18 22:00:00+08:00", "hour": 22, "air_temperature_c": 25.94, "relative_humidity_pct": 75.0, "wind_speed_10m_ms": 2.64, "utci_c": 25.73, "p_base": 0.1141, "p_enhanced": 0.137, "delta_p": 0.0229, "rel_mitigation_pct": -20.05, "risk_level": "low"}}, {"type": "Feature", "geometry": {"type": "Polygon", "coordinates": [[[121.47, 31.25], [121.47, 31.26], [121.48, 31.26], [121.48, 31.25], [121.47, 31.25]]]}, "properties": {"grid_id": "r064_c062", "phase": "night_22h", "target_time": "2026-09-18 22:00:00+08:00", "hour": 22, "air_temperature_c": 25.94, "relative_humidity_pct": 75.0, "wind_speed_10m_ms": 2.64, "utci_c": 25.8, "p_base": 0.1155, "p_enhanced": 0.135, "delta_p": 0.0195, "rel_mitigation_pct": -16.87, "risk_level": "low"}}, {"type": "Feature", "geometry": {"type": "Polygon", "coordinates": [[[121.48, 31.25], [121.48, 31.26], [121.49, 31.26], [121.49, 31.25], [121.48, 31.25]]]}, "properties": {"grid_id": "r064_c063", "phase": "night_22h", "target_time": "2026-09-18 22:00:00+08:00", "hour": 22, "air_temperature_c": 25.94, "relative_humidity_pct": 75.0, "wind_speed_10m_ms": 2.64, "utci_c": 25.88, "p_base": 0.1171, "p_enhanced": 0.1212, "delta_p": 0.0041, "rel_mitigation_pct": -3.5, "risk_level": "low"}}, {"type": "Feature", "geometry": {"type": "Polygon", "coordinates": [[[121.49, 31.25], [121.49, 31.26], [121.5, 31.26], [121.5, 31.25], [121.49, 31.25]]]}, "properties": {"grid_id": "r064_c064", "phase": "night_22h", "target_time": "2026-09-18 22:00:00+08:00", "hour": 22, "air_temperature_c": 25.94, "relative_humidity_pct": 75.0, "wind_speed_10m_ms": 2.64, "utci_c": 25.88, "p_base": 0.1169, "p_enhanced": 0.1317, "delta_p": 0.0147, "rel_mitigation_pct": -12.6, "risk_level": "low"}}, {"type": "Feature", "geometry": {"type": "Polygon", "coordinates": [[[121.5, 31.25], [121.5, 31.26], [121.51, 31.26], [121.51, 31.25], [121.5, 31.25]]]}, "properties": {"grid_id": "r064_c065", "phase": "night_22h", "target_time": "2026-09-18 22:00:00+08:00", "hour": 22, "air_temperature_c": 25.94, "relative_humidity_pct": 75.0, "wind_speed_10m_ms": 2.64, "utci_c": 25.47, "p_base": 0.1094, "p_enhanced": 0.1047, "delta_p": -0.0047, "rel_mitigation_pct": 4.32, "risk_level": "low"}}, {"type": "Feature", "geometry": {"type": "Polygon", "coordinates": [[[121.51, 31.25], [121.51, 31.26], [121.52, 31.26], [121.52, 31.25], [121.51, 31.25]]]}, "properties": {"grid_id": "r064_c066", "phase": "night_22h", "target_time": "2026-09-18 22:00:00+08:00", "hour": 22, "air_temperature_c": 25.94, "relative_humidity_pct": 75.0, "wind_speed_10m_ms": 2.64, "utci_c": 25.45, "p_base": 0.109, "p_enhanced": 0.1088, "delta_p": -0.0002, "rel_mitigation_pct": 0.23, "risk_level": "low"}}, {"type": "Feature", "geometry": {"type": "Polygon", "coordinates": [[[121.52, 31.25], [121.52, 31.26], [121.53, 31.26], [121.53, 31.25], [121.52, 31.25]]]}, "properties": {"grid_id": "r064_c067", "phase": "night_22h", "target_time": "2026-09-18 22:00:00+08:00", "hour": 22, "air_temperature_c": 25.94, "relative_humidity_pct": 75.0, "wind_speed_10m_ms": 2.64, "utci_c": 25.26, "p_base": 0.1058, "p_enhanced": 0.0916, "delta_p": -0.0142, "rel_mitigation_pct": 13.41, "risk_level": "low"}}, {"type": "Feature", "geometry": {"type": "Polygon", "coordinates": [[[121.53, 31.25], [121.53, 31.26], [121.54, 31.26], [121.54, 31.25], [121.53, 31.25]]]}, "properties": {"grid_id": "r064_c068", "phase": "night_22h", "target_time": "2026-09-18 22:00:00+08:00", "hour": 22, "air_temperature_c": 25.94, "relative_humidity_pct": 75.0, "wind_speed_10m_ms": 2.64, "utci_c": 24.35, "p_base": 0.0915, "p_enhanced": 0.0483, "delta_p": -0.0432, "rel_mitigation_pct": 47.2, "risk_level": "low"}}, {"type": "Feature", "geometry": {"type": "Polygon", "coordinates": [[[121.57, 31.25], [121.57, 31.26], [121.58, 31.26], [121.58, 31.25], [121.57, 31.25]]]}, "properties": {"grid_id": "r064_c072", "phase": "night_22h", "target_time": "2026-09-18 22:00:00+08:00", "hour": 22, "air_temperature_c": 25.94, "relative_humidity_pct": 75.0, "wind_speed_10m_ms": 2.64, "utci_c": 25.77, "p_base": 0.115, "p_enhanced": 0.1354, "delta_p": 0.0204, "rel_mitigation_pct": -17.74, "risk_level": "low"}}, {"type": "Feature", "geometry": {"type": "Polygon", "coordinates": [[[121.59, 31.25], [121.59, 31.26], [121.6, 31.26], [121.6, 31.25], [121.59, 31.25]]]}, "properties": {"grid_id": "r064_c074", "phase": "night_22h", "target_time": "2026-09-18 22:00:00+08:00", "hour": 22, "air_temperature_c": 25.94, "relative_humidity_pct": 75.0, "wind_speed_10m_ms": 2.64, "utci_c": 25.81, "p_base": 0.1157, "p_enhanced": 0.1335, "delta_p": 0.0178, "rel_mitigation_pct": -15.35, "risk_level": "low"}}, {"type": "Feature", "geometry": {"type": "Polygon", "coordinates": [[[121.66, 31.25], [121.66, 31.26], [121.67, 31.26], [121.67, 31.25], [121.66, 31.25]]]}, "properties": {"grid_id": "r064_c081", "phase": "night_22h", "target_time": "2026-09-18 22:00:00+08:00", "hour": 22, "air_temperature_c": 25.94, "relative_humidity_pct": 75.0, "wind_speed_10m_ms": 2.64, "utci_c": 25.73, "p_base": 0.1141, "p_enhanced": 0.1369, "delta_p": 0.0228, "rel_mitigation_pct": -20.0, "risk_level": "low"}}, {"type": "Feature", "geometry": {"type": "Polygon", "coordinates": [[[121.16, 31.24], [121.16, 31.25], [121.17, 31.25], [121.17, 31.24], [121.16, 31.24]]]}, "properties": {"grid_id": "r065_c031", "phase": "night_22h", "target_time": "2026-09-18 22:00:00+08:00", "hour": 22, "air_temperature_c": 25.94, "relative_humidity_pct": 75.0, "wind_speed_10m_ms": 2.64, "utci_c": 25.72, "p_base": 0.114, "p_enhanced": 0.1371, "delta_p": 0.0232, "rel_mitigation_pct": -20.31, "risk_level": "low"}}, {"type": "Feature", "geometry": {"type": "Polygon", "coordinates": [[[121.31, 31.24], [121.31, 31.25], [121.32, 31.25], [121.32, 31.24], [121.31, 31.24]]]}, "properties": {"grid_id": "r065_c046", "phase": "night_22h", "target_time": "2026-09-18 22:00:00+08:00", "hour": 22, "air_temperature_c": 25.94, "relative_humidity_pct": 75.0, "wind_speed_10m_ms": 2.64, "utci_c": 25.78, "p_base": 0.1151, "p_enhanced": 0.1347, "delta_p": 0.0195, "rel_mitigation_pct": -16.97, "risk_level": "low"}}, {"type": "Feature", "geometry": {"type": "Polygon", "coordinates": [[[121.33, 31.24], [121.33, 31.25], [121.34, 31.25], [121.34, 31.24], [121.33, 31.24]]]}, "properties": {"grid_id": "r065_c048", "phase": "night_22h", "target_time": "2026-09-18 22:00:00+08:00", "hour": 22, "air_temperature_c": 25.94, "relative_humidity_pct": 75.0, "wind_speed_10m_ms": 2.64, "utci_c": 25.61, "p_base": 0.1119, "p_enhanced": 0.1248, "delta_p": 0.0129, "rel_mitigation_pct": -11.49, "risk_level": "low"}}, {"type": "Feature", "geometry": {"type": "Polygon", "coordinates": [[[121.37, 31.24], [121.37, 31.25], [121.38, 31.25], [121.38, 31.24], [121.37, 31.24]]]}, "properties": {"grid_id": "r065_c052", "phase": "night_22h", "target_time": "2026-09-18 22:00:00+08:00", "hour": 22, "air_temperature_c": 25.94, "relative_humidity_pct": 75.0, "wind_speed_10m_ms": 2.64, "utci_c": 25.76, "p_base": 0.1148, "p_enhanced": 0.1361, "delta_p": 0.0213, "rel_mitigation_pct": -18.53, "risk_level": "low"}}, {"type": "Feature", "geometry": {"type": "Polygon", "coordinates": [[[121.42, 31.24], [121.42, 31.25], [121.43, 31.25], [121.43, 31.24], [121.42, 31.24]]]}, "properties": {"grid_id": "r065_c057", "phase": "night_22h", "target_time": "2026-09-18 22:00:00+08:00", "hour": 22, "air_temperature_c": 25.94, "relative_humidity_pct": 75.0, "wind_speed_10m_ms": 2.64, "utci_c": 25.77, "p_base": 0.1149, "p_enhanced": 0.1163, "delta_p": 0.0014, "rel_mitigation_pct": -1.19, "risk_level": "low"}}, {"type": "Feature", "geometry": {"type": "Polygon", "coordinates": [[[121.43, 31.24], [121.43, 31.25], [121.44, 31.25], [121.44, 31.24], [121.43, 31.24]]]}, "properties": {"grid_id": "r065_c058", "phase": "night_22h", "target_time": "2026-09-18 22:00:00+08:00", "hour": 22, "air_temperature_c": 25.94, "relative_humidity_pct": 75.0, "wind_speed_10m_ms": 2.64, "utci_c": 25.91, "p_base": 0.1176, "p_enhanced": 0.1305, "delta_p": 0.013, "rel_mitigation_pct": -11.03, "risk_level": "low"}}, {"type": "Feature", "geometry": {"type": "Polygon", "coordinates": [[[121.44, 31.24], [121.44, 31.25], [121.45, 31.25], [121.45, 31.24], [121.44, 31.24]]]}, "properties": {"grid_id": "r065_c059", "phase": "night_22h", "target_time": "2026-09-18 22:00:00+08:00", "hour": 22, "air_temperature_c": 25.94, "relative_humidity_pct": 75.0, "wind_speed_10m_ms": 2.64, "utci_c": 25.76, "p_base": 0.1147, "p_enhanced": 0.1157, "delta_p": 0.0009, "rel_mitigation_pct": -0.82, "risk_level": "low"}}, {"type": "Feature", "geometry": {"type": "Polygon", "coordinates": [[[121.45, 31.24], [121.45, 31.25], [121.46, 31.25], [121.46, 31.24], [121.45, 31.24]]]}, "properties": {"grid_id": "r065_c060", "phase": "night_22h", "target_time": "2026-09-18 22:00:00+08:00", "hour": 22, "air_temperature_c": 25.94, "relative_humidity_pct": 75.0, "wind_speed_10m_ms": 2.64, "utci_c": 25.69, "p_base": 0.1134, "p_enhanced": 0.1226, "delta_p": 0.0092, "rel_mitigation_pct": -8.1, "risk_level": "low"}}, {"type": "Feature", "geometry": {"type": "Polygon", "coordinates": [[[121.46, 31.24], [121.46, 31.25], [121.47, 31.25], [121.47, 31.24], [121.46, 31.24]]]}, "properties": {"grid_id": "r065_c061", "phase": "night_22h", "target_time": "2026-09-18 22:00:00+08:00", "hour": 22, "air_temperature_c": 25.94, "relative_humidity_pct": 75.0, "wind_speed_10m_ms": 2.64, "utci_c": 25.78, "p_base": 0.115, "p_enhanced": 0.1192, "delta_p": 0.0042, "rel_mitigation_pct": -3.67, "risk_level": "low"}}, {"type": "Feature", "geometry": {"type": "Polygon", "coordinates": [[[121.47, 31.24], [121.47, 31.25], [121.48, 31.25], [121.48, 31.24], [121.47, 31.24]]]}, "properties": {"grid_id": "r065_c062", "phase": "night_22h", "target_time": "2026-09-18 22:00:00+08:00", "hour": 22, "air_temperature_c": 25.94, "relative_humidity_pct": 75.0, "wind_speed_10m_ms": 2.64, "utci_c": 25.91, "p_base": 0.1176, "p_enhanced": 0.1153, "delta_p": -0.0023, "rel_mitigation_pct": 1.92, "risk_level": "low"}}, {"type": "Feature", "geometry": {"type": "Polygon", "coordinates": [[[121.48, 31.24], [121.48, 31.25], [121.49, 31.25], [121.49, 31.24], [121.48, 31.24]]]}, "properties": {"grid_id": "r065_c063", "phase": "night_22h", "target_time": "2026-09-18 22:00:00+08:00", "hour": 22, "air_temperature_c": 25.94, "relative_humidity_pct": 75.0, "wind_speed_10m_ms": 2.64, "utci_c": 25.32, "p_base": 0.1068, "p_enhanced": 0.08, "delta_p": -0.0268, "rel_mitigation_pct": 25.11, "risk_level": "low"}}, {"type": "Feature", "geometry": {"type": "Polygon", "coordinates": [[[121.49, 31.24], [121.49, 31.25], [121.5, 31.25], [121.5, 31.24], [121.49, 31.24]]]}, "properties": {"grid_id": "r065_c064", "phase": "night_22h", "target_time": "2026-09-18 22:00:00+08:00", "hour": 22, "air_temperature_c": 25.94, "relative_humidity_pct": 75.0, "wind_speed_10m_ms": 2.64, "utci_c": 24.27, "p_base": 0.0903, "p_enhanced": 0.0516, "delta_p": -0.0387, "rel_mitigation_pct": 42.81, "risk_level": "low"}}, {"type": "Feature", "geometry": {"type": "Polygon", "coordinates": [[[121.5, 31.24], [121.5, 31.25], [121.51, 31.25], [121.51, 31.24], [121.5, 31.24]]]}, "properties": {"grid_id": "r065_c065", "phase": "night_22h", "target_time": "2026-09-18 22:00:00+08:00", "hour": 22, "air_temperature_c": 25.94, "relative_humidity_pct": 75.0, "wind_speed_10m_ms": 2.64, "utci_c": 24.73, "p_base": 0.0971, "p_enhanced": 0.0717, "delta_p": -0.0254, "rel_mitigation_pct": 26.19, "risk_level": "low"}}, {"type": "Feature", "geometry": {"type": "Polygon", "coordinates": [[[121.51, 31.24], [121.51, 31.25], [121.52, 31.25], [121.52, 31.24], [121.51, 31.24]]]}, "properties": {"grid_id": "r065_c066", "phase": "night_22h", "target_time": "2026-09-18 22:00:00+08:00", "hour": 22, "air_temperature_c": 25.94, "relative_humidity_pct": 75.0, "wind_speed_10m_ms": 2.64, "utci_c": 24.85, "p_base": 0.0991, "p_enhanced": 0.0727, "delta_p": -0.0264, "rel_mitigation_pct": 26.61, "risk_level": "low"}}, {"type": "Feature", "geometry": {"type": "Polygon", "coordinates": [[[121.52, 31.24], [121.52, 31.25], [121.53, 31.25], [121.53, 31.24], [121.52, 31.24]]]}, "properties": {"grid_id": "r065_c067", "phase": "night_22h", "target_time": "2026-09-18 22:00:00+08:00", "hour": 22, "air_temperature_c": 25.94, "relative_humidity_pct": 75.0, "wind_speed_10m_ms": 2.64, "utci_c": 24.98, "p_base": 0.1011, "p_enhanced": 0.0847, "delta_p": -0.0164, "rel_mitigation_pct": 16.23, "risk_level": "low"}}, {"type": "Feature", "geometry": {"type": "Polygon", "coordinates": [[[121.53, 31.24], [121.53, 31.25], [121.54, 31.25], [121.54, 31.24], [121.53, 31.24]]]}, "properties": {"grid_id": "r065_c068", "phase": "night_22h", "target_time": "2026-09-18 22:00:00+08:00", "hour": 22, "air_temperature_c": 25.94, "relative_humidity_pct": 75.0, "wind_speed_10m_ms": 2.64, "utci_c": 25.64, "p_base": 0.1126, "p_enhanced": 0.1296, "delta_p": 0.0171, "rel_mitigation_pct": -15.18, "risk_level": "low"}}, {"type": "Feature", "geometry": {"type": "Polygon", "coordinates": [[[121.54, 31.24], [121.54, 31.25], [121.55, 31.25], [121.55, 31.24], [121.54, 31.24]]]}, "properties": {"grid_id": "r065_c069", "phase": "night_22h", "target_time": "2026-09-18 22:00:00+08:00", "hour": 22, "air_temperature_c": 25.94, "relative_humidity_pct": 75.0, "wind_speed_10m_ms": 2.64, "utci_c": 25.7, "p_base": 0.1136, "p_enhanced": 0.128, "delta_p": 0.0144, "rel_mitigation_pct": -12.65, "risk_level": "low"}}, {"type": "Feature", "geometry": {"type": "Polygon", "coordinates": [[[121.55, 31.24], [121.55, 31.25], [121.56, 31.25], [121.56, 31.24], [121.55, 31.24]]]}, "properties": {"grid_id": "r065_c070", "phase": "night_22h", "target_time": "2026-09-18 22:00:00+08:00", "hour": 22, "air_temperature_c": 25.94, "relative_humidity_pct": 75.0, "wind_speed_10m_ms": 2.64, "utci_c": 25.77, "p_base": 0.1149, "p_enhanced": 0.1299, "delta_p": 0.0151, "rel_mitigation_pct": -13.11, "risk_level": "low"}}, {"type": "Feature", "geometry": {"type": "Polygon", "coordinates": [[[121.58, 31.24], [121.58, 31.25], [121.59, 31.25], [121.59, 31.24], [121.58, 31.24]]]}, "properties": {"grid_id": "r065_c073", "phase": "night_22h", "target_time": "2026-09-18 22:00:00+08:00", "hour": 22, "air_temperature_c": 25.94, "relative_humidity_pct": 75.0, "wind_speed_10m_ms": 2.64, "utci_c": 25.72, "p_base": 0.1141, "p_enhanced": 0.1259, "delta_p": 0.0118, "rel_mitigation_pct": -10.35, "risk_level": "low"}}, {"type": "Feature", "geometry": {"type": "Polygon", "coordinates": [[[121.13, 31.23], [121.13, 31.24], [121.14, 31.24], [121.14, 31.23], [121.13, 31.23]]]}, "properties": {"grid_id": "r066_c028", "phase": "night_22h", "target_time": "2026-09-18 22:00:00+08:00", "hour": 22, "air_temperature_c": 25.94, "relative_humidity_pct": 75.0, "wind_speed_10m_ms": 2.64, "utci_c": 25.71, "p_base": 0.1138, "p_enhanced": 0.1336, "delta_p": 0.0197, "rel_mitigation_pct": -17.31, "risk_level": "low"}}, {"type": "Feature", "geometry": {"type": "Polygon", "coordinates": [[[121.33, 31.23], [121.33, 31.24], [121.34, 31.24], [121.34, 31.23], [121.33, 31.23]]]}, "properties": {"grid_id": "r066_c048", "phase": "night_22h", "target_time": "2026-09-18 22:00:00+08:00", "hour": 22, "air_temperature_c": 25.94, "relative_humidity_pct": 75.0, "wind_speed_10m_ms": 2.64, "utci_c": 25.6, "p_base": 0.1118, "p_enhanced": 0.1139, "delta_p": 0.002, "rel_mitigation_pct": -1.83, "risk_level": "low"}}, {"type": "Feature", "geometry": {"type": "Polygon", "coordinates": [[[121.36, 31.23], [121.36, 31.24], [121.37, 31.24], [121.37, 31.23], [121.36, 31.23]]]}, "properties": {"grid_id": "r066_c051", "phase": "night_22h", "target_time": "2026-09-18 22:00:00+08:00", "hour": 22, "air_temperature_c": 25.94, "relative_humidity_pct": 75.0, "wind_speed_10m_ms": 2.64, "utci_c": 25.72, "p_base": 0.114, "p_enhanced": 0.1371, "delta_p": 0.0232, "rel_mitigation_pct": -20.31, "risk_level": "low"}}, {"type": "Feature", "geometry": {"type": "Polygon", "coordinates": [[[121.37, 31.23], [121.37, 31.24], [121.38, 31.24], [121.38, 31.23], [121.37, 31.23]]]}, "properties": {"grid_id": "r066_c052", "phase": "night_22h", "target_time": "2026-09-18 22:00:00+08:00", "hour": 22, "air_temperature_c": 25.94, "relative_humidity_pct": 75.0, "wind_speed_10m_ms": 2.64, "utci_c": 25.86, "p_base": 0.1167, "p_enhanced": 0.1335, "delta_p": 0.0168, "rel_mitigation_pct": -14.43, "risk_level": "low"}}, {"type": "Feature", "geometry": {"type": "Polygon", "coordinates": [[[121.4, 31.23], [121.4, 31.24], [121.41, 31.24], [121.41, 31.23], [121.4, 31.23]]]}, "properties": {"grid_id": "r066_c055", "phase": "night_22h", "target_time": "2026-09-18 22:00:00+08:00", "hour": 22, "air_temperature_c": 25.94, "relative_humidity_pct": 75.0, "wind_speed_10m_ms": 2.64, "utci_c": 25.97, "p_base": 0.1187, "p_enhanced": 0.1261, "delta_p": 0.0074, "rel_mitigation_pct": -6.25, "risk_level": "low"}}, {"type": "Feature", "geometry": {"type": "Polygon", "coordinates": [[[121.41, 31.23], [121.41, 31.24], [121.42, 31.24], [121.42, 31.23], [121.41, 31.23]]]}, "properties": {"grid_id": "r066_c056", "phase": "night_22h", "target_time": "2026-09-18 22:00:00+08:00", "hour": 22, "air_temperature_c": 25.94, "relative_humidity_pct": 75.0, "wind_speed_10m_ms": 2.64, "utci_c": 25.93, "p_base": 0.118, "p_enhanced": 0.1259, "delta_p": 0.0079, "rel_mitigation_pct": -6.69, "risk_level": "low"}}, {"type": "Feature", "geometry": {"type": "Polygon", "coordinates": [[[121.42, 31.23], [121.42, 31.24], [121.43, 31.24], [121.43, 31.23], [121.42, 31.23]]]}, "properties": {"grid_id": "r066_c057", "phase": "night_22h", "target_time": "2026-09-18 22:00:00+08:00", "hour": 22, "air_temperature_c": 25.94, "relative_humidity_pct": 75.0, "wind_speed_10m_ms": 2.64, "utci_c": 25.8, "p_base": 0.1154, "p_enhanced": 0.1202, "delta_p": 0.0048, "rel_mitigation_pct": -4.12, "risk_level": "low"}}, {"type": "Feature", "geometry": {"type": "Polygon", "coordinates": [[[121.43, 31.23], [121.43, 31.24], [121.44, 31.24], [121.44, 31.23], [121.43, 31.23]]]}, "properties": {"grid_id": "r066_c058", "phase": "night_22h", "target_time": "2026-09-18 22:00:00+08:00", "hour": 22, "air_temperature_c": 25.94, "relative_humidity_pct": 75.0, "wind_speed_10m_ms": 2.64, "utci_c": 25.94, "p_base": 0.1182, "p_enhanced": 0.1315, "delta_p": 0.0133, "rel_mitigation_pct": -11.28, "risk_level": "low"}}, {"type": "Feature", "geometry": {"type": "Polygon", "coordinates": [[[121.44, 31.23], [121.44, 31.24], [121.45, 31.24], [121.45, 31.23], [121.44, 31.23]]]}, "properties": {"grid_id": "r066_c059", "phase": "night_22h", "target_time": "2026-09-18 22:00:00+08:00", "hour": 22, "air_temperature_c": 25.94, "relative_humidity_pct": 75.0, "wind_speed_10m_ms": 2.64, "utci_c": 25.96, "p_base": 0.1186, "p_enhanced": 0.131, "delta_p": 0.0124, "rel_mitigation_pct": -10.43, "risk_level": "low"}}, {"type": "Feature", "geometry": {"type": "Polygon", "coordinates": [[[121.45, 31.23], [121.45, 31.24], [121.46, 31.24], [121.46, 31.23], [121.45, 31.23]]]}, "properties": {"grid_id": "r066_c060", "phase": "night_22h", "target_time": "2026-09-18 22:00:00+08:00", "hour": 22, "air_temperature_c": 25.94, "relative_humidity_pct": 75.0, "wind_speed_10m_ms": 2.64, "utci_c": 25.93, "p_base": 0.118, "p_enhanced": 0.1297, "delta_p": 0.0117, "rel_mitigation_pct": -9.93, "risk_level": "low"}}, {"type": "Feature", "geometry": {"type": "Polygon", "coordinates": [[[121.46, 31.23], [121.46, 31.24], [121.47, 31.24], [121.47, 31.23], [121.46, 31.23]]]}, "properties": {"grid_id": "r066_c061", "phase": "night_22h", "target_time": "2026-09-18 22:00:00+08:00", "hour": 22, "air_temperature_c": 25.94, "relative_humidity_pct": 75.0, "wind_speed_10m_ms": 2.64, "utci_c": 25.9, "p_base": 0.1173, "p_enhanced": 0.1322, "delta_p": 0.0149, "rel_mitigation_pct": -12.75, "risk_level": "low"}}, {"type": "Feature", "geometry": {"type": "Polygon", "coordinates": [[[121.47, 31.23], [121.47, 31.24], [121.48, 31.24], [121.48, 31.23], [121.47, 31.23]]]}, "properties": {"grid_id": "r066_c062", "phase": "night_22h", "target_time": "2026-09-18 22:00:00+08:00", "hour": 22, "air_temperature_c": 25.94, "relative_humidity_pct": 75.0, "wind_speed_10m_ms": 2.64, "utci_c": 26.12, "p_base": 0.1217, "p_enhanced": 0.1272, "delta_p": 0.0055, "rel_mitigation_pct": -4.53, "risk_level": "moderate"}}, {"type": "Feature", "geometry": {"type": "Polygon", "coordinates": [[[121.48, 31.23], [121.48, 31.24], [121.49, 31.24], [121.49, 31.23], [121.48, 31.23]]]}, "properties": {"grid_id": "r066_c063", "phase": "night_22h", "target_time": "2026-09-18 22:00:00+08:00", "hour": 22, "air_temperature_c": 25.94, "relative_humidity_pct": 75.0, "wind_speed_10m_ms": 2.64, "utci_c": 25.62, "p_base": 0.1121, "p_enhanced": 0.0916, "delta_p": -0.0205, "rel_mitigation_pct": 18.29, "risk_level": "low"}}, {"type": "Feature", "geometry": {"type": "Polygon", "coordinates": [[[121.49, 31.23], [121.49, 31.24], [121.5, 31.24], [121.5, 31.23], [121.49, 31.23]]]}, "properties": {"grid_id": "r066_c064", "phase": "night_22h", "target_time": "2026-09-18 22:00:00+08:00", "hour": 22, "air_temperature_c": 25.94, "relative_humidity_pct": 75.0, "wind_speed_10m_ms": 2.64, "utci_c": 24.47, "p_base": 0.0933, "p_enhanced": 0.0553, "delta_p": -0.0381, "rel_mitigation_pct": 40.78, "risk_level": "low"}}, {"type": "Feature", "geometry": {"type": "Polygon", "coordinates": [[[121.5, 31.23], [121.5, 31.24], [121.51, 31.24], [121.51, 31.23], [121.5, 31.23]]]}, "properties": {"grid_id": "r066_c065", "phase": "night_22h", "target_time": "2026-09-18 22:00:00+08:00", "hour": 22, "air_temperature_c": 25.94, "relative_humidity_pct": 75.0, "wind_speed_10m_ms": 2.64, "utci_c": 25.84, "p_base": 0.1162, "p_enhanced": 0.1326, "delta_p": 0.0164, "rel_mitigation_pct": -14.09, "risk_level": "low"}}, {"type": "Feature", "geometry": {"type": "Polygon", "coordinates": [[[121.51, 31.23], [121.51, 31.24], [121.52, 31.24], [121.52, 31.23], [121.51, 31.23]]]}, "properties": {"grid_id": "r066_c066", "phase": "night_22h", "target_time": "2026-09-18 22:00:00+08:00", "hour": 22, "air_temperature_c": 25.94, "relative_humidity_pct": 75.0, "wind_speed_10m_ms": 2.64, "utci_c": 26.04, "p_base": 0.1201, "p_enhanced": 0.1291, "delta_p": 0.009, "rel_mitigation_pct": -7.46, "risk_level": "moderate"}}, {"type": "Feature", "geometry": {"type": "Polygon", "coordinates": [[[121.52, 31.23], [121.52, 31.24], [121.53, 31.24], [121.53, 31.23], [121.52, 31.23]]]}, "properties": {"grid_id": "r066_c067", "phase": "night_22h", "target_time": "2026-09-18 22:00:00+08:00", "hour": 22, "air_temperature_c": 25.94, "relative_humidity_pct": 75.0, "wind_speed_10m_ms": 2.64, "utci_c": 25.97, "p_base": 0.1188, "p_enhanced": 0.1307, "delta_p": 0.0119, "rel_mitigation_pct": -10.0, "risk_level": "low"}}, {"type": "Feature", "geometry": {"type": "Polygon", "coordinates": [[[121.55, 31.23], [121.55, 31.24], [121.56, 31.24], [121.56, 31.23], [121.55, 31.23]]]}, "properties": {"grid_id": "r066_c070", "phase": "night_22h", "target_time": "2026-09-18 22:00:00+08:00", "hour": 22, "air_temperature_c": 25.94, "relative_humidity_pct": 75.0, "wind_speed_10m_ms": 2.64, "utci_c": 25.73, "p_base": 0.1143, "p_enhanced": 0.1223, "delta_p": 0.008, "rel_mitigation_pct": -7.02, "risk_level": "low"}}, {"type": "Feature", "geometry": {"type": "Polygon", "coordinates": [[[121.59, 31.23], [121.59, 31.24], [121.6, 31.24], [121.6, 31.23], [121.59, 31.23]]]}, "properties": {"grid_id": "r066_c074", "phase": "night_22h", "target_time": "2026-09-18 22:00:00+08:00", "hour": 22, "air_temperature_c": 25.94, "relative_humidity_pct": 75.0, "wind_speed_10m_ms": 2.64, "utci_c": 25.02, "p_base": 0.1018, "p_enhanced": 0.1394, "delta_p": 0.0377, "rel_mitigation_pct": -37.01, "risk_level": "low"}}, {"type": "Feature", "geometry": {"type": "Polygon", "coordinates": [[[121.3, 31.22], [121.3, 31.23], [121.31, 31.23], [121.31, 31.22], [121.3, 31.22]]]}, "properties": {"grid_id": "r067_c045", "phase": "night_22h", "target_time": "2026-09-18 22:00:00+08:00", "hour": 22, "air_temperature_c": 25.94, "relative_humidity_pct": 75.0, "wind_speed_10m_ms": 2.64, "utci_c": 25.31, "p_base": 0.1067, "p_enhanced": 0.1132, "delta_p": 0.0065, "rel_mitigation_pct": -6.07, "risk_level": "low"}}, {"type": "Feature", "geometry": {"type": "Polygon", "coordinates": [[[121.36, 31.22], [121.36, 31.23], [121.37, 31.23], [121.37, 31.22], [121.36, 31.22]]]}, "properties": {"grid_id": "r067_c051", "phase": "night_22h", "target_time": "2026-09-18 22:00:00+08:00", "hour": 22, "air_temperature_c": 25.94, "relative_humidity_pct": 75.0, "wind_speed_10m_ms": 2.64, "utci_c": 25.45, "p_base": 0.1091, "p_enhanced": 0.1215, "delta_p": 0.0124, "rel_mitigation_pct": -11.38, "risk_level": "low"}}, {"type": "Feature", "geometry": {"type": "Polygon", "coordinates": [[[121.37, 31.22], [121.37, 31.23], [121.38, 31.23], [121.38, 31.22], [121.37, 31.22]]]}, "properties": {"grid_id": "r067_c052", "phase": "night_22h", "target_time": "2026-09-18 22:00:00+08:00", "hour": 22, "air_temperature_c": 25.94, "relative_humidity_pct": 75.0, "wind_speed_10m_ms": 2.64, "utci_c": 25.29, "p_base": 0.1063, "p_enhanced": 0.1298, "delta_p": 0.0235, "rel_mitigation_pct": -22.16, "risk_level": "low"}}, {"type": "Feature", "geometry": {"type": "Polygon", "coordinates": [[[121.38, 31.22], [121.38, 31.23], [121.39, 31.23], [121.39, 31.22], [121.38, 31.22]]]}, "properties": {"grid_id": "r067_c053", "phase": "night_22h", "target_time": "2026-09-18 22:00:00+08:00", "hour": 22, "air_temperature_c": 25.94, "relative_humidity_pct": 75.0, "wind_speed_10m_ms": 2.64, "utci_c": 25.51, "p_base": 0.1102, "p_enhanced": 0.1276, "delta_p": 0.0174, "rel_mitigation_pct": -15.76, "risk_level": "low"}}, {"type": "Feature", "geometry": {"type": "Polygon", "coordinates": [[[121.39, 31.22], [121.39, 31.23], [121.4, 31.23], [121.4, 31.22], [121.39, 31.22]]]}, "properties": {"grid_id": "r067_c054", "phase": "night_22h", "target_time": "2026-09-18 22:00:00+08:00", "hour": 22, "air_temperature_c": 25.94, "relative_humidity_pct": 75.0, "wind_speed_10m_ms": 2.64, "utci_c": 24.75, "p_base": 0.0975, "p_enhanced": 0.1072, "delta_p": 0.0097, "rel_mitigation_pct": -9.94, "risk_level": "low"}}, {"type": "Feature", "geometry": {"type": "Polygon", "coordinates": [[[121.4, 31.22], [121.4, 31.23], [121.41, 31.23], [121.41, 31.22], [121.4, 31.22]]]}, "properties": {"grid_id": "r067_c055", "phase": "night_22h", "target_time": "2026-09-18 22:00:00+08:00", "hour": 22, "air_temperature_c": 25.94, "relative_humidity_pct": 75.0, "wind_speed_10m_ms": 2.64, "utci_c": 25.69, "p_base": 0.1134, "p_enhanced": 0.1194, "delta_p": 0.006, "rel_mitigation_pct": -5.29, "risk_level": "low"}}, {"type": "Feature", "geometry": {"type": "Polygon", "coordinates": [[[121.41, 31.22], [121.41, 31.23], [121.42, 31.23], [121.42, 31.22], [121.41, 31.22]]]}, "properties": {"grid_id": "r067_c056", "phase": "night_22h", "target_time": "2026-09-18 22:00:00+08:00", "hour": 22, "air_temperature_c": 25.94, "relative_humidity_pct": 75.0, "wind_speed_10m_ms": 2.64, "utci_c": 25.42, "p_base": 0.1086, "p_enhanced": 0.1207, "delta_p": 0.0121, "rel_mitigation_pct": -11.12, "risk_level": "low"}}, {"type": "Feature", "geometry": {"type": "Polygon", "coordinates": [[[121.42, 31.22], [121.42, 31.23], [121.43, 31.23], [121.43, 31.22], [121.42, 31.22]]]}, "properties": {"grid_id": "r067_c057", "phase": "night_22h", "target_time": "2026-09-18 22:00:00+08:00", "hour": 22, "air_temperature_c": 25.94, "relative_humidity_pct": 75.0, "wind_speed_10m_ms": 2.64, "utci_c": 26.03, "p_base": 0.1199, "p_enhanced": 0.1293, "delta_p": 0.0093, "rel_mitigation_pct": -7.79, "risk_level": "moderate"}}, {"type": "Feature", "geometry": {"type": "Polygon", "coordinates": [[[121.43, 31.22], [121.43, 31.23], [121.44, 31.23], [121.44, 31.22], [121.43, 31.22]]]}, "properties": {"grid_id": "r067_c058", "phase": "night_22h", "target_time": "2026-09-18 22:00:00+08:00", "hour": 22, "air_temperature_c": 25.94, "relative_humidity_pct": 75.0, "wind_speed_10m_ms": 2.64, "utci_c": 25.9, "p_base": 0.1174, "p_enhanced": 0.1325, "delta_p": 0.0152, "rel_mitigation_pct": -12.91, "risk_level": "low"}}, {"type": "Feature", "geometry": {"type": "Polygon", "coordinates": [[[121.44, 31.22], [121.44, 31.23], [121.45, 31.23], [121.45, 31.22], [121.44, 31.22]]]}, "properties": {"grid_id": "r067_c059", "phase": "night_22h", "target_time": "2026-09-18 22:00:00+08:00", "hour": 22, "air_temperature_c": 25.94, "relative_humidity_pct": 75.0, "wind_speed_10m_ms": 2.64, "utci_c": 26.01, "p_base": 0.1195, "p_enhanced": 0.1293, "delta_p": 0.0098, "rel_mitigation_pct": -8.17, "risk_level": "moderate"}}, {"type": "Feature", "geometry": {"type": "Polygon", "coordinates": [[[121.45, 31.22], [121.45, 31.23], [121.46, 31.23], [121.46, 31.22], [121.45, 31.22]]]}, "properties": {"grid_id": "r067_c060", "phase": "night_22h", "target_time": "2026-09-18 22:00:00+08:00", "hour": 22, "air_temperature_c": 25.94, "relative_humidity_pct": 75.0, "wind_speed_10m_ms": 2.64, "utci_c": 26.1, "p_base": 0.1211, "p_enhanced": 0.1277, "delta_p": 0.0065, "rel_mitigation_pct": -5.38, "risk_level": "moderate"}}, {"type": "Feature", "geometry": {"type": "Polygon", "coordinates": [[[121.46, 31.22], [121.46, 31.23], [121.47, 31.23], [121.47, 31.22], [121.46, 31.22]]]}, "properties": {"grid_id": "r067_c061", "phase": "night_22h", "target_time": "2026-09-18 22:00:00+08:00", "hour": 22, "air_temperature_c": 25.94, "relative_humidity_pct": 75.0, "wind_speed_10m_ms": 2.64, "utci_c": 25.76, "p_base": 0.1148, "p_enhanced": 0.1345, "delta_p": 0.0197, "rel_mitigation_pct": -17.18, "risk_level": "low"}}, {"type": "Feature", "geometry": {"type": "Polygon", "coordinates": [[[121.47, 31.22], [121.47, 31.23], [121.48, 31.23], [121.48, 31.22], [121.47, 31.22]]]}, "properties": {"grid_id": "r067_c062", "phase": "night_22h", "target_time": "2026-09-18 22:00:00+08:00", "hour": 22, "air_temperature_c": 25.94, "relative_humidity_pct": 75.0, "wind_speed_10m_ms": 2.64, "utci_c": 25.81, "p_base": 0.1157, "p_enhanced": 0.1313, "delta_p": 0.0157, "rel_mitigation_pct": -13.55, "risk_level": "low"}}, {"type": "Feature", "geometry": {"type": "Polygon", "coordinates": [[[121.48, 31.22], [121.48, 31.23], [121.49, 31.23], [121.49, 31.22], [121.48, 31.22]]]}, "properties": {"grid_id": "r067_c063", "phase": "night_22h", "target_time": "2026-09-18 22:00:00+08:00", "hour": 22, "air_temperature_c": 25.94, "relative_humidity_pct": 75.0, "wind_speed_10m_ms": 2.64, "utci_c": 25.9, "p_base": 0.1173, "p_enhanced": 0.1312, "delta_p": 0.0138, "rel_mitigation_pct": -11.8, "risk_level": "low"}}, {"type": "Feature", "geometry": {"type": "Polygon", "coordinates": [[[121.49, 31.22], [121.49, 31.23], [121.5, 31.23], [121.5, 31.22], [121.49, 31.22]]]}, "properties": {"grid_id": "r067_c064", "phase": "night_22h", "target_time": "2026-09-18 22:00:00+08:00", "hour": 22, "air_temperature_c": 25.94, "relative_humidity_pct": 75.0, "wind_speed_10m_ms": 2.64, "utci_c": 25.51, "p_base": 0.1102, "p_enhanced": 0.0995, "delta_p": -0.0107, "rel_mitigation_pct": 9.74, "risk_level": "low"}}, {"type": "Feature", "geometry": {"type": "Polygon", "coordinates": [[[121.51, 31.22], [121.51, 31.23], [121.52, 31.23], [121.52, 31.22], [121.51, 31.22]]]}, "properties": {"grid_id": "r067_c066", "phase": "night_22h", "target_time": "2026-09-18 22:00:00+08:00", "hour": 22, "air_temperature_c": 25.94, "relative_humidity_pct": 75.0, "wind_speed_10m_ms": 2.64, "utci_c": 26.06, "p_base": 0.1205, "p_enhanced": 0.1281, "delta_p": 0.0076, "rel_mitigation_pct": -6.32, "risk_level": "moderate"}}, {"type": "Feature", "geometry": {"type": "Polygon", "coordinates": [[[121.52, 31.22], [121.52, 31.23], [121.53, 31.23], [121.53, 31.22], [121.52, 31.22]]]}, "properties": {"grid_id": "r067_c067", "phase": "night_22h", "target_time": "2026-09-18 22:00:00+08:00", "hour": 22, "air_temperature_c": 25.94, "relative_humidity_pct": 75.0, "wind_speed_10m_ms": 2.64, "utci_c": 25.72, "p_base": 0.114, "p_enhanced": 0.1298, "delta_p": 0.0157, "rel_mitigation_pct": -13.8, "risk_level": "low"}}, {"type": "Feature", "geometry": {"type": "Polygon", "coordinates": [[[121.53, 31.22], [121.53, 31.23], [121.54, 31.23], [121.54, 31.22], [121.53, 31.22]]]}, "properties": {"grid_id": "r067_c068", "phase": "night_22h", "target_time": "2026-09-18 22:00:00+08:00", "hour": 22, "air_temperature_c": 25.94, "relative_humidity_pct": 75.0, "wind_speed_10m_ms": 2.64, "utci_c": 25.56, "p_base": 0.111, "p_enhanced": 0.1366, "delta_p": 0.0256, "rel_mitigation_pct": -23.05, "risk_level": "low"}}, {"type": "Feature", "geometry": {"type": "Polygon", "coordinates": [[[121.54, 31.22], [121.54, 31.23], [121.55, 31.23], [121.55, 31.22], [121.54, 31.22]]]}, "properties": {"grid_id": "r067_c069", "phase": "night_22h", "target_time": "2026-09-18 22:00:00+08:00", "hour": 22, "air_temperature_c": 25.94, "relative_humidity_pct": 75.0, "wind_speed_10m_ms": 2.64, "utci_c": 25.51, "p_base": 0.1102, "p_enhanced": 0.1428, "delta_p": 0.0326, "rel_mitigation_pct": -29.59, "risk_level": "low"}}, {"type": "Feature", "geometry": {"type": "Polygon", "coordinates": [[[121.55, 31.22], [121.55, 31.23], [121.56, 31.23], [121.56, 31.22], [121.55, 31.22]]]}, "properties": {"grid_id": "r067_c070", "phase": "night_22h", "target_time": "2026-09-18 22:00:00+08:00", "hour": 22, "air_temperature_c": 25.94, "relative_humidity_pct": 75.0, "wind_speed_10m_ms": 2.64, "utci_c": 25.43, "p_base": 0.1087, "p_enhanced": 0.1299, "delta_p": 0.0212, "rel_mitigation_pct": -19.47, "risk_level": "low"}}, {"type": "Feature", "geometry": {"type": "Polygon", "coordinates": [[[121.62, 31.22], [121.62, 31.23], [121.63, 31.23], [121.63, 31.22], [121.62, 31.22]]]}, "properties": {"grid_id": "r067_c077", "phase": "night_22h", "target_time": "2026-09-18 22:00:00+08:00", "hour": 22, "air_temperature_c": 25.94, "relative_humidity_pct": 75.0, "wind_speed_10m_ms": 2.64, "utci_c": 25.35, "p_base": 0.1074, "p_enhanced": 0.1419, "delta_p": 0.0345, "rel_mitigation_pct": -32.17, "risk_level": "low"}}, {"type": "Feature", "geometry": {"type": "Polygon", "coordinates": [[[121.31, 31.21], [121.31, 31.22], [121.32, 31.22], [121.32, 31.21], [121.31, 31.21]]]}, "properties": {"grid_id": "r068_c046", "phase": "night_22h", "target_time": "2026-09-18 22:00:00+08:00", "hour": 22, "air_temperature_c": 25.94, "relative_humidity_pct": 75.0, "wind_speed_10m_ms": 2.64, "utci_c": 25.56, "p_base": 0.1111, "p_enhanced": 0.1248, "delta_p": 0.0137, "rel_mitigation_pct": -12.29, "risk_level": "low"}}, {"type": "Feature", "geometry": {"type": "Polygon", "coordinates": [[[121.34, 31.21], [121.34, 31.22], [121.35, 31.22], [121.35, 31.21], [121.34, 31.21]]]}, "properties": {"grid_id": "r068_c049", "phase": "night_22h", "target_time": "2026-09-18 22:00:00+08:00", "hour": 22, "air_temperature_c": 25.94, "relative_humidity_pct": 75.0, "wind_speed_10m_ms": 2.64, "utci_c": 25.52, "p_base": 0.1103, "p_enhanced": 0.1397, "delta_p": 0.0294, "rel_mitigation_pct": -26.66, "risk_level": "low"}}, {"type": "Feature", "geometry": {"type": "Polygon", "coordinates": [[[121.35, 31.21], [121.35, 31.22], [121.36, 31.22], [121.36, 31.21], [121.35, 31.21]]]}, "properties": {"grid_id": "r068_c050", "phase": "night_22h", "target_time": "2026-09-18 22:00:00+08:00", "hour": 22, "air_temperature_c": 25.94, "relative_humidity_pct": 75.0, "wind_speed_10m_ms": 2.64, "utci_c": 25.72, "p_base": 0.1141, "p_enhanced": 0.137, "delta_p": 0.023, "rel_mitigation_pct": -20.13, "risk_level": "low"}}, {"type": "Feature", "geometry": {"type": "Polygon", "coordinates": [[[121.38, 31.21], [121.38, 31.22], [121.39, 31.22], [121.39, 31.21], [121.38, 31.21]]]}, "properties": {"grid_id": "r068_c053", "phase": "night_22h", "target_time": "2026-09-18 22:00:00+08:00", "hour": 22, "air_temperature_c": 25.94, "relative_humidity_pct": 75.0, "wind_speed_10m_ms": 2.64, "utci_c": 25.92, "p_base": 0.1177, "p_enhanced": 0.1322, "delta_p": 0.0145, "rel_mitigation_pct": -12.31, "risk_level": "low"}}, {"type": "Feature", "geometry": {"type": "Polygon", "coordinates": [[[121.39, 31.21], [121.39, 31.22], [121.4, 31.22], [121.4, 31.21], [121.39, 31.21]]]}, "properties": {"grid_id": "r068_c054", "phase": "night_22h", "target_time": "2026-09-18 22:00:00+08:00", "hour": 22, "air_temperature_c": 25.94, "relative_humidity_pct": 75.0, "wind_speed_10m_ms": 2.64, "utci_c": 26.07, "p_base": 0.1206, "p_enhanced": 0.1282, "delta_p": 0.0076, "rel_mitigation_pct": -6.28, "risk_level": "moderate"}}, {"type": "Feature", "geometry": {"type": "Polygon", "coordinates": [[[121.4, 31.21], [121.4, 31.22], [121.41, 31.22], [121.41, 31.21], [121.4, 31.21]]]}, "properties": {"grid_id": "r068_c055", "phase": "night_22h", "target_time": "2026-09-18 22:00:00+08:00", "hour": 22, "air_temperature_c": 25.94, "relative_humidity_pct": 75.0, "wind_speed_10m_ms": 2.64, "utci_c": 26.04, "p_base": 0.1202, "p_enhanced": 0.129, "delta_p": 0.0089, "rel_mitigation_pct": -7.37, "risk_level": "moderate"}}, {"type": "Feature", "geometry": {"type": "Polygon", "coordinates": [[[121.41, 31.21], [121.41, 31.22], [121.42, 31.22], [121.42, 31.21], [121.41, 31.21]]]}, "properties": {"grid_id": "r068_c056", "phase": "night_22h", "target_time": "2026-09-18 22:00:00+08:00", "hour": 22, "air_temperature_c": 25.94, "relative_humidity_pct": 75.0, "wind_speed_10m_ms": 2.64, "utci_c": 25.87, "p_base": 0.1168, "p_enhanced": 0.1292, "delta_p": 0.0124, "rel_mitigation_pct": -10.62, "risk_level": "low"}}, {"type": "Feature", "geometry": {"type": "Polygon", "coordinates": [[[121.42, 31.21], [121.42, 31.22], [121.43, 31.22], [121.43, 31.21], [121.42, 31.21]]]}, "properties": {"grid_id": "r068_c057", "phase": "night_22h", "target_time": "2026-09-18 22:00:00+08:00", "hour": 22, "air_temperature_c": 25.94, "relative_humidity_pct": 75.0, "wind_speed_10m_ms": 2.64, "utci_c": 26.06, "p_base": 0.1205, "p_enhanced": 0.1285, "delta_p": 0.008, "rel_mitigation_pct": -6.65, "risk_level": "moderate"}}, {"type": "Feature", "geometry": {"type": "Polygon", "coordinates": [[[121.43, 31.21], [121.43, 31.22], [121.44, 31.22], [121.44, 31.21], [121.43, 31.21]]]}, "properties": {"grid_id": "r068_c058", "phase": "night_22h", "target_time": "2026-09-18 22:00:00+08:00", "hour": 22, "air_temperature_c": 25.94, "relative_humidity_pct": 75.0, "wind_speed_10m_ms": 2.64, "utci_c": 25.89, "p_base": 0.1172, "p_enhanced": 0.1328, "delta_p": 0.0155, "rel_mitigation_pct": -13.26, "risk_level": "low"}}, {"type": "Feature", "geometry": {"type": "Polygon", "coordinates": [[[121.44, 31.21], [121.44, 31.22], [121.45, 31.22], [121.45, 31.21], [121.44, 31.21]]]}, "properties": {"grid_id": "r068_c059", "phase": "night_22h", "target_time": "2026-09-18 22:00:00+08:00", "hour": 22, "air_temperature_c": 25.94, "relative_humidity_pct": 75.0, "wind_speed_10m_ms": 2.64, "utci_c": 25.99, "p_base": 0.1192, "p_enhanced": 0.1303, "delta_p": 0.0111, "rel_mitigation_pct": -9.33, "risk_level": "low"}}, {"type": "Feature", "geometry": {"type": "Polygon", "coordinates": [[[121.45, 31.21], [121.45, 31.22], [121.46, 31.22], [121.46, 31.21], [121.45, 31.21]]]}, "properties": {"grid_id": "r068_c060", "phase": "night_22h", "target_time": "2026-09-18 22:00:00+08:00", "hour": 22, "air_temperature_c": 25.94, "relative_humidity_pct": 75.0, "wind_speed_10m_ms": 2.64, "utci_c": 26.02, "p_base": 0.1197, "p_enhanced": 0.1296, "delta_p": 0.0099, "rel_mitigation_pct": -8.3, "risk_level": "moderate"}}, {"type": "Feature", "geometry": {"type": "Polygon", "coordinates": [[[121.46, 31.21], [121.46, 31.22], [121.47, 31.22], [121.47, 31.21], [121.46, 31.21]]]}, "properties": {"grid_id": "r068_c061", "phase": "night_22h", "target_time": "2026-09-18 22:00:00+08:00", "hour": 22, "air_temperature_c": 25.94, "relative_humidity_pct": 75.0, "wind_speed_10m_ms": 2.64, "utci_c": 25.88, "p_base": 0.1171, "p_enhanced": 0.1326, "delta_p": 0.0156, "rel_mitigation_pct": -13.3, "risk_level": "low"}}, {"type": "Feature", "geometry": {"type": "Polygon", "coordinates": [[[121.47, 31.21], [121.47, 31.22], [121.48, 31.22], [121.48, 31.21], [121.47, 31.21]]]}, "properties": {"grid_id": "r068_c062", "phase": "night_22h", "target_time": "2026-09-18 22:00:00+08:00", "hour": 22, "air_temperature_c": 25.94, "relative_humidity_pct": 75.0, "wind_speed_10m_ms": 2.64, "utci_c": 25.98, "p_base": 0.119, "p_enhanced": 0.1305, "delta_p": 0.0115, "rel_mitigation_pct": -9.66, "risk_level": "low"}}, {"type": "Feature", "geometry": {"type": "Polygon", "coordinates": [[[121.48, 31.21], [121.48, 31.22], [121.49, 31.22], [121.49, 31.21], [121.48, 31.21]]]}, "properties": {"grid_id": "r068_c063", "phase": "night_22h", "target_time": "2026-09-18 22:00:00+08:00", "hour": 22, "air_temperature_c": 25.94, "relative_humidity_pct": 75.0, "wind_speed_10m_ms": 2.64, "utci_c": 26.04, "p_base": 0.12, "p_enhanced": 0.1291, "delta_p": 0.009, "rel_mitigation_pct": -7.54, "risk_level": "moderate"}}, {"type": "Feature", "geometry": {"type": "Polygon", "coordinates": [[[121.49, 31.21], [121.49, 31.22], [121.5, 31.22], [121.5, 31.21], [121.49, 31.21]]]}, "properties": {"grid_id": "r068_c064", "phase": "night_22h", "target_time": "2026-09-18 22:00:00+08:00", "hour": 22, "air_temperature_c": 25.94, "relative_humidity_pct": 75.0, "wind_speed_10m_ms": 2.64, "utci_c": 25.9, "p_base": 0.1173, "p_enhanced": 0.1326, "delta_p": 0.0153, "rel_mitigation_pct": -13.04, "risk_level": "low"}}, {"type": "Feature", "geometry": {"type": "Polygon", "coordinates": [[[121.5, 31.21], [121.5, 31.22], [121.51, 31.22], [121.51, 31.21], [121.5, 31.21]]]}, "properties": {"grid_id": "r068_c065", "phase": "night_22h", "target_time": "2026-09-18 22:00:00+08:00", "hour": 22, "air_temperature_c": 25.94, "relative_humidity_pct": 75.0, "wind_speed_10m_ms": 2.64, "utci_c": 24.71, "p_base": 0.0969, "p_enhanced": 0.0618, "delta_p": -0.0352, "rel_mitigation_pct": 36.28, "risk_level": "low"}}, {"type": "Feature", "geometry": {"type": "Polygon", "coordinates": [[[121.54, 31.21], [121.54, 31.22], [121.55, 31.22], [121.55, 31.21], [121.54, 31.21]]]}, "properties": {"grid_id": "r068_c069", "phase": "night_22h", "target_time": "2026-09-18 22:00:00+08:00", "hour": 22, "air_temperature_c": 25.94, "relative_humidity_pct": 75.0, "wind_speed_10m_ms": 2.64, "utci_c": 24.32, "p_base": 0.091, "p_enhanced": 0.1158, "delta_p": 0.0248, "rel_mitigation_pct": -27.21, "risk_level": "low"}}, {"type": "Feature", "geometry": {"type": "Polygon", "coordinates": [[[121.55, 31.21], [121.55, 31.22], [121.56, 31.22], [121.56, 31.21], [121.55, 31.21]]]}, "properties": {"grid_id": "r068_c070", "phase": "night_22h", "target_time": "2026-09-18 22:00:00+08:00", "hour": 22, "air_temperature_c": 25.94, "relative_humidity_pct": 75.0, "wind_speed_10m_ms": 2.64, "utci_c": 25.2, "p_base": 0.1049, "p_enhanced": 0.1362, "delta_p": 0.0313, "rel_mitigation_pct": -29.84, "risk_level": "low"}}, {"type": "Feature", "geometry": {"type": "Polygon", "coordinates": [[[121.56, 31.21], [121.56, 31.22], [121.57, 31.22], [121.57, 31.21], [121.56, 31.21]]]}, "properties": {"grid_id": "r068_c071", "phase": "night_22h", "target_time": "2026-09-18 22:00:00+08:00", "hour": 22, "air_temperature_c": 25.94, "relative_humidity_pct": 75.0, "wind_speed_10m_ms": 2.64, "utci_c": 26.02, "p_base": 0.1196, "p_enhanced": 0.1296, "delta_p": 0.01, "rel_mitigation_pct": -8.39, "risk_level": "moderate"}}, {"type": "Feature", "geometry": {"type": "Polygon", "coordinates": [[[121.61, 31.21], [121.61, 31.22], [121.62, 31.22], [121.62, 31.21], [121.61, 31.21]]]}, "properties": {"grid_id": "r068_c076", "phase": "night_22h", "target_time": "2026-09-18 22:00:00+08:00", "hour": 22, "air_temperature_c": 25.94, "relative_humidity_pct": 75.0, "wind_speed_10m_ms": 2.64, "utci_c": 25.7, "p_base": 0.1136, "p_enhanced": 0.1369, "delta_p": 0.0233, "rel_mitigation_pct": -20.51, "risk_level": "low"}}, {"type": "Feature", "geometry": {"type": "Polygon", "coordinates": [[[121.62, 31.21], [121.62, 31.22], [121.63, 31.22], [121.63, 31.21], [121.62, 31.21]]]}, "properties": {"grid_id": "r068_c077", "phase": "night_22h", "target_time": "2026-09-18 22:00:00+08:00", "hour": 22, "air_temperature_c": 25.94, "relative_humidity_pct": 75.0, "wind_speed_10m_ms": 2.64, "utci_c": 25.7, "p_base": 0.1136, "p_enhanced": 0.1377, "delta_p": 0.0241, "rel_mitigation_pct": -21.24, "risk_level": "low"}}, {"type": "Feature", "geometry": {"type": "Polygon", "coordinates": [[[121.65, 31.21], [121.65, 31.22], [121.66, 31.22], [121.66, 31.21], [121.65, 31.21]]]}, "properties": {"grid_id": "r068_c080", "phase": "night_22h", "target_time": "2026-09-18 22:00:00+08:00", "hour": 22, "air_temperature_c": 25.94, "relative_humidity_pct": 75.0, "wind_speed_10m_ms": 2.64, "utci_c": 25.7, "p_base": 0.1137, "p_enhanced": 0.131, "delta_p": 0.0174, "rel_mitigation_pct": -15.26, "risk_level": "low"}}, {"type": "Feature", "geometry": {"type": "Polygon", "coordinates": [[[121.69, 31.21], [121.69, 31.22], [121.7, 31.22], [121.7, 31.21], [121.69, 31.21]]]}, "properties": {"grid_id": "r068_c084", "phase": "night_22h", "target_time": "2026-09-18 22:00:00+08:00", "hour": 22, "air_temperature_c": 25.94, "relative_humidity_pct": 75.0, "wind_speed_10m_ms": 2.64, "utci_c": 25.72, "p_base": 0.114, "p_enhanced": 0.1371, "delta_p": 0.0232, "rel_mitigation_pct": -20.31, "risk_level": "low"}}, {"type": "Feature", "geometry": {"type": "Polygon", "coordinates": [[[121.27, 31.2], [121.27, 31.21], [121.28, 31.21], [121.28, 31.2], [121.27, 31.2]]]}, "properties": {"grid_id": "r069_c042", "phase": "night_22h", "target_time": "2026-09-18 22:00:00+08:00", "hour": 22, "air_temperature_c": 25.94, "relative_humidity_pct": 75.0, "wind_speed_10m_ms": 2.64, "utci_c": 25.8, "p_base": 0.1155, "p_enhanced": 0.135, "delta_p": 0.0195, "rel_mitigation_pct": -16.83, "risk_level": "low"}}, {"type": "Feature", "geometry": {"type": "Polygon", "coordinates": [[[121.36, 31.2], [121.36, 31.21], [121.37, 31.21], [121.37, 31.2], [121.36, 31.2]]]}, "properties": {"grid_id": "r069_c051", "phase": "night_22h", "target_time": "2026-09-18 22:00:00+08:00", "hour": 22, "air_temperature_c": 25.94, "relative_humidity_pct": 75.0, "wind_speed_10m_ms": 2.64, "utci_c": 25.66, "p_base": 0.1129, "p_enhanced": 0.1385, "delta_p": 0.0255, "rel_mitigation_pct": -22.62, "risk_level": "low"}}, {"type": "Feature", "geometry": {"type": "Polygon", "coordinates": [[[121.37, 31.2], [121.37, 31.21], [121.38, 31.21], [121.38, 31.2], [121.37, 31.2]]]}, "properties": {"grid_id": "r069_c052", "phase": "night_22h", "target_time": "2026-09-18 22:00:00+08:00", "hour": 22, "air_temperature_c": 25.94, "relative_humidity_pct": 75.0, "wind_speed_10m_ms": 2.64, "utci_c": 24.94, "p_base": 0.1005, "p_enhanced": 0.1373, "delta_p": 0.0367, "rel_mitigation_pct": -36.54, "risk_level": "low"}}, {"type": "Feature", "geometry": {"type": "Polygon", "coordinates": [[[121.38, 31.2], [121.38, 31.21], [121.39, 31.21], [121.39, 31.2], [121.38, 31.2]]]}, "properties": {"grid_id": "r069_c053", "phase": "night_22h", "target_time": "2026-09-18 22:00:00+08:00", "hour": 22, "air_temperature_c": 25.94, "relative_humidity_pct": 75.0, "wind_speed_10m_ms": 2.64, "utci_c": 26.02, "p_base": 0.1197, "p_enhanced": 0.1287, "delta_p": 0.009, "rel_mitigation_pct": -7.52, "risk_level": "moderate"}}, {"type": "Feature", "geometry": {"type": "Polygon", "coordinates": [[[121.39, 31.2], [121.39, 31.21], [121.4, 31.21], [121.4, 31.2], [121.39, 31.2]]]}, "properties": {"grid_id": "r069_c054", "phase": "night_22h", "target_time": "2026-09-18 22:00:00+08:00", "hour": 22, "air_temperature_c": 25.94, "relative_humidity_pct": 75.0, "wind_speed_10m_ms": 2.64, "utci_c": 25.81, "p_base": 0.1156, "p_enhanced": 0.1345, "delta_p": 0.0189, "rel_mitigation_pct": -16.32, "risk_level": "low"}}, {"type": "Feature", "geometry": {"type": "Polygon", "coordinates": [[[121.4, 31.2], [121.4, 31.21], [121.41, 31.21], [121.41, 31.2], [121.4, 31.2]]]}, "properties": {"grid_id": "r069_c055", "phase": "night_22h", "target_time": "2026-09-18 22:00:00+08:00", "hour": 22, "air_temperature_c": 25.94, "relative_humidity_pct": 75.0, "wind_speed_10m_ms": 2.64, "utci_c": 25.79, "p_base": 0.1153, "p_enhanced": 0.1334, "delta_p": 0.0181, "rel_mitigation_pct": -15.7, "risk_level": "low"}}, {"type": "Feature", "geometry": {"type": "Polygon", "coordinates": [[[121.41, 31.2], [121.41, 31.21], [121.42, 31.21], [121.42, 31.2], [121.41, 31.2]]]}, "properties": {"grid_id": "r069_c056", "phase": "night_22h", "target_time": "2026-09-18 22:00:00+08:00", "hour": 22, "air_temperature_c": 25.94, "relative_humidity_pct": 75.0, "wind_speed_10m_ms": 2.64, "utci_c": 26.06, "p_base": 0.1204, "p_enhanced": 0.1287, "delta_p": 0.0083, "rel_mitigation_pct": -6.93, "risk_level": "moderate"}}, {"type": "Feature", "geometry": {"type": "Polygon", "coordinates": [[[121.42, 31.2], [121.42, 31.21], [121.43, 31.21], [121.43, 31.2], [121.42, 31.2]]]}, "properties": {"grid_id": "r069_c057", "phase": "night_22h", "target_time": "2026-09-18 22:00:00+08:00", "hour": 22, "air_temperature_c": 25.94, "relative_humidity_pct": 75.0, "wind_speed_10m_ms": 2.64, "utci_c": 26.0, "p_base": 0.1194, "p_enhanced": 0.13, "delta_p": 0.0106, "rel_mitigation_pct": -8.91, "risk_level": "moderate"}}, {"type": "Feature", "geometry": {"type": "Polygon", "coordinates": [[[121.43, 31.2], [121.43, 31.21], [121.44, 31.21], [121.44, 31.2], [121.43, 31.2]]]}, "properties": {"grid_id": "r069_c058", "phase": "night_22h", "target_time": "2026-09-18 22:00:00+08:00", "hour": 22, "air_temperature_c": 25.94, "relative_humidity_pct": 75.0, "wind_speed_10m_ms": 2.64, "utci_c": 25.94, "p_base": 0.1182, "p_enhanced": 0.1316, "delta_p": 0.0134, "rel_mitigation_pct": -11.36, "risk_level": "low"}}, {"type": "Feature", "geometry": {"type": "Polygon", "coordinates": [[[121.44, 31.2], [121.44, 31.21], [121.45, 31.21], [121.45, 31.2], [121.44, 31.2]]]}, "properties": {"grid_id": "r069_c059", "phase": "night_22h", "target_time": "2026-09-18 22:00:00+08:00", "hour": 22, "air_temperature_c": 25.94, "relative_humidity_pct": 75.0, "wind_speed_10m_ms": 2.64, "utci_c": 25.97, "p_base": 0.1186, "p_enhanced": 0.131, "delta_p": 0.0123, "rel_mitigation_pct": -10.39, "risk_level": "low"}}, {"type": "Feature", "geometry": {"type": "Polygon", "coordinates": [[[121.45, 31.2], [121.45, 31.21], [121.46, 31.21], [121.46, 31.2], [121.45, 31.2]]]}, "properties": {"grid_id": "r069_c060", "phase": "night_22h", "target_time": "2026-09-18 22:00:00+08:00", "hour": 22, "air_temperature_c": 25.94, "relative_humidity_pct": 75.0, "wind_speed_10m_ms": 2.64, "utci_c": 26.03, "p_base": 0.1198, "p_enhanced": 0.1294, "delta_p": 0.0096, "rel_mitigation_pct": -8.01, "risk_level": "moderate"}}, {"type": "Feature", "geometry": {"type": "Polygon", "coordinates": [[[121.46, 31.2], [121.46, 31.21], [121.47, 31.21], [121.47, 31.2], [121.46, 31.2]]]}, "properties": {"grid_id": "r069_c061", "phase": "night_22h", "target_time": "2026-09-18 22:00:00+08:00", "hour": 22, "air_temperature_c": 25.94, "relative_humidity_pct": 75.0, "wind_speed_10m_ms": 2.64, "utci_c": 26.01, "p_base": 0.1195, "p_enhanced": 0.1298, "delta_p": 0.0102, "rel_mitigation_pct": -8.56, "risk_level": "moderate"}}, {"type": "Feature", "geometry": {"type": "Polygon", "coordinates": [[[121.47, 31.2], [121.47, 31.21], [121.48, 31.21], [121.48, 31.2], [121.47, 31.2]]]}, "properties": {"grid_id": "r069_c062", "phase": "night_22h", "target_time": "2026-09-18 22:00:00+08:00", "hour": 22, "air_temperature_c": 25.94, "relative_humidity_pct": 75.0, "wind_speed_10m_ms": 2.64, "utci_c": 26.12, "p_base": 0.1216, "p_enhanced": 0.1272, "delta_p": 0.0057, "rel_mitigation_pct": -4.67, "risk_level": "moderate"}}, {"type": "Feature", "geometry": {"type": "Polygon", "coordinates": [[[121.48, 31.2], [121.48, 31.21], [121.49, 31.21], [121.49, 31.2], [121.48, 31.2]]]}, "properties": {"grid_id": "r069_c063", "phase": "night_22h", "target_time": "2026-09-18 22:00:00+08:00", "hour": 22, "air_temperature_c": 25.94, "relative_humidity_pct": 75.0, "wind_speed_10m_ms": 2.64, "utci_c": 25.95, "p_base": 0.1183, "p_enhanced": 0.1313, "delta_p": 0.0131, "rel_mitigation_pct": -11.04, "risk_level": "low"}}, {"type": "Feature", "geometry": {"type": "Polygon", "coordinates": [[[121.49, 31.2], [121.49, 31.21], [121.5, 31.21], [121.5, 31.2], [121.49, 31.2]]]}, "properties": {"grid_id": "r069_c064", "phase": "night_22h", "target_time": "2026-09-18 22:00:00+08:00", "hour": 22, "air_temperature_c": 25.94, "relative_humidity_pct": 75.0, "wind_speed_10m_ms": 2.64, "utci_c": 25.01, "p_base": 0.1016, "p_enhanced": 0.0768, "delta_p": -0.0248, "rel_mitigation_pct": 24.44, "risk_level": "low"}}, {"type": "Feature", "geometry": {"type": "Polygon", "coordinates": [[[121.5, 31.2], [121.5, 31.21], [121.51, 31.21], [121.51, 31.2], [121.5, 31.2]]]}, "properties": {"grid_id": "r069_c065", "phase": "night_22h", "target_time": "2026-09-18 22:00:00+08:00", "hour": 22, "air_temperature_c": 25.94, "relative_humidity_pct": 75.0, "wind_speed_10m_ms": 2.64, "utci_c": 25.2, "p_base": 0.1048, "p_enhanced": 0.1002, "delta_p": -0.0046, "rel_mitigation_pct": 4.42, "risk_level": "low"}}, {"type": "Feature", "geometry": {"type": "Polygon", "coordinates": [[[121.51, 31.2], [121.51, 31.21], [121.52, 31.21], [121.52, 31.2], [121.51, 31.2]]]}, "properties": {"grid_id": "r069_c066", "phase": "night_22h", "target_time": "2026-09-18 22:00:00+08:00", "hour": 22, "air_temperature_c": 25.94, "relative_humidity_pct": 75.0, "wind_speed_10m_ms": 2.64, "utci_c": 25.84, "p_base": 0.1162, "p_enhanced": 0.1341, "delta_p": 0.0179, "rel_mitigation_pct": -15.4, "risk_level": "low"}}, {"type": "Feature", "geometry": {"type": "Polygon", "coordinates": [[[121.55, 31.2], [121.55, 31.21], [121.56, 31.21], [121.56, 31.2], [121.55, 31.2]]]}, "properties": {"grid_id": "r069_c070", "phase": "night_22h", "target_time": "2026-09-18 22:00:00+08:00", "hour": 22, "air_temperature_c": 25.94, "relative_humidity_pct": 75.0, "wind_speed_10m_ms": 2.64, "utci_c": 25.8, "p_base": 0.1155, "p_enhanced": 0.1345, "delta_p": 0.019, "rel_mitigation_pct": -16.46, "risk_level": "low"}}, {"type": "Feature", "geometry": {"type": "Polygon", "coordinates": [[[121.58, 31.2], [121.58, 31.21], [121.59, 31.21], [121.59, 31.2], [121.58, 31.2]]]}, "properties": {"grid_id": "r069_c073", "phase": "night_22h", "target_time": "2026-09-18 22:00:00+08:00", "hour": 22, "air_temperature_c": 25.94, "relative_humidity_pct": 75.0, "wind_speed_10m_ms": 2.64, "utci_c": 25.74, "p_base": 0.1144, "p_enhanced": 0.1368, "delta_p": 0.0224, "rel_mitigation_pct": -19.6, "risk_level": "low"}}, {"type": "Feature", "geometry": {"type": "Polygon", "coordinates": [[[121.59, 31.2], [121.59, 31.21], [121.6, 31.21], [121.6, 31.2], [121.59, 31.2]]]}, "properties": {"grid_id": "r069_c074", "phase": "night_22h", "target_time": "2026-09-18 22:00:00+08:00", "hour": 22, "air_temperature_c": 25.94, "relative_humidity_pct": 75.0, "wind_speed_10m_ms": 2.64, "utci_c": 25.78, "p_base": 0.1151, "p_enhanced": 0.1337, "delta_p": 0.0186, "rel_mitigation_pct": -16.16, "risk_level": "low"}}, {"type": "Feature", "geometry": {"type": "Polygon", "coordinates": [[[121.6, 31.2], [121.6, 31.21], [121.61, 31.21], [121.61, 31.2], [121.6, 31.2]]]}, "properties": {"grid_id": "r069_c075", "phase": "night_22h", "target_time": "2026-09-18 22:00:00+08:00", "hour": 22, "air_temperature_c": 25.94, "relative_humidity_pct": 75.0, "wind_speed_10m_ms": 2.64, "utci_c": 25.52, "p_base": 0.1103, "p_enhanced": 0.1324, "delta_p": 0.0221, "rel_mitigation_pct": -20.05, "risk_level": "low"}}, {"type": "Feature", "geometry": {"type": "Polygon", "coordinates": [[[121.66, 31.2], [121.66, 31.21], [121.67, 31.21], [121.67, 31.2], [121.66, 31.2]]]}, "properties": {"grid_id": "r069_c081", "phase": "night_22h", "target_time": "2026-09-18 22:00:00+08:00", "hour": 22, "air_temperature_c": 25.94, "relative_humidity_pct": 75.0, "wind_speed_10m_ms": 2.64, "utci_c": 25.56, "p_base": 0.1111, "p_enhanced": 0.1227, "delta_p": 0.0116, "rel_mitigation_pct": -10.48, "risk_level": "low"}}, {"type": "Feature", "geometry": {"type": "Polygon", "coordinates": [[[121.27, 31.19], [121.27, 31.2], [121.28, 31.2], [121.28, 31.19], [121.27, 31.19]]]}, "properties": {"grid_id": "r070_c042", "phase": "night_22h", "target_time": "2026-09-18 22:00:00+08:00", "hour": 22, "air_temperature_c": 25.94, "relative_humidity_pct": 75.0, "wind_speed_10m_ms": 2.64, "utci_c": 25.69, "p_base": 0.1134, "p_enhanced": 0.138, "delta_p": 0.0246, "rel_mitigation_pct": -21.68, "risk_level": "low"}}, {"type": "Feature", "geometry": {"type": "Polygon", "coordinates": [[[121.3, 31.19], [121.3, 31.2], [121.31, 31.2], [121.31, 31.19], [121.3, 31.19]]]}, "properties": {"grid_id": "r070_c045", "phase": "night_22h", "target_time": "2026-09-18 22:00:00+08:00", "hour": 22, "air_temperature_c": 25.94, "relative_humidity_pct": 75.0, "wind_speed_10m_ms": 2.64, "utci_c": 25.62, "p_base": 0.1122, "p_enhanced": 0.1185, "delta_p": 0.0063, "rel_mitigation_pct": -5.61, "risk_level": "low"}}, {"type": "Feature", "geometry": {"type": "Polygon", "coordinates": [[[121.31, 31.19], [121.31, 31.2], [121.32, 31.2], [121.32, 31.19], [121.31, 31.19]]]}, "properties": {"grid_id": "r070_c046", "phase": "night_22h", "target_time": "2026-09-18 22:00:00+08:00", "hour": 22, "air_temperature_c": 25.94, "relative_humidity_pct": 75.0, "wind_speed_10m_ms": 2.64, "utci_c": 26.12, "p_base": 0.1216, "p_enhanced": 0.1272, "delta_p": 0.0056, "rel_mitigation_pct": -4.59, "risk_level": "moderate"}}, {"type": "Feature", "geometry": {"type": "Polygon", "coordinates": [[[121.35, 31.19], [121.35, 31.2], [121.36, 31.2], [121.36, 31.19], [121.35, 31.19]]]}, "properties": {"grid_id": "r070_c050", "phase": "night_22h", "target_time": "2026-09-18 22:00:00+08:00", "hour": 22, "air_temperature_c": 25.94, "relative_humidity_pct": 75.0, "wind_speed_10m_ms": 2.64, "utci_c": 25.48, "p_base": 0.1096, "p_enhanced": 0.139, "delta_p": 0.0294, "rel_mitigation_pct": -26.83, "risk_level": "low"}}, {"type": "Feature", "geometry": {"type": "Polygon", "coordinates": [[[121.36, 31.19], [121.36, 31.2], [121.37, 31.2], [121.37, 31.19], [121.36, 31.19]]]}, "properties": {"grid_id": "r070_c051", "phase": "night_22h", "target_time": "2026-09-18 22:00:00+08:00", "hour": 22, "air_temperature_c": 25.94, "relative_humidity_pct": 75.0, "wind_speed_10m_ms": 2.64, "utci_c": 25.71, "p_base": 0.1137, "p_enhanced": 0.133, "delta_p": 0.0193, "rel_mitigation_pct": -16.98, "risk_level": "low"}}, {"type": "Feature", "geometry": {"type": "Polygon", "coordinates": [[[121.37, 31.19], [121.37, 31.2], [121.38, 31.2], [121.38, 31.19], [121.37, 31.19]]]}, "properties": {"grid_id": "r070_c052", "phase": "night_22h", "target_time": "2026-09-18 22:00:00+08:00", "hour": 22, "air_temperature_c": 25.94, "relative_humidity_pct": 75.0, "wind_speed_10m_ms": 2.64, "utci_c": 25.74, "p_base": 0.1144, "p_enhanced": 0.1366, "delta_p": 0.0222, "rel_mitigation_pct": -19.41, "risk_level": "low"}}, {"type": "Feature", "geometry": {"type": "Polygon", "coordinates": [[[121.38, 31.19], [121.38, 31.2], [121.39, 31.2], [121.39, 31.19], [121.38, 31.19]]]}, "properties": {"grid_id": "r070_c053", "phase": "night_22h", "target_time": "2026-09-18 22:00:00+08:00", "hour": 22, "air_temperature_c": 25.94, "relative_humidity_pct": 75.0, "wind_speed_10m_ms": 2.64, "utci_c": 25.8, "p_base": 0.1154, "p_enhanced": 0.1347, "delta_p": 0.0192, "rel_mitigation_pct": -16.65, "risk_level": "low"}}, {"type": "Feature", "geometry": {"type": "Polygon", "coordinates": [[[121.4, 31.19], [121.4, 31.2], [121.41, 31.2], [121.41, 31.19], [121.4, 31.19]]]}, "properties": {"grid_id": "r070_c055", "phase": "night_22h", "target_time": "2026-09-18 22:00:00+08:00", "hour": 22, "air_temperature_c": 25.94, "relative_humidity_pct": 75.0, "wind_speed_10m_ms": 2.64, "utci_c": 25.9, "p_base": 0.1173, "p_enhanced": 0.1327, "delta_p": 0.0154, "rel_mitigation_pct": -13.09, "risk_level": "low"}}, {"type": "Feature", "geometry": {"type": "Polygon", "coordinates": [[[121.42, 31.19], [121.42, 31.2], [121.43, 31.2], [121.43, 31.19], [121.42, 31.19]]]}, "properties": {"grid_id": "r070_c057", "phase": "night_22h", "target_time": "2026-09-18 22:00:00+08:00", "hour": 22, "air_temperature_c": 25.94, "relative_humidity_pct": 75.0, "wind_speed_10m_ms": 2.64, "utci_c": 25.89, "p_base": 0.1171, "p_enhanced": 0.1329, "delta_p": 0.0158, "rel_mitigation_pct": -13.45, "risk_level": "low"}}, {"type": "Feature", "geometry": {"type": "Polygon", "coordinates": [[[121.43, 31.19], [121.43, 31.2], [121.44, 31.2], [121.44, 31.19], [121.43, 31.19]]]}, "properties": {"grid_id": "r070_c058", "phase": "night_22h", "target_time": "2026-09-18 22:00:00+08:00", "hour": 22, "air_temperature_c": 25.94, "relative_humidity_pct": 75.0, "wind_speed_10m_ms": 2.64, "utci_c": 25.87, "p_base": 0.1168, "p_enhanced": 0.1322, "delta_p": 0.0154, "rel_mitigation_pct": -13.18, "risk_level": "low"}}, {"type": "Feature", "geometry": {"type": "Polygon", "coordinates": [[[121.44, 31.19], [121.44, 31.2], [121.45, 31.2], [121.45, 31.19], [121.44, 31.19]]]}, "properties": {"grid_id": "r070_c059", "phase": "night_22h", "target_time": "2026-09-18 22:00:00+08:00", "hour": 22, "air_temperature_c": 25.94, "relative_humidity_pct": 75.0, "wind_speed_10m_ms": 2.64, "utci_c": 25.87, "p_base": 0.1168, "p_enhanced": 0.1332, "delta_p": 0.0163, "rel_mitigation_pct": -13.97, "risk_level": "low"}}, {"type": "Feature", "geometry": {"type": "Polygon", "coordinates": [[[121.45, 31.19], [121.45, 31.2], [121.46, 31.2], [121.46, 31.19], [121.45, 31.19]]]}, "properties": {"grid_id": "r070_c060", "phase": "night_22h", "target_time": "2026-09-18 22:00:00+08:00", "hour": 22, "air_temperature_c": 25.94, "relative_humidity_pct": 75.0, "wind_speed_10m_ms": 2.64, "utci_c": 26.02, "p_base": 0.1197, "p_enhanced": 0.1295, "delta_p": 0.0098, "rel_mitigation_pct": -8.21, "risk_level": "moderate"}}, {"type": "Feature", "geometry": {"type": "Polygon", "coordinates": [[[121.46, 31.19], [121.46, 31.2], [121.47, 31.2], [121.47, 31.19], [121.46, 31.19]]]}, "properties": {"grid_id": "r070_c061", "phase": "night_22h", "target_time": "2026-09-18 22:00:00+08:00", "hour": 22, "air_temperature_c": 25.94, "relative_humidity_pct": 75.0, "wind_speed_10m_ms": 2.64, "utci_c": 25.71, "p_base": 0.1138, "p_enhanced": 0.1252, "delta_p": 0.0114, "rel_mitigation_pct": -9.99, "risk_level": "low"}}, {"type": "Feature", "geometry": {"type": "Polygon", "coordinates": [[[121.47, 31.19], [121.47, 31.2], [121.48, 31.2], [121.48, 31.19], [121.47, 31.19]]]}, "properties": {"grid_id": "r070_c062", "phase": "night_22h", "target_time": "2026-09-18 22:00:00+08:00", "hour": 22, "air_temperature_c": 25.94, "relative_humidity_pct": 75.0, "wind_speed_10m_ms": 2.64, "utci_c": 24.84, "p_base": 0.0988, "p_enhanced": 0.0725, "delta_p": -0.0263, "rel_mitigation_pct": 26.64, "risk_level": "low"}}, {"type": "Feature", "geometry": {"type": "Polygon", "coordinates": [[[121.48, 31.19], [121.48, 31.2], [121.49, 31.2], [121.49, 31.19], [121.48, 31.19]]]}, "properties": {"grid_id": "r070_c063", "phase": "night_22h", "target_time": "2026-09-18 22:00:00+08:00", "hour": 22, "air_temperature_c": 25.94, "relative_humidity_pct": 75.0, "wind_speed_10m_ms": 2.64, "utci_c": 24.5, "p_base": 0.0937, "p_enhanced": 0.0561, "delta_p": -0.0376, "rel_mitigation_pct": 40.1, "risk_level": "low"}}, {"type": "Feature", "geometry": {"type": "Polygon", "coordinates": [[[121.49, 31.19], [121.49, 31.2], [121.5, 31.2], [121.5, 31.19], [121.49, 31.19]]]}, "properties": {"grid_id": "r070_c064", "phase": "night_22h", "target_time": "2026-09-18 22:00:00+08:00", "hour": 22, "air_temperature_c": 25.94, "relative_humidity_pct": 75.0, "wind_speed_10m_ms": 2.64, "utci_c": 24.67, "p_base": 0.0962, "p_enhanced": 0.0691, "delta_p": -0.0271, "rel_mitigation_pct": 28.15, "risk_level": "low"}}, {"type": "Feature", "geometry": {"type": "Polygon", "coordinates": [[[121.51, 31.19], [121.51, 31.2], [121.52, 31.2], [121.52, 31.19], [121.51, 31.19]]]}, "properties": {"grid_id": "r070_c066", "phase": "night_22h", "target_time": "2026-09-18 22:00:00+08:00", "hour": 22, "air_temperature_c": 25.94, "relative_humidity_pct": 75.0, "wind_speed_10m_ms": 2.64, "utci_c": 25.69, "p_base": 0.1135, "p_enhanced": 0.1206, "delta_p": 0.0072, "rel_mitigation_pct": -6.33, "risk_level": "low"}}, {"type": "Feature", "geometry": {"type": "Polygon", "coordinates": [[[121.53, 31.19], [121.53, 31.2], [121.54, 31.2], [121.54, 31.19], [121.53, 31.19]]]}, "properties": {"grid_id": "r070_c068", "phase": "night_22h", "target_time": "2026-09-18 22:00:00+08:00", "hour": 22, "air_temperature_c": 25.94, "relative_humidity_pct": 75.0, "wind_speed_10m_ms": 2.64, "utci_c": 25.35, "p_base": 0.1073, "p_enhanced": 0.1282, "delta_p": 0.0209, "rel_mitigation_pct": -19.49, "risk_level": "low"}}, {"type": "Feature", "geometry": {"type": "Polygon", "coordinates": [[[121.69, 31.19], [121.69, 31.2], [121.7, 31.2], [121.7, 31.19], [121.69, 31.19]]]}, "properties": {"grid_id": "r070_c084", "phase": "night_22h", "target_time": "2026-09-18 22:00:00+08:00", "hour": 22, "air_temperature_c": 25.94, "relative_humidity_pct": 75.0, "wind_speed_10m_ms": 2.64, "utci_c": 25.76, "p_base": 0.1148, "p_enhanced": 0.1349, "delta_p": 0.0201, "rel_mitigation_pct": -17.55, "risk_level": "low"}}, {"type": "Feature", "geometry": {"type": "Polygon", "coordinates": [[[121.7, 31.19], [121.7, 31.2], [121.71, 31.2], [121.71, 31.19], [121.7, 31.19]]]}, "properties": {"grid_id": "r070_c085", "phase": "night_22h", "target_time": "2026-09-18 22:00:00+08:00", "hour": 22, "air_temperature_c": 25.94, "relative_humidity_pct": 75.0, "wind_speed_10m_ms": 2.64, "utci_c": 25.73, "p_base": 0.1141, "p_enhanced": 0.137, "delta_p": 0.0229, "rel_mitigation_pct": -20.1, "risk_level": "low"}}, {"type": "Feature", "geometry": {"type": "Polygon", "coordinates": [[[121.27, 31.18], [121.27, 31.19], [121.28, 31.19], [121.28, 31.18], [121.27, 31.18]]]}, "properties": {"grid_id": "r071_c042", "phase": "night_22h", "target_time": "2026-09-18 22:00:00+08:00", "hour": 22, "air_temperature_c": 25.94, "relative_humidity_pct": 75.0, "wind_speed_10m_ms": 2.64, "utci_c": 25.57, "p_base": 0.1112, "p_enhanced": 0.1414, "delta_p": 0.0302, "rel_mitigation_pct": -27.2, "risk_level": "low"}}, {"type": "Feature", "geometry": {"type": "Polygon", "coordinates": [[[121.36, 31.18], [121.36, 31.19], [121.37, 31.19], [121.37, 31.18], [121.36, 31.18]]]}, "properties": {"grid_id": "r071_c051", "phase": "night_22h", "target_time": "2026-09-18 22:00:00+08:00", "hour": 22, "air_temperature_c": 25.94, "relative_humidity_pct": 75.0, "wind_speed_10m_ms": 2.64, "utci_c": 25.81, "p_base": 0.1157, "p_enhanced": 0.1347, "delta_p": 0.019, "rel_mitigation_pct": -16.42, "risk_level": "low"}}, {"type": "Feature", "geometry": {"type": "Polygon", "coordinates": [[[121.38, 31.18], [121.38, 31.19], [121.39, 31.19], [121.39, 31.18], [121.38, 31.18]]]}, "properties": {"grid_id": "r071_c053", "phase": "night_22h", "target_time": "2026-09-18 22:00:00+08:00", "hour": 22, "air_temperature_c": 25.94, "relative_humidity_pct": 75.0, "wind_speed_10m_ms": 2.64, "utci_c": 25.72, "p_base": 0.114, "p_enhanced": 0.1332, "delta_p": 0.0192, "rel_mitigation_pct": -16.83, "risk_level": "low"}}, {"type": "Feature", "geometry": {"type": "Polygon", "coordinates": [[[121.42, 31.18], [121.42, 31.19], [121.43, 31.19], [121.43, 31.18], [121.42, 31.18]]]}, "properties": {"grid_id": "r071_c057", "phase": "night_22h", "target_time": "2026-09-18 22:00:00+08:00", "hour": 22, "air_temperature_c": 25.94, "relative_humidity_pct": 75.0, "wind_speed_10m_ms": 2.64, "utci_c": 26.03, "p_base": 0.12, "p_enhanced": 0.1292, "delta_p": 0.0093, "rel_mitigation_pct": -7.72, "risk_level": "moderate"}}, {"type": "Feature", "geometry": {"type": "Polygon", "coordinates": [[[121.43, 31.18], [121.43, 31.19], [121.44, 31.19], [121.44, 31.18], [121.43, 31.18]]]}, "properties": {"grid_id": "r071_c058", "phase": "night_22h", "target_time": "2026-09-18 22:00:00+08:00", "hour": 22, "air_temperature_c": 25.94, "relative_humidity_pct": 75.0, "wind_speed_10m_ms": 2.64, "utci_c": 25.85, "p_base": 0.1165, "p_enhanced": 0.1338, "delta_p": 0.0173, "rel_mitigation_pct": -14.85, "risk_level": "low"}}, {"type": "Feature", "geometry": {"type": "Polygon", "coordinates": [[[121.44, 31.18], [121.44, 31.19], [121.45, 31.19], [121.45, 31.18], [121.44, 31.18]]]}, "properties": {"grid_id": "r071_c059", "phase": "night_22h", "target_time": "2026-09-18 22:00:00+08:00", "hour": 22, "air_temperature_c": 25.94, "relative_humidity_pct": 75.0, "wind_speed_10m_ms": 2.64, "utci_c": 25.9, "p_base": 0.1174, "p_enhanced": 0.1326, "delta_p": 0.0152, "rel_mitigation_pct": -12.92, "risk_level": "low"}}, {"type": "Feature", "geometry": {"type": "Polygon", "coordinates": [[[121.45, 31.18], [121.45, 31.19], [121.46, 31.19], [121.46, 31.18], [121.45, 31.18]]]}, "properties": {"grid_id": "r071_c060", "phase": "night_22h", "target_time": "2026-09-18 22:00:00+08:00", "hour": 22, "air_temperature_c": 25.94, "relative_humidity_pct": 75.0, "wind_speed_10m_ms": 2.64, "utci_c": 25.73, "p_base": 0.1143, "p_enhanced": 0.1245, "delta_p": 0.0102, "rel_mitigation_pct": -8.93, "risk_level": "low"}}, {"type": "Feature", "geometry": {"type": "Polygon", "coordinates": [[[121.46, 31.18], [121.46, 31.19], [121.47, 31.19], [121.47, 31.18], [121.46, 31.18]]]}, "properties": {"grid_id": "r071_c061", "phase": "night_22h", "target_time": "2026-09-18 22:00:00+08:00", "hour": 22, "air_temperature_c": 25.94, "relative_humidity_pct": 75.0, "wind_speed_10m_ms": 2.64, "utci_c": 23.82, "p_base": 0.0841, "p_enhanced": 0.0552, "delta_p": -0.0289, "rel_mitigation_pct": 34.37, "risk_level": "low"}}, {"type": "Feature", "geometry": {"type": "Polygon", "coordinates": [[[121.47, 31.18], [121.47, 31.19], [121.48, 31.19], [121.48, 31.18], [121.47, 31.18]]]}, "properties": {"grid_id": "r071_c062", "phase": "night_22h", "target_time": "2026-09-18 22:00:00+08:00", "hour": 22, "air_temperature_c": 25.94, "relative_humidity_pct": 75.0, "wind_speed_10m_ms": 2.64, "utci_c": 23.92, "p_base": 0.0855, "p_enhanced": 0.1079, "delta_p": 0.0225, "rel_mitigation_pct": -26.32, "risk_level": "low"}}, {"type": "Feature", "geometry": {"type": "Polygon", "coordinates": [[[121.48, 31.18], [121.48, 31.19], [121.49, 31.19], [121.49, 31.18], [121.48, 31.18]]]}, "properties": {"grid_id": "r071_c063", "phase": "night_22h", "target_time": "2026-09-18 22:00:00+08:00", "hour": 22, "air_temperature_c": 25.94, "relative_humidity_pct": 75.0, "wind_speed_10m_ms": 2.64, "utci_c": 25.93, "p_base": 0.118, "p_enhanced": 0.131, "delta_p": 0.013, "rel_mitigation_pct": -11.06, "risk_level": "low"}}, {"type": "Feature", "geometry": {"type": "Polygon", "coordinates": [[[121.49, 31.18], [121.49, 31.19], [121.5, 31.19], [121.5, 31.18], [121.49, 31.18]]]}, "properties": {"grid_id": "r071_c064", "phase": "night_22h", "target_time": "2026-09-18 22:00:00+08:00", "hour": 22, "air_temperature_c": 25.94, "relative_humidity_pct": 75.0, "wind_speed_10m_ms": 2.64, "utci_c": 25.89, "p_base": 0.1171, "p_enhanced": 0.1288, "delta_p": 0.0118, "rel_mitigation_pct": -10.04, "risk_level": "low"}}, {"type": "Feature", "geometry": {"type": "Polygon", "coordinates": [[[121.54, 31.18], [121.54, 31.19], [121.55, 31.19], [121.55, 31.18], [121.54, 31.18]]]}, "properties": {"grid_id": "r071_c069", "phase": "night_22h", "target_time": "2026-09-18 22:00:00+08:00", "hour": 22, "air_temperature_c": 25.94, "relative_humidity_pct": 75.0, "wind_speed_10m_ms": 2.64, "utci_c": 25.78, "p_base": 0.115, "p_enhanced": 0.1216, "delta_p": 0.0066, "rel_mitigation_pct": -5.72, "risk_level": "low"}}, {"type": "Feature", "geometry": {"type": "Polygon", "coordinates": [[[121.59, 31.18], [121.59, 31.19], [121.6, 31.19], [121.6, 31.18], [121.59, 31.18]]]}, "properties": {"grid_id": "r071_c074", "phase": "night_22h", "target_time": "2026-09-18 22:00:00+08:00", "hour": 22, "air_temperature_c": 25.94, "relative_humidity_pct": 75.0, "wind_speed_10m_ms": 2.64, "utci_c": 25.7, "p_base": 0.1136, "p_enhanced": 0.1224, "delta_p": 0.0087, "rel_mitigation_pct": -7.69, "risk_level": "low"}}, {"type": "Feature", "geometry": {"type": "Polygon", "coordinates": [[[121.62, 31.18], [121.62, 31.19], [121.63, 31.19], [121.63, 31.18], [121.62, 31.18]]]}, "properties": {"grid_id": "r071_c077", "phase": "night_22h", "target_time": "2026-09-18 22:00:00+08:00", "hour": 22, "air_temperature_c": 25.94, "relative_humidity_pct": 75.0, "wind_speed_10m_ms": 2.64, "utci_c": 25.65, "p_base": 0.1128, "p_enhanced": 0.1361, "delta_p": 0.0233, "rel_mitigation_pct": -20.71, "risk_level": "low"}}, {"type": "Feature", "geometry": {"type": "Polygon", "coordinates": [[[121.24, 31.17], [121.24, 31.18], [121.25, 31.18], [121.25, 31.17], [121.24, 31.17]]]}, "properties": {"grid_id": "r072_c039", "phase": "night_22h", "target_time": "2026-09-18 22:00:00+08:00", "hour": 22, "air_temperature_c": 25.94, "relative_humidity_pct": 75.0, "wind_speed_10m_ms": 2.64, "utci_c": 25.75, "p_base": 0.1146, "p_enhanced": 0.1363, "delta_p": 0.0217, "rel_mitigation_pct": -18.91, "risk_level": "low"}}, {"type": "Feature", "geometry": {"type": "Polygon", "coordinates": [[[121.28, 31.17], [121.28, 31.18], [121.29, 31.18], [121.29, 31.17], [121.28, 31.17]]]}, "properties": {"grid_id": "r072_c043", "phase": "night_22h", "target_time": "2026-09-18 22:00:00+08:00", "hour": 22, "air_temperature_c": 25.94, "relative_humidity_pct": 75.0, "wind_speed_10m_ms": 2.64, "utci_c": 25.72, "p_base": 0.1139, "p_enhanced": 0.1351, "delta_p": 0.0212, "rel_mitigation_pct": -18.62, "risk_level": "low"}}, {"type": "Feature", "geometry": {"type": "Polygon", "coordinates": [[[121.35, 31.17], [121.35, 31.18], [121.36, 31.18], [121.36, 31.17], [121.35, 31.17]]]}, "properties": {"grid_id": "r072_c050", "phase": "night_22h", "target_time": "2026-09-18 22:00:00+08:00", "hour": 22, "air_temperature_c": 25.94, "relative_humidity_pct": 75.0, "wind_speed_10m_ms": 2.64, "utci_c": 25.51, "p_base": 0.1102, "p_enhanced": 0.1429, "delta_p": 0.0327, "rel_mitigation_pct": -29.71, "risk_level": "low"}}, {"type": "Feature", "geometry": {"type": "Polygon", "coordinates": [[[121.36, 31.17], [121.36, 31.18], [121.37, 31.18], [121.37, 31.17], [121.36, 31.17]]]}, "properties": {"grid_id": "r072_c051", "phase": "night_22h", "target_time": "2026-09-18 22:00:00+08:00", "hour": 22, "air_temperature_c": 25.94, "relative_humidity_pct": 75.0, "wind_speed_10m_ms": 2.64, "utci_c": 25.89, "p_base": 0.1173, "p_enhanced": 0.1327, "delta_p": 0.0154, "rel_mitigation_pct": -13.17, "risk_level": "low"}}, {"type": "Feature", "geometry": {"type": "Polygon", "coordinates": [[[121.37, 31.17], [121.37, 31.18], [121.38, 31.18], [121.38, 31.17], [121.37, 31.17]]]}, "properties": {"grid_id": "r072_c052", "phase": "night_22h", "target_time": "2026-09-18 22:00:00+08:00", "hour": 22, "air_temperature_c": 25.94, "relative_humidity_pct": 75.0, "wind_speed_10m_ms": 2.64, "utci_c": 25.75, "p_base": 0.1145, "p_enhanced": 0.1364, "delta_p": 0.0219, "rel_mitigation_pct": -19.1, "risk_level": "low"}}, {"type": "Feature", "geometry": {"type": "Polygon", "coordinates": [[[121.38, 31.17], [121.38, 31.18], [121.39, 31.18], [121.39, 31.17], [121.38, 31.17]]]}, "properties": {"grid_id": "r072_c053", "phase": "night_22h", "target_time": "2026-09-18 22:00:00+08:00", "hour": 22, "air_temperature_c": 25.94, "relative_humidity_pct": 75.0, "wind_speed_10m_ms": 2.64, "utci_c": 25.76, "p_base": 0.1148, "p_enhanced": 0.1361, "delta_p": 0.0213, "rel_mitigation_pct": -18.54, "risk_level": "low"}}, {"type": "Feature", "geometry": {"type": "Polygon", "coordinates": [[[121.41, 31.17], [121.41, 31.18], [121.42, 31.18], [121.42, 31.17], [121.41, 31.17]]]}, "properties": {"grid_id": "r072_c056", "phase": "night_22h", "target_time": "2026-09-18 22:00:00+08:00", "hour": 22, "air_temperature_c": 25.94, "relative_humidity_pct": 75.0, "wind_speed_10m_ms": 2.64, "utci_c": 26.07, "p_base": 0.1206, "p_enhanced": 0.1282, "delta_p": 0.0076, "rel_mitigation_pct": -6.28, "risk_level": "moderate"}}, {"type": "Feature", "geometry": {"type": "Polygon", "coordinates": [[[121.42, 31.17], [121.42, 31.18], [121.43, 31.18], [121.43, 31.17], [121.42, 31.17]]]}, "properties": {"grid_id": "r072_c057", "phase": "night_22h", "target_time": "2026-09-18 22:00:00+08:00", "hour": 22, "air_temperature_c": 25.94, "relative_humidity_pct": 75.0, "wind_speed_10m_ms": 2.64, "utci_c": 26.03, "p_base": 0.1199, "p_enhanced": 0.1293, "delta_p": 0.0094, "rel_mitigation_pct": -7.8, "risk_level": "moderate"}}, {"type": "Feature", "geometry": {"type": "Polygon", "coordinates": [[[121.43, 31.17], [121.43, 31.18], [121.44, 31.18], [121.44, 31.17], [121.43, 31.17]]]}, "properties": {"grid_id": "r072_c058", "phase": "night_22h", "target_time": "2026-09-18 22:00:00+08:00", "hour": 22, "air_temperature_c": 25.94, "relative_humidity_pct": 75.0, "wind_speed_10m_ms": 2.64, "utci_c": 25.98, "p_base": 0.1188, "p_enhanced": 0.1305, "delta_p": 0.0116, "rel_mitigation_pct": -9.78, "risk_level": "low"}}, {"type": "Feature", "geometry": {"type": "Polygon", "coordinates": [[[121.44, 31.17], [121.44, 31.18], [121.45, 31.18], [121.45, 31.17], [121.44, 31.17]]]}, "properties": {"grid_id": "r072_c059", "phase": "night_22h", "target_time": "2026-09-18 22:00:00+08:00", "hour": 22, "air_temperature_c": 25.94, "relative_humidity_pct": 75.0, "wind_speed_10m_ms": 2.64, "utci_c": 25.71, "p_base": 0.1139, "p_enhanced": 0.1376, "delta_p": 0.0237, "rel_mitigation_pct": -20.8, "risk_level": "low"}}, {"type": "Feature", "geometry": {"type": "Polygon", "coordinates": [[[121.45, 31.17], [121.45, 31.18], [121.46, 31.18], [121.46, 31.17], [121.45, 31.17]]]}, "properties": {"grid_id": "r072_c060", "phase": "night_22h", "target_time": "2026-09-18 22:00:00+08:00", "hour": 22, "air_temperature_c": 25.94, "relative_humidity_pct": 75.0, "wind_speed_10m_ms": 2.64, "utci_c": 25.34, "p_base": 0.1072, "p_enhanced": 0.0953, "delta_p": -0.0119, "rel_mitigation_pct": 11.09, "risk_level": "low"}}, {"type": "Feature", "geometry": {"type": "Polygon", "coordinates": [[[121.46, 31.17], [121.46, 31.18], [121.47, 31.18], [121.47, 31.17], [121.46, 31.17]]]}, "properties": {"grid_id": "r072_c061", "phase": "night_22h", "target_time": "2026-09-18 22:00:00+08:00", "hour": 22, "air_temperature_c": 25.94, "relative_humidity_pct": 75.0, "wind_speed_10m_ms": 2.64, "utci_c": 24.27, "p_base": 0.0903, "p_enhanced": 0.0661, "delta_p": -0.0242, "rel_mitigation_pct": 26.79, "risk_level": "low"}}, {"type": "Feature", "geometry": {"type": "Polygon", "coordinates": [[[121.47, 31.17], [121.47, 31.18], [121.48, 31.18], [121.48, 31.17], [121.47, 31.17]]]}, "properties": {"grid_id": "r072_c062", "phase": "night_22h", "target_time": "2026-09-18 22:00:00+08:00", "hour": 22, "air_temperature_c": 25.94, "relative_humidity_pct": 75.0, "wind_speed_10m_ms": 2.64, "utci_c": 25.49, "p_base": 0.1098, "p_enhanced": 0.1399, "delta_p": 0.03, "rel_mitigation_pct": -27.33, "risk_level": "low"}}, {"type": "Feature", "geometry": {"type": "Polygon", "coordinates": [[[121.49, 31.17], [121.49, 31.18], [121.5, 31.18], [121.5, 31.17], [121.49, 31.17]]]}, "properties": {"grid_id": "r072_c064", "phase": "night_22h", "target_time": "2026-09-18 22:00:00+08:00", "hour": 22, "air_temperature_c": 25.94, "relative_humidity_pct": 75.0, "wind_speed_10m_ms": 2.64, "utci_c": 25.97, "p_base": 0.1187, "p_enhanced": 0.1308, "delta_p": 0.0121, "rel_mitigation_pct": -10.17, "risk_level": "low"}}, {"type": "Feature", "geometry": {"type": "Polygon", "coordinates": [[[121.65, 31.17], [121.65, 31.18], [121.66, 31.18], [121.66, 31.17], [121.65, 31.17]]]}, "properties": {"grid_id": "r072_c080", "phase": "night_22h", "target_time": "2026-09-18 22:00:00+08:00", "hour": 22, "air_temperature_c": 25.94, "relative_humidity_pct": 75.0, "wind_speed_10m_ms": 2.64, "utci_c": 25.63, "p_base": 0.1124, "p_enhanced": 0.1274, "delta_p": 0.0151, "rel_mitigation_pct": -13.39, "risk_level": "low"}}, {"type": "Feature", "geometry": {"type": "Polygon", "coordinates": [[[121.69, 31.17], [121.69, 31.18], [121.7, 31.18], [121.7, 31.17], [121.69, 31.17]]]}, "properties": {"grid_id": "r072_c084", "phase": "night_22h", "target_time": "2026-09-18 22:00:00+08:00", "hour": 22, "air_temperature_c": 25.94, "relative_humidity_pct": 75.0, "wind_speed_10m_ms": 2.64, "utci_c": 25.02, "p_base": 0.1018, "p_enhanced": 0.1542, "delta_p": 0.0524, "rel_mitigation_pct": -51.45, "risk_level": "low"}}, {"type": "Feature", "geometry": {"type": "Polygon", "coordinates": [[[121.35, 31.16], [121.35, 31.17], [121.36, 31.17], [121.36, 31.16], [121.35, 31.16]]]}, "properties": {"grid_id": "r073_c050", "phase": "night_22h", "target_time": "2026-09-18 22:00:00+08:00", "hour": 22, "air_temperature_c": 25.94, "relative_humidity_pct": 75.0, "wind_speed_10m_ms": 2.64, "utci_c": 24.47, "p_base": 0.0932, "p_enhanced": 0.1389, "delta_p": 0.0457, "rel_mitigation_pct": -48.97, "risk_level": "low"}}, {"type": "Feature", "geometry": {"type": "Polygon", "coordinates": [[[121.4, 31.16], [121.4, 31.17], [121.41, 31.17], [121.41, 31.16], [121.4, 31.16]]]}, "properties": {"grid_id": "r073_c055", "phase": "night_22h", "target_time": "2026-09-18 22:00:00+08:00", "hour": 22, "air_temperature_c": 25.94, "relative_humidity_pct": 75.0, "wind_speed_10m_ms": 2.64, "utci_c": 25.98, "p_base": 0.1189, "p_enhanced": 0.1305, "delta_p": 0.0116, "rel_mitigation_pct": -9.76, "risk_level": "low"}}, {"type": "Feature", "geometry": {"type": "Polygon", "coordinates": [[[121.41, 31.16], [121.41, 31.17], [121.42, 31.17], [121.42, 31.16], [121.41, 31.16]]]}, "properties": {"grid_id": "r073_c056", "phase": "night_22h", "target_time": "2026-09-18 22:00:00+08:00", "hour": 22, "air_temperature_c": 25.94, "relative_humidity_pct": 75.0, "wind_speed_10m_ms": 2.64, "utci_c": 25.67, "p_base": 0.1131, "p_enhanced": 0.1286, "delta_p": 0.0154, "rel_mitigation_pct": -13.66, "risk_level": "low"}}, {"type": "Feature", "geometry": {"type": "Polygon", "coordinates": [[[121.42, 31.16], [121.42, 31.17], [121.43, 31.17], [121.43, 31.16], [121.42, 31.16]]]}, "properties": {"grid_id": "r073_c057", "phase": "night_22h", "target_time": "2026-09-18 22:00:00+08:00", "hour": 22, "air_temperature_c": 25.94, "relative_humidity_pct": 75.0, "wind_speed_10m_ms": 2.64, "utci_c": 26.02, "p_base": 0.1196, "p_enhanced": 0.1294, "delta_p": 0.0097, "rel_mitigation_pct": -8.14, "risk_level": "moderate"}}, {"type": "Feature", "geometry": {"type": "Polygon", "coordinates": [[[121.45, 31.16], [121.45, 31.17], [121.46, 31.17], [121.46, 31.16], [121.45, 31.16]]]}, "properties": {"grid_id": "r073_c060", "phase": "night_22h", "target_time": "2026-09-18 22:00:00+08:00", "hour": 22, "air_temperature_c": 25.94, "relative_humidity_pct": 75.0, "wind_speed_10m_ms": 2.64, "utci_c": 26.0, "p_base": 0.1192, "p_enhanced": 0.1298, "delta_p": 0.0105, "rel_mitigation_pct": -8.83, "risk_level": "moderate"}}, {"type": "Feature", "geometry": {"type": "Polygon", "coordinates": [[[121.46, 31.16], [121.46, 31.17], [121.47, 31.17], [121.47, 31.16], [121.46, 31.16]]]}, "properties": {"grid_id": "r073_c061", "phase": "night_22h", "target_time": "2026-09-18 22:00:00+08:00", "hour": 22, "air_temperature_c": 25.94, "relative_humidity_pct": 75.0, "wind_speed_10m_ms": 2.64, "utci_c": 23.95, "p_base": 0.0859, "p_enhanced": 0.0419, "delta_p": -0.044, "rel_mitigation_pct": 51.25, "risk_level": "low"}}, {"type": "Feature", "geometry": {"type": "Polygon", "coordinates": [[[121.47, 31.16], [121.47, 31.17], [121.48, 31.17], [121.48, 31.16], [121.47, 31.16]]]}, "properties": {"grid_id": "r073_c062", "phase": "night_22h", "target_time": "2026-09-18 22:00:00+08:00", "hour": 22, "air_temperature_c": 25.94, "relative_humidity_pct": 75.0, "wind_speed_10m_ms": 2.64, "utci_c": 25.63, "p_base": 0.1124, "p_enhanced": 0.1131, "delta_p": 0.0007, "rel_mitigation_pct": -0.63, "risk_level": "low"}}, {"type": "Feature", "geometry": {"type": "Polygon", "coordinates": [[[121.49, 31.16], [121.49, 31.17], [121.5, 31.17], [121.5, 31.16], [121.49, 31.16]]]}, "properties": {"grid_id": "r073_c064", "phase": "night_22h", "target_time": "2026-09-18 22:00:00+08:00", "hour": 22, "air_temperature_c": 25.94, "relative_humidity_pct": 75.0, "wind_speed_10m_ms": 2.64, "utci_c": 25.74, "p_base": 0.1144, "p_enhanced": 0.1198, "delta_p": 0.0054, "rel_mitigation_pct": -4.68, "risk_level": "low"}}, {"type": "Feature", "geometry": {"type": "Polygon", "coordinates": [[[121.55, 31.16], [121.55, 31.17], [121.56, 31.17], [121.56, 31.16], [121.55, 31.16]]]}, "properties": {"grid_id": "r073_c070", "phase": "night_22h", "target_time": "2026-09-18 22:00:00+08:00", "hour": 22, "air_temperature_c": 25.94, "relative_humidity_pct": 75.0, "wind_speed_10m_ms": 2.64, "utci_c": 25.78, "p_base": 0.1151, "p_enhanced": 0.1256, "delta_p": 0.0104, "rel_mitigation_pct": -9.06, "risk_level": "low"}}, {"type": "Feature", "geometry": {"type": "Polygon", "coordinates": [[[121.59, 31.16], [121.59, 31.17], [121.6, 31.17], [121.6, 31.16], [121.59, 31.16]]]}, "properties": {"grid_id": "r073_c074", "phase": "night_22h", "target_time": "2026-09-18 22:00:00+08:00", "hour": 22, "air_temperature_c": 25.94, "relative_humidity_pct": 75.0, "wind_speed_10m_ms": 2.64, "utci_c": 25.69, "p_base": 0.1134, "p_enhanced": 0.1192, "delta_p": 0.0058, "rel_mitigation_pct": -5.15, "risk_level": "low"}}, {"type": "Feature", "geometry": {"type": "Polygon", "coordinates": [[[121.13, 31.15], [121.13, 31.16], [121.14, 31.16], [121.14, 31.15], [121.13, 31.15]]]}, "properties": {"grid_id": "r074_c028", "phase": "night_22h", "target_time": "2026-09-18 22:00:00+08:00", "hour": 22, "air_temperature_c": 25.94, "relative_humidity_pct": 75.0, "wind_speed_10m_ms": 2.64, "utci_c": 25.06, "p_base": 0.1025, "p_enhanced": 0.1155, "delta_p": 0.013, "rel_mitigation_pct": -12.66, "risk_level": "low"}}, {"type": "Feature", "geometry": {"type": "Polygon", "coordinates": [[[121.22, 31.15], [121.22, 31.16], [121.23, 31.16], [121.23, 31.15], [121.22, 31.15]]]}, "properties": {"grid_id": "r074_c037", "phase": "night_22h", "target_time": "2026-09-18 22:00:00+08:00", "hour": 22, "air_temperature_c": 25.94, "relative_humidity_pct": 75.0, "wind_speed_10m_ms": 2.64, "utci_c": 25.66, "p_base": 0.1128, "p_enhanced": 0.1171, "delta_p": 0.0043, "rel_mitigation_pct": -3.77, "risk_level": "low"}}, {"type": "Feature", "geometry": {"type": "Polygon", "coordinates": [[[121.34, 31.15], [121.34, 31.16], [121.35, 31.16], [121.35, 31.15], [121.34, 31.15]]]}, "properties": {"grid_id": "r074_c049", "phase": "night_22h", "target_time": "2026-09-18 22:00:00+08:00", "hour": 22, "air_temperature_c": 25.94, "relative_humidity_pct": 75.0, "wind_speed_10m_ms": 2.64, "utci_c": 25.95, "p_base": 0.1184, "p_enhanced": 0.1312, "delta_p": 0.0128, "rel_mitigation_pct": -10.79, "risk_level": "low"}}, {"type": "Feature", "geometry": {"type": "Polygon", "coordinates": [[[121.35, 31.15], [121.35, 31.16], [121.36, 31.16], [121.36, 31.15], [121.35, 31.15]]]}, "properties": {"grid_id": "r074_c050", "phase": "night_22h", "target_time": "2026-09-18 22:00:00+08:00", "hour": 22, "air_temperature_c": 25.94, "relative_humidity_pct": 75.0, "wind_speed_10m_ms": 2.64, "utci_c": 25.73, "p_base": 0.1142, "p_enhanced": 0.1368, "delta_p": 0.0226, "rel_mitigation_pct": -19.78, "risk_level": "low"}}, {"type": "Feature", "geometry": {"type": "Polygon", "coordinates": [[[121.44, 31.15], [121.44, 31.16], [121.45, 31.16], [121.45, 31.15], [121.44, 31.15]]]}, "properties": {"grid_id": "r074_c059", "phase": "night_22h", "target_time": "2026-09-18 22:00:00+08:00", "hour": 22, "air_temperature_c": 25.94, "relative_humidity_pct": 75.0, "wind_speed_10m_ms": 2.64, "utci_c": 25.62, "p_base": 0.1121, "p_enhanced": 0.1399, "delta_p": 0.0278, "rel_mitigation_pct": -24.76, "risk_level": "low"}}, {"type": "Feature", "geometry": {"type": "Polygon", "coordinates": [[[121.46, 31.15], [121.46, 31.16], [121.47, 31.16], [121.47, 31.15], [121.46, 31.15]]]}, "properties": {"grid_id": "r074_c061", "phase": "night_22h", "target_time": "2026-09-18 22:00:00+08:00", "hour": 22, "air_temperature_c": 25.94, "relative_humidity_pct": 75.0, "wind_speed_10m_ms": 2.64, "utci_c": 24.39, "p_base": 0.0921, "p_enhanced": 0.0752, "delta_p": -0.0168, "rel_mitigation_pct": 18.3, "risk_level": "low"}}, {"type": "Feature", "geometry": {"type": "Polygon", "coordinates": [[[121.47, 31.15], [121.47, 31.16], [121.48, 31.16], [121.48, 31.15], [121.47, 31.15]]]}, "properties": {"grid_id": "r074_c062", "phase": "night_22h", "target_time": "2026-09-18 22:00:00+08:00", "hour": 22, "air_temperature_c": 25.94, "relative_humidity_pct": 75.0, "wind_speed_10m_ms": 2.64, "utci_c": 25.75, "p_base": 0.1145, "p_enhanced": 0.1177, "delta_p": 0.0032, "rel_mitigation_pct": -2.78, "risk_level": "low"}}, {"type": "Feature", "geometry": {"type": "Polygon", "coordinates": [[[121.49, 31.15], [121.49, 31.16], [121.5, 31.16], [121.5, 31.15], [121.49, 31.15]]]}, "properties": {"grid_id": "r074_c064", "phase": "night_22h", "target_time": "2026-09-18 22:00:00+08:00", "hour": 22, "air_temperature_c": 25.94, "relative_humidity_pct": 75.0, "wind_speed_10m_ms": 2.64, "utci_c": 25.96, "p_base": 0.1185, "p_enhanced": 0.131, "delta_p": 0.0125, "rel_mitigation_pct": -10.55, "risk_level": "low"}}, {"type": "Feature", "geometry": {"type": "Polygon", "coordinates": [[[121.02, 31.14], [121.01, 31.14], [121.01, 31.141167947588553], [121.010307, 31.141247], [121.02, 31.140881950380734], [121.02, 31.14]]]}, "properties": {"grid_id": "r075_c016", "phase": "night_22h", "target_time": "2026-09-18 22:00:00+08:00", "hour": 22, "air_temperature_c": 25.94, "relative_humidity_pct": 75.0, "wind_speed_10m_ms": 2.64, "utci_c": 23.16, "p_base": 0.0759, "p_enhanced": 0.0199, "delta_p": -0.056, "rel_mitigation_pct": 73.77, "risk_level": "low"}}, {"type": "Feature", "geometry": {"type": "Polygon", "coordinates": [[[121.1, 31.14], [121.1, 31.15], [121.11, 31.15], [121.11, 31.14], [121.1, 31.14]]]}, "properties": {"grid_id": "r075_c025", "phase": "night_22h", "target_time": "2026-09-18 22:00:00+08:00", "hour": 22, "air_temperature_c": 25.94, "relative_humidity_pct": 75.0, "wind_speed_10m_ms": 2.64, "utci_c": 25.06, "p_base": 0.1025, "p_enhanced": 0.112, "delta_p": 0.0095, "rel_mitigation_pct": -9.25, "risk_level": "low"}}, {"type": "Feature", "geometry": {"type": "Polygon", "coordinates": [[[121.22, 31.14], [121.22, 31.15], [121.23, 31.15], [121.23, 31.14], [121.22, 31.14]]]}, "properties": {"grid_id": "r075_c037", "phase": "night_22h", "target_time": "2026-09-18 22:00:00+08:00", "hour": 22, "air_temperature_c": 25.94, "relative_humidity_pct": 75.0, "wind_speed_10m_ms": 2.64, "utci_c": 25.31, "p_base": 0.1066, "p_enhanced": 0.113, "delta_p": 0.0064, "rel_mitigation_pct": -5.99, "risk_level": "low"}}, {"type": "Feature", "geometry": {"type": "Polygon", "coordinates": [[[121.39, 31.14], [121.39, 31.15], [121.4, 31.15], [121.4, 31.14], [121.39, 31.14]]]}, "properties": {"grid_id": "r075_c054", "phase": "night_22h", "target_time": "2026-09-18 22:00:00+08:00", "hour": 22, "air_temperature_c": 25.94, "relative_humidity_pct": 75.0, "wind_speed_10m_ms": 2.64, "utci_c": 25.83, "p_base": 0.116, "p_enhanced": 0.133, "delta_p": 0.017, "rel_mitigation_pct": -14.65, "risk_level": "low"}}, {"type": "Feature", "geometry": {"type": "Polygon", "coordinates": [[[121.4, 31.14], [121.4, 31.15], [121.41, 31.15], [121.41, 31.14], [121.4, 31.14]]]}, "properties": {"grid_id": "r075_c055", "phase": "night_22h", "target_time": "2026-09-18 22:00:00+08:00", "hour": 22, "air_temperature_c": 25.94, "relative_humidity_pct": 75.0, "wind_speed_10m_ms": 2.64, "utci_c": 25.55, "p_base": 0.111, "p_enhanced": 0.1316, "delta_p": 0.0207, "rel_mitigation_pct": -18.64, "risk_level": "low"}}, {"type": "Feature", "geometry": {"type": "Polygon", "coordinates": [[[121.43, 31.14], [121.43, 31.15], [121.44, 31.15], [121.44, 31.14], [121.43, 31.14]]]}, "properties": {"grid_id": "r075_c058", "phase": "night_22h", "target_time": "2026-09-18 22:00:00+08:00", "hour": 22, "air_temperature_c": 25.94, "relative_humidity_pct": 75.0, "wind_speed_10m_ms": 2.64, "utci_c": 25.24, "p_base": 0.1055, "p_enhanced": 0.1426, "delta_p": 0.0371, "rel_mitigation_pct": -35.12, "risk_level": "low"}}, {"type": "Feature", "geometry": {"type": "Polygon", "coordinates": [[[121.44, 31.14], [121.44, 31.15], [121.45, 31.15], [121.45, 31.14], [121.44, 31.14]]]}, "properties": {"grid_id": "r075_c059", "phase": "night_22h", "target_time": "2026-09-18 22:00:00+08:00", "hour": 22, "air_temperature_c": 25.94, "relative_humidity_pct": 75.0, "wind_speed_10m_ms": 2.64, "utci_c": 25.57, "p_base": 0.1113, "p_enhanced": 0.1279, "delta_p": 0.0166, "rel_mitigation_pct": -14.89, "risk_level": "low"}}, {"type": "Feature", "geometry": {"type": "Polygon", "coordinates": [[[121.46, 31.14], [121.46, 31.15], [121.47, 31.15], [121.47, 31.14], [121.46, 31.14]]]}, "properties": {"grid_id": "r075_c061", "phase": "night_22h", "target_time": "2026-09-18 22:00:00+08:00", "hour": 22, "air_temperature_c": 25.94, "relative_humidity_pct": 75.0, "wind_speed_10m_ms": 2.64, "utci_c": 25.56, "p_base": 0.1111, "p_enhanced": 0.1399, "delta_p": 0.0288, "rel_mitigation_pct": -25.87, "risk_level": "low"}}, {"type": "Feature", "geometry": {"type": "Polygon", "coordinates": [[[121.49, 31.14], [121.49, 31.15], [121.5, 31.15], [121.5, 31.14], [121.49, 31.14]]]}, "properties": {"grid_id": "r075_c064", "phase": "night_22h", "target_time": "2026-09-18 22:00:00+08:00", "hour": 22, "air_temperature_c": 25.94, "relative_humidity_pct": 75.0, "wind_speed_10m_ms": 2.64, "utci_c": 26.08, "p_base": 0.1208, "p_enhanced": 0.1281, "delta_p": 0.0073, "rel_mitigation_pct": -6.05, "risk_level": "moderate"}}, {"type": "Feature", "geometry": {"type": "Polygon", "coordinates": [[[121.51, 31.14], [121.51, 31.15], [121.52, 31.15], [121.52, 31.14], [121.51, 31.14]]]}, "properties": {"grid_id": "r075_c066", "phase": "night_22h", "target_time": "2026-09-18 22:00:00+08:00", "hour": 22, "air_temperature_c": 25.94, "relative_humidity_pct": 75.0, "wind_speed_10m_ms": 2.64, "utci_c": 25.72, "p_base": 0.114, "p_enhanced": 0.1261, "delta_p": 0.0122, "rel_mitigation_pct": -10.7, "risk_level": "low"}}, {"type": "Feature", "geometry": {"type": "Polygon", "coordinates": [[[121.54, 31.14], [121.54, 31.15], [121.55, 31.15], [121.55, 31.14], [121.54, 31.14]]]}, "properties": {"grid_id": "r075_c069", "phase": "night_22h", "target_time": "2026-09-18 22:00:00+08:00", "hour": 22, "air_temperature_c": 25.94, "relative_humidity_pct": 75.0, "wind_speed_10m_ms": 2.64, "utci_c": 25.19, "p_base": 0.1046, "p_enhanced": 0.1523, "delta_p": 0.0477, "rel_mitigation_pct": -45.58, "risk_level": "low"}}, {"type": "Feature", "geometry": {"type": "Polygon", "coordinates": [[[121.65, 31.14], [121.65, 31.15], [121.66, 31.15], [121.66, 31.14], [121.65, 31.14]]]}, "properties": {"grid_id": "r075_c080", "phase": "night_22h", "target_time": "2026-09-18 22:00:00+08:00", "hour": 22, "air_temperature_c": 25.94, "relative_humidity_pct": 75.0, "wind_speed_10m_ms": 2.64, "utci_c": 25.46, "p_base": 0.1092, "p_enhanced": 0.1287, "delta_p": 0.0195, "rel_mitigation_pct": -17.83, "risk_level": "low"}}, {"type": "Feature", "geometry": {"type": "Polygon", "coordinates": [[[121.66, 31.14], [121.66, 31.15], [121.67, 31.15], [121.67, 31.14], [121.66, 31.14]]]}, "properties": {"grid_id": "r075_c081", "phase": "night_22h", "target_time": "2026-09-18 22:00:00+08:00", "hour": 22, "air_temperature_c": 25.94, "relative_humidity_pct": 75.0, "wind_speed_10m_ms": 2.64, "utci_c": 23.89, "p_base": 0.0851, "p_enhanced": 0.1112, "delta_p": 0.0261, "rel_mitigation_pct": -30.61, "risk_level": "low"}}, {"type": "Feature", "geometry": {"type": "Polygon", "coordinates": [[[121.71, 31.14], [121.71, 31.15], [121.72, 31.15], [121.72, 31.14], [121.71, 31.14]]]}, "properties": {"grid_id": "r075_c086", "phase": "night_22h", "target_time": "2026-09-18 22:00:00+08:00", "hour": 22, "air_temperature_c": 25.94, "relative_humidity_pct": 75.0, "wind_speed_10m_ms": 2.64, "utci_c": 25.72, "p_base": 0.114, "p_enhanced": 0.1371, "delta_p": 0.0232, "rel_mitigation_pct": -20.31, "risk_level": "low"}}, {"type": "Feature", "geometry": {"type": "Polygon", "coordinates": [[[121.05, 31.13], [121.05, 31.14], [121.06, 31.14], [121.06, 31.13], [121.05, 31.13]]]}, "properties": {"grid_id": "r076_c020", "phase": "night_22h", "target_time": "2026-09-18 22:00:00+08:00", "hour": 22, "air_temperature_c": 25.94, "relative_humidity_pct": 75.0, "wind_speed_10m_ms": 2.64, "utci_c": 25.62, "p_base": 0.1122, "p_enhanced": 0.1398, "delta_p": 0.0275, "rel_mitigation_pct": -24.52, "risk_level": "low"}}, {"type": "Feature", "geometry": {"type": "Polygon", "coordinates": [[[121.09, 31.13], [121.09, 31.14], [121.1, 31.14], [121.1, 31.13], [121.09, 31.13]]]}, "properties": {"grid_id": "r076_c024", "phase": "night_22h", "target_time": "2026-09-18 22:00:00+08:00", "hour": 22, "air_temperature_c": 25.94, "relative_humidity_pct": 75.0, "wind_speed_10m_ms": 2.64, "utci_c": 24.91, "p_base": 0.1001, "p_enhanced": 0.1228, "delta_p": 0.0227, "rel_mitigation_pct": -22.7, "risk_level": "low"}}, {"type": "Feature", "geometry": {"type": "Polygon", "coordinates": [[[121.2, 31.13], [121.2, 31.14], [121.21, 31.14], [121.21, 31.13], [121.2, 31.13]]]}, "properties": {"grid_id": "r076_c035", "phase": "night_22h", "target_time": "2026-09-18 22:00:00+08:00", "hour": 22, "air_temperature_c": 25.94, "relative_humidity_pct": 75.0, "wind_speed_10m_ms": 2.64, "utci_c": 25.45, "p_base": 0.1091, "p_enhanced": 0.1159, "delta_p": 0.0067, "rel_mitigation_pct": -6.17, "risk_level": "low"}}, {"type": "Feature", "geometry": {"type": "Polygon", "coordinates": [[[121.22, 31.13], [121.22, 31.14], [121.23, 31.14], [121.23, 31.13], [121.22, 31.13]]]}, "properties": {"grid_id": "r076_c037", "phase": "night_22h", "target_time": "2026-09-18 22:00:00+08:00", "hour": 22, "air_temperature_c": 25.94, "relative_humidity_pct": 75.0, "wind_speed_10m_ms": 2.64, "utci_c": 25.59, "p_base": 0.1116, "p_enhanced": 0.1257, "delta_p": 0.014, "rel_mitigation_pct": -12.58, "risk_level": "low"}}, {"type": "Feature", "geometry": {"type": "Polygon", "coordinates": [[[121.38, 31.13], [121.38, 31.14], [121.39, 31.14], [121.39, 31.13], [121.38, 31.13]]]}, "properties": {"grid_id": "r076_c053", "phase": "night_22h", "target_time": "2026-09-18 22:00:00+08:00", "hour": 22, "air_temperature_c": 25.94, "relative_humidity_pct": 75.0, "wind_speed_10m_ms": 2.64, "utci_c": 25.53, "p_base": 0.1104, "p_enhanced": 0.127, "delta_p": 0.0166, "rel_mitigation_pct": -15.0, "risk_level": "low"}}, {"type": "Feature", "geometry": {"type": "Polygon", "coordinates": [[[121.42, 31.13], [121.42, 31.14], [121.43, 31.14], [121.43, 31.13], [121.42, 31.13]]]}, "properties": {"grid_id": "r076_c057", "phase": "night_22h", "target_time": "2026-09-18 22:00:00+08:00", "hour": 22, "air_temperature_c": 25.94, "relative_humidity_pct": 75.0, "wind_speed_10m_ms": 2.64, "utci_c": 25.72, "p_base": 0.114, "p_enhanced": 0.1279, "delta_p": 0.014, "rel_mitigation_pct": -12.26, "risk_level": "low"}}, {"type": "Feature", "geometry": {"type": "Polygon", "coordinates": [[[121.55, 31.13], [121.55, 31.14], [121.56, 31.14], [121.56, 31.13], [121.55, 31.13]]]}, "properties": {"grid_id": "r076_c070", "phase": "night_22h", "target_time": "2026-09-18 22:00:00+08:00", "hour": 22, "air_temperature_c": 25.94, "relative_humidity_pct": 75.0, "wind_speed_10m_ms": 2.64, "utci_c": 25.88, "p_base": 0.117, "p_enhanced": 0.1331, "delta_p": 0.0161, "rel_mitigation_pct": -13.74, "risk_level": "low"}}, {"type": "Feature", "geometry": {"type": "Polygon", "coordinates": [[[121.56, 31.13], [121.56, 31.14], [121.57, 31.14], [121.57, 31.13], [121.56, 31.13]]]}, "properties": {"grid_id": "r076_c071", "phase": "night_22h", "target_time": "2026-09-18 22:00:00+08:00", "hour": 22, "air_temperature_c": 25.94, "relative_humidity_pct": 75.0, "wind_speed_10m_ms": 2.64, "utci_c": 25.85, "p_base": 0.1164, "p_enhanced": 0.1329, "delta_p": 0.0165, "rel_mitigation_pct": -14.16, "risk_level": "low"}}, {"type": "Feature", "geometry": {"type": "Polygon", "coordinates": [[[121.66, 31.13], [121.66, 31.14], [121.67, 31.14], [121.67, 31.13], [121.66, 31.13]]]}, "properties": {"grid_id": "r076_c081", "phase": "night_22h", "target_time": "2026-09-18 22:00:00+08:00", "hour": 22, "air_temperature_c": 25.94, "relative_humidity_pct": 75.0, "wind_speed_10m_ms": 2.64, "utci_c": 25.39, "p_base": 0.1081, "p_enhanced": 0.1171, "delta_p": 0.009, "rel_mitigation_pct": -8.32, "risk_level": "low"}}, {"type": "Feature", "geometry": {"type": "Polygon", "coordinates": [[[121.04, 31.12], [121.04, 31.13], [121.05, 31.13], [121.05, 31.12], [121.04, 31.12]]]}, "properties": {"grid_id": "r077_c019", "phase": "night_22h", "target_time": "2026-09-18 22:00:00+08:00", "hour": 22, "air_temperature_c": 25.94, "relative_humidity_pct": 75.0, "wind_speed_10m_ms": 2.64, "utci_c": 25.16, "p_base": 0.1042, "p_enhanced": 0.0966, "delta_p": -0.0076, "rel_mitigation_pct": 7.26, "risk_level": "low"}}, {"type": "Feature", "geometry": {"type": "Polygon", "coordinates": [[[121.11, 31.12], [121.11, 31.13], [121.12, 31.13], [121.12, 31.12], [121.11, 31.12]]]}, "properties": {"grid_id": "r077_c026", "phase": "night_22h", "target_time": "2026-09-18 22:00:00+08:00", "hour": 22, "air_temperature_c": 25.94, "relative_humidity_pct": 75.0, "wind_speed_10m_ms": 2.64, "utci_c": 25.5, "p_base": 0.11, "p_enhanced": 0.1172, "delta_p": 0.0073, "rel_mitigation_pct": -6.61, "risk_level": "low"}}, {"type": "Feature", "geometry": {"type": "Polygon", "coordinates": [[[121.2, 31.12], [121.2, 31.13], [121.21, 31.13], [121.21, 31.12], [121.2, 31.12]]]}, "properties": {"grid_id": "r077_c035", "phase": "night_22h", "target_time": "2026-09-18 22:00:00+08:00", "hour": 22, "air_temperature_c": 25.94, "relative_humidity_pct": 75.0, "wind_speed_10m_ms": 2.64, "utci_c": 25.67, "p_base": 0.1131, "p_enhanced": 0.1311, "delta_p": 0.018, "rel_mitigation_pct": -15.94, "risk_level": "low"}}, {"type": "Feature", "geometry": {"type": "Polygon", "coordinates": [[[121.36, 31.12], [121.36, 31.13], [121.37, 31.13], [121.37, 31.12], [121.36, 31.12]]]}, "properties": {"grid_id": "r077_c051", "phase": "night_22h", "target_time": "2026-09-18 22:00:00+08:00", "hour": 22, "air_temperature_c": 25.94, "relative_humidity_pct": 75.0, "wind_speed_10m_ms": 2.64, "utci_c": 25.38, "p_base": 0.108, "p_enhanced": 0.1257, "delta_p": 0.0178, "rel_mitigation_pct": -16.46, "risk_level": "low"}}, {"type": "Feature", "geometry": {"type": "Polygon", "coordinates": [[[121.39, 31.12], [121.39, 31.13], [121.4, 31.13], [121.4, 31.12], [121.39, 31.12]]]}, "properties": {"grid_id": "r077_c054", "phase": "night_22h", "target_time": "2026-09-18 22:00:00+08:00", "hour": 22, "air_temperature_c": 25.94, "relative_humidity_pct": 75.0, "wind_speed_10m_ms": 2.64, "utci_c": 25.47, "p_base": 0.1095, "p_enhanced": 0.1306, "delta_p": 0.0211, "rel_mitigation_pct": -19.29, "risk_level": "low"}}, {"type": "Feature", "geometry": {"type": "Polygon", "coordinates": [[[121.44, 31.12], [121.44, 31.13], [121.45, 31.13], [121.45, 31.12], [121.44, 31.12]]]}, "properties": {"grid_id": "r077_c059", "phase": "night_22h", "target_time": "2026-09-18 22:00:00+08:00", "hour": 22, "air_temperature_c": 25.94, "relative_humidity_pct": 75.0, "wind_speed_10m_ms": 2.64, "utci_c": 25.47, "p_base": 0.1094, "p_enhanced": 0.1376, "delta_p": 0.0282, "rel_mitigation_pct": -25.78, "risk_level": "low"}}, {"type": "Feature", "geometry": {"type": "Polygon", "coordinates": [[[121.56, 31.12], [121.56, 31.13], [121.57, 31.13], [121.57, 31.12], [121.56, 31.12]]]}, "properties": {"grid_id": "r077_c071", "phase": "night_22h", "target_time": "2026-09-18 22:00:00+08:00", "hour": 22, "air_temperature_c": 25.94, "relative_humidity_pct": 75.0, "wind_speed_10m_ms": 2.64, "utci_c": 25.87, "p_base": 0.1169, "p_enhanced": 0.1332, "delta_p": 0.0163, "rel_mitigation_pct": -13.98, "risk_level": "low"}}, {"type": "Feature", "geometry": {"type": "Polygon", "coordinates": [[[120.91, 31.11], [120.91, 31.12], [120.92, 31.12], [120.92, 31.11], [120.91, 31.11]]]}, "properties": {"grid_id": "r078_c006", "phase": "night_22h", "target_time": "2026-09-18 22:00:00+08:00", "hour": 22, "air_temperature_c": 25.94, "relative_humidity_pct": 75.0, "wind_speed_10m_ms": 2.64, "utci_c": 25.15, "p_base": 0.104, "p_enhanced": 0.0909, "delta_p": -0.013, "rel_mitigation_pct": 12.53, "risk_level": "low"}}, {"type": "Feature", "geometry": {"type": "Polygon", "coordinates": [[[120.92, 31.11], [120.92, 31.12], [120.93, 31.12], [120.93, 31.11], [120.92, 31.11]]]}, "properties": {"grid_id": "r078_c007", "phase": "night_22h", "target_time": "2026-09-18 22:00:00+08:00", "hour": 22, "air_temperature_c": 25.94, "relative_humidity_pct": 75.0, "wind_speed_10m_ms": 2.64, "utci_c": 24.94, "p_base": 0.1005, "p_enhanced": 0.0779, "delta_p": -0.0226, "rel_mitigation_pct": 22.49, "risk_level": "low"}}, {"type": "Feature", "geometry": {"type": "Polygon", "coordinates": [[[121.0, 31.11], [121.0, 31.12], [121.01, 31.12], [121.01, 31.11], [121.0, 31.11]]]}, "properties": {"grid_id": "r078_c015", "phase": "night_22h", "target_time": "2026-09-18 22:00:00+08:00", "hour": 22, "air_temperature_c": 25.94, "relative_humidity_pct": 75.0, "wind_speed_10m_ms": 2.64, "utci_c": 23.65, "p_base": 0.082, "p_enhanced": 0.0767, "delta_p": -0.0053, "rel_mitigation_pct": 6.46, "risk_level": "low"}}, {"type": "Feature", "geometry": {"type": "Polygon", "coordinates": [[[121.04, 31.11], [121.04, 31.12], [121.05, 31.12], [121.05, 31.11], [121.04, 31.11]]]}, "properties": {"grid_id": "r078_c019", "phase": "night_22h", "target_time": "2026-09-18 22:00:00+08:00", "hour": 22, "air_temperature_c": 25.94, "relative_humidity_pct": 75.0, "wind_speed_10m_ms": 2.64, "utci_c": 24.98, "p_base": 0.1011, "p_enhanced": 0.0932, "delta_p": -0.0079, "rel_mitigation_pct": 7.82, "risk_level": "low"}}, {"type": "Feature", "geometry": {"type": "Polygon", "coordinates": [[[121.05, 31.11], [121.05, 31.12], [121.06, 31.12], [121.06, 31.11], [121.05, 31.11]]]}, "properties": {"grid_id": "r078_c020", "phase": "night_22h", "target_time": "2026-09-18 22:00:00+08:00", "hour": 22, "air_temperature_c": 25.94, "relative_humidity_pct": 75.0, "wind_speed_10m_ms": 2.64, "utci_c": 25.2, "p_base": 0.1048, "p_enhanced": 0.0983, "delta_p": -0.0065, "rel_mitigation_pct": 6.18, "risk_level": "low"}}, {"type": "Feature", "geometry": {"type": "Polygon", "coordinates": [[[121.2, 31.11], [121.2, 31.12], [121.21, 31.12], [121.21, 31.11], [121.2, 31.11]]]}, "properties": {"grid_id": "r078_c035", "phase": "night_22h", "target_time": "2026-09-18 22:00:00+08:00", "hour": 22, "air_temperature_c": 25.94, "relative_humidity_pct": 75.0, "wind_speed_10m_ms": 2.64, "utci_c": 25.45, "p_base": 0.1091, "p_enhanced": 0.1257, "delta_p": 0.0166, "rel_mitigation_pct": -15.19, "risk_level": "low"}}, {"type": "Feature", "geometry": {"type": "Polygon", "coordinates": [[[121.21, 31.11], [121.21, 31.12], [121.22, 31.12], [121.22, 31.11], [121.21, 31.11]]]}, "properties": {"grid_id": "r078_c036", "phase": "night_22h", "target_time": "2026-09-18 22:00:00+08:00", "hour": 22, "air_temperature_c": 25.94, "relative_humidity_pct": 75.0, "wind_speed_10m_ms": 2.64, "utci_c": 25.43, "p_base": 0.1088, "p_enhanced": 0.1379, "delta_p": 0.0291, "rel_mitigation_pct": -26.77, "risk_level": "low"}}, {"type": "Feature", "geometry": {"type": "Polygon", "coordinates": [[[121.22, 31.11], [121.22, 31.12], [121.23, 31.12], [121.23, 31.11], [121.22, 31.11]]]}, "properties": {"grid_id": "r078_c037", "phase": "night_22h", "target_time": "2026-09-18 22:00:00+08:00", "hour": 22, "air_temperature_c": 25.94, "relative_humidity_pct": 75.0, "wind_speed_10m_ms": 2.64, "utci_c": 25.58, "p_base": 0.1115, "p_enhanced": 0.1314, "delta_p": 0.0199, "rel_mitigation_pct": -17.87, "risk_level": "low"}}, {"type": "Feature", "geometry": {"type": "Polygon", "coordinates": [[[121.25, 31.11], [121.25, 31.12], [121.26, 31.12], [121.26, 31.11], [121.25, 31.11]]]}, "properties": {"grid_id": "r078_c040", "phase": "night_22h", "target_time": "2026-09-18 22:00:00+08:00", "hour": 22, "air_temperature_c": 25.94, "relative_humidity_pct": 75.0, "wind_speed_10m_ms": 2.64, "utci_c": 25.42, "p_base": 0.1086, "p_enhanced": 0.1064, "delta_p": -0.0023, "rel_mitigation_pct": 2.1, "risk_level": "low"}}, {"type": "Feature", "geometry": {"type": "Polygon", "coordinates": [[[121.27, 31.11], [121.27, 31.12], [121.28, 31.12], [121.28, 31.11], [121.27, 31.11]]]}, "properties": {"grid_id": "r078_c042", "phase": "night_22h", "target_time": "2026-09-18 22:00:00+08:00", "hour": 22, "air_temperature_c": 25.94, "relative_humidity_pct": 75.0, "wind_speed_10m_ms": 2.64, "utci_c": 25.57, "p_base": 0.1113, "p_enhanced": 0.1313, "delta_p": 0.02, "rel_mitigation_pct": -17.97, "risk_level": "low"}}, {"type": "Feature", "geometry": {"type": "Polygon", "coordinates": [[[121.34, 31.11], [121.34, 31.12], [121.35, 31.12], [121.35, 31.11], [121.34, 31.11]]]}, "properties": {"grid_id": "r078_c049", "phase": "night_22h", "target_time": "2026-09-18 22:00:00+08:00", "hour": 22, "air_temperature_c": 25.94, "relative_humidity_pct": 75.0, "wind_speed_10m_ms": 2.64, "utci_c": 25.21, "p_base": 0.1049, "p_enhanced": 0.1408, "delta_p": 0.0358, "rel_mitigation_pct": -34.14, "risk_level": "low"}}, {"type": "Feature", "geometry": {"type": "Polygon", "coordinates": [[[121.39, 31.11], [121.39, 31.12], [121.4, 31.12], [121.4, 31.11], [121.39, 31.11]]]}, "properties": {"grid_id": "r078_c054", "phase": "night_22h", "target_time": "2026-09-18 22:00:00+08:00", "hour": 22, "air_temperature_c": 25.94, "relative_humidity_pct": 75.0, "wind_speed_10m_ms": 2.64, "utci_c": 25.21, "p_base": 0.105, "p_enhanced": 0.1368, "delta_p": 0.0318, "rel_mitigation_pct": -30.23, "risk_level": "low"}}, {"type": "Feature", "geometry": {"type": "Polygon", "coordinates": [[[121.46, 31.11], [121.46, 31.12], [121.47, 31.12], [121.47, 31.11], [121.46, 31.11]]]}, "properties": {"grid_id": "r078_c061", "phase": "night_22h", "target_time": "2026-09-18 22:00:00+08:00", "hour": 22, "air_temperature_c": 25.94, "relative_humidity_pct": 75.0, "wind_speed_10m_ms": 2.64, "utci_c": 24.51, "p_base": 0.0938, "p_enhanced": 0.0604, "delta_p": -0.0335, "rel_mitigation_pct": 35.67, "risk_level": "low"}}, {"type": "Feature", "geometry": {"type": "Polygon", "coordinates": [[[121.58, 31.11], [121.58, 31.12], [121.59, 31.12], [121.59, 31.11], [121.58, 31.11]]]}, "properties": {"grid_id": "r078_c073", "phase": "night_22h", "target_time": "2026-09-18 22:00:00+08:00", "hour": 22, "air_temperature_c": 25.94, "relative_humidity_pct": 75.0, "wind_speed_10m_ms": 2.64, "utci_c": 26.03, "p_base": 0.1198, "p_enhanced": 0.1294, "delta_p": 0.0096, "rel_mitigation_pct": -7.99, "risk_level": "moderate"}}, {"type": "Feature", "geometry": {"type": "Polygon", "coordinates": [[[120.94, 31.1], [120.94, 31.11], [120.95, 31.11], [120.95, 31.1], [120.94, 31.1]]]}, "properties": {"grid_id": "r079_c009", "phase": "night_22h", "target_time": "2026-09-18 22:00:00+08:00", "hour": 22, "air_temperature_c": 25.94, "relative_humidity_pct": 75.0, "wind_speed_10m_ms": 2.64, "utci_c": 22.92, "p_base": 0.0732, "p_enhanced": 0.0165, "delta_p": -0.0566, "rel_mitigation_pct": 77.38, "risk_level": "low"}}, {"type": "Feature", "geometry": {"type": "Polygon", "coordinates": [[[121.0, 31.1], [121.0, 31.11], [121.01, 31.11], [121.01, 31.1], [121.0, 31.1]]]}, "properties": {"grid_id": "r079_c015", "phase": "night_22h", "target_time": "2026-09-18 22:00:00+08:00", "hour": 22, "air_temperature_c": 25.94, "relative_humidity_pct": 75.0, "wind_speed_10m_ms": 2.64, "utci_c": 23.95, "p_base": 0.0859, "p_enhanced": 0.124, "delta_p": 0.0381, "rel_mitigation_pct": -44.38, "risk_level": "low"}}, {"type": "Feature", "geometry": {"type": "Polygon", "coordinates": [[[121.18, 31.1], [121.18, 31.11], [121.19, 31.11], [121.19, 31.1], [121.18, 31.1]]]}, "properties": {"grid_id": "r079_c033", "phase": "night_22h", "target_time": "2026-09-18 22:00:00+08:00", "hour": 22, "air_temperature_c": 25.94, "relative_humidity_pct": 75.0, "wind_speed_10m_ms": 2.64, "utci_c": 25.72, "p_base": 0.114, "p_enhanced": 0.1371, "delta_p": 0.0232, "rel_mitigation_pct": -20.31, "risk_level": "low"}}, {"type": "Feature", "geometry": {"type": "Polygon", "coordinates": [[[121.2, 31.1], [121.2, 31.11], [121.21, 31.11], [121.21, 31.1], [121.2, 31.1]]]}, "properties": {"grid_id": "r079_c035", "phase": "night_22h", "target_time": "2026-09-18 22:00:00+08:00", "hour": 22, "air_temperature_c": 25.94, "relative_humidity_pct": 75.0, "wind_speed_10m_ms": 2.64, "utci_c": 24.43, "p_base": 0.0927, "p_enhanced": 0.1057, "delta_p": 0.013, "rel_mitigation_pct": -14.07, "risk_level": "low"}}, {"type": "Feature", "geometry": {"type": "Polygon", "coordinates": [[[121.22, 31.1], [121.22, 31.11], [121.23, 31.11], [121.23, 31.1], [121.22, 31.1]]]}, "properties": {"grid_id": "r079_c037", "phase": "night_22h", "target_time": "2026-09-18 22:00:00+08:00", "hour": 22, "air_temperature_c": 25.94, "relative_humidity_pct": 75.0, "wind_speed_10m_ms": 2.64, "utci_c": 25.59, "p_base": 0.1116, "p_enhanced": 0.1259, "delta_p": 0.0143, "rel_mitigation_pct": -12.8, "risk_level": "low"}}, {"type": "Feature", "geometry": {"type": "Polygon", "coordinates": [[[121.25, 31.1], [121.25, 31.11], [121.26, 31.11], [121.26, 31.1], [121.25, 31.1]]]}, "properties": {"grid_id": "r079_c040", "phase": "night_22h", "target_time": "2026-09-18 22:00:00+08:00", "hour": 22, "air_temperature_c": 25.94, "relative_humidity_pct": 75.0, "wind_speed_10m_ms": 2.64, "utci_c": 25.65, "p_base": 0.1126, "p_enhanced": 0.13, "delta_p": 0.0174, "rel_mitigation_pct": -15.41, "risk_level": "low"}}, {"type": "Feature", "geometry": {"type": "Polygon", "coordinates": [[[121.35, 31.1], [121.35, 31.11], [121.36, 31.11], [121.36, 31.1], [121.35, 31.1]]]}, "properties": {"grid_id": "r079_c050", "phase": "night_22h", "target_time": "2026-09-18 22:00:00+08:00", "hour": 22, "air_temperature_c": 25.94, "relative_humidity_pct": 75.0, "wind_speed_10m_ms": 2.64, "utci_c": 25.6, "p_base": 0.1118, "p_enhanced": 0.1228, "delta_p": 0.011, "rel_mitigation_pct": -9.81, "risk_level": "low"}}, {"type": "Feature", "geometry": {"type": "Polygon", "coordinates": [[[121.37, 31.1], [121.37, 31.11], [121.38, 31.11], [121.38, 31.1], [121.37, 31.1]]]}, "properties": {"grid_id": "r079_c052", "phase": "night_22h", "target_time": "2026-09-18 22:00:00+08:00", "hour": 22, "air_temperature_c": 25.94, "relative_humidity_pct": 75.0, "wind_speed_10m_ms": 2.64, "utci_c": 25.77, "p_base": 0.1149, "p_enhanced": 0.1302, "delta_p": 0.0152, "rel_mitigation_pct": -13.27, "risk_level": "low"}}, {"type": "Feature", "geometry": {"type": "Polygon", "coordinates": [[[121.4, 31.1], [121.4, 31.11], [121.41, 31.11], [121.41, 31.1], [121.4, 31.1]]]}, "properties": {"grid_id": "r079_c055", "phase": "night_22h", "target_time": "2026-09-18 22:00:00+08:00", "hour": 22, "air_temperature_c": 25.94, "relative_humidity_pct": 75.0, "wind_speed_10m_ms": 2.64, "utci_c": 25.81, "p_base": 0.1156, "p_enhanced": 0.1349, "delta_p": 0.0193, "rel_mitigation_pct": -16.71, "risk_level": "low"}}, {"type": "Feature", "geometry": {"type": "Polygon", "coordinates": [[[121.42, 31.1], [121.42, 31.11], [121.43, 31.11], [121.43, 31.1], [121.42, 31.1]]]}, "properties": {"grid_id": "r079_c057", "phase": "night_22h", "target_time": "2026-09-18 22:00:00+08:00", "hour": 22, "air_temperature_c": 25.94, "relative_humidity_pct": 75.0, "wind_speed_10m_ms": 2.64, "utci_c": 25.72, "p_base": 0.114, "p_enhanced": 0.1371, "delta_p": 0.0231, "rel_mitigation_pct": -20.23, "risk_level": "low"}}, {"type": "Feature", "geometry": {"type": "Polygon", "coordinates": [[[120.97, 31.09], [120.97, 31.1], [120.98, 31.1], [120.98, 31.09], [120.97, 31.09]]]}, "properties": {"grid_id": "r080_c012", "phase": "night_22h", "target_time": "2026-09-18 22:00:00+08:00", "hour": 22, "air_temperature_c": 25.94, "relative_humidity_pct": 75.0, "wind_speed_10m_ms": 2.64, "utci_c": 23.39, "p_base": 0.0786, "p_enhanced": 0.0255, "delta_p": -0.0532, "rel_mitigation_pct": 67.63, "risk_level": "low"}}, {"type": "Feature", "geometry": {"type": "Polygon", "coordinates": [[[121.15, 31.09], [121.15, 31.1], [121.16, 31.1], [121.16, 31.09], [121.15, 31.09]]]}, "properties": {"grid_id": "r080_c030", "phase": "night_22h", "target_time": "2026-09-18 22:00:00+08:00", "hour": 22, "air_temperature_c": 25.94, "relative_humidity_pct": 75.0, "wind_speed_10m_ms": 2.64, "utci_c": 25.72, "p_base": 0.114, "p_enhanced": 0.1371, "delta_p": 0.0232, "rel_mitigation_pct": -20.31, "risk_level": "low"}}, {"type": "Feature", "geometry": {"type": "Polygon", "coordinates": [[[121.17, 31.09], [121.17, 31.1], [121.18, 31.1], [121.18, 31.09], [121.17, 31.09]]]}, "properties": {"grid_id": "r080_c032", "phase": "night_22h", "target_time": "2026-09-18 22:00:00+08:00", "hour": 22, "air_temperature_c": 25.94, "relative_humidity_pct": 75.0, "wind_speed_10m_ms": 2.64, "utci_c": 25.65, "p_base": 0.1128, "p_enhanced": 0.1241, "delta_p": 0.0113, "rel_mitigation_pct": -10.02, "risk_level": "low"}}, {"type": "Feature", "geometry": {"type": "Polygon", "coordinates": [[[121.18, 31.09], [121.18, 31.1], [121.19, 31.1], [121.19, 31.09], [121.18, 31.09]]]}, "properties": {"grid_id": "r080_c033", "phase": "night_22h", "target_time": "2026-09-18 22:00:00+08:00", "hour": 22, "air_temperature_c": 25.94, "relative_humidity_pct": 75.0, "wind_speed_10m_ms": 2.64, "utci_c": 25.22, "p_base": 0.1052, "p_enhanced": 0.1478, "delta_p": 0.0427, "rel_mitigation_pct": -40.57, "risk_level": "low"}}, {"type": "Feature", "geometry": {"type": "Polygon", "coordinates": [[[121.19, 31.09], [121.19, 31.1], [121.2, 31.1], [121.2, 31.09], [121.19, 31.09]]]}, "properties": {"grid_id": "r080_c034", "phase": "night_22h", "target_time": "2026-09-18 22:00:00+08:00", "hour": 22, "air_temperature_c": 25.94, "relative_humidity_pct": 75.0, "wind_speed_10m_ms": 2.64, "utci_c": 25.28, "p_base": 0.1061, "p_enhanced": 0.1477, "delta_p": 0.0416, "rel_mitigation_pct": -39.17, "risk_level": "low"}}, {"type": "Feature", "geometry": {"type": "Polygon", "coordinates": [[[121.2, 31.09], [121.2, 31.1], [121.21, 31.1], [121.21, 31.09], [121.2, 31.09]]]}, "properties": {"grid_id": "r080_c035", "phase": "night_22h", "target_time": "2026-09-18 22:00:00+08:00", "hour": 22, "air_temperature_c": 25.94, "relative_humidity_pct": 75.0, "wind_speed_10m_ms": 2.64, "utci_c": 25.58, "p_base": 0.1115, "p_enhanced": 0.1258, "delta_p": 0.0144, "rel_mitigation_pct": -12.88, "risk_level": "low"}}, {"type": "Feature", "geometry": {"type": "Polygon", "coordinates": [[[121.21, 31.09], [121.21, 31.1], [121.22, 31.1], [121.22, 31.09], [121.21, 31.09]]]}, "properties": {"grid_id": "r080_c036", "phase": "night_22h", "target_time": "2026-09-18 22:00:00+08:00", "hour": 22, "air_temperature_c": 25.94, "relative_humidity_pct": 75.0, "wind_speed_10m_ms": 2.64, "utci_c": 25.41, "p_base": 0.1084, "p_enhanced": 0.1172, "delta_p": 0.0087, "rel_mitigation_pct": -8.05, "risk_level": "low"}}, {"type": "Feature", "geometry": {"type": "Polygon", "coordinates": [[[121.22, 31.09], [121.22, 31.1], [121.23, 31.1], [121.23, 31.09], [121.22, 31.09]]]}, "properties": {"grid_id": "r080_c037", "phase": "night_22h", "target_time": "2026-09-18 22:00:00+08:00", "hour": 22, "air_temperature_c": 25.94, "relative_humidity_pct": 75.0, "wind_speed_10m_ms": 2.64, "utci_c": 25.54, "p_base": 0.1106, "p_enhanced": 0.127, "delta_p": 0.0164, "rel_mitigation_pct": -14.83, "risk_level": "low"}}, {"type": "Feature", "geometry": {"type": "Polygon", "coordinates": [[[121.24, 31.09], [121.24, 31.1], [121.25, 31.1], [121.25, 31.09], [121.24, 31.09]]]}, "properties": {"grid_id": "r080_c039", "phase": "night_22h", "target_time": "2026-09-18 22:00:00+08:00", "hour": 22, "air_temperature_c": 25.94, "relative_humidity_pct": 75.0, "wind_speed_10m_ms": 2.64, "utci_c": 25.62, "p_base": 0.1122, "p_enhanced": 0.1221, "delta_p": 0.0099, "rel_mitigation_pct": -8.84, "risk_level": "low"}}, {"type": "Feature", "geometry": {"type": "Polygon", "coordinates": [[[121.34, 31.09], [121.34, 31.1], [121.35, 31.1], [121.35, 31.09], [121.34, 31.09]]]}, "properties": {"grid_id": "r080_c049", "phase": "night_22h", "target_time": "2026-09-18 22:00:00+08:00", "hour": 22, "air_temperature_c": 25.94, "relative_humidity_pct": 75.0, "wind_speed_10m_ms": 2.64, "utci_c": 25.74, "p_base": 0.1144, "p_enhanced": 0.1366, "delta_p": 0.0222, "rel_mitigation_pct": -19.38, "risk_level": "low"}}, {"type": "Feature", "geometry": {"type": "Polygon", "coordinates": [[[121.48, 31.09], [121.48, 31.1], [121.49, 31.1], [121.49, 31.09], [121.48, 31.09]]]}, "properties": {"grid_id": "r080_c063", "phase": "night_22h", "target_time": "2026-09-18 22:00:00+08:00", "hour": 22, "air_temperature_c": 25.94, "relative_humidity_pct": 75.0, "wind_speed_10m_ms": 2.64, "utci_c": 25.72, "p_base": 0.1139, "p_enhanced": 0.1311, "delta_p": 0.0172, "rel_mitigation_pct": -15.07, "risk_level": "low"}}, {"type": "Feature", "geometry": {"type": "Polygon", "coordinates": [[[121.49, 31.09], [121.49, 31.1], [121.5, 31.1], [121.5, 31.09], [121.49, 31.09]]]}, "properties": {"grid_id": "r080_c064", "phase": "night_22h", "target_time": "2026-09-18 22:00:00+08:00", "hour": 22, "air_temperature_c": 25.94, "relative_humidity_pct": 75.0, "wind_speed_10m_ms": 2.64, "utci_c": 25.53, "p_base": 0.1105, "p_enhanced": 0.1172, "delta_p": 0.0068, "rel_mitigation_pct": -6.11, "risk_level": "low"}}, {"type": "Feature", "geometry": {"type": "Polygon", "coordinates": [[[121.18, 31.08], [121.18, 31.09], [121.19, 31.09], [121.19, 31.08], [121.18, 31.08]]]}, "properties": {"grid_id": "r081_c033", "phase": "night_22h", "target_time": "2026-09-18 22:00:00+08:00", "hour": 22, "air_temperature_c": 25.94, "relative_humidity_pct": 75.0, "wind_speed_10m_ms": 2.64, "utci_c": 25.33, "p_base": 0.1071, "p_enhanced": 0.1352, "delta_p": 0.0281, "rel_mitigation_pct": -26.21, "risk_level": "low"}}, {"type": "Feature", "geometry": {"type": "Polygon", "coordinates": [[[121.19, 31.08], [121.19, 31.09], [121.2, 31.09], [121.2, 31.08], [121.19, 31.08]]]}, "properties": {"grid_id": "r081_c034", "phase": "night_22h", "target_time": "2026-09-18 22:00:00+08:00", "hour": 22, "air_temperature_c": 25.94, "relative_humidity_pct": 75.0, "wind_speed_10m_ms": 2.64, "utci_c": 25.56, "p_base": 0.1111, "p_enhanced": 0.1301, "delta_p": 0.0191, "rel_mitigation_pct": -17.15, "risk_level": "low"}}, {"type": "Feature", "geometry": {"type": "Polygon", "coordinates": [[[121.2, 31.08], [121.2, 31.09], [121.21, 31.09], [121.21, 31.08], [121.2, 31.08]]]}, "properties": {"grid_id": "r081_c035", "phase": "night_22h", "target_time": "2026-09-18 22:00:00+08:00", "hour": 22, "air_temperature_c": 25.94, "relative_humidity_pct": 75.0, "wind_speed_10m_ms": 2.64, "utci_c": 25.57, "p_base": 0.1113, "p_enhanced": 0.1262, "delta_p": 0.0149, "rel_mitigation_pct": -13.39, "risk_level": "low"}}, {"type": "Feature", "geometry": {"type": "Polygon", "coordinates": [[[121.22, 31.08], [121.22, 31.09], [121.23, 31.09], [121.23, 31.08], [121.22, 31.08]]]}, "properties": {"grid_id": "r081_c037", "phase": "night_22h", "target_time": "2026-09-18 22:00:00+08:00", "hour": 22, "air_temperature_c": 25.94, "relative_humidity_pct": 75.0, "wind_speed_10m_ms": 2.64, "utci_c": 25.58, "p_base": 0.1115, "p_enhanced": 0.1364, "delta_p": 0.0249, "rel_mitigation_pct": -22.35, "risk_level": "low"}}, {"type": "Feature", "geometry": {"type": "Polygon", "coordinates": [[[121.28, 31.08], [121.28, 31.09], [121.29, 31.09], [121.29, 31.08], [121.28, 31.08]]]}, "properties": {"grid_id": "r081_c043", "phase": "night_22h", "target_time": "2026-09-18 22:00:00+08:00", "hour": 22, "air_temperature_c": 25.94, "relative_humidity_pct": 75.0, "wind_speed_10m_ms": 2.64, "utci_c": 25.68, "p_base": 0.1132, "p_enhanced": 0.1293, "delta_p": 0.0162, "rel_mitigation_pct": -14.3, "risk_level": "low"}}, {"type": "Feature", "geometry": {"type": "Polygon", "coordinates": [[[121.39, 31.08], [121.39, 31.09], [121.4, 31.09], [121.4, 31.08], [121.39, 31.08]]]}, "properties": {"grid_id": "r081_c054", "phase": "night_22h", "target_time": "2026-09-18 22:00:00+08:00", "hour": 22, "air_temperature_c": 25.94, "relative_humidity_pct": 75.0, "wind_speed_10m_ms": 2.64, "utci_c": 25.73, "p_base": 0.1142, "p_enhanced": 0.1369, "delta_p": 0.0226, "rel_mitigation_pct": -19.82, "risk_level": "low"}}, {"type": "Feature", "geometry": {"type": "Polygon", "coordinates": [[[121.61, 31.08], [121.61, 31.09], [121.62, 31.09], [121.62, 31.08], [121.61, 31.08]]]}, "properties": {"grid_id": "r081_c076", "phase": "night_22h", "target_time": "2026-09-18 22:00:00+08:00", "hour": 22, "air_temperature_c": 25.94, "relative_humidity_pct": 75.0, "wind_speed_10m_ms": 2.64, "utci_c": 25.71, "p_base": 0.1139, "p_enhanced": 0.1348, "delta_p": 0.0209, "rel_mitigation_pct": -18.32, "risk_level": "low"}}, {"type": "Feature", "geometry": {"type": "Polygon", "coordinates": [[[120.9, 31.07], [120.9, 31.08], [120.91, 31.08], [120.91, 31.07], [120.9, 31.07]]]}, "properties": {"grid_id": "r082_c005", "phase": "night_22h", "target_time": "2026-09-18 22:00:00+08:00", "hour": 22, "air_temperature_c": 25.94, "relative_humidity_pct": 75.0, "wind_speed_10m_ms": 2.64, "utci_c": 24.31, "p_base": 0.0909, "p_enhanced": 0.0759, "delta_p": -0.015, "rel_mitigation_pct": 16.49, "risk_level": "low"}}, {"type": "Feature", "geometry": {"type": "Polygon", "coordinates": [[[120.93, 31.07], [120.93, 31.08], [120.94, 31.08], [120.94, 31.07], [120.93, 31.07]]]}, "properties": {"grid_id": "r082_c008", "phase": "night_22h", "target_time": "2026-09-18 22:00:00+08:00", "hour": 22, "air_temperature_c": 25.94, "relative_humidity_pct": 75.0, "wind_speed_10m_ms": 2.64, "utci_c": 24.16, "p_base": 0.0888, "p_enhanced": 0.0432, "delta_p": -0.0456, "rel_mitigation_pct": 51.33, "risk_level": "low"}}, {"type": "Feature", "geometry": {"type": "Polygon", "coordinates": [[[120.94, 31.07], [120.94, 31.08], [120.95, 31.08], [120.95, 31.07], [120.94, 31.07]]]}, "properties": {"grid_id": "r082_c009", "phase": "night_22h", "target_time": "2026-09-18 22:00:00+08:00", "hour": 22, "air_temperature_c": 25.94, "relative_humidity_pct": 75.0, "wind_speed_10m_ms": 2.64, "utci_c": 24.83, "p_base": 0.0988, "p_enhanced": 0.072, "delta_p": -0.0268, "rel_mitigation_pct": 27.12, "risk_level": "low"}}, {"type": "Feature", "geometry": {"type": "Polygon", "coordinates": [[[120.99, 31.07], [120.99, 31.08], [121.0, 31.08], [121.0, 31.07], [120.99, 31.07]]]}, "properties": {"grid_id": "r082_c014", "phase": "night_22h", "target_time": "2026-09-18 22:00:00+08:00", "hour": 22, "air_temperature_c": 25.94, "relative_humidity_pct": 75.0, "wind_speed_10m_ms": 2.64, "utci_c": 23.95, "p_base": 0.0859, "p_enhanced": 0.1144, "delta_p": 0.0285, "rel_mitigation_pct": -33.25, "risk_level": "low"}}, {"type": "Feature", "geometry": {"type": "Polygon", "coordinates": [[[121.11, 31.07], [121.11, 31.08], [121.12, 31.08], [121.12, 31.07], [121.11, 31.07]]]}, "properties": {"grid_id": "r082_c026", "phase": "night_22h", "target_time": "2026-09-18 22:00:00+08:00", "hour": 22, "air_temperature_c": 25.94, "relative_humidity_pct": 75.0, "wind_speed_10m_ms": 2.64, "utci_c": 25.72, "p_base": 0.1141, "p_enhanced": 0.1359, "delta_p": 0.0219, "rel_mitigation_pct": -19.17, "risk_level": "low"}}, {"type": "Feature", "geometry": {"type": "Polygon", "coordinates": [[[121.14, 31.07], [121.14, 31.08], [121.15, 31.08], [121.15, 31.07], [121.14, 31.07]]]}, "properties": {"grid_id": "r082_c029", "phase": "night_22h", "target_time": "2026-09-18 22:00:00+08:00", "hour": 22, "air_temperature_c": 25.94, "relative_humidity_pct": 75.0, "wind_speed_10m_ms": 2.64, "utci_c": 25.35, "p_base": 0.1074, "p_enhanced": 0.1475, "delta_p": 0.04, "rel_mitigation_pct": -37.27, "risk_level": "low"}}, {"type": "Feature", "geometry": {"type": "Polygon", "coordinates": [[[121.17, 31.07], [121.17, 31.08], [121.18, 31.08], [121.18, 31.07], [121.17, 31.07]]]}, "properties": {"grid_id": "r082_c032", "phase": "night_22h", "target_time": "2026-09-18 22:00:00+08:00", "hour": 22, "air_temperature_c": 25.94, "relative_humidity_pct": 75.0, "wind_speed_10m_ms": 2.64, "utci_c": 24.27, "p_base": 0.0903, "p_enhanced": 0.147, "delta_p": 0.0567, "rel_mitigation_pct": -62.79, "risk_level": "low"}}, {"type": "Feature", "geometry": {"type": "Polygon", "coordinates": [[[121.49, 31.07], [121.49, 31.08], [121.5, 31.08], [121.5, 31.07], [121.49, 31.07]]]}, "properties": {"grid_id": "r082_c064", "phase": "night_22h", "target_time": "2026-09-18 22:00:00+08:00", "hour": 22, "air_temperature_c": 25.94, "relative_humidity_pct": 75.0, "wind_speed_10m_ms": 2.64, "utci_c": 25.51, "p_base": 0.1102, "p_enhanced": 0.1385, "delta_p": 0.0283, "rel_mitigation_pct": -25.66, "risk_level": "low"}}, {"type": "Feature", "geometry": {"type": "Polygon", "coordinates": [[[121.54, 31.07], [121.54, 31.08], [121.55, 31.08], [121.55, 31.07], [121.54, 31.07]]]}, "properties": {"grid_id": "r082_c069", "phase": "night_22h", "target_time": "2026-09-18 22:00:00+08:00", "hour": 22, "air_temperature_c": 25.94, "relative_humidity_pct": 75.0, "wind_speed_10m_ms": 2.64, "utci_c": 25.55, "p_base": 0.1109, "p_enhanced": 0.1402, "delta_p": 0.0292, "rel_mitigation_pct": -26.35, "risk_level": "low"}}, {"type": "Feature", "geometry": {"type": "Polygon", "coordinates": [[[120.91, 31.06], [120.91, 31.07], [120.92, 31.07], [120.92, 31.06], [120.91, 31.06]]]}, "properties": {"grid_id": "r083_c006", "phase": "night_22h", "target_time": "2026-09-18 22:00:00+08:00", "hour": 22, "air_temperature_c": 25.94, "relative_humidity_pct": 75.0, "wind_speed_10m_ms": 2.64, "utci_c": 25.2, "p_base": 0.1049, "p_enhanced": 0.0947, "delta_p": -0.0101, "rel_mitigation_pct": 9.67, "risk_level": "low"}}, {"type": "Feature", "geometry": {"type": "Polygon", "coordinates": [[[120.93, 31.06], [120.93, 31.07], [120.94, 31.07], [120.94, 31.06], [120.93, 31.06]]]}, "properties": {"grid_id": "r083_c008", "phase": "night_22h", "target_time": "2026-09-18 22:00:00+08:00", "hour": 22, "air_temperature_c": 25.94, "relative_humidity_pct": 75.0, "wind_speed_10m_ms": 2.64, "utci_c": 25.58, "p_base": 0.1115, "p_enhanced": 0.1209, "delta_p": 0.0094, "rel_mitigation_pct": -8.47, "risk_level": "low"}}, {"type": "Feature", "geometry": {"type": "Polygon", "coordinates": [[[120.97, 31.06], [120.97, 31.07], [120.98, 31.07], [120.98, 31.06], [120.97, 31.06]]]}, "properties": {"grid_id": "r083_c012", "phase": "night_22h", "target_time": "2026-09-18 22:00:00+08:00", "hour": 22, "air_temperature_c": 25.94, "relative_humidity_pct": 75.0, "wind_speed_10m_ms": 2.64, "utci_c": 23.66, "p_base": 0.0821, "p_enhanced": 0.0933, "delta_p": 0.0112, "rel_mitigation_pct": -13.65, "risk_level": "low"}}, {"type": "Feature", "geometry": {"type": "Polygon", "coordinates": [[[121.14, 31.06], [121.14, 31.07], [121.15, 31.07], [121.15, 31.06], [121.14, 31.06]]]}, "properties": {"grid_id": "r083_c029", "phase": "night_22h", "target_time": "2026-09-18 22:00:00+08:00", "hour": 22, "air_temperature_c": 25.94, "relative_humidity_pct": 75.0, "wind_speed_10m_ms": 2.64, "utci_c": 25.47, "p_base": 0.1095, "p_enhanced": 0.1176, "delta_p": 0.0081, "rel_mitigation_pct": -7.41, "risk_level": "low"}}, {"type": "Feature", "geometry": {"type": "Polygon", "coordinates": [[[121.15, 31.06], [121.15, 31.07], [121.16, 31.07], [121.16, 31.06], [121.15, 31.06]]]}, "properties": {"grid_id": "r083_c030", "phase": "night_22h", "target_time": "2026-09-18 22:00:00+08:00", "hour": 22, "air_temperature_c": 25.94, "relative_humidity_pct": 75.0, "wind_speed_10m_ms": 2.64, "utci_c": 25.61, "p_base": 0.112, "p_enhanced": 0.1268, "delta_p": 0.0148, "rel_mitigation_pct": -13.18, "risk_level": "low"}}, {"type": "Feature", "geometry": {"type": "Polygon", "coordinates": [[[121.17, 31.06], [121.17, 31.07], [121.18, 31.07], [121.18, 31.06], [121.17, 31.06]]]}, "properties": {"grid_id": "r083_c032", "phase": "night_22h", "target_time": "2026-09-18 22:00:00+08:00", "hour": 22, "air_temperature_c": 25.94, "relative_humidity_pct": 75.0, "wind_speed_10m_ms": 2.64, "utci_c": 24.46, "p_base": 0.0931, "p_enhanced": 0.1758, "delta_p": 0.0827, "rel_mitigation_pct": -88.76, "risk_level": "low"}}, {"type": "Feature", "geometry": {"type": "Polygon", "coordinates": [[[121.19, 31.06], [121.19, 31.07], [121.2, 31.07], [121.2, 31.06], [121.19, 31.06]]]}, "properties": {"grid_id": "r083_c034", "phase": "night_22h", "target_time": "2026-09-18 22:00:00+08:00", "hour": 22, "air_temperature_c": 25.94, "relative_humidity_pct": 75.0, "wind_speed_10m_ms": 2.64, "utci_c": 24.9, "p_base": 0.0999, "p_enhanced": 0.102, "delta_p": 0.0021, "rel_mitigation_pct": -2.09, "risk_level": "low"}}, {"type": "Feature", "geometry": {"type": "Polygon", "coordinates": [[[121.21, 31.06], [121.21, 31.07], [121.22, 31.07], [121.22, 31.06], [121.21, 31.06]]]}, "properties": {"grid_id": "r083_c036", "phase": "night_22h", "target_time": "2026-09-18 22:00:00+08:00", "hour": 22, "air_temperature_c": 25.94, "relative_humidity_pct": 75.0, "wind_speed_10m_ms": 2.64, "utci_c": 25.59, "p_base": 0.1115, "p_enhanced": 0.1245, "delta_p": 0.0129, "rel_mitigation_pct": -11.59, "risk_level": "low"}}, {"type": "Feature", "geometry": {"type": "Polygon", "coordinates": [[[121.23, 31.06], [121.23, 31.07], [121.24, 31.07], [121.24, 31.06], [121.23, 31.06]]]}, "properties": {"grid_id": "r083_c038", "phase": "night_22h", "target_time": "2026-09-18 22:00:00+08:00", "hour": 22, "air_temperature_c": 25.94, "relative_humidity_pct": 75.0, "wind_speed_10m_ms": 2.64, "utci_c": 25.4, "p_base": 0.1083, "p_enhanced": 0.1039, "delta_p": -0.0044, "rel_mitigation_pct": 4.05, "risk_level": "low"}}, {"type": "Feature", "geometry": {"type": "Polygon", "coordinates": [[[121.21, 31.05], [121.21, 31.06], [121.22, 31.06], [121.22, 31.05], [121.21, 31.05]]]}, "properties": {"grid_id": "r084_c036", "phase": "night_22h", "target_time": "2026-09-18 22:00:00+08:00", "hour": 22, "air_temperature_c": 25.94, "relative_humidity_pct": 75.0, "wind_speed_10m_ms": 2.64, "utci_c": 25.37, "p_base": 0.1078, "p_enhanced": 0.1092, "delta_p": 0.0015, "rel_mitigation_pct": -1.35, "risk_level": "low"}}, {"type": "Feature", "geometry": {"type": "Polygon", "coordinates": [[[121.5, 31.05], [121.5, 31.06], [121.51, 31.06], [121.51, 31.05], [121.5, 31.05]]]}, "properties": {"grid_id": "r084_c065", "phase": "night_22h", "target_time": "2026-09-18 22:00:00+08:00", "hour": 22, "air_temperature_c": 25.94, "relative_humidity_pct": 75.0, "wind_speed_10m_ms": 2.64, "utci_c": 24.31, "p_base": 0.0909, "p_enhanced": 0.1474, "delta_p": 0.0564, "rel_mitigation_pct": -62.06, "risk_level": "low"}}, {"type": "Feature", "geometry": {"type": "Polygon", "coordinates": [[[121.71, 31.05], [121.71, 31.06], [121.72, 31.06], [121.72, 31.05], [121.71, 31.05]]]}, "properties": {"grid_id": "r084_c086", "phase": "night_22h", "target_time": "2026-09-18 22:00:00+08:00", "hour": 22, "air_temperature_c": 25.94, "relative_humidity_pct": 75.0, "wind_speed_10m_ms": 2.64, "utci_c": 25.36, "p_base": 0.1076, "p_enhanced": 0.1147, "delta_p": 0.0072, "rel_mitigation_pct": -6.66, "risk_level": "low"}}, {"type": "Feature", "geometry": {"type": "Polygon", "coordinates": [[[121.76, 31.05], [121.76, 31.06], [121.77, 31.06], [121.77, 31.05], [121.76, 31.05]]]}, "properties": {"grid_id": "r084_c091", "phase": "night_22h", "target_time": "2026-09-18 22:00:00+08:00", "hour": 22, "air_temperature_c": 25.94, "relative_humidity_pct": 75.0, "wind_speed_10m_ms": 2.64, "utci_c": 25.83, "p_base": 0.1161, "p_enhanced": 0.1343, "delta_p": 0.0182, "rel_mitigation_pct": -15.69, "risk_level": "low"}}, {"type": "Feature", "geometry": {"type": "Polygon", "coordinates": [[[120.98, 31.04], [120.98, 31.05], [120.99, 31.05], [120.99, 31.04], [120.98, 31.04]]]}, "properties": {"grid_id": "r085_c013", "phase": "night_22h", "target_time": "2026-09-18 22:00:00+08:00", "hour": 22, "air_temperature_c": 25.94, "relative_humidity_pct": 75.0, "wind_speed_10m_ms": 2.64, "utci_c": 25.46, "p_base": 0.1093, "p_enhanced": 0.1142, "delta_p": 0.0048, "rel_mitigation_pct": -4.43, "risk_level": "low"}}, {"type": "Feature", "geometry": {"type": "Polygon", "coordinates": [[[121.27, 31.04], [121.27, 31.05], [121.28, 31.05], [121.28, 31.04], [121.27, 31.04]]]}, "properties": {"grid_id": "r085_c042", "phase": "night_22h", "target_time": "2026-09-18 22:00:00+08:00", "hour": 22, "air_temperature_c": 25.94, "relative_humidity_pct": 75.0, "wind_speed_10m_ms": 2.64, "utci_c": 25.76, "p_base": 0.1147, "p_enhanced": 0.1362, "delta_p": 0.0215, "rel_mitigation_pct": -18.76, "risk_level": "low"}}, {"type": "Feature", "geometry": {"type": "Polygon", "coordinates": [[[121.48, 31.04], [121.48, 31.05], [121.49, 31.05], [121.49, 31.04], [121.48, 31.04]]]}, "properties": {"grid_id": "r085_c063", "phase": "night_22h", "target_time": "2026-09-18 22:00:00+08:00", "hour": 22, "air_temperature_c": 25.94, "relative_humidity_pct": 75.0, "wind_speed_10m_ms": 2.64, "utci_c": 25.03, "p_base": 0.102, "p_enhanced": 0.1165, "delta_p": 0.0144, "rel_mitigation_pct": -14.15, "risk_level": "low"}}, {"type": "Feature", "geometry": {"type": "Polygon", "coordinates": [[[121.5, 31.04], [121.5, 31.05], [121.51, 31.05], [121.51, 31.04], [121.5, 31.04]]]}, "properties": {"grid_id": "r085_c065", "phase": "night_22h", "target_time": "2026-09-18 22:00:00+08:00", "hour": 22, "air_temperature_c": 25.94, "relative_humidity_pct": 75.0, "wind_speed_10m_ms": 2.64, "utci_c": 25.42, "p_base": 0.1087, "p_enhanced": 0.1401, "delta_p": 0.0315, "rel_mitigation_pct": -28.97, "risk_level": "low"}}, {"type": "Feature", "geometry": {"type": "Polygon", "coordinates": [[[121.51, 31.04], [121.51, 31.05], [121.52, 31.05], [121.52, 31.04], [121.51, 31.04]]]}, "properties": {"grid_id": "r085_c066", "phase": "night_22h", "target_time": "2026-09-18 22:00:00+08:00", "hour": 22, "air_temperature_c": 25.94, "relative_humidity_pct": 75.0, "wind_speed_10m_ms": 2.64, "utci_c": 24.93, "p_base": 0.1004, "p_enhanced": 0.1528, "delta_p": 0.0524, "rel_mitigation_pct": -52.16, "risk_level": "low"}}, {"type": "Feature", "geometry": {"type": "Polygon", "coordinates": [[[121.72, 31.04], [121.72, 31.05], [121.73, 31.05], [121.73, 31.04], [121.72, 31.04]]]}, "properties": {"grid_id": "r085_c087", "phase": "night_22h", "target_time": "2026-09-18 22:00:00+08:00", "hour": 22, "air_temperature_c": 25.94, "relative_humidity_pct": 75.0, "wind_speed_10m_ms": 2.64, "utci_c": 25.62, "p_base": 0.1122, "p_enhanced": 0.1243, "delta_p": 0.0121, "rel_mitigation_pct": -10.8, "risk_level": "low"}}, {"type": "Feature", "geometry": {"type": "Polygon", "coordinates": [[[120.91, 31.03], [120.91, 31.04], [120.92, 31.04], [120.92, 31.03], [120.91, 31.03]]]}, "properties": {"grid_id": "r086_c006", "phase": "night_22h", "target_time": "2026-09-18 22:00:00+08:00", "hour": 22, "air_temperature_c": 25.94, "relative_humidity_pct": 75.0, "wind_speed_10m_ms": 2.64, "utci_c": 25.67, "p_base": 0.1131, "p_enhanced": 0.1322, "delta_p": 0.0192, "rel_mitigation_pct": -16.94, "risk_level": "low"}}, {"type": "Feature", "geometry": {"type": "Polygon", "coordinates": [[[121.06, 31.03], [121.06, 31.04], [121.07, 31.04], [121.07, 31.03], [121.06, 31.03]]]}, "properties": {"grid_id": "r086_c021", "phase": "night_22h", "target_time": "2026-09-18 22:00:00+08:00", "hour": 22, "air_temperature_c": 25.94, "relative_humidity_pct": 75.0, "wind_speed_10m_ms": 2.64, "utci_c": 24.45, "p_base": 0.093, "p_enhanced": 0.0981, "delta_p": 0.0051, "rel_mitigation_pct": -5.48, "risk_level": "low"}}, {"type": "Feature", "geometry": {"type": "Polygon", "coordinates": [[[121.18, 31.03], [121.18, 31.04], [121.19, 31.04], [121.19, 31.03], [121.18, 31.03]]]}, "properties": {"grid_id": "r086_c033", "phase": "night_22h", "target_time": "2026-09-18 22:00:00+08:00", "hour": 22, "air_temperature_c": 25.94, "relative_humidity_pct": 75.0, "wind_speed_10m_ms": 2.64, "utci_c": 25.62, "p_base": 0.1121, "p_enhanced": 0.1255, "delta_p": 0.0134, "rel_mitigation_pct": -11.94, "risk_level": "low"}}, {"type": "Feature", "geometry": {"type": "Polygon", "coordinates": [[[121.19, 31.03], [121.19, 31.04], [121.2, 31.04], [121.2, 31.03], [121.19, 31.03]]]}, "properties": {"grid_id": "r086_c034", "phase": "night_22h", "target_time": "2026-09-18 22:00:00+08:00", "hour": 22, "air_temperature_c": 25.94, "relative_humidity_pct": 75.0, "wind_speed_10m_ms": 2.64, "utci_c": 25.18, "p_base": 0.1045, "p_enhanced": 0.0903, "delta_p": -0.0142, "rel_mitigation_pct": 13.58, "risk_level": "low"}}, {"type": "Feature", "geometry": {"type": "Polygon", "coordinates": [[[121.2, 31.03], [121.2, 31.04], [121.21, 31.04], [121.21, 31.03], [121.2, 31.03]]]}, "properties": {"grid_id": "r086_c035", "phase": "night_22h", "target_time": "2026-09-18 22:00:00+08:00", "hour": 22, "air_temperature_c": 25.94, "relative_humidity_pct": 75.0, "wind_speed_10m_ms": 2.64, "utci_c": 25.26, "p_base": 0.1058, "p_enhanced": 0.1176, "delta_p": 0.0118, "rel_mitigation_pct": -11.16, "risk_level": "low"}}, {"type": "Feature", "geometry": {"type": "Polygon", "coordinates": [[[121.21, 31.03], [121.21, 31.04], [121.22, 31.04], [121.22, 31.03], [121.21, 31.03]]]}, "properties": {"grid_id": "r086_c036", "phase": "night_22h", "target_time": "2026-09-18 22:00:00+08:00", "hour": 22, "air_temperature_c": 25.94, "relative_humidity_pct": 75.0, "wind_speed_10m_ms": 2.64, "utci_c": 25.1, "p_base": 0.1031, "p_enhanced": 0.1233, "delta_p": 0.0201, "rel_mitigation_pct": -19.51, "risk_level": "low"}}, {"type": "Feature", "geometry": {"type": "Polygon", "coordinates": [[[121.22, 31.03], [121.22, 31.04], [121.23, 31.04], [121.23, 31.03], [121.22, 31.03]]]}, "properties": {"grid_id": "r086_c037", "phase": "night_22h", "target_time": "2026-09-18 22:00:00+08:00", "hour": 22, "air_temperature_c": 25.94, "relative_humidity_pct": 75.0, "wind_speed_10m_ms": 2.64, "utci_c": 25.27, "p_base": 0.106, "p_enhanced": 0.1298, "delta_p": 0.0238, "rel_mitigation_pct": -22.5, "risk_level": "low"}}, {"type": "Feature", "geometry": {"type": "Polygon", "coordinates": [[[121.23, 31.03], [121.23, 31.04], [121.24, 31.04], [121.24, 31.03], [121.23, 31.03]]]}, "properties": {"grid_id": "r086_c038", "phase": "night_22h", "target_time": "2026-09-18 22:00:00+08:00", "hour": 22, "air_temperature_c": 25.94, "relative_humidity_pct": 75.0, "wind_speed_10m_ms": 2.64, "utci_c": 25.81, "p_base": 0.1157, "p_enhanced": 0.1215, "delta_p": 0.0058, "rel_mitigation_pct": -4.97, "risk_level": "low"}}, {"type": "Feature", "geometry": {"type": "Polygon", "coordinates": [[[121.24, 31.03], [121.24, 31.04], [121.25, 31.04], [121.25, 31.03], [121.24, 31.03]]]}, "properties": {"grid_id": "r086_c039", "phase": "night_22h", "target_time": "2026-09-18 22:00:00+08:00", "hour": 22, "air_temperature_c": 25.94, "relative_humidity_pct": 75.0, "wind_speed_10m_ms": 2.64, "utci_c": 25.88, "p_base": 0.1169, "p_enhanced": 0.1331, "delta_p": 0.0162, "rel_mitigation_pct": -13.82, "risk_level": "low"}}, {"type": "Feature", "geometry": {"type": "Polygon", "coordinates": [[[121.43, 31.03], [121.43, 31.04], [121.44, 31.04], [121.44, 31.03], [121.43, 31.03]]]}, "properties": {"grid_id": "r086_c058", "phase": "night_22h", "target_time": "2026-09-18 22:00:00+08:00", "hour": 22, "air_temperature_c": 25.94, "relative_humidity_pct": 75.0, "wind_speed_10m_ms": 2.64, "utci_c": 25.55, "p_base": 0.1109, "p_enhanced": 0.1291, "delta_p": 0.0182, "rel_mitigation_pct": -16.38, "risk_level": "low"}}, {"type": "Feature", "geometry": {"type": "Polygon", "coordinates": [[[121.71, 31.03], [121.71, 31.04], [121.72, 31.04], [121.72, 31.03], [121.71, 31.03]]]}, "properties": {"grid_id": "r086_c086", "phase": "night_22h", "target_time": "2026-09-18 22:00:00+08:00", "hour": 22, "air_temperature_c": 25.94, "relative_humidity_pct": 75.0, "wind_speed_10m_ms": 2.64, "utci_c": 25.75, "p_base": 0.1145, "p_enhanced": 0.1364, "delta_p": 0.0218, "rel_mitigation_pct": -19.06, "risk_level": "low"}}, {"type": "Feature", "geometry": {"type": "Polygon", "coordinates": [[[120.96, 31.03], [120.97, 31.03], [120.97, 31.02], [120.96081207835229, 31.02], [120.96, 31.020847476326466], [120.96, 31.03]]]}, "properties": {"grid_id": "r087_c011", "phase": "night_22h", "target_time": "2026-09-18 22:00:00+08:00", "hour": 22, "air_temperature_c": 25.94, "relative_humidity_pct": 75.0, "wind_speed_10m_ms": 2.64, "utci_c": 24.8, "p_base": 0.0982, "p_enhanced": 0.0713, "delta_p": -0.0269, "rel_mitigation_pct": 27.43, "risk_level": "low"}}, {"type": "Feature", "geometry": {"type": "Polygon", "coordinates": [[[120.98, 31.02], [120.98, 31.03], [120.99, 31.03], [120.99, 31.02], [120.98, 31.02]]]}, "properties": {"grid_id": "r087_c013", "phase": "night_22h", "target_time": "2026-09-18 22:00:00+08:00", "hour": 22, "air_temperature_c": 25.94, "relative_humidity_pct": 75.0, "wind_speed_10m_ms": 2.64, "utci_c": 24.87, "p_base": 0.0995, "p_enhanced": 0.0829, "delta_p": -0.0166, "rel_mitigation_pct": 16.69, "risk_level": "low"}}, {"type": "Feature", "geometry": {"type": "Polygon", "coordinates": [[[121.03, 31.02], [121.03, 31.03], [121.04, 31.03], [121.04, 31.02], [121.03, 31.02]]]}, "properties": {"grid_id": "r087_c018", "phase": "night_22h", "target_time": "2026-09-18 22:00:00+08:00", "hour": 22, "air_temperature_c": 25.94, "relative_humidity_pct": 75.0, "wind_speed_10m_ms": 2.64, "utci_c": 24.54, "p_base": 0.0942, "p_enhanced": 0.1105, "delta_p": 0.0163, "rel_mitigation_pct": -17.3, "risk_level": "low"}}, {"type": "Feature", "geometry": {"type": "Polygon", "coordinates": [[[121.25, 31.02], [121.25, 31.03], [121.26, 31.03], [121.26, 31.02], [121.25, 31.02]]]}, "properties": {"grid_id": "r087_c040", "phase": "night_22h", "target_time": "2026-09-18 22:00:00+08:00", "hour": 22, "air_temperature_c": 25.94, "relative_humidity_pct": 75.0, "wind_speed_10m_ms": 2.64, "utci_c": 25.72, "p_base": 0.1141, "p_enhanced": 0.1257, "delta_p": 0.0117, "rel_mitigation_pct": -10.24, "risk_level": "low"}}, {"type": "Feature", "geometry": {"type": "Polygon", "coordinates": [[[121.4, 31.02], [121.4, 31.03], [121.41, 31.03], [121.41, 31.02], [121.4, 31.02]]]}, "properties": {"grid_id": "r087_c055", "phase": "night_22h", "target_time": "2026-09-18 22:00:00+08:00", "hour": 22, "air_temperature_c": 25.94, "relative_humidity_pct": 75.0, "wind_speed_10m_ms": 2.64, "utci_c": 25.55, "p_base": 0.1109, "p_enhanced": 0.1336, "delta_p": 0.0228, "rel_mitigation_pct": -20.54, "risk_level": "low"}}, {"type": "Feature", "geometry": {"type": "Polygon", "coordinates": [[[121.42, 31.02], [121.42, 31.03], [121.43, 31.03], [121.43, 31.02], [121.42, 31.02]]]}, "properties": {"grid_id": "r087_c057", "phase": "night_22h", "target_time": "2026-09-18 22:00:00+08:00", "hour": 22, "air_temperature_c": 25.94, "relative_humidity_pct": 75.0, "wind_speed_10m_ms": 2.64, "utci_c": 25.63, "p_base": 0.1124, "p_enhanced": 0.1254, "delta_p": 0.013, "rel_mitigation_pct": -11.59, "risk_level": "low"}}, {"type": "Feature", "geometry": {"type": "Polygon", "coordinates": [[[121.43, 31.02], [121.43, 31.03], [121.44, 31.03], [121.44, 31.02], [121.43, 31.02]]]}, "properties": {"grid_id": "r087_c058", "phase": "night_22h", "target_time": "2026-09-18 22:00:00+08:00", "hour": 22, "air_temperature_c": 25.94, "relative_humidity_pct": 75.0, "wind_speed_10m_ms": 2.64, "utci_c": 25.47, "p_base": 0.1095, "p_enhanced": 0.1253, "delta_p": 0.0158, "rel_mitigation_pct": -14.43, "risk_level": "low"}}, {"type": "Feature", "geometry": {"type": "Polygon", "coordinates": [[[121.44, 31.02], [121.44, 31.03], [121.45, 31.03], [121.45, 31.02], [121.44, 31.02]]]}, "properties": {"grid_id": "r087_c059", "phase": "night_22h", "target_time": "2026-09-18 22:00:00+08:00", "hour": 22, "air_temperature_c": 25.94, "relative_humidity_pct": 75.0, "wind_speed_10m_ms": 2.64, "utci_c": 25.76, "p_base": 0.1147, "p_enhanced": 0.1303, "delta_p": 0.0155, "rel_mitigation_pct": -13.55, "risk_level": "low"}}, {"type": "Feature", "geometry": {"type": "Polygon", "coordinates": [[[121.46, 31.02], [121.46, 31.03], [121.47, 31.03], [121.47, 31.02], [121.46, 31.02]]]}, "properties": {"grid_id": "r087_c061", "phase": "night_22h", "target_time": "2026-09-18 22:00:00+08:00", "hour": 22, "air_temperature_c": 25.94, "relative_humidity_pct": 75.0, "wind_speed_10m_ms": 2.64, "utci_c": 25.08, "p_base": 0.1028, "p_enhanced": 0.0832, "delta_p": -0.0196, "rel_mitigation_pct": 19.07, "risk_level": "low"}}, {"type": "Feature", "geometry": {"type": "Polygon", "coordinates": [[[121.64, 31.02], [121.64, 31.03], [121.65, 31.03], [121.65, 31.02], [121.64, 31.02]]]}, "properties": {"grid_id": "r087_c079", "phase": "night_22h", "target_time": "2026-09-18 22:00:00+08:00", "hour": 22, "air_temperature_c": 25.94, "relative_humidity_pct": 75.0, "wind_speed_10m_ms": 2.64, "utci_c": 25.79, "p_base": 0.1153, "p_enhanced": 0.1353, "delta_p": 0.02, "rel_mitigation_pct": -17.3, "risk_level": "low"}}, {"type": "Feature", "geometry": {"type": "Polygon", "coordinates": [[[121.69, 31.02], [121.69, 31.03], [121.7, 31.03], [121.7, 31.02], [121.69, 31.02]]]}, "properties": {"grid_id": "r087_c084", "phase": "night_22h", "target_time": "2026-09-18 22:00:00+08:00", "hour": 22, "air_temperature_c": 25.94, "relative_humidity_pct": 75.0, "wind_speed_10m_ms": 2.64, "utci_c": 25.85, "p_base": 0.1165, "p_enhanced": 0.1338, "delta_p": 0.0173, "rel_mitigation_pct": -14.87, "risk_level": "low"}}, {"type": "Feature", "geometry": {"type": "Polygon", "coordinates": [[[121.04, 31.01], [121.04, 31.02], [121.05, 31.02], [121.05, 31.01], [121.04, 31.01]]]}, "properties": {"grid_id": "r088_c019", "phase": "night_22h", "target_time": "2026-09-18 22:00:00+08:00", "hour": 22, "air_temperature_c": 25.94, "relative_humidity_pct": 75.0, "wind_speed_10m_ms": 2.64, "utci_c": 25.32, "p_base": 0.1068, "p_enhanced": 0.1481, "delta_p": 0.0413, "rel_mitigation_pct": -38.71, "risk_level": "low"}}, {"type": "Feature", "geometry": {"type": "Polygon", "coordinates": [[[121.26, 31.01], [121.26, 31.02], [121.27, 31.02], [121.27, 31.01], [121.26, 31.01]]]}, "properties": {"grid_id": "r088_c041", "phase": "night_22h", "target_time": "2026-09-18 22:00:00+08:00", "hour": 22, "air_temperature_c": 25.94, "relative_humidity_pct": 75.0, "wind_speed_10m_ms": 2.64, "utci_c": 25.78, "p_base": 0.1151, "p_enhanced": 0.1268, "delta_p": 0.0117, "rel_mitigation_pct": -10.19, "risk_level": "low"}}, {"type": "Feature", "geometry": {"type": "Polygon", "coordinates": [[[121.3, 31.01], [121.3, 31.02], [121.31, 31.02], [121.31, 31.01], [121.3, 31.01]]]}, "properties": {"grid_id": "r088_c045", "phase": "night_22h", "target_time": "2026-09-18 22:00:00+08:00", "hour": 22, "air_temperature_c": 25.94, "relative_humidity_pct": 75.0, "wind_speed_10m_ms": 2.64, "utci_c": 25.75, "p_base": 0.1145, "p_enhanced": 0.1364, "delta_p": 0.0219, "rel_mitigation_pct": -19.12, "risk_level": "low"}}, {"type": "Feature", "geometry": {"type": "Polygon", "coordinates": [[[121.64, 31.01], [121.64, 31.02], [121.65, 31.02], [121.65, 31.01], [121.64, 31.01]]]}, "properties": {"grid_id": "r088_c079", "phase": "night_22h", "target_time": "2026-09-18 22:00:00+08:00", "hour": 22, "air_temperature_c": 25.94, "relative_humidity_pct": 75.0, "wind_speed_10m_ms": 2.64, "utci_c": 25.29, "p_base": 0.1064, "p_enhanced": 0.118, "delta_p": 0.0116, "rel_mitigation_pct": -10.92, "risk_level": "low"}}, {"type": "Feature", "geometry": {"type": "Polygon", "coordinates": [[[121.2, 31.0], [121.2, 31.01], [121.21, 31.01], [121.21, 31.0], [121.2, 31.0]]]}, "properties": {"grid_id": "r089_c035", "phase": "night_22h", "target_time": "2026-09-18 22:00:00+08:00", "hour": 22, "air_temperature_c": 25.94, "relative_humidity_pct": 75.0, "wind_speed_10m_ms": 2.64, "utci_c": 25.72, "p_base": 0.114, "p_enhanced": 0.1371, "delta_p": 0.0231, "rel_mitigation_pct": -20.24, "risk_level": "low"}}, {"type": "Feature", "geometry": {"type": "Polygon", "coordinates": [[[121.21, 31.0], [121.21, 31.01], [121.22, 31.01], [121.22, 31.0], [121.21, 31.0]]]}, "properties": {"grid_id": "r089_c036", "phase": "night_22h", "target_time": "2026-09-18 22:00:00+08:00", "hour": 22, "air_temperature_c": 25.94, "relative_humidity_pct": 75.0, "wind_speed_10m_ms": 2.64, "utci_c": 25.72, "p_base": 0.114, "p_enhanced": 0.136, "delta_p": 0.022, "rel_mitigation_pct": -19.3, "risk_level": "low"}}, {"type": "Feature", "geometry": {"type": "Polygon", "coordinates": [[[121.22, 31.0], [121.22, 31.01], [121.23, 31.01], [121.23, 31.0], [121.22, 31.0]]]}, "properties": {"grid_id": "r089_c037", "phase": "night_22h", "target_time": "2026-09-18 22:00:00+08:00", "hour": 22, "air_temperature_c": 25.94, "relative_humidity_pct": 75.0, "wind_speed_10m_ms": 2.64, "utci_c": 25.67, "p_base": 0.113, "p_enhanced": 0.1378, "delta_p": 0.0248, "rel_mitigation_pct": -21.96, "risk_level": "low"}}, {"type": "Feature", "geometry": {"type": "Polygon", "coordinates": [[[121.23, 31.0], [121.23, 31.01], [121.24, 31.01], [121.24, 31.0], [121.23, 31.0]]]}, "properties": {"grid_id": "r089_c038", "phase": "night_22h", "target_time": "2026-09-18 22:00:00+08:00", "hour": 22, "air_temperature_c": 25.94, "relative_humidity_pct": 75.0, "wind_speed_10m_ms": 2.64, "utci_c": 25.63, "p_base": 0.1124, "p_enhanced": 0.1255, "delta_p": 0.0131, "rel_mitigation_pct": -11.67, "risk_level": "low"}}, {"type": "Feature", "geometry": {"type": "Polygon", "coordinates": [[[121.24, 31.0], [121.24, 31.01], [121.25, 31.01], [121.25, 31.0], [121.24, 31.0]]]}, "properties": {"grid_id": "r089_c039", "phase": "night_22h", "target_time": "2026-09-18 22:00:00+08:00", "hour": 22, "air_temperature_c": 25.94, "relative_humidity_pct": 75.0, "wind_speed_10m_ms": 2.64, "utci_c": 25.51, "p_base": 0.1101, "p_enhanced": 0.1377, "delta_p": 0.0276, "rel_mitigation_pct": -25.03, "risk_level": "low"}}, {"type": "Feature", "geometry": {"type": "Polygon", "coordinates": [[[121.3, 31.0], [121.3, 31.01], [121.31, 31.01], [121.31, 31.0], [121.3, 31.0]]]}, "properties": {"grid_id": "r089_c045", "phase": "night_22h", "target_time": "2026-09-18 22:00:00+08:00", "hour": 22, "air_temperature_c": 25.94, "relative_humidity_pct": 75.0, "wind_speed_10m_ms": 2.64, "utci_c": 25.7, "p_base": 0.1136, "p_enhanced": 0.1354, "delta_p": 0.0217, "rel_mitigation_pct": -19.12, "risk_level": "low"}}, {"type": "Feature", "geometry": {"type": "Polygon", "coordinates": [[[121.41, 31.0], [121.41, 31.01], [121.42, 31.01], [121.42, 31.0], [121.41, 31.0]]]}, "properties": {"grid_id": "r089_c056", "phase": "night_22h", "target_time": "2026-09-18 22:00:00+08:00", "hour": 22, "air_temperature_c": 25.94, "relative_humidity_pct": 75.0, "wind_speed_10m_ms": 2.64, "utci_c": 26.0, "p_base": 0.1193, "p_enhanced": 0.1301, "delta_p": 0.0109, "rel_mitigation_pct": -9.12, "risk_level": "moderate"}}, {"type": "Feature", "geometry": {"type": "Polygon", "coordinates": [[[121.62, 31.0], [121.62, 31.01], [121.63, 31.01], [121.63, 31.0], [121.62, 31.0]]]}, "properties": {"grid_id": "r089_c077", "phase": "night_22h", "target_time": "2026-09-18 22:00:00+08:00", "hour": 22, "air_temperature_c": 25.94, "relative_humidity_pct": 75.0, "wind_speed_10m_ms": 2.64, "utci_c": 25.72, "p_base": 0.114, "p_enhanced": 0.1371, "delta_p": 0.0232, "rel_mitigation_pct": -20.31, "risk_level": "low"}}, {"type": "Feature", "geometry": {"type": "Polygon", "coordinates": [[[121.32, 30.98], [121.32, 30.99], [121.33, 30.99], [121.33, 30.98], [121.32, 30.98]]]}, "properties": {"grid_id": "r091_c047", "phase": "night_22h", "target_time": "2026-09-18 22:00:00+08:00", "hour": 22, "air_temperature_c": 25.94, "relative_humidity_pct": 75.0, "wind_speed_10m_ms": 2.64, "utci_c": 24.52, "p_base": 0.0941, "p_enhanced": 0.0747, "delta_p": -0.0194, "rel_mitigation_pct": 20.61, "risk_level": "low"}}, {"type": "Feature", "geometry": {"type": "Polygon", "coordinates": [[[121.48, 30.98], [121.48, 30.99], [121.49, 30.99], [121.49, 30.98], [121.48, 30.98]]]}, "properties": {"grid_id": "r091_c063", "phase": "night_22h", "target_time": "2026-09-18 22:00:00+08:00", "hour": 22, "air_temperature_c": 25.94, "relative_humidity_pct": 75.0, "wind_speed_10m_ms": 2.64, "utci_c": 25.72, "p_base": 0.114, "p_enhanced": 0.1371, "delta_p": 0.0232, "rel_mitigation_pct": -20.31, "risk_level": "low"}}, {"type": "Feature", "geometry": {"type": "Polygon", "coordinates": [[[121.29, 30.96], [121.29, 30.97], [121.3, 30.97], [121.3, 30.96], [121.29, 30.96]]]}, "properties": {"grid_id": "r093_c044", "phase": "night_22h", "target_time": "2026-09-18 22:00:00+08:00", "hour": 22, "air_temperature_c": 25.94, "relative_humidity_pct": 75.0, "wind_speed_10m_ms": 2.64, "utci_c": 24.18, "p_base": 0.0891, "p_enhanced": 0.0566, "delta_p": -0.0325, "rel_mitigation_pct": 36.47, "risk_level": "low"}}, {"type": "Feature", "geometry": {"type": "Polygon", "coordinates": [[[121.9, 30.96], [121.9, 30.97], [121.91, 30.97], [121.91, 30.96], [121.9, 30.96]]]}, "properties": {"grid_id": "r093_c105", "phase": "night_22h", "target_time": "2026-09-18 22:00:00+08:00", "hour": 22, "air_temperature_c": 25.94, "relative_humidity_pct": 75.0, "wind_speed_10m_ms": 2.64, "utci_c": 24.09, "p_base": 0.0878, "p_enhanced": 0.1246, "delta_p": 0.0368, "rel_mitigation_pct": -41.88, "risk_level": "low"}}, {"type": "Feature", "geometry": {"type": "Polygon", "coordinates": [[[121.25, 30.95], [121.25, 30.96], [121.26, 30.96], [121.26, 30.95], [121.25, 30.95]]]}, "properties": {"grid_id": "r094_c040", "phase": "night_22h", "target_time": "2026-09-18 22:00:00+08:00", "hour": 22, "air_temperature_c": 25.94, "relative_humidity_pct": 75.0, "wind_speed_10m_ms": 2.64, "utci_c": 25.72, "p_base": 0.114, "p_enhanced": 0.1371, "delta_p": 0.0232, "rel_mitigation_pct": -20.31, "risk_level": "low"}}, {"type": "Feature", "geometry": {"type": "Polygon", "coordinates": [[[121.08, 30.94], [121.08, 30.95], [121.09, 30.95], [121.09, 30.94], [121.08, 30.94]]]}, "properties": {"grid_id": "r095_c023", "phase": "night_22h", "target_time": "2026-09-18 22:00:00+08:00", "hour": 22, "air_temperature_c": 25.94, "relative_humidity_pct": 75.0, "wind_speed_10m_ms": 2.64, "utci_c": 25.73, "p_base": 0.1142, "p_enhanced": 0.1368, "delta_p": 0.0226, "rel_mitigation_pct": -19.79, "risk_level": "low"}}, {"type": "Feature", "geometry": {"type": "Polygon", "coordinates": [[[121.49, 30.94], [121.49, 30.95], [121.5, 30.95], [121.5, 30.94], [121.49, 30.94]]]}, "properties": {"grid_id": "r095_c064", "phase": "night_22h", "target_time": "2026-09-18 22:00:00+08:00", "hour": 22, "air_temperature_c": 25.94, "relative_humidity_pct": 75.0, "wind_speed_10m_ms": 2.64, "utci_c": 25.62, "p_base": 0.1121, "p_enhanced": 0.1285, "delta_p": 0.0164, "rel_mitigation_pct": -14.66, "risk_level": "low"}}, {"type": "Feature", "geometry": {"type": "Polygon", "coordinates": [[[121.63, 30.94], [121.63, 30.95], [121.64, 30.95], [121.64, 30.94], [121.63, 30.94]]]}, "properties": {"grid_id": "r095_c078", "phase": "night_22h", "target_time": "2026-09-18 22:00:00+08:00", "hour": 22, "air_temperature_c": 25.94, "relative_humidity_pct": 75.0, "wind_speed_10m_ms": 2.64, "utci_c": 25.72, "p_base": 0.114, "p_enhanced": 0.1371, "delta_p": 0.0232, "rel_mitigation_pct": -20.31, "risk_level": "low"}}, {"type": "Feature", "geometry": {"type": "Polygon", "coordinates": [[[121.9, 30.94], [121.9, 30.95], [121.91, 30.95], [121.91, 30.94], [121.9, 30.94]]]}, "properties": {"grid_id": "r095_c105", "phase": "night_22h", "target_time": "2026-09-18 22:00:00+08:00", "hour": 22, "air_temperature_c": 25.94, "relative_humidity_pct": 75.0, "wind_speed_10m_ms": 2.64, "utci_c": 25.24, "p_base": 0.1054, "p_enhanced": 0.1182, "delta_p": 0.0128, "rel_mitigation_pct": -12.1, "risk_level": "low"}}, {"type": "Feature", "geometry": {"type": "Polygon", "coordinates": [[[121.48, 30.93], [121.48, 30.94], [121.49, 30.94], [121.49, 30.93], [121.48, 30.93]]]}, "properties": {"grid_id": "r096_c063", "phase": "night_22h", "target_time": "2026-09-18 22:00:00+08:00", "hour": 22, "air_temperature_c": 25.94, "relative_humidity_pct": 75.0, "wind_speed_10m_ms": 2.64, "utci_c": 25.69, "p_base": 0.1134, "p_enhanced": 0.1353, "delta_p": 0.0219, "rel_mitigation_pct": -19.29, "risk_level": "low"}}, {"type": "Feature", "geometry": {"type": "Polygon", "coordinates": [[[121.49, 30.93], [121.49, 30.94], [121.5, 30.94], [121.5, 30.93], [121.49, 30.93]]]}, "properties": {"grid_id": "r096_c064", "phase": "night_22h", "target_time": "2026-09-18 22:00:00+08:00", "hour": 22, "air_temperature_c": 25.94, "relative_humidity_pct": 75.0, "wind_speed_10m_ms": 2.64, "utci_c": 23.92, "p_base": 0.0855, "p_enhanced": 0.06, "delta_p": -0.0255, "rel_mitigation_pct": 29.84, "risk_level": "low"}}, {"type": "Feature", "geometry": {"type": "Polygon", "coordinates": [[[121.01, 30.92], [121.01, 30.93], [121.02, 30.93], [121.02, 30.92], [121.01, 30.92]]]}, "properties": {"grid_id": "r097_c016", "phase": "night_22h", "target_time": "2026-09-18 22:00:00+08:00", "hour": 22, "air_temperature_c": 25.94, "relative_humidity_pct": 75.0, "wind_speed_10m_ms": 2.64, "utci_c": 25.72, "p_base": 0.114, "p_enhanced": 0.1371, "delta_p": 0.0232, "rel_mitigation_pct": -20.31, "risk_level": "low"}}, {"type": "Feature", "geometry": {"type": "Polygon", "coordinates": [[[121.27, 30.92], [121.27, 30.93], [121.28, 30.93], [121.28, 30.92], [121.27, 30.92]]]}, "properties": {"grid_id": "r097_c042", "phase": "night_22h", "target_time": "2026-09-18 22:00:00+08:00", "hour": 22, "air_temperature_c": 25.94, "relative_humidity_pct": 75.0, "wind_speed_10m_ms": 2.64, "utci_c": 25.72, "p_base": 0.114, "p_enhanced": 0.1371, "delta_p": 0.0232, "rel_mitigation_pct": -20.31, "risk_level": "low"}}, {"type": "Feature", "geometry": {"type": "Polygon", "coordinates": [[[121.46, 30.92], [121.46, 30.93], [121.47, 30.93], [121.47, 30.92], [121.46, 30.92]]]}, "properties": {"grid_id": "r097_c061", "phase": "night_22h", "target_time": "2026-09-18 22:00:00+08:00", "hour": 22, "air_temperature_c": 25.94, "relative_humidity_pct": 75.0, "wind_speed_10m_ms": 2.64, "utci_c": 25.74, "p_base": 0.1143, "p_enhanced": 0.1368, "delta_p": 0.0225, "rel_mitigation_pct": -19.65, "risk_level": "low"}}, {"type": "Feature", "geometry": {"type": "Polygon", "coordinates": [[[121.48, 30.92], [121.48, 30.93], [121.49, 30.93], [121.49, 30.92], [121.48, 30.92]]]}, "properties": {"grid_id": "r097_c063", "phase": "night_22h", "target_time": "2026-09-18 22:00:00+08:00", "hour": 22, "air_temperature_c": 25.94, "relative_humidity_pct": 75.0, "wind_speed_10m_ms": 2.64, "utci_c": 25.66, "p_base": 0.1129, "p_enhanced": 0.1234, "delta_p": 0.0105, "rel_mitigation_pct": -9.27, "risk_level": "low"}}, {"type": "Feature", "geometry": {"type": "Polygon", "coordinates": [[[121.49, 30.92], [121.49, 30.93], [121.5, 30.93], [121.5, 30.92], [121.49, 30.92]]]}, "properties": {"grid_id": "r097_c064", "phase": "night_22h", "target_time": "2026-09-18 22:00:00+08:00", "hour": 22, "air_temperature_c": 25.94, "relative_humidity_pct": 75.0, "wind_speed_10m_ms": 2.64, "utci_c": 25.18, "p_base": 0.1046, "p_enhanced": 0.1234, "delta_p": 0.0189, "rel_mitigation_pct": -18.05, "risk_level": "low"}}, {"type": "Feature", "geometry": {"type": "Polygon", "coordinates": [[[121.57, 30.92], [121.57, 30.93], [121.58, 30.93], [121.58, 30.92], [121.57, 30.92]]]}, "properties": {"grid_id": "r097_c072", "phase": "night_22h", "target_time": "2026-09-18 22:00:00+08:00", "hour": 22, "air_temperature_c": 25.94, "relative_humidity_pct": 75.0, "wind_speed_10m_ms": 2.64, "utci_c": 25.82, "p_base": 0.1159, "p_enhanced": 0.1331, "delta_p": 0.0173, "rel_mitigation_pct": -14.9, "risk_level": "low"}}, {"type": "Feature", "geometry": {"type": "Polygon", "coordinates": [[[121.64, 30.92], [121.64, 30.93], [121.65, 30.93], [121.65, 30.92], [121.64, 30.92]]]}, "properties": {"grid_id": "r097_c079", "phase": "night_22h", "target_time": "2026-09-18 22:00:00+08:00", "hour": 22, "air_temperature_c": 25.94, "relative_humidity_pct": 75.0, "wind_speed_10m_ms": 2.64, "utci_c": 25.62, "p_base": 0.1121, "p_enhanced": 0.1276, "delta_p": 0.0155, "rel_mitigation_pct": -13.83, "risk_level": "low"}}, {"type": "Feature", "geometry": {"type": "Polygon", "coordinates": [[[121.68, 30.92], [121.68, 30.93], [121.69, 30.93], [121.69, 30.92], [121.68, 30.92]]]}, "properties": {"grid_id": "r097_c083", "phase": "night_22h", "target_time": "2026-09-18 22:00:00+08:00", "hour": 22, "air_temperature_c": 25.94, "relative_humidity_pct": 75.0, "wind_speed_10m_ms": 2.64, "utci_c": 25.79, "p_base": 0.1153, "p_enhanced": 0.1244, "delta_p": 0.0091, "rel_mitigation_pct": -7.89, "risk_level": "low"}}, {"type": "Feature", "geometry": {"type": "Polygon", "coordinates": [[[121.9, 30.92], [121.9, 30.93], [121.91, 30.93], [121.91, 30.92], [121.9, 30.92]]]}, "properties": {"grid_id": "r097_c105", "phase": "night_22h", "target_time": "2026-09-18 22:00:00+08:00", "hour": 22, "air_temperature_c": 25.94, "relative_humidity_pct": 75.0, "wind_speed_10m_ms": 2.64, "utci_c": 25.57, "p_base": 0.1113, "p_enhanced": 0.1248, "delta_p": 0.0135, "rel_mitigation_pct": -12.14, "risk_level": "low"}}, {"type": "Feature", "geometry": {"type": "Polygon", "coordinates": [[[121.43, 30.91], [121.43, 30.92], [121.44, 30.92], [121.44, 30.91], [121.43, 30.91]]]}, "properties": {"grid_id": "r098_c058", "phase": "night_22h", "target_time": "2026-09-18 22:00:00+08:00", "hour": 22, "air_temperature_c": 25.94, "relative_humidity_pct": 75.0, "wind_speed_10m_ms": 2.64, "utci_c": 25.72, "p_base": 0.114, "p_enhanced": 0.1371, "delta_p": 0.0232, "rel_mitigation_pct": -20.31, "risk_level": "low"}}, {"type": "Feature", "geometry": {"type": "Polygon", "coordinates": [[[121.45, 30.91], [121.45, 30.92], [121.46, 30.92], [121.46, 30.91], [121.45, 30.91]]]}, "properties": {"grid_id": "r098_c060", "phase": "night_22h", "target_time": "2026-09-18 22:00:00+08:00", "hour": 22, "air_temperature_c": 25.94, "relative_humidity_pct": 75.0, "wind_speed_10m_ms": 2.64, "utci_c": 25.74, "p_base": 0.1144, "p_enhanced": 0.1366, "delta_p": 0.0221, "rel_mitigation_pct": -19.33, "risk_level": "low"}}, {"type": "Feature", "geometry": {"type": "Polygon", "coordinates": [[[121.64, 30.91], [121.64, 30.92], [121.65, 30.92], [121.65, 30.91], [121.64, 30.91]]]}, "properties": {"grid_id": "r098_c079", "phase": "night_22h", "target_time": "2026-09-18 22:00:00+08:00", "hour": 22, "air_temperature_c": 25.94, "relative_humidity_pct": 75.0, "wind_speed_10m_ms": 2.64, "utci_c": 25.75, "p_base": 0.1145, "p_enhanced": 0.1364, "delta_p": 0.022, "rel_mitigation_pct": -19.18, "risk_level": "low"}}, {"type": "Feature", "geometry": {"type": "Polygon", "coordinates": [[[121.81, 30.91], [121.81, 30.92], [121.82, 30.92], [121.82, 30.91], [121.81, 30.91]]]}, "properties": {"grid_id": "r098_c096", "phase": "night_22h", "target_time": "2026-09-18 22:00:00+08:00", "hour": 22, "air_temperature_c": 25.94, "relative_humidity_pct": 75.0, "wind_speed_10m_ms": 2.64, "utci_c": 25.67, "p_base": 0.1131, "p_enhanced": 0.1305, "delta_p": 0.0174, "rel_mitigation_pct": -15.39, "risk_level": "low"}}, {"type": "Feature", "geometry": {"type": "Polygon", "coordinates": [[[121.9, 30.91], [121.9, 30.92], [121.91, 30.92], [121.91, 30.91], [121.9, 30.91]]]}, "properties": {"grid_id": "r098_c105", "phase": "night_22h", "target_time": "2026-09-18 22:00:00+08:00", "hour": 22, "air_temperature_c": 25.94, "relative_humidity_pct": 75.0, "wind_speed_10m_ms": 2.64, "utci_c": 25.23, "p_base": 0.1053, "p_enhanced": 0.1099, "delta_p": 0.0045, "rel_mitigation_pct": -4.3, "risk_level": "low"}}, {"type": "Feature", "geometry": {"type": "Polygon", "coordinates": [[[121.92, 30.91], [121.92, 30.92], [121.93, 30.92], [121.93, 30.91], [121.92, 30.91]]]}, "properties": {"grid_id": "r098_c107", "phase": "night_22h", "target_time": "2026-09-18 22:00:00+08:00", "hour": 22, "air_temperature_c": 25.94, "relative_humidity_pct": 75.0, "wind_speed_10m_ms": 2.64, "utci_c": 24.93, "p_base": 0.1003, "p_enhanced": 0.1205, "delta_p": 0.0202, "rel_mitigation_pct": -20.15, "risk_level": "low"}}, {"type": "Feature", "geometry": {"type": "Polygon", "coordinates": [[[121.9, 30.9], [121.9, 30.91], [121.91, 30.91], [121.91, 30.9], [121.9, 30.9]]]}, "properties": {"grid_id": "r099_c105", "phase": "night_22h", "target_time": "2026-09-18 22:00:00+08:00", "hour": 22, "air_temperature_c": 25.94, "relative_humidity_pct": 75.0, "wind_speed_10m_ms": 2.64, "utci_c": 25.5, "p_base": 0.1101, "p_enhanced": 0.1294, "delta_p": 0.0193, "rel_mitigation_pct": -17.53, "risk_level": "low"}}, {"type": "Feature", "geometry": {"type": "Polygon", "coordinates": [[[121.91, 30.9], [121.91, 30.91], [121.92, 30.91], [121.92, 30.9], [121.91, 30.9]]]}, "properties": {"grid_id": "r099_c106", "phase": "night_22h", "target_time": "2026-09-18 22:00:00+08:00", "hour": 22, "air_temperature_c": 25.94, "relative_humidity_pct": 75.0, "wind_speed_10m_ms": 2.64, "utci_c": 24.93, "p_base": 0.1004, "p_enhanced": 0.1162, "delta_p": 0.0158, "rel_mitigation_pct": -15.69, "risk_level": "low"}}, {"type": "Feature", "geometry": {"type": "Polygon", "coordinates": [[[121.92, 30.9], [121.92, 30.91], [121.93, 30.91], [121.93, 30.9], [121.92, 30.9]]]}, "properties": {"grid_id": "r099_c107", "phase": "night_22h", "target_time": "2026-09-18 22:00:00+08:00", "hour": 22, "air_temperature_c": 25.94, "relative_humidity_pct": 75.0, "wind_speed_10m_ms": 2.64, "utci_c": 24.4, "p_base": 0.0922, "p_enhanced": 0.0662, "delta_p": -0.0259, "rel_mitigation_pct": 28.13, "risk_level": "low"}}, {"type": "Feature", "geometry": {"type": "Polygon", "coordinates": [[[121.11, 30.89], [121.11, 30.9], [121.12, 30.9], [121.12, 30.89], [121.11, 30.89]]]}, "properties": {"grid_id": "r100_c026", "phase": "night_22h", "target_time": "2026-09-18 22:00:00+08:00", "hour": 22, "air_temperature_c": 25.94, "relative_humidity_pct": 75.0, "wind_speed_10m_ms": 2.64, "utci_c": 25.22, "p_base": 0.1051, "p_enhanced": 0.1299, "delta_p": 0.0248, "rel_mitigation_pct": -23.62, "risk_level": "low"}}, {"type": "Feature", "geometry": {"type": "Polygon", "coordinates": [[[121.16, 30.89], [121.16, 30.9], [121.17, 30.9], [121.17, 30.89], [121.16, 30.89]]]}, "properties": {"grid_id": "r100_c031", "phase": "night_22h", "target_time": "2026-09-18 22:00:00+08:00", "hour": 22, "air_temperature_c": 25.94, "relative_humidity_pct": 75.0, "wind_speed_10m_ms": 2.64, "utci_c": 25.72, "p_base": 0.1141, "p_enhanced": 0.137, "delta_p": 0.0229, "rel_mitigation_pct": -20.11, "risk_level": "low"}}, {"type": "Feature", "geometry": {"type": "Polygon", "coordinates": [[[121.9, 30.89], [121.9, 30.9], [121.91, 30.9], [121.91, 30.89], [121.9, 30.89]]]}, "properties": {"grid_id": "r100_c105", "phase": "night_22h", "target_time": "2026-09-18 22:00:00+08:00", "hour": 22, "air_temperature_c": 25.94, "relative_humidity_pct": 75.0, "wind_speed_10m_ms": 2.64, "utci_c": 25.65, "p_base": 0.1127, "p_enhanced": 0.1289, "delta_p": 0.0162, "rel_mitigation_pct": -14.38, "risk_level": "low"}}, {"type": "Feature", "geometry": {"type": "Polygon", "coordinates": [[[121.91, 30.89], [121.91, 30.9], [121.92, 30.9], [121.92, 30.89], [121.91, 30.89]]]}, "properties": {"grid_id": "r100_c106", "phase": "night_22h", "target_time": "2026-09-18 22:00:00+08:00", "hour": 22, "air_temperature_c": 25.94, "relative_humidity_pct": 75.0, "wind_speed_10m_ms": 2.64, "utci_c": 24.89, "p_base": 0.0997, "p_enhanced": 0.1088, "delta_p": 0.0091, "rel_mitigation_pct": -9.13, "risk_level": "low"}}, {"type": "Feature", "geometry": {"type": "Polygon", "coordinates": [[[121.92, 30.89], [121.92, 30.9], [121.93, 30.9], [121.93, 30.89], [121.92, 30.89]]]}, "properties": {"grid_id": "r100_c107", "phase": "night_22h", "target_time": "2026-09-18 22:00:00+08:00", "hour": 22, "air_temperature_c": 25.94, "relative_humidity_pct": 75.0, "wind_speed_10m_ms": 2.64, "utci_c": 24.47, "p_base": 0.0933, "p_enhanced": 0.066, "delta_p": -0.0273, "rel_mitigation_pct": 29.25, "risk_level": "low"}}, {"type": "Feature", "geometry": {"type": "Polygon", "coordinates": [[[121.0, 30.89], [121.01, 30.89], [121.01, 30.88], [121.00963666149919, 30.88], [121.000885, 30.888693], [121.0, 30.88899443945634], [121.0, 30.89]]]}, "properties": {"grid_id": "r101_c015", "phase": "night_22h", "target_time": "2026-09-18 22:00:00+08:00", "hour": 22, "air_temperature_c": 25.94, "relative_humidity_pct": 75.0, "wind_speed_10m_ms": 2.64, "utci_c": 25.63, "p_base": 0.1123, "p_enhanced": 0.1376, "delta_p": 0.0252, "rel_mitigation_pct": -22.45, "risk_level": "low"}}, {"type": "Feature", "geometry": {"type": "Polygon", "coordinates": [[[121.01, 30.88], [121.01, 30.89], [121.02, 30.89], [121.02, 30.88], [121.01, 30.88]]]}, "properties": {"grid_id": "r101_c016", "phase": "night_22h", "target_time": "2026-09-18 22:00:00+08:00", "hour": 22, "air_temperature_c": 25.94, "relative_humidity_pct": 75.0, "wind_speed_10m_ms": 2.64, "utci_c": 25.42, "p_base": 0.1086, "p_enhanced": 0.131, "delta_p": 0.0224, "rel_mitigation_pct": -20.65, "risk_level": "low"}}, {"type": "Feature", "geometry": {"type": "Polygon", "coordinates": [[[121.09, 30.88], [121.09, 30.89], [121.1, 30.89], [121.1, 30.88], [121.09, 30.88]]]}, "properties": {"grid_id": "r101_c024", "phase": "night_22h", "target_time": "2026-09-18 22:00:00+08:00", "hour": 22, "air_temperature_c": 25.94, "relative_humidity_pct": 75.0, "wind_speed_10m_ms": 2.64, "utci_c": 25.64, "p_base": 0.1125, "p_enhanced": 0.1237, "delta_p": 0.0112, "rel_mitigation_pct": -9.95, "risk_level": "low"}}, {"type": "Feature", "geometry": {"type": "Polygon", "coordinates": [[[121.16, 30.88], [121.16, 30.89], [121.17, 30.89], [121.17, 30.88], [121.16, 30.88]]]}, "properties": {"grid_id": "r101_c031", "phase": "night_22h", "target_time": "2026-09-18 22:00:00+08:00", "hour": 22, "air_temperature_c": 25.94, "relative_humidity_pct": 75.0, "wind_speed_10m_ms": 2.64, "utci_c": 25.73, "p_base": 0.1141, "p_enhanced": 0.1369, "delta_p": 0.0228, "rel_mitigation_pct": -20.0, "risk_level": "low"}}, {"type": "Feature", "geometry": {"type": "Polygon", "coordinates": [[[121.39, 30.88], [121.39, 30.89], [121.4, 30.89], [121.4, 30.88], [121.39, 30.88]]]}, "properties": {"grid_id": "r101_c054", "phase": "night_22h", "target_time": "2026-09-18 22:00:00+08:00", "hour": 22, "air_temperature_c": 25.94, "relative_humidity_pct": 75.0, "wind_speed_10m_ms": 2.64, "utci_c": 25.72, "p_base": 0.114, "p_enhanced": 0.1371, "delta_p": 0.0232, "rel_mitigation_pct": -20.31, "risk_level": "low"}}, {"type": "Feature", "geometry": {"type": "Polygon", "coordinates": [[[121.9, 30.88], [121.9, 30.89], [121.91, 30.89], [121.91, 30.88], [121.9, 30.88]]]}, "properties": {"grid_id": "r101_c105", "phase": "night_22h", "target_time": "2026-09-18 22:00:00+08:00", "hour": 22, "air_temperature_c": 25.94, "relative_humidity_pct": 75.0, "wind_speed_10m_ms": 2.64, "utci_c": 24.18, "p_base": 0.0891, "p_enhanced": 0.0444, "delta_p": -0.0447, "rel_mitigation_pct": 50.18, "risk_level": "low"}}, {"type": "Feature", "geometry": {"type": "Polygon", "coordinates": [[[121.91, 30.88], [121.91, 30.89], [121.92, 30.89], [121.92, 30.88], [121.91, 30.88]]]}, "properties": {"grid_id": "r101_c106", "phase": "night_22h", "target_time": "2026-09-18 22:00:00+08:00", "hour": 22, "air_temperature_c": 25.94, "relative_humidity_pct": 75.0, "wind_speed_10m_ms": 2.64, "utci_c": 25.47, "p_base": 0.1094, "p_enhanced": 0.1195, "delta_p": 0.0101, "rel_mitigation_pct": -9.2, "risk_level": "low"}}, {"type": "Feature", "geometry": {"type": "Polygon", "coordinates": [[[121.85, 30.87], [121.85, 30.88], [121.86, 30.88], [121.86, 30.87], [121.85, 30.87]]]}, "properties": {"grid_id": "r102_c100", "phase": "night_22h", "target_time": "2026-09-18 22:00:00+08:00", "hour": 22, "air_temperature_c": 25.94, "relative_humidity_pct": 75.0, "wind_speed_10m_ms": 2.64, "utci_c": 25.63, "p_base": 0.1124, "p_enhanced": 0.1202, "delta_p": 0.0078, "rel_mitigation_pct": -6.96, "risk_level": "low"}}, {"type": "Feature", "geometry": {"type": "Polygon", "coordinates": [[[121.9, 30.87], [121.9, 30.88], [121.91, 30.88], [121.91, 30.87], [121.9, 30.87]]]}, "properties": {"grid_id": "r102_c105", "phase": "night_22h", "target_time": "2026-09-18 22:00:00+08:00", "hour": 22, "air_temperature_c": 25.94, "relative_humidity_pct": 75.0, "wind_speed_10m_ms": 2.64, "utci_c": 25.54, "p_base": 0.1108, "p_enhanced": 0.108, "delta_p": -0.0027, "rel_mitigation_pct": 2.45, "risk_level": "low"}}, {"type": "Feature", "geometry": {"type": "Polygon", "coordinates": [[[121.58, 30.86], [121.58, 30.87], [121.59, 30.87], [121.59, 30.86], [121.58, 30.86]]]}, "properties": {"grid_id": "r103_c073", "phase": "night_22h", "target_time": "2026-09-18 22:00:00+08:00", "hour": 22, "air_temperature_c": 25.94, "relative_humidity_pct": 75.0, "wind_speed_10m_ms": 2.64, "utci_c": 25.07, "p_base": 0.1026, "p_enhanced": 0.1424, "delta_p": 0.0398, "rel_mitigation_pct": -38.8, "risk_level": "low"}}, {"type": "Feature", "geometry": {"type": "Polygon", "coordinates": [[[121.68, 30.86], [121.68, 30.87], [121.69, 30.87], [121.69, 30.86], [121.68, 30.86]]]}, "properties": {"grid_id": "r103_c083", "phase": "night_22h", "target_time": "2026-09-18 22:00:00+08:00", "hour": 22, "air_temperature_c": 25.94, "relative_humidity_pct": 75.0, "wind_speed_10m_ms": 2.64, "utci_c": 23.61, "p_base": 0.0814, "p_enhanced": 0.1195, "delta_p": 0.0381, "rel_mitigation_pct": -46.76, "risk_level": "low"}}, {"type": "Feature", "geometry": {"type": "Polygon", "coordinates": [[[121.9, 30.86], [121.9, 30.87], [121.91, 30.87], [121.91, 30.86], [121.9, 30.86]]]}, "properties": {"grid_id": "r103_c105", "phase": "night_22h", "target_time": "2026-09-18 22:00:00+08:00", "hour": 22, "air_temperature_c": 25.94, "relative_humidity_pct": 75.0, "wind_speed_10m_ms": 2.64, "utci_c": 25.5, "p_base": 0.1101, "p_enhanced": 0.1155, "delta_p": 0.0054, "rel_mitigation_pct": -4.94, "risk_level": "low"}}, {"type": "Feature", "geometry": {"type": "Polygon", "coordinates": [[[121.89, 30.85], [121.89, 30.86], [121.9, 30.86], [121.9, 30.853630144188088], [121.89091521431273, 30.85], [121.89, 30.85]]]}, "properties": {"grid_id": "r104_c104", "phase": "night_22h", "target_time": "2026-09-18 22:00:00+08:00", "hour": 22, "air_temperature_c": 25.94, "relative_humidity_pct": 75.0, "wind_speed_10m_ms": 2.64, "utci_c": 25.83, "p_base": 0.116, "p_enhanced": 0.1343, "delta_p": 0.0183, "rel_mitigation_pct": -15.77, "risk_level": "low"}}, {"type": "Feature", "geometry": {"type": "Polygon", "coordinates": [[[121.21, 30.83], [121.21, 30.84], [121.22, 30.84], [121.22, 30.83], [121.21, 30.83]]]}, "properties": {"grid_id": "r106_c036", "phase": "night_22h", "target_time": "2026-09-18 22:00:00+08:00", "hour": 22, "air_temperature_c": 25.94, "relative_humidity_pct": 75.0, "wind_speed_10m_ms": 2.64, "utci_c": 25.72, "p_base": 0.114, "p_enhanced": 0.1371, "delta_p": 0.0232, "rel_mitigation_pct": -20.31, "risk_level": "low"}}, {"type": "Feature", "geometry": {"type": "Polygon", "coordinates": [[[121.52, 30.82], [121.52, 30.83], [121.53, 30.83], [121.53, 30.82], [121.52, 30.82]]]}, "properties": {"grid_id": "r107_c067", "phase": "night_22h", "target_time": "2026-09-18 22:00:00+08:00", "hour": 22, "air_temperature_c": 25.94, "relative_humidity_pct": 75.0, "wind_speed_10m_ms": 2.64, "utci_c": 25.26, "p_base": 0.1058, "p_enhanced": 0.1137, "delta_p": 0.0078, "rel_mitigation_pct": -7.41, "risk_level": "low"}}, {"type": "Feature", "geometry": {"type": "Polygon", "coordinates": [[[121.54, 30.82], [121.54, 30.83], [121.55, 30.83], [121.55, 30.82], [121.54, 30.82]]]}, "properties": {"grid_id": "r107_c069", "phase": "night_22h", "target_time": "2026-09-18 22:00:00+08:00", "hour": 22, "air_temperature_c": 25.94, "relative_humidity_pct": 75.0, "wind_speed_10m_ms": 2.64, "utci_c": 25.14, "p_base": 0.1037, "p_enhanced": 0.0901, "delta_p": -0.0136, "rel_mitigation_pct": 13.09, "risk_level": "low"}}, {"type": "Feature", "geometry": {"type": "Polygon", "coordinates": [[[121.56, 30.83], [121.57, 30.83], [121.57, 30.822688356210076], [121.56, 30.82001140366525], [121.56, 30.83]]]}, "properties": {"grid_id": "r107_c071", "phase": "night_22h", "target_time": "2026-09-18 22:00:00+08:00", "hour": 22, "air_temperature_c": 25.94, "relative_humidity_pct": 75.0, "wind_speed_10m_ms": 2.64, "utci_c": 24.6, "p_base": 0.0953, "p_enhanced": 0.0606, "delta_p": -0.0346, "rel_mitigation_pct": 36.34, "risk_level": "low"}}, {"type": "Feature", "geometry": {"type": "Polygon", "coordinates": [[[121.51, 30.81], [121.51, 30.82], [121.52, 30.82], [121.52, 30.81], [121.51, 30.81]]]}, "properties": {"grid_id": "r108_c066", "phase": "night_22h", "target_time": "2026-09-18 22:00:00+08:00", "hour": 22, "air_temperature_c": 25.94, "relative_humidity_pct": 75.0, "wind_speed_10m_ms": 2.64, "utci_c": 25.72, "p_base": 0.1141, "p_enhanced": 0.137, "delta_p": 0.023, "rel_mitigation_pct": -20.16, "risk_level": "low"}}, {"type": "Feature", "geometry": {"type": "Polygon", "coordinates": [[[121.28, 30.8], [121.28, 30.81], [121.29, 30.81], [121.29, 30.8], [121.28, 30.8]]]}, "properties": {"grid_id": "r109_c043", "phase": "night_22h", "target_time": "2026-09-18 22:00:00+08:00", "hour": 22, "air_temperature_c": 25.94, "relative_humidity_pct": 75.0, "wind_speed_10m_ms": 2.64, "utci_c": 25.66, "p_base": 0.1129, "p_enhanced": 0.1312, "delta_p": 0.0183, "rel_mitigation_pct": -16.23, "risk_level": "low"}}, {"type": "Feature", "geometry": {"type": "Polygon", "coordinates": [[[121.34, 30.79], [121.34, 30.8], [121.35, 30.8], [121.35, 30.79], [121.34, 30.79]]]}, "properties": {"grid_id": "r110_c049", "phase": "night_22h", "target_time": "2026-09-18 22:00:00+08:00", "hour": 22, "air_temperature_c": 25.94, "relative_humidity_pct": 75.0, "wind_speed_10m_ms": 2.64, "utci_c": 25.73, "p_base": 0.1141, "p_enhanced": 0.137, "delta_p": 0.0229, "rel_mitigation_pct": -20.03, "risk_level": "low"}}, {"type": "Feature", "geometry": {"type": "Polygon", "coordinates": [[[121.15, 30.79], [121.16, 30.79], [121.16, 30.784387277932964], [121.154579, 30.786594], [121.15, 30.785769805516857], [121.15, 30.79]]]}, "properties": {"grid_id": "r111_c030", "phase": "night_22h", "target_time": "2026-09-18 22:00:00+08:00", "hour": 22, "air_temperature_c": 25.94, "relative_humidity_pct": 75.0, "wind_speed_10m_ms": 2.64, "utci_c": 24.94, "p_base": 0.1006, "p_enhanced": 0.1453, "delta_p": 0.0447, "rel_mitigation_pct": -44.44, "risk_level": "low"}}, {"type": "Feature", "geometry": {"type": "Polygon", "coordinates": [[[121.34, 30.74], [121.34, 30.75], [121.35, 30.75], [121.35, 30.74], [121.34, 30.74]]]}, "properties": {"grid_id": "r115_c049", "phase": "night_22h", "target_time": "2026-09-18 22:00:00+08:00", "hour": 22, "air_temperature_c": 25.94, "relative_humidity_pct": 75.0, "wind_speed_10m_ms": 2.64, "utci_c": 25.29, "p_base": 0.1063, "p_enhanced": 0.1315, "delta_p": 0.0251, "rel_mitigation_pct": -23.64, "risk_level": "low"}}, {"type": "Feature", "geometry": {"type": "Polygon", "coordinates": [[[121.34, 30.73], [121.34, 30.74], [121.35, 30.74], [121.35, 30.73], [121.34, 30.73]]]}, "properties": {"grid_id": "r116_c049", "phase": "night_22h", "target_time": "2026-09-18 22:00:00+08:00", "hour": 22, "air_temperature_c": 25.94, "relative_humidity_pct": 75.0, "wind_speed_10m_ms": 2.64, "utci_c": 25.58, "p_base": 0.1114, "p_enhanced": 0.1331, "delta_p": 0.0216, "rel_mitigation_pct": -19.41, "risk_level": "low"}}, {"type": "Feature", "geometry": {"type": "Polygon", "coordinates": [[[121.35, 30.73], [121.35, 30.74], [121.36, 30.74], [121.36, 30.73], [121.35, 30.73]]]}, "properties": {"grid_id": "r116_c050", "phase": "night_22h", "target_time": "2026-09-18 22:00:00+08:00", "hour": 22, "air_temperature_c": 25.94, "relative_humidity_pct": 75.0, "wind_speed_10m_ms": 2.64, "utci_c": 25.74, "p_base": 0.1144, "p_enhanced": 0.1366, "delta_p": 0.0222, "rel_mitigation_pct": -19.37, "risk_level": "low"}}, {"type": "Feature", "geometry": {"type": "Polygon", "coordinates": [[[121.36, 30.73], [121.36, 30.74], [121.37, 30.74], [121.37, 30.73], [121.36, 30.73]]]}, "properties": {"grid_id": "r116_c051", "phase": "night_22h", "target_time": "2026-09-18 22:00:00+08:00", "hour": 22, "air_temperature_c": 25.94, "relative_humidity_pct": 75.0, "wind_speed_10m_ms": 2.64, "utci_c": 25.42, "p_base": 0.1086, "p_enhanced": 0.1342, "delta_p": 0.0256, "rel_mitigation_pct": -23.55, "risk_level": "low"}}, {"type": "Feature", "geometry": {"type": "Polygon", "coordinates": [[[121.34, 30.71], [121.34, 30.72], [121.35, 30.72], [121.35, 30.71051391093382], [121.34920207878972, 30.71], [121.34, 30.71]]]}, "properties": {"grid_id": "r118_c049", "phase": "night_22h", "target_time": "2026-09-18 22:00:00+08:00", "hour": 22, "air_temperature_c": 25.94, "relative_humidity_pct": 75.0, "wind_speed_10m_ms": 2.64, "utci_c": 25.44, "p_base": 0.1089, "p_enhanced": 0.1161, "delta_p": 0.0072, "rel_mitigation_pct": -6.6, "risk_level": "low"}}, {"type": "Feature", "geometry": {"type": "Polygon", "coordinates": [[[121.33, 30.7], [121.33, 30.71], [121.34, 30.71], [121.34, 30.704073288386077], [121.333675629404, 30.7], [121.33, 30.7]]]}, "properties": {"grid_id": "r119_c048", "phase": "night_22h", "target_time": "2026-09-18 22:00:00+08:00", "hour": 22, "air_temperature_c": 25.94, "relative_humidity_pct": 75.0, "wind_speed_10m_ms": 2.64, "utci_c": 24.65, "p_base": 0.096, "p_enhanced": 0.0634, "delta_p": -0.0326, "rel_mitigation_pct": 33.98, "risk_level": "low"}}, {"type": "Feature", "geometry": {"type": "Polygon", "coordinates": [[[121.34, 30.71], [121.34920207878972, 30.71], [121.34, 30.704073288386077], [121.34, 30.71]]]}, "properties": {"grid_id": "r119_c049", "phase": "night_22h", "target_time": "2026-09-18 22:00:00+08:00", "hour": 22, "air_temperature_c": 25.94, "relative_humidity_pct": 75.0, "wind_speed_10m_ms": 2.64, "utci_c": 24.24, "p_base": 0.0899, "p_enhanced": 0.0617, "delta_p": -0.0282, "rel_mitigation_pct": 31.34, "risk_level": "low"}}]}