{
  "type": "FeatureCollection",
  "features": [
    {
      "id": "0",
      "type": "Feature",
      "properties": {
        "grid_id": "r015_c040",
        "green_fraction": 0.9197703793106096,
        "water_fraction": 0.656192309199072,
        "building_fraction": 0.0,
        "road_km_per_km2": 4.132996577081431,
        "air_temperature_c": 25.09,
        "relative_humidity_pct": 64.6,
        "wind_speed_10m_ms": 4.85,
        "valid_time_beijing": "2026-09-17 12:00",
        "lead_hours": 2,
        "forecast_issued_at": "2026-09-17T03:56:15.209336+00:00",
        "net_solar_radiation_wm2": 439.1,
        "utci_c": 29.11,
        "p_base": 0.2941,
        "p_enhanced": 0.224,
        "delta_p": -0.0702,
        "risk_level": "moderate"
      },
      "geometry": {
        "type": "Polygon",
        "coordinates": [
          [
            [
              121.25,
              31.74
            ],
            [
              121.25,
              31.75
            ],
            [
              121.26,
              31.75
            ],
            [
              121.26,
              31.74
            ],
            [
              121.25,
              31.74
            ]
          ]
        ]
      }
    },
    {
      "id": "1",
      "type": "Feature",
      "properties": {
        "grid_id": "r016_c036",
        "green_fraction": 0.0,
        "water_fraction": 0.0256558872032954,
        "building_fraction": 0.0,
        "road_km_per_km2": 7.636247779493275,
        "air_temperature_c": 25.09,
        "relative_humidity_pct": 64.6,
        "wind_speed_10m_ms": 4.85,
        "valid_time_beijing": "2026-09-17 12:00",
        "lead_hours": 2,
        "forecast_issued_at": "2026-09-17T03:56:15.209336+00:00",
        "net_solar_radiation_wm2": 439.1,
        "utci_c": 29.11,
        "p_base": 0.2941,
        "p_enhanced": 0.318,
        "delta_p": 0.0238,
        "risk_level": "moderate"
      },
      "geometry": {
        "type": "Polygon",
        "coordinates": [
          [
            [
              121.21,
              31.74
            ],
            [
              121.22,
              31.74
            ],
            [
              121.22,
              31.73240103623328
            ],
            [
              121.213275,
              31.733689
            ],
            [
              121.21,
              31.73785940554726
            ],
            [
              121.21,
              31.74
            ]
          ]
        ]
      }
    },
    {
      "id": "2",
      "type": "Feature",
      "properties": {
        "grid_id": "r016_c038",
        "green_fraction": 0.1157658791520699,
        "water_fraction": 0.0012961299139329,
        "building_fraction": 0.0023058881028441,
        "road_km_per_km2": 5.396511039242182,
        "air_temperature_c": 25.09,
        "relative_humidity_pct": 64.6,
        "wind_speed_10m_ms": 4.85,
        "valid_time_beijing": "2026-09-17 12:00",
        "lead_hours": 2,
        "forecast_issued_at": "2026-09-17T03:56:15.209336+00:00",
        "net_solar_radiation_wm2": 439.1,
        "utci_c": 29.11,
        "p_base": 0.2941,
        "p_enhanced": 0.3442,
        "delta_p": 0.0501,
        "risk_level": "moderate"
      },
      "geometry": {
        "type": "Polygon",
        "coordinates": [
          [
            [
              121.23,
              31.74
            ],
            [
              121.24,
              31.74
            ],
            [
              121.24,
              31.73
            ],
            [
              121.23253681903644,
              31.73
            ],
            [
              121.23,
              31.73048584847608
            ],
            [
              121.23,
              31.74
            ]
          ]
        ]
      }
    },
    {
      "id": "3",
      "type": "Feature",
      "properties": {
        "grid_id": "r019_c048",
        "green_fraction": 0.0,
        "water_fraction": 0.0,
        "building_fraction": 0.0,
        "road_km_per_km2": 5.726522942970379,
        "air_temperature_c": 25.09,
        "relative_humidity_pct": 64.6,
        "wind_speed_10m_ms": 4.85,
        "valid_time_beijing": "2026-09-17 12:00",
        "lead_hours": 2,
        "forecast_issued_at": "2026-09-17T03:56:15.209336+00:00",
        "net_solar_radiation_wm2": 439.1,
        "utci_c": 29.11,
        "p_base": 0.2941,
        "p_enhanced": 0.3277,
        "delta_p": 0.0336,
        "risk_level": "moderate"
      },
      "geometry": {
        "type": "Polygon",
        "coordinates": [
          [
            [
              121.33,
              31.7
            ],
            [
              121.33,
              31.71
            ],
            [
              121.34,
              31.71
            ],
            [
              121.34,
              31.7
            ],
            [
              121.33,
              31.7
            ]
          ]
        ]
      }
    },
    {
      "id": "4",
      "type": "Feature",
      "properties": {
        "grid_id": "r021_c057",
        "green_fraction": 0.0,
        "water_fraction": 0.0065437788402119,
        "building_fraction": 0.0,
        "road_km_per_km2": 3.31831807172919,
        "air_temperature_c": 25.09,
        "relative_humidity_pct": 64.6,
        "wind_speed_10m_ms": 4.85,
        "valid_time_beijing": "2026-09-17 12:00",
        "lead_hours": 2,
        "forecast_issued_at": "2026-09-17T03:56:15.209336+00:00",
        "net_solar_radiation_wm2": 439.1,
        "utci_c": 29.11,
        "p_base": 0.2941,
        "p_enhanced": 0.3252,
        "delta_p": 0.0311,
        "risk_level": "moderate"
      },
      "geometry": {
        "type": "Polygon",
        "coordinates": [
          [
            [
              121.42,
              31.68
            ],
            [
              121.42,
              31.69
            ],
            [
              121.43,
              31.69
            ],
            [
              121.43,
              31.68
            ],
            [
              121.42,
              31.68
            ]
          ]
        ]
      }
    },
    {
      "id": "5",
      "type": "Feature",
      "properties": {
        "grid_id": "r021_c062",
        "green_fraction": 0.7240597049210497,
        "water_fraction": 0.0460613686083565,
        "building_fraction": 0.0009544640202771,
        "road_km_per_km2": 2.2075483080678864,
        "air_temperature_c": 25.09,
        "relative_humidity_pct": 64.6,
        "wind_speed_10m_ms": 4.85,
        "valid_time_beijing": "2026-09-17 12:00",
        "lead_hours": 2,
        "forecast_issued_at": "2026-09-17T03:56:15.209336+00:00",
        "net_solar_radiation_wm2": 439.1,
        "utci_c": 29.11,
        "p_base": 0.2941,
        "p_enhanced": 0.4223,
        "delta_p": 0.1281,
        "risk_level": "moderate"
      },
      "geometry": {
        "type": "Polygon",
        "coordinates": [
          [
            [
              121.47,
              31.68
            ],
            [
              121.47,
              31.69
            ],
            [
              121.48,
              31.69
            ],
            [
              121.48,
              31.68
            ],
            [
              121.47,
              31.68
            ]
          ]
        ]
      }
    },
    {
      "id": "6",
      "type": "Feature",
      "properties": {
        "grid_id": "r022_c062",
        "green_fraction": 0.1390762468387858,
        "water_fraction": 0.0343484504939694,
        "building_fraction": 0.0080637569392901,
        "road_km_per_km2": 6.50520954187833,
        "air_temperature_c": 25.09,
        "relative_humidity_pct": 64.6,
        "wind_speed_10m_ms": 4.85,
        "valid_time_beijing": "2026-09-17 12:00",
        "lead_hours": 2,
        "forecast_issued_at": "2026-09-17T03:56:15.209336+00:00",
        "net_solar_radiation_wm2": 439.1,
        "utci_c": 29.11,
        "p_base": 0.2941,
        "p_enhanced": 0.3341,
        "delta_p": 0.0399,
        "risk_level": "moderate"
      },
      "geometry": {
        "type": "Polygon",
        "coordinates": [
          [
            [
              121.47,
              31.67
            ],
            [
              121.47,
              31.68
            ],
            [
              121.48,
              31.68
            ],
            [
              121.48,
              31.67
            ],
            [
              121.47,
              31.67
            ]
          ]
        ]
      }
    },
    {
      "id": "7",
      "type": "Feature",
      "properties": {
        "grid_id": "r023_c061",
        "green_fraction": 0.0,
        "water_fraction": 0.0,
        "building_fraction": 0.0011056195178453,
        "road_km_per_km2": 4.2080079224528335,
        "air_temperature_c": 25.09,
        "relative_humidity_pct": 64.6,
        "wind_speed_10m_ms": 4.85,
        "valid_time_beijing": "2026-09-17 12:00",
        "lead_hours": 2,
        "forecast_issued_at": "2026-09-17T03:56:15.209336+00:00",
        "net_solar_radiation_wm2": 439.1,
        "utci_c": 29.11,
        "p_base": 0.2941,
        "p_enhanced": 0.3276,
        "delta_p": 0.0334,
        "risk_level": "moderate"
      },
      "geometry": {
        "type": "Polygon",
        "coordinates": [
          [
            [
              121.46,
              31.66
            ],
            [
              121.46,
              31.67
            ],
            [
              121.47,
              31.67
            ],
            [
              121.47,
              31.66
            ],
            [
              121.46,
              31.66
            ]
          ]
        ]
      }
    },
    {
      "id": "8",
      "type": "Feature",
      "properties": {
        "grid_id": "r024_c064",
        "green_fraction": 0.0,
        "water_fraction": 0.0,
        "building_fraction": 0.0,
        "road_km_per_km2": 2.254357971469857,
        "air_temperature_c": 25.09,
        "relative_humidity_pct": 64.6,
        "wind_speed_10m_ms": 4.85,
        "valid_time_beijing": "2026-09-17 12:00",
        "lead_hours": 2,
        "forecast_issued_at": "2026-09-17T03:56:15.209336+00:00",
        "net_solar_radiation_wm2": 439.1,
        "utci_c": 29.11,
        "p_base": 0.2941,
        "p_enhanced": 0.3277,
        "delta_p": 0.0336,
        "risk_level": "moderate"
      },
      "geometry": {
        "type": "Polygon",
        "coordinates": [
          [
            [
              121.49,
              31.65
            ],
            [
              121.49,
              31.66
            ],
            [
              121.5,
              31.66
            ],
            [
              121.5,
              31.65
            ],
            [
              121.49,
              31.65
            ]
          ]
        ]
      }
    },
    {
      "id": "9",
      "type": "Feature",
      "properties": {
        "grid_id": "r025_c071",
        "green_fraction": 0.0,
        "water_fraction": 0.0,
        "building_fraction": 0.0,
        "road_km_per_km2": 1.7790953442305024,
        "air_temperature_c": 25.09,
        "relative_humidity_pct": 64.6,
        "wind_speed_10m_ms": 4.85,
        "valid_time_beijing": "2026-09-17 12:00",
        "lead_hours": 2,
        "forecast_issued_at": "2026-09-17T03:56:15.209336+00:00",
        "net_solar_radiation_wm2": 439.1,
        "utci_c": 29.11,
        "p_base": 0.2941,
        "p_enhanced": 0.3277,
        "delta_p": 0.0336,
        "risk_level": "moderate"
      },
      "geometry": {
        "type": "Polygon",
        "coordinates": [
          [
            [
              121.56,
              31.64
            ],
            [
              121.56,
              31.65
            ],
            [
              121.57,
              31.65
            ],
            [
              121.57,
              31.64
            ],
            [
              121.56,
              31.64
            ]
          ]
        ]
      }
    },
    {
      "id": "10",
      "type": "Feature",
      "properties": {
        "grid_id": "r027_c054",
        "green_fraction": 0.0,
        "water_fraction": 0.0,
        "building_fraction": 0.1029706460655839,
        "road_km_per_km2": 7.228485205113243,
        "air_temperature_c": 25.09,
        "relative_humidity_pct": 64.6,
        "wind_speed_10m_ms": 4.85,
        "valid_time_beijing": "2026-09-17 12:00",
        "lead_hours": 2,
        "forecast_issued_at": "2026-09-17T03:56:15.209336+00:00",
        "net_solar_radiation_wm2": 439.1,
        "utci_c": 29.11,
        "p_base": 0.2941,
        "p_enhanced": 0.3139,
        "delta_p": 0.0198,
        "risk_level": "moderate"
      },
      "geometry": {
        "type": "Polygon",
        "coordinates": [
          [
            [
              121.39,
              31.63
            ],
            [
              121.4,
              31.63
            ],
            [
              121.4,
              31.62
            ],
            [
              121.39686060949383,
              31.62
            ],
            [
              121.39,
              31.623211543520505
            ],
            [
              121.39,
              31.63
            ]
          ]
        ]
      }
    },
    {
      "id": "11",
      "type": "Feature",
      "properties": {
        "grid_id": "r027_c056",
        "green_fraction": 0.0986429900444589,
        "water_fraction": 0.129074894878603,
        "building_fraction": 0.0,
        "road_km_per_km2": 5.8121906141581645,
        "air_temperature_c": 25.09,
        "relative_humidity_pct": 64.6,
        "wind_speed_10m_ms": 4.85,
        "valid_time_beijing": "2026-09-17 12:00",
        "lead_hours": 2,
        "forecast_issued_at": "2026-09-17T03:56:15.209336+00:00",
        "net_solar_radiation_wm2": 439.1,
        "utci_c": 29.11,
        "p_base": 0.2941,
        "p_enhanced": 0.2938,
        "delta_p": -0.0003,
        "risk_level": "moderate"
      },
      "geometry": {
        "type": "Polygon",
        "coordinates": [
          [
            [
              121.41,
              31.62
            ],
            [
              121.41,
              31.63
            ],
            [
              121.42,
              31.63
            ],
            [
              121.42,
              31.62
            ],
            [
              121.41,
              31.62
            ]
          ]
        ]
      }
    },
    {
      "id": "12",
      "type": "Feature",
      "properties": {
        "grid_id": "r027_c057",
        "green_fraction": 0.0530765477813461,
        "water_fraction": 0.0118617832023578,
        "building_fraction": 0.0315771575830126,
        "road_km_per_km2": 9.319220495931756,
        "air_temperature_c": 25.09,
        "relative_humidity_pct": 64.6,
        "wind_speed_10m_ms": 4.85,
        "valid_time_beijing": "2026-09-17 12:00",
        "lead_hours": 2,
        "forecast_issued_at": "2026-09-17T03:56:15.209336+00:00",
        "net_solar_radiation_wm2": 439.1,
        "utci_c": 29.11,
        "p_base": 0.2941,
        "p_enhanced": 0.3267,
        "delta_p": 0.0326,
        "risk_level": "moderate"
      },
      "geometry": {
        "type": "Polygon",
        "coordinates": [
          [
            [
              121.42,
              31.62
            ],
            [
              121.42,
              31.63
            ],
            [
              121.43,
              31.63
            ],
            [
              121.43,
              31.62
            ],
            [
              121.42,
              31.62
            ]
          ]
        ]
      }
    },
    {
      "id": "13",
      "type": "Feature",
      "properties": {
        "grid_id": "r029_c066",
        "green_fraction": 0.0,
        "water_fraction": 0.0227596516790699,
        "building_fraction": 0.0,
        "road_km_per_km2": 5.805514225461089,
        "air_temperature_c": 25.09,
        "relative_humidity_pct": 64.6,
        "wind_speed_10m_ms": 4.85,
        "valid_time_beijing": "2026-09-17 12:00",
        "lead_hours": 2,
        "forecast_issued_at": "2026-09-17T03:56:15.209336+00:00",
        "net_solar_radiation_wm2": 439.1,
        "utci_c": 29.11,
        "p_base": 0.2941,
        "p_enhanced": 0.3191,
        "delta_p": 0.0249,
        "risk_level": "moderate"
      },
      "geometry": {
        "type": "Polygon",
        "coordinates": [
          [
            [
              121.51,
              31.6
            ],
            [
              121.51,
              31.61
            ],
            [
              121.52,
              31.61
            ],
            [
              121.52,
              31.6
            ],
            [
              121.51,
              31.6
            ]
          ]
        ]
      }
    },
    {
      "id": "14",
      "type": "Feature",
      "properties": {
        "grid_id": "r032_c078",
        "green_fraction": 0.0,
        "water_fraction": 0.0459942141633867,
        "building_fraction": 0.00035266737331,
        "road_km_per_km2": 4.10495931675711,
        "air_temperature_c": 25.09,
        "relative_humidity_pct": 64.6,
        "wind_speed_10m_ms": 4.85,
        "valid_time_beijing": "2026-09-17 12:00",
        "lead_hours": 2,
        "forecast_issued_at": "2026-09-17T03:56:15.209336+00:00",
        "net_solar_radiation_wm2": 439.1,
        "utci_c": 29.11,
        "p_base": 0.2941,
        "p_enhanced": 0.3103,
        "delta_p": 0.0161,
        "risk_level": "moderate"
      },
      "geometry": {
        "type": "Polygon",
        "coordinates": [
          [
            [
              121.63,
              31.57
            ],
            [
              121.63,
              31.58
            ],
            [
              121.64,
              31.58
            ],
            [
              121.64,
              31.57
            ],
            [
              121.63,
              31.57
            ]
          ]
        ]
      }
    },
    {
      "id": "15",
      "type": "Feature",
      "properties": {
        "grid_id": "r036_c100",
        "green_fraction": 0.0944741514089487,
        "water_fraction": 0.005378915620901,
        "building_fraction": 0.0,
        "road_km_per_km2": 2.4473080060367987,
        "air_temperature_c": 25.09,
        "relative_humidity_pct": 64.6,
        "wind_speed_10m_ms": 4.85,
        "valid_time_beijing": "2026-09-17 12:00",
        "lead_hours": 2,
        "forecast_issued_at": "2026-09-17T03:56:15.209336+00:00",
        "net_solar_radiation_wm2": 439.1,
        "utci_c": 29.11,
        "p_base": 0.2941,
        "p_enhanced": 0.3397,
        "delta_p": 0.0456,
        "risk_level": "moderate"
      },
      "geometry": {
        "type": "Polygon",
        "coordinates": [
          [
            [
              121.85,
              31.53
            ],
            [
              121.85,
              31.54
            ],
            [
              121.86,
              31.54
            ],
            [
              121.86,
              31.53
            ],
            [
              121.85,
              31.53
            ]
          ]
        ]
      }
    },
    {
      "id": "16",
      "type": "Feature",
      "properties": {
        "grid_id": "r037_c098",
        "green_fraction": 0.0,
        "water_fraction": 0.0281910207323476,
        "building_fraction": 0.0,
        "road_km_per_km2": 12.63776756956848,
        "air_temperature_c": 25.09,
        "relative_humidity_pct": 64.6,
        "wind_speed_10m_ms": 4.85,
        "valid_time_beijing": "2026-09-17 12:00",
        "lead_hours": 2,
        "forecast_issued_at": "2026-09-17T03:56:15.209336+00:00",
        "net_solar_radiation_wm2": 439.1,
        "utci_c": 29.11,
        "p_base": 0.2941,
        "p_enhanced": 0.317,
        "delta_p": 0.0229,
        "risk_level": "moderate"
      },
      "geometry": {
        "type": "Polygon",
        "coordinates": [
          [
            [
              121.83,
              31.52
            ],
            [
              121.83,
              31.53
            ],
            [
              121.84,
              31.53
            ],
            [
              121.84,
              31.52
            ],
            [
              121.83,
              31.52
            ]
          ]
        ]
      }
    },
    {
      "id": "17",
      "type": "Feature",
      "properties": {
        "grid_id": "r038_c109",
        "green_fraction": 0.568420210307398,
        "water_fraction": 0.1190880063193188,
        "building_fraction": 0.0009288294769341,
        "road_km_per_km2": 4.345060797325847,
        "air_temperature_c": 25.09,
        "relative_humidity_pct": 64.6,
        "wind_speed_10m_ms": 4.85,
        "valid_time_beijing": "2026-09-17 12:00",
        "lead_hours": 2,
        "forecast_issued_at": "2026-09-17T03:56:15.209336+00:00",
        "net_solar_radiation_wm2": 439.1,
        "utci_c": 29.11,
        "p_base": 0.2941,
        "p_enhanced": 0.3671,
        "delta_p": 0.0729,
        "risk_level": "moderate"
      },
      "geometry": {
        "type": "Polygon",
        "coordinates": [
          [
            [
              121.94,
              31.51
            ],
            [
              121.94,
              31.52
            ],
            [
              121.95,
              31.52
            ],
            [
              121.95,
              31.51
            ],
            [
              121.94,
              31.51
            ]
          ]
        ]
      }
    },
    {
      "id": "18",
      "type": "Feature",
      "properties": {
        "grid_id": "r038_c110",
        "green_fraction": 0.783446003559473,
        "water_fraction": 0.4941713375152681,
        "building_fraction": 0.0011416482663217,
        "road_km_per_km2": 3.8302811293724153,
        "air_temperature_c": 25.09,
        "relative_humidity_pct": 64.6,
        "wind_speed_10m_ms": 4.85,
        "valid_time_beijing": "2026-09-17 12:00",
        "lead_hours": 2,
        "forecast_issued_at": "2026-09-17T03:56:15.209336+00:00",
        "net_solar_radiation_wm2": 439.1,
        "utci_c": 29.11,
        "p_base": 0.2941,
        "p_enhanced": 0.2587,
        "delta_p": -0.0355,
        "risk_level": "moderate"
      },
      "geometry": {
        "type": "Polygon",
        "coordinates": [
          [
            [
              121.95,
              31.51
            ],
            [
              121.95,
              31.52
            ],
            [
              121.96,
              31.52
            ],
            [
              121.96,
              31.51
            ],
            [
              121.95,
              31.51
            ]
          ]
        ]
      }
    },
    {
      "id": "19",
      "type": "Feature",
      "properties": {
        "grid_id": "r040_c045",
        "green_fraction": 0.0,
        "water_fraction": 0.0,
        "building_fraction": 0.0,
        "road_km_per_km2": 8.211501371089984,
        "air_temperature_c": 25.09,
        "relative_humidity_pct": 64.6,
        "wind_speed_10m_ms": 4.85,
        "valid_time_beijing": "2026-09-17 12:00",
        "lead_hours": 2,
        "forecast_issued_at": "2026-09-17T03:56:15.209336+00:00",
        "net_solar_radiation_wm2": 439.1,
        "utci_c": 29.11,
        "p_base": 0.2941,
        "p_enhanced": 0.3277,
        "delta_p": 0.0336,
        "risk_level": "moderate"
      },
      "geometry": {
        "type": "Polygon",
        "coordinates": [
          [
            [
              121.3,
              31.49
            ],
            [
              121.3,
              31.5
            ],
            [
              121.31,
              31.5
            ],
            [
              121.31,
              31.49
            ],
            [
              121.3,
              31.49
            ]
          ]
        ]
      }
    },
    {
      "id": "20",
      "type": "Feature",
      "properties": {
        "grid_id": "r041_c043",
        "green_fraction": 0.0,
        "water_fraction": 0.0,
        "building_fraction": 0.0,
        "road_km_per_km2": 2.771841949005914,
        "air_temperature_c": 25.09,
        "relative_humidity_pct": 64.6,
        "wind_speed_10m_ms": 4.85,
        "valid_time_beijing": "2026-09-17 12:00",
        "lead_hours": 2,
        "forecast_issued_at": "2026-09-17T03:56:15.209336+00:00",
        "net_solar_radiation_wm2": 439.1,
        "utci_c": 29.11,
        "p_base": 0.2941,
        "p_enhanced": 0.3277,
        "delta_p": 0.0336,
        "risk_level": "moderate"
      },
      "geometry": {
        "type": "Polygon",
        "coordinates": [
          [
            [
              121.29,
              31.49
            ],
            [
              121.29,
              31.48
            ],
            [
              121.28,
              31.48
            ],
            [
              121.28,
              31.48745662042014
            ],
            [
              121.28759661160615,
              31.49
            ],
            [
              121.29,
              31.49
            ]
          ]
        ]
      }
    },
    {
      "id": "21",
      "type": "Feature",
      "properties": {
        "grid_id": "r041_c097",
        "green_fraction": 0.0,
        "water_fraction": 0.1117887916812422,
        "building_fraction": 0.0413710916753563,
        "road_km_per_km2": 6.443756437246097,
        "air_temperature_c": 25.09,
        "relative_humidity_pct": 64.6,
        "wind_speed_10m_ms": 4.85,
        "valid_time_beijing": "2026-09-17 12:00",
        "lead_hours": 2,
        "forecast_issued_at": "2026-09-17T03:56:15.209336+00:00",
        "net_solar_radiation_wm2": 439.1,
        "utci_c": 29.11,
        "p_base": 0.2941,
        "p_enhanced": 0.2812,
        "delta_p": -0.0129,
        "risk_level": "moderate"
      },
      "geometry": {
        "type": "Polygon",
        "coordinates": [
          [
            [
              121.82,
              31.48
            ],
            [
              121.82,
              31.49
            ],
            [
              121.83,
              31.49
            ],
            [
              121.83,
              31.48
            ],
            [
              121.82,
              31.48
            ]
          ]
        ]
      }
    },
    {
      "id": "22",
      "type": "Feature",
      "properties": {
        "grid_id": "r043_c094",
        "green_fraction": 0.0511511423034011,
        "water_fraction": 0.0409496687572471,
        "building_fraction": 0.0061785785311613,
        "road_km_per_km2": 2.8976129351890143,
        "air_temperature_c": 25.09,
        "relative_humidity_pct": 64.6,
        "wind_speed_10m_ms": 4.85,
        "valid_time_beijing": "2026-09-17 12:00",
        "lead_hours": 2,
        "forecast_issued_at": "2026-09-17T03:56:15.209336+00:00",
        "net_solar_radiation_wm2": 439.1,
        "utci_c": 29.11,
        "p_base": 0.2941,
        "p_enhanced": 0.3188,
        "delta_p": 0.0247,
        "risk_level": "moderate"
      },
      "geometry": {
        "type": "Polygon",
        "coordinates": [
          [
            [
              121.79,
              31.46
            ],
            [
              121.79,
              31.47
            ],
            [
              121.8,
              31.47
            ],
            [
              121.8,
              31.46
            ],
            [
              121.79,
              31.46
            ]
          ]
        ]
      }
    },
    {
      "id": "23",
      "type": "Feature",
      "properties": {
        "grid_id": "r043_c096",
        "green_fraction": 0.0,
        "water_fraction": 0.0571846347352957,
        "building_fraction": 0.0,
        "road_km_per_km2": 8.365857008900004,
        "air_temperature_c": 25.09,
        "relative_humidity_pct": 64.6,
        "wind_speed_10m_ms": 4.85,
        "valid_time_beijing": "2026-09-17 12:00",
        "lead_hours": 2,
        "forecast_issued_at": "2026-09-17T03:56:15.209336+00:00",
        "net_solar_radiation_wm2": 439.1,
        "utci_c": 29.11,
        "p_base": 0.2941,
        "p_enhanced": 0.3062,
        "delta_p": 0.012,
        "risk_level": "moderate"
      },
      "geometry": {
        "type": "Polygon",
        "coordinates": [
          [
            [
              121.81,
              31.46
            ],
            [
              121.81,
              31.47
            ],
            [
              121.82,
              31.47
            ],
            [
              121.82,
              31.46
            ],
            [
              121.81,
              31.46
            ]
          ]
        ]
      }
    },
    {
      "id": "24",
      "type": "Feature",
      "properties": {
        "grid_id": "r046_c049",
        "green_fraction": 0.2377583835452725,
        "water_fraction": 0.0,
        "building_fraction": 0.0,
        "road_km_per_km2": 2.8132752689403517,
        "air_temperature_c": 25.09,
        "relative_humidity_pct": 64.6,
        "wind_speed_10m_ms": 4.85,
        "valid_time_beijing": "2026-09-17 12:00",
        "lead_hours": 2,
        "forecast_issued_at": "2026-09-17T03:56:15.209336+00:00",
        "net_solar_radiation_wm2": 439.1,
        "utci_c": 29.11,
        "p_base": 0.2941,
        "p_enhanced": 0.3638,
        "delta_p": 0.0696,
        "risk_level": "moderate"
      },
      "geometry": {
        "type": "Polygon",
        "coordinates": [
          [
            [
              121.34,
              31.43
            ],
            [
              121.34,
              31.44
            ],
            [
              121.35,
              31.44
            ],
            [
              121.35,
              31.43
            ],
            [
              121.34,
              31.43
            ]
          ]
        ]
      }
    },
    {
      "id": "25",
      "type": "Feature",
      "properties": {
        "grid_id": "r047_c048",
        "green_fraction": 0.0,
        "water_fraction": 0.0,
        "building_fraction": 0.0,
        "road_km_per_km2": 6.972362044932685,
        "air_temperature_c": 25.09,
        "relative_humidity_pct": 64.6,
        "wind_speed_10m_ms": 4.85,
        "valid_time_beijing": "2026-09-17 12:00",
        "lead_hours": 2,
        "forecast_issued_at": "2026-09-17T03:56:15.209336+00:00",
        "net_solar_radiation_wm2": 439.1,
        "utci_c": 29.11,
        "p_base": 0.2941,
        "p_enhanced": 0.3277,
        "delta_p": 0.0336,
        "risk_level": "moderate"
      },
      "geometry": {
        "type": "Polygon",
        "coordinates": [
          [
            [
              121.33,
              31.42
            ],
            [
              121.33,
              31.43
            ],
            [
              121.34,
              31.43
            ],
            [
              121.34,
              31.42
            ],
            [
              121.33,
              31.42
            ]
          ]
        ]
      }
    },
    {
      "id": "26",
      "type": "Feature",
      "properties": {
        "grid_id": "r048_c048",
        "green_fraction": 0.0,
        "water_fraction": 0.0370042706210073,
        "building_fraction": 0.0,
        "road_km_per_km2": 9.639834360455474,
        "air_temperature_c": 25.09,
        "relative_humidity_pct": 64.6,
        "wind_speed_10m_ms": 4.85,
        "valid_time_beijing": "2026-09-17 12:00",
        "lead_hours": 2,
        "forecast_issued_at": "2026-09-17T03:56:15.209336+00:00",
        "net_solar_radiation_wm2": 439.1,
        "utci_c": 29.11,
        "p_base": 0.2941,
        "p_enhanced": 0.3137,
        "delta_p": 0.0195,
        "risk_level": "moderate"
      },
      "geometry": {
        "type": "Polygon",
        "coordinates": [
          [
            [
              121.33,
              31.41
            ],
            [
              121.33,
              31.42
            ],
            [
              121.34,
              31.42
            ],
            [
              121.34,
              31.41
            ],
            [
              121.33,
              31.41
            ]
          ]
        ]
      }
    },
    {
      "id": "27",
      "type": "Feature",
      "properties": {
        "grid_id": "r048_c062",
        "green_fraction": 0.1275871631702192,
        "water_fraction": 0.0,
        "building_fraction": 0.0076345939327773,
        "road_km_per_km2": 11.353358822502026,
        "air_temperature_c": 25.09,
        "relative_humidity_pct": 64.6,
        "wind_speed_10m_ms": 4.85,
        "valid_time_beijing": "2026-09-17 12:00",
        "lead_hours": 2,
        "forecast_issued_at": "2026-09-17T03:56:15.209336+00:00",
        "net_solar_radiation_wm2": 439.1,
        "utci_c": 29.11,
        "p_base": 0.2941,
        "p_enhanced": 0.3458,
        "delta_p": 0.0516,
        "risk_level": "moderate"
      },
      "geometry": {
        "type": "Polygon",
        "coordinates": [
          [
            [
              121.47,
              31.41
            ],
            [
              121.47,
              31.42
            ],
            [
              121.48,
              31.42
            ],
            [
              121.48,
              31.41
            ],
            [
              121.47,
              31.41
            ]
          ]
        ]
      }
    },
    {
      "id": "28",
      "type": "Feature",
      "properties": {
        "grid_id": "r048_c063",
        "green_fraction": 0.1281285595519842,
        "water_fraction": 0.0126142747453673,
        "building_fraction": 0.0116221502143083,
        "road_km_per_km2": 12.270001392801133,
        "air_temperature_c": 25.09,
        "relative_humidity_pct": 64.6,
        "wind_speed_10m_ms": 4.85,
        "valid_time_beijing": "2026-09-17 12:00",
        "lead_hours": 2,
        "forecast_issued_at": "2026-09-17T03:56:15.209336+00:00",
        "net_solar_radiation_wm2": 439.1,
        "utci_c": 29.11,
        "p_base": 0.2941,
        "p_enhanced": 0.3404,
        "delta_p": 0.0462,
        "risk_level": "moderate"
      },
      "geometry": {
        "type": "Polygon",
        "coordinates": [
          [
            [
              121.49,
              31.41
            ],
            [
              121.48,
              31.41
            ],
            [
              121.48,
              31.42
            ],
            [
              121.48375298797204,
              31.42
            ],
            [
              121.489165,
              31.416353
            ],
            [
              121.49,
              31.41530457020918
            ],
            [
              121.49,
              31.41
            ]
          ]
        ]
      }
    },
    {
      "id": "29",
      "type": "Feature",
      "properties": {
        "grid_id": "r049_c038",
        "green_fraction": 0.1277239870812564,
        "water_fraction": 0.0606223489763715,
        "building_fraction": 0.0,
        "road_km_per_km2": 3.587157183574531,
        "air_temperature_c": 25.09,
        "relative_humidity_pct": 64.6,
        "wind_speed_10m_ms": 4.85,
        "valid_time_beijing": "2026-09-17 12:00",
        "lead_hours": 2,
        "forecast_issued_at": "2026-09-17T03:56:15.209336+00:00",
        "net_solar_radiation_wm2": 439.1,
        "utci_c": 29.11,
        "p_base": 0.2941,
        "p_enhanced": 0.3234,
        "delta_p": 0.0292,
        "risk_level": "moderate"
      },
      "geometry": {
        "type": "Polygon",
        "coordinates": [
          [
            [
              121.23,
              31.4
            ],
            [
              121.23,
              31.41
            ],
            [
              121.24,
              31.41
            ],
            [
              121.24,
              31.4
            ],
            [
              121.23,
              31.4
            ]
          ]
        ]
      }
    },
    {
      "id": "30",
      "type": "Feature",
      "properties": {
        "grid_id": "r049_c050",
        "green_fraction": 0.047043831137384,
        "water_fraction": 0.0641114988287879,
        "building_fraction": 0.0,
        "road_km_per_km2": 6.722977372609538,
        "air_temperature_c": 25.09,
        "relative_humidity_pct": 64.6,
        "wind_speed_10m_ms": 4.85,
        "valid_time_beijing": "2026-09-17 12:00",
        "lead_hours": 2,
        "forecast_issued_at": "2026-09-17T03:56:15.209336+00:00",
        "net_solar_radiation_wm2": 439.1,
        "utci_c": 29.11,
        "p_base": 0.2941,
        "p_enhanced": 0.3104,
        "delta_p": 0.0162,
        "risk_level": "moderate"
      },
      "geometry": {
        "type": "Polygon",
        "coordinates": [
          [
            [
              121.35,
              31.4
            ],
            [
              121.35,
              31.41
            ],
            [
              121.36,
              31.41
            ],
            [
              121.36,
              31.4
            ],
            [
              121.35,
              31.4
            ]
          ]
        ]
      }
    },
    {
      "id": "31",
      "type": "Feature",
      "properties": {
        "grid_id": "r049_c084",
        "green_fraction": 0.6436752480454396,
        "water_fraction": 0.0133950808947587,
        "building_fraction": 0.0,
        "road_km_per_km2": 11.548256936106474,
        "air_temperature_c": 25.09,
        "relative_humidity_pct": 64.6,
        "wind_speed_10m_ms": 4.85,
        "valid_time_beijing": "2026-09-17 12:00",
        "lead_hours": 2,
        "forecast_issued_at": "2026-09-17T03:56:15.209336+00:00",
        "net_solar_radiation_wm2": 439.1,
        "utci_c": 29.11,
        "p_base": 0.2941,
        "p_enhanced": 0.4231,
        "delta_p": 0.129,
        "risk_level": "moderate"
      },
      "geometry": {
        "type": "Polygon",
        "coordinates": [
          [
            [
              121.69,
              31.4
            ],
            [
              121.69,
              31.41
            ],
            [
              121.7,
              31.41
            ],
            [
              121.7,
              31.4
            ],
            [
              121.69,
              31.4
            ]
          ]
        ]
      }
    },
    {
      "id": "32",
      "type": "Feature",
      "properties": {
        "grid_id": "r049_c085",
        "green_fraction": 0.9898446372819796,
        "water_fraction": 0.0618977979871411,
        "building_fraction": 0.0,
        "road_km_per_km2": 12.777342307587084,
        "air_temperature_c": 25.09,
        "relative_humidity_pct": 64.6,
        "wind_speed_10m_ms": 4.85,
        "valid_time_beijing": "2026-09-17 12:00",
        "lead_hours": 2,
        "forecast_issued_at": "2026-09-17T03:56:15.209336+00:00",
        "net_solar_radiation_wm2": 439.1,
        "utci_c": 29.11,
        "p_base": 0.2941,
        "p_enhanced": 0.4596,
        "delta_p": 0.1654,
        "risk_level": "moderate"
      },
      "geometry": {
        "type": "Polygon",
        "coordinates": [
          [
            [
              121.7,
              31.4
            ],
            [
              121.7,
              31.41
            ],
            [
              121.71,
              31.41
            ],
            [
              121.71,
              31.4
            ],
            [
              121.7,
              31.4
            ]
          ]
        ]
      }
    },
    {
      "id": "33",
      "type": "Feature",
      "properties": {
        "grid_id": "r049_c086",
        "green_fraction": 0.7600662043070184,
        "water_fraction": 0.149458257507026,
        "building_fraction": 0.0003991178162139,
        "road_km_per_km2": 11.419946435223167,
        "air_temperature_c": 25.09,
        "relative_humidity_pct": 64.6,
        "wind_speed_10m_ms": 4.85,
        "valid_time_beijing": "2026-09-17 12:00",
        "lead_hours": 2,
        "forecast_issued_at": "2026-09-17T03:56:15.209336+00:00",
        "net_solar_radiation_wm2": 439.1,
        "utci_c": 29.11,
        "p_base": 0.2941,
        "p_enhanced": 0.3849,
        "delta_p": 0.0908,
        "risk_level": "moderate"
      },
      "geometry": {
        "type": "Polygon",
        "coordinates": [
          [
            [
              121.72,
              31.4
            ],
            [
              121.71,
              31.4
            ],
            [
              121.71,
              31.41
            ],
            [
              121.71852895582931,
              31.41
            ],
            [
              121.72,
              31.409345531571713
            ],
            [
              121.72,
              31.4
            ]
          ]
        ]
      }
    },
    {
      "id": "34",
      "type": "Feature",
      "properties": {
        "grid_id": "r050_c062",
        "green_fraction": 0.0349601034121469,
        "water_fraction": 0.0,
        "building_fraction": 0.0751525752921612,
        "road_km_per_km2": 12.61166248055988,
        "air_temperature_c": 25.09,
        "relative_humidity_pct": 64.6,
        "wind_speed_10m_ms": 4.85,
        "valid_time_beijing": "2026-09-17 12:00",
        "lead_hours": 2,
        "forecast_issued_at": "2026-09-17T03:56:15.209336+00:00",
        "net_solar_radiation_wm2": 439.1,
        "utci_c": 29.11,
        "p_base": 0.2941,
        "p_enhanced": 0.3227,
        "delta_p": 0.0286,
        "risk_level": "moderate"
      },
      "geometry": {
        "type": "Polygon",
        "coordinates": [
          [
            [
              121.47,
              31.39
            ],
            [
              121.47,
              31.4
            ],
            [
              121.48,
              31.4
            ],
            [
              121.48,
              31.39
            ],
            [
              121.47,
              31.39
            ]
          ]
        ]
      }
    },
    {
      "id": "35",
      "type": "Feature",
      "properties": {
        "grid_id": "r050_c085",
        "green_fraction": 0.1806537283250056,
        "water_fraction": 0.0309000282933857,
        "building_fraction": 0.0209571168691171,
        "road_km_per_km2": 9.6969069760364,
        "air_temperature_c": 25.09,
        "relative_humidity_pct": 64.6,
        "wind_speed_10m_ms": 4.85,
        "valid_time_beijing": "2026-09-17 12:00",
        "lead_hours": 2,
        "forecast_issued_at": "2026-09-17T03:56:15.209336+00:00",
        "net_solar_radiation_wm2": 439.1,
        "utci_c": 29.11,
        "p_base": 0.2941,
        "p_enhanced": 0.3399,
        "delta_p": 0.0457,
        "risk_level": "moderate"
      },
      "geometry": {
        "type": "Polygon",
        "coordinates": [
          [
            [
              121.7,
              31.39
            ],
            [
              121.7,
              31.4
            ],
            [
              121.71,
              31.4
            ],
            [
              121.71,
              31.39
            ],
            [
              121.7,
              31.39
            ]
          ]
        ]
      }
    },
    {
      "id": "36",
      "type": "Feature",
      "properties": {
        "grid_id": "r051_c038",
        "green_fraction": 0.0077639619998755,
        "water_fraction": 0.0340149713348046,
        "building_fraction": 0.0050450434931491,
        "road_km_per_km2": 8.602328614342676,
        "air_temperature_c": 25.09,
        "relative_humidity_pct": 64.6,
        "wind_speed_10m_ms": 4.85,
        "valid_time_beijing": "2026-09-17 12:00",
        "lead_hours": 2,
        "forecast_issued_at": "2026-09-17T03:56:15.209336+00:00",
        "net_solar_radiation_wm2": 439.1,
        "utci_c": 29.11,
        "p_base": 0.2941,
        "p_enhanced": 0.3153,
        "delta_p": 0.0211,
        "risk_level": "moderate"
      },
      "geometry": {
        "type": "Polygon",
        "coordinates": [
          [
            [
              121.23,
              31.38
            ],
            [
              121.23,
              31.39
            ],
            [
              121.24,
              31.39
            ],
            [
              121.24,
              31.38
            ],
            [
              121.23,
              31.38
            ]
          ]
        ]
      }
    },
    {
      "id": "37",
      "type": "Feature",
      "properties": {
        "grid_id": "r051_c039",
        "green_fraction": 0.0507841899170711,
        "water_fraction": 0.0039149415183191,
        "building_fraction": 0.0524306460715099,
        "road_km_per_km2": 16.797647004547763,
        "air_temperature_c": 25.09,
        "relative_humidity_pct": 64.6,
        "wind_speed_10m_ms": 4.85,
        "valid_time_beijing": "2026-09-17 12:00",
        "lead_hours": 2,
        "forecast_issued_at": "2026-09-17T03:56:15.209336+00:00",
        "net_solar_radiation_wm2": 439.1,
        "utci_c": 29.11,
        "p_base": 0.2941,
        "p_enhanced": 0.3266,
        "delta_p": 0.0325,
        "risk_level": "moderate"
      },
      "geometry": {
        "type": "Polygon",
        "coordinates": [
          [
            [
              121.24,
              31.38
            ],
            [
              121.24,
              31.39
            ],
            [
              121.25,
              31.39
            ],
            [
              121.25,
              31.38
            ],
            [
              121.24,
              31.38
            ]
          ]
        ]
      }
    },
    {
      "id": "38",
      "type": "Feature",
      "properties": {
        "grid_id": "r051_c046",
        "green_fraction": 0.0,
        "water_fraction": 0.0,
        "building_fraction": 0.0,
        "road_km_per_km2": 4.906875209952521,
        "air_temperature_c": 25.09,
        "relative_humidity_pct": 64.6,
        "wind_speed_10m_ms": 4.85,
        "valid_time_beijing": "2026-09-17 12:00",
        "lead_hours": 2,
        "forecast_issued_at": "2026-09-17T03:56:15.209336+00:00",
        "net_solar_radiation_wm2": 439.1,
        "utci_c": 29.11,
        "p_base": 0.2941,
        "p_enhanced": 0.3277,
        "delta_p": 0.0336,
        "risk_level": "moderate"
      },
      "geometry": {
        "type": "Polygon",
        "coordinates": [
          [
            [
              121.31,
              31.38
            ],
            [
              121.31,
              31.39
            ],
            [
              121.32,
              31.39
            ],
            [
              121.32,
              31.38
            ],
            [
              121.31,
              31.38
            ]
          ]
        ]
      }
    },
    {
      "id": "39",
      "type": "Feature",
      "properties": {
        "grid_id": "r051_c066",
        "green_fraction": 0.3459739445729101,
        "water_fraction": 0.1923049335210216,
        "building_fraction": 0.0226749096053118,
        "road_km_per_km2": 8.246922837761836,
        "air_temperature_c": 25.09,
        "relative_humidity_pct": 64.6,
        "wind_speed_10m_ms": 4.85,
        "valid_time_beijing": "2026-09-17 12:00",
        "lead_hours": 2,
        "forecast_issued_at": "2026-09-17T03:56:15.209336+00:00",
        "net_solar_radiation_wm2": 439.1,
        "utci_c": 29.11,
        "p_base": 0.2941,
        "p_enhanced": 0.3026,
        "delta_p": 0.0085,
        "risk_level": "moderate"
      },
      "geometry": {
        "type": "Polygon",
        "coordinates": [
          [
            [
              121.52,
              31.38
            ],
            [
              121.51,
              31.38
            ],
            [
              121.51,
              31.39
            ],
            [
              121.51015329620499,
              31.39
            ],
            [
              121.510487,
              31.389581
            ],
            [
              121.52,
              31.389588318943407
            ],
            [
              121.52,
              31.38
            ]
          ]
        ]
      }
    },
    {
      "id": "40",
      "type": "Feature",
      "properties": {
        "grid_id": "r051_c067",
        "green_fraction": 0.961428656766054,
        "water_fraction": 0.04518897854022,
        "building_fraction": 0.0035844336904032,
        "road_km_per_km2": 16.6124395211857,
        "air_temperature_c": 25.09,
        "relative_humidity_pct": 64.6,
        "wind_speed_10m_ms": 4.85,
        "valid_time_beijing": "2026-09-17 12:00",
        "lead_hours": 2,
        "forecast_issued_at": "2026-09-17T03:56:15.209336+00:00",
        "net_solar_radiation_wm2": 439.1,
        "utci_c": 29.11,
        "p_base": 0.2941,
        "p_enhanced": 0.4615,
        "delta_p": 0.1674,
        "risk_level": "moderate"
      },
      "geometry": {
        "type": "Polygon",
        "coordinates": [
          [
            [
              121.53,
              31.38
            ],
            [
              121.52,
              31.38
            ],
            [
              121.52,
              31.389588318943407
            ],
            [
              121.522185,
              31.38959
            ],
            [
              121.53,
              31.387382108905328
            ],
            [
              121.53,
              31.38
            ]
          ]
        ]
      }
    },
    {
      "id": "41",
      "type": "Feature",
      "properties": {
        "grid_id": "r051_c068",
        "green_fraction": 0.4553794175610389,
        "water_fraction": 0.0084232733174524,
        "building_fraction": 0.0006888420239454,
        "road_km_per_km2": 7.953176202432317,
        "air_temperature_c": 25.09,
        "relative_humidity_pct": 64.6,
        "wind_speed_10m_ms": 4.85,
        "valid_time_beijing": "2026-09-17 12:00",
        "lead_hours": 2,
        "forecast_issued_at": "2026-09-17T03:56:15.209336+00:00",
        "net_solar_radiation_wm2": 439.1,
        "utci_c": 29.11,
        "p_base": 0.2941,
        "p_enhanced": 0.3946,
        "delta_p": 0.1004,
        "risk_level": "moderate"
      },
      "geometry": {
        "type": "Polygon",
        "coordinates": [
          [
            [
              121.54,
              31.38
            ],
            [
              121.53,
              31.38
            ],
            [
              121.53,
              31.387382108905328
            ],
            [
              121.54,
              31.38455691236705
            ],
            [
              121.54,
              31.38
            ]
          ]
        ]
      }
    },
    {
      "id": "42",
      "type": "Feature",
      "properties": {
        "grid_id": "r051_c085",
        "green_fraction": 0.0897360701564107,
        "water_fraction": 0.0343133923017336,
        "building_fraction": 0.0433575033817378,
        "road_km_per_km2": 18.94144726800808,
        "air_temperature_c": 25.09,
        "relative_humidity_pct": 64.6,
        "wind_speed_10m_ms": 4.85,
        "valid_time_beijing": "2026-09-17 12:00",
        "lead_hours": 2,
        "forecast_issued_at": "2026-09-17T03:56:15.209336+00:00",
        "net_solar_radiation_wm2": 439.1,
        "utci_c": 29.11,
        "p_base": 0.2941,
        "p_enhanced": 0.322,
        "delta_p": 0.0278,
        "risk_level": "moderate"
      },
      "geometry": {
        "type": "Polygon",
        "coordinates": [
          [
            [
              121.7,
              31.38
            ],
            [
              121.7,
              31.39
            ],
            [
              121.71,
              31.39
            ],
            [
              121.71,
              31.38
            ],
            [
              121.7,
              31.38
            ]
          ]
        ]
      }
    },
    {
      "id": "43",
      "type": "Feature",
      "properties": {
        "grid_id": "r052_c067",
        "green_fraction": 0.2847111055204749,
        "water_fraction": 0.0,
        "building_fraction": 0.0141738396767346,
        "road_km_per_km2": 14.39406504037549,
        "air_temperature_c": 25.09,
        "relative_humidity_pct": 64.6,
        "wind_speed_10m_ms": 4.85,
        "valid_time_beijing": "2026-09-17 12:00",
        "lead_hours": 2,
        "forecast_issued_at": "2026-09-17T03:56:15.209336+00:00",
        "net_solar_radiation_wm2": 439.1,
        "utci_c": 29.11,
        "p_base": 0.2941,
        "p_enhanced": 0.3691,
        "delta_p": 0.0749,
        "risk_level": "moderate"
      },
      "geometry": {
        "type": "Polygon",
        "coordinates": [
          [
            [
              121.52,
              31.37
            ],
            [
              121.52,
              31.38
            ],
            [
              121.53,
              31.38
            ],
            [
              121.53,
              31.37
            ],
            [
              121.52,
              31.37
            ]
          ]
        ]
      }
    },
    {
      "id": "44",
      "type": "Feature",
      "properties": {
        "grid_id": "r053_c040",
        "green_fraction": 0.0518395476748445,
        "water_fraction": 0.0203713922487119,
        "building_fraction": 0.0090462054555803,
        "road_km_per_km2": 10.759502976120716,
        "air_temperature_c": 25.09,
        "relative_humidity_pct": 64.6,
        "wind_speed_10m_ms": 4.85,
        "valid_time_beijing": "2026-09-17 12:00",
        "lead_hours": 2,
        "forecast_issued_at": "2026-09-17T03:56:15.209336+00:00",
        "net_solar_radiation_wm2": 439.1,
        "utci_c": 29.11,
        "p_base": 0.2941,
        "p_enhanced": 0.3263,
        "delta_p": 0.0322,
        "risk_level": "moderate"
      },
      "geometry": {
        "type": "Polygon",
        "coordinates": [
          [
            [
              121.25,
              31.36
            ],
            [
              121.25,
              31.37
            ],
            [
              121.26,
              31.37
            ],
            [
              121.26,
              31.36
            ],
            [
              121.25,
              31.36
            ]
          ]
        ]
      }
    },
    {
      "id": "45",
      "type": "Feature",
      "properties": {
        "grid_id": "r053_c057",
        "green_fraction": 0.0230607830842482,
        "water_fraction": 0.0,
        "building_fraction": 0.0308030107447413,
        "road_km_per_km2": 11.657856551531482,
        "air_temperature_c": 25.09,
        "relative_humidity_pct": 64.6,
        "wind_speed_10m_ms": 4.85,
        "valid_time_beijing": "2026-09-17 12:00",
        "lead_hours": 2,
        "forecast_issued_at": "2026-09-17T03:56:15.209336+00:00",
        "net_solar_radiation_wm2": 439.1,
        "utci_c": 29.11,
        "p_base": 0.2941,
        "p_enhanced": 0.327,
        "delta_p": 0.0328,
        "risk_level": "moderate"
      },
      "geometry": {
        "type": "Polygon",
        "coordinates": [
          [
            [
              121.42,
              31.36
            ],
            [
              121.42,
              31.37
            ],
            [
              121.43,
              31.37
            ],
            [
              121.43,
              31.36
            ],
            [
              121.42,
              31.36
            ]
          ]
        ]
      }
    },
    {
      "id": "46",
      "type": "Feature",
      "properties": {
        "grid_id": "r054_c051",
        "green_fraction": 0.0,
        "water_fraction": 0.0,
        "building_fraction": 0.0,
        "road_km_per_km2": 8.143291615326048,
        "air_temperature_c": 25.09,
        "relative_humidity_pct": 64.6,
        "wind_speed_10m_ms": 4.85,
        "valid_time_beijing": "2026-09-17 12:00",
        "lead_hours": 2,
        "forecast_issued_at": "2026-09-17T03:56:15.209336+00:00",
        "net_solar_radiation_wm2": 439.1,
        "utci_c": 29.11,
        "p_base": 0.2941,
        "p_enhanced": 0.3277,
        "delta_p": 0.0336,
        "risk_level": "moderate"
      },
      "geometry": {
        "type": "Polygon",
        "coordinates": [
          [
            [
              121.36,
              31.35
            ],
            [
              121.36,
              31.36
            ],
            [
              121.37,
              31.36
            ],
            [
              121.37,
              31.35
            ],
            [
              121.36,
              31.35
            ]
          ]
        ]
      }
    },
    {
      "id": "47",
      "type": "Feature",
      "properties": {
        "grid_id": "r054_c057",
        "green_fraction": 0.303202436570839,
        "water_fraction": 0.0,
        "building_fraction": 0.0082633048002859,
        "road_km_per_km2": 12.797544852663629,
        "air_temperature_c": 25.09,
        "relative_humidity_pct": 64.6,
        "wind_speed_10m_ms": 4.85,
        "valid_time_beijing": "2026-09-17 12:00",
        "lead_hours": 2,
        "forecast_issued_at": "2026-09-17T03:56:15.209336+00:00",
        "net_solar_radiation_wm2": 439.1,
        "utci_c": 29.11,
        "p_base": 0.2941,
        "p_enhanced": 0.3728,
        "delta_p": 0.0787,
        "risk_level": "moderate"
      },
      "geometry": {
        "type": "Polygon",
        "coordinates": [
          [
            [
              121.42,
              31.35
            ],
            [
              121.42,
              31.36
            ],
            [
              121.43,
              31.36
            ],
            [
              121.43,
              31.35
            ],
            [
              121.42,
              31.35
            ]
          ]
        ]
      }
    },
    {
      "id": "48",
      "type": "Feature",
      "properties": {
        "grid_id": "r054_c093",
        "green_fraction": 0.0512517410312506,
        "water_fraction": 0.0619968487814342,
        "building_fraction": 0.0154341977516765,
        "road_km_per_km2": 8.510922773834965,
        "air_temperature_c": 25.09,
        "relative_humidity_pct": 64.6,
        "wind_speed_10m_ms": 4.85,
        "valid_time_beijing": "2026-09-17 12:00",
        "lead_hours": 2,
        "forecast_issued_at": "2026-09-17T03:56:15.209336+00:00",
        "net_solar_radiation_wm2": 439.1,
        "utci_c": 29.11,
        "p_base": 0.2941,
        "p_enhanced": 0.3097,
        "delta_p": 0.0156,
        "risk_level": "moderate"
      },
      "geometry": {
        "type": "Polygon",
        "coordinates": [
          [
            [
              121.78,
              31.35
            ],
            [
              121.78,
              31.36
            ],
            [
              121.78667307180206,
              31.36
            ],
            [
              121.786709,
              31.359951
            ],
            [
              121.78777437729488,
              31.35
            ],
            [
              121.78,
              31.35
            ]
          ]
        ]
      }
    },
    {
      "id": "49",
      "type": "Feature",
      "properties": {
        "grid_id": "r055_c051",
        "green_fraction": 0.4499140730491604,
        "water_fraction": 0.0599943265946571,
        "building_fraction": 0.0484639547145507,
        "road_km_per_km2": 12.588521874873807,
        "air_temperature_c": 25.09,
        "relative_humidity_pct": 64.6,
        "wind_speed_10m_ms": 4.85,
        "valid_time_beijing": "2026-09-17 12:00",
        "lead_hours": 2,
        "forecast_issued_at": "2026-09-17T03:56:15.209336+00:00",
        "net_solar_radiation_wm2": 439.1,
        "utci_c": 29.11,
        "p_base": 0.2941,
        "p_enhanced": 0.3657,
        "delta_p": 0.0715,
        "risk_level": "moderate"
      },
      "geometry": {
        "type": "Polygon",
        "coordinates": [
          [
            [
              121.36,
              31.34
            ],
            [
              121.36,
              31.35
            ],
            [
              121.37,
              31.35
            ],
            [
              121.37,
              31.34
            ],
            [
              121.36,
              31.34
            ]
          ]
        ]
      }
    },
    {
      "id": "50",
      "type": "Feature",
      "properties": {
        "grid_id": "r055_c057",
        "green_fraction": 0.0479138050326028,
        "water_fraction": 0.0849453427565222,
        "building_fraction": 0.031101455195919,
        "road_km_per_km2": 7.0177882804166725,
        "air_temperature_c": 25.09,
        "relative_humidity_pct": 64.6,
        "wind_speed_10m_ms": 4.85,
        "valid_time_beijing": "2026-09-17 12:00",
        "lead_hours": 2,
        "forecast_issued_at": "2026-09-17T03:56:15.209336+00:00",
        "net_solar_radiation_wm2": 439.1,
        "utci_c": 29.11,
        "p_base": 0.2941,
        "p_enhanced": 0.2988,
        "delta_p": 0.0046,
        "risk_level": "moderate"
      },
      "geometry": {
        "type": "Polygon",
        "coordinates": [
          [
            [
              121.42,
              31.34
            ],
            [
              121.42,
              31.35
            ],
            [
              121.43,
              31.35
            ],
            [
              121.43,
              31.34
            ],
            [
              121.42,
              31.34
            ]
          ]
        ]
      }
    },
    {
      "id": "51",
      "type": "Feature",
      "properties": {
        "grid_id": "r055_c058",
        "green_fraction": 0.0099838537383205,
        "water_fraction": 0.0876421417042673,
        "building_fraction": 0.0361110806361467,
        "road_km_per_km2": 10.048615978196322,
        "air_temperature_c": 25.09,
        "relative_humidity_pct": 64.6,
        "wind_speed_10m_ms": 4.85,
        "valid_time_beijing": "2026-09-17 12:00",
        "lead_hours": 2,
        "forecast_issued_at": "2026-09-17T03:56:15.209336+00:00",
        "net_solar_radiation_wm2": 439.1,
        "utci_c": 29.11,
        "p_base": 0.2941,
        "p_enhanced": 0.2918,
        "delta_p": -0.0023,
        "risk_level": "moderate"
      },
      "geometry": {
        "type": "Polygon",
        "coordinates": [
          [
            [
              121.43,
              31.34
            ],
            [
              121.43,
              31.35
            ],
            [
              121.44,
              31.35
            ],
            [
              121.44,
              31.34
            ],
            [
              121.43,
              31.34
            ]
          ]
        ]
      }
    },
    {
      "id": "52",
      "type": "Feature",
      "properties": {
        "grid_id": "r055_c059",
        "green_fraction": 0.0878739796054406,
        "water_fraction": 0.0386454637950271,
        "building_fraction": 0.0181564784022001,
        "road_km_per_km2": 5.1882930515502,
        "air_temperature_c": 25.09,
        "relative_humidity_pct": 64.6,
        "wind_speed_10m_ms": 4.85,
        "valid_time_beijing": "2026-09-17 12:00",
        "lead_hours": 2,
        "forecast_issued_at": "2026-09-17T03:56:15.209336+00:00",
        "net_solar_radiation_wm2": 439.1,
        "utci_c": 29.11,
        "p_base": 0.2941,
        "p_enhanced": 0.3235,
        "delta_p": 0.0293,
        "risk_level": "moderate"
      },
      "geometry": {
        "type": "Polygon",
        "coordinates": [
          [
            [
              121.44,
              31.34
            ],
            [
              121.44,
              31.35
            ],
            [
              121.45,
              31.35
            ],
            [
              121.45,
              31.34
            ],
            [
              121.44,
              31.34
            ]
          ]
        ]
      }
    },
    {
      "id": "53",
      "type": "Feature",
      "properties": {
        "grid_id": "r055_c061",
        "green_fraction": 0.0559734271965067,
        "water_fraction": 0.0,
        "building_fraction": 0.0248202233917652,
        "road_km_per_km2": 6.477600994918042,
        "air_temperature_c": 25.09,
        "relative_humidity_pct": 64.6,
        "wind_speed_10m_ms": 4.85,
        "valid_time_beijing": "2026-09-17 12:00",
        "lead_hours": 2,
        "forecast_issued_at": "2026-09-17T03:56:15.209336+00:00",
        "net_solar_radiation_wm2": 439.1,
        "utci_c": 29.11,
        "p_base": 0.2941,
        "p_enhanced": 0.3326,
        "delta_p": 0.0385,
        "risk_level": "moderate"
      },
      "geometry": {
        "type": "Polygon",
        "coordinates": [
          [
            [
              121.46,
              31.34
            ],
            [
              121.46,
              31.35
            ],
            [
              121.47,
              31.35
            ],
            [
              121.47,
              31.34
            ],
            [
              121.46,
              31.34
            ]
          ]
        ]
      }
    },
    {
      "id": "54",
      "type": "Feature",
      "properties": {
        "grid_id": "r055_c063",
        "green_fraction": 0.0857264598844236,
        "water_fraction": 0.0186216015072415,
        "building_fraction": 0.1760633787448291,
        "road_km_per_km2": 11.248184268459964,
        "air_temperature_c": 25.09,
        "relative_humidity_pct": 64.6,
        "wind_speed_10m_ms": 4.85,
        "valid_time_beijing": "2026-09-17 12:00",
        "lead_hours": 2,
        "forecast_issued_at": "2026-09-17T03:56:15.209336+00:00",
        "net_solar_radiation_wm2": 439.1,
        "utci_c": 29.11,
        "p_base": 0.2941,
        "p_enhanced": 0.3097,
        "delta_p": 0.0156,
        "risk_level": "moderate"
      },
      "geometry": {
        "type": "Polygon",
        "coordinates": [
          [
            [
              121.48,
              31.34
            ],
            [
              121.48,
              31.35
            ],
            [
              121.49,
              31.35
            ],
            [
              121.49,
              31.34
            ],
            [
              121.48,
              31.34
            ]
          ]
        ]
      }
    },
    {
      "id": "55",
      "type": "Feature",
      "properties": {
        "grid_id": "r055_c064",
        "green_fraction": 0.0038369678013821,
        "water_fraction": 0.0261726977742714,
        "building_fraction": 0.0742780868270808,
        "road_km_per_km2": 13.371397109058304,
        "air_temperature_c": 25.09,
        "relative_humidity_pct": 64.6,
        "wind_speed_10m_ms": 4.85,
        "valid_time_beijing": "2026-09-17 12:00",
        "lead_hours": 2,
        "forecast_issued_at": "2026-09-17T03:56:15.209336+00:00",
        "net_solar_radiation_wm2": 439.1,
        "utci_c": 29.11,
        "p_base": 0.2941,
        "p_enhanced": 0.3085,
        "delta_p": 0.0144,
        "risk_level": "moderate"
      },
      "geometry": {
        "type": "Polygon",
        "coordinates": [
          [
            [
              121.49,
              31.34
            ],
            [
              121.49,
              31.35
            ],
            [
              121.5,
              31.35
            ],
            [
              121.5,
              31.34
            ],
            [
              121.49,
              31.34
            ]
          ]
        ]
      }
    },
    {
      "id": "56",
      "type": "Feature",
      "properties": {
        "grid_id": "r055_c072",
        "green_fraction": 0.0227254851462347,
        "water_fraction": 0.0345321853015932,
        "building_fraction": 0.0950393544231208,
        "road_km_per_km2": 13.067432314472274,
        "air_temperature_c": 25.09,
        "relative_humidity_pct": 64.6,
        "wind_speed_10m_ms": 4.85,
        "valid_time_beijing": "2026-09-17 12:00",
        "lead_hours": 2,
        "forecast_issued_at": "2026-09-17T03:56:15.209336+00:00",
        "net_solar_radiation_wm2": 439.1,
        "utci_c": 29.11,
        "p_base": 0.2941,
        "p_enhanced": 0.3054,
        "delta_p": 0.0113,
        "risk_level": "moderate"
      },
      "geometry": {
        "type": "Polygon",
        "coordinates": [
          [
            [
              121.57,
              31.34
            ],
            [
              121.57,
              31.35
            ],
            [
              121.58,
              31.35
            ],
            [
              121.58,
              31.34
            ],
            [
              121.57,
              31.34
            ]
          ]
        ]
      }
    },
    {
      "id": "57",
      "type": "Feature",
      "properties": {
        "grid_id": "r056_c037",
        "green_fraction": 0.030075192772555,
        "water_fraction": 0.0466542587785755,
        "building_fraction": 0.0663737220184195,
        "road_km_per_km2": 26.82428067951973,
        "air_temperature_c": 25.09,
        "relative_humidity_pct": 64.6,
        "wind_speed_10m_ms": 4.85,
        "valid_time_beijing": "2026-09-17 12:00",
        "lead_hours": 2,
        "forecast_issued_at": "2026-09-17T03:56:15.209336+00:00",
        "net_solar_radiation_wm2": 439.1,
        "utci_c": 29.11,
        "p_base": 0.2941,
        "p_enhanced": 0.3057,
        "delta_p": 0.0116,
        "risk_level": "moderate"
      },
      "geometry": {
        "type": "Polygon",
        "coordinates": [
          [
            [
              121.22,
              31.33
            ],
            [
              121.22,
              31.34
            ],
            [
              121.23,
              31.34
            ],
            [
              121.23,
              31.33
            ],
            [
              121.22,
              31.33
            ]
          ]
        ]
      }
    },
    {
      "id": "58",
      "type": "Feature",
      "properties": {
        "grid_id": "r056_c041",
        "green_fraction": 0.0009778721827234,
        "water_fraction": 0.0034307713687208,
        "building_fraction": 0.0181270666472707,
        "road_km_per_km2": 8.338525012836968,
        "air_temperature_c": 25.09,
        "relative_humidity_pct": 64.6,
        "wind_speed_10m_ms": 4.85,
        "valid_time_beijing": "2026-09-17 12:00",
        "lead_hours": 2,
        "forecast_issued_at": "2026-09-17T03:56:15.209336+00:00",
        "net_solar_radiation_wm2": 439.1,
        "utci_c": 29.11,
        "p_base": 0.2941,
        "p_enhanced": 0.3241,
        "delta_p": 0.03,
        "risk_level": "moderate"
      },
      "geometry": {
        "type": "Polygon",
        "coordinates": [
          [
            [
              121.26,
              31.33
            ],
            [
              121.26,
              31.34
            ],
            [
              121.27,
              31.34
            ],
            [
              121.27,
              31.33
            ],
            [
              121.26,
              31.33
            ]
          ]
        ]
      }
    },
    {
      "id": "59",
      "type": "Feature",
      "properties": {
        "grid_id": "r056_c103",
        "green_fraction": 0.0,
        "water_fraction": 0.0939269279732313,
        "building_fraction": 0.0001832956853078,
        "road_km_per_km2": 3.2665540664752024,
        "air_temperature_c": 25.09,
        "relative_humidity_pct": 64.6,
        "wind_speed_10m_ms": 4.85,
        "valid_time_beijing": "2026-09-17 12:00",
        "lead_hours": 2,
        "forecast_issued_at": "2026-09-17T03:56:15.209336+00:00",
        "net_solar_radiation_wm2": 439.1,
        "utci_c": 29.11,
        "p_base": 0.2941,
        "p_enhanced": 0.2928,
        "delta_p": -0.0014,
        "risk_level": "moderate"
      },
      "geometry": {
        "type": "Polygon",
        "coordinates": [
          [
            [
              121.88,
              31.33
            ],
            [
              121.88,
              31.34
            ],
            [
              121.89,
              31.34
            ],
            [
              121.89,
              31.33
            ],
            [
              121.88,
              31.33
            ]
          ]
        ]
      }
    },
    {
      "id": "60",
      "type": "Feature",
      "properties": {
        "grid_id": "r057_c054",
        "green_fraction": 0.0308391089170503,
        "water_fraction": 0.0684939433022137,
        "building_fraction": 0.0300212516415739,
        "road_km_per_km2": 8.331005272348774,
        "air_temperature_c": 25.09,
        "relative_humidity_pct": 64.6,
        "wind_speed_10m_ms": 4.85,
        "valid_time_beijing": "2026-09-17 12:00",
        "lead_hours": 2,
        "forecast_issued_at": "2026-09-17T03:56:15.209336+00:00",
        "net_solar_radiation_wm2": 439.1,
        "utci_c": 29.11,
        "p_base": 0.2941,
        "p_enhanced": 0.3025,
        "delta_p": 0.0084,
        "risk_level": "moderate"
      },
      "geometry": {
        "type": "Polygon",
        "coordinates": [
          [
            [
              121.39,
              31.32
            ],
            [
              121.39,
              31.33
            ],
            [
              121.4,
              31.33
            ],
            [
              121.4,
              31.32
            ],
            [
              121.39,
              31.32
            ]
          ]
        ]
      }
    },
    {
      "id": "61",
      "type": "Feature",
      "properties": {
        "grid_id": "r057_c058",
        "green_fraction": 0.0164128691254998,
        "water_fraction": 0.0,
        "building_fraction": 0.0096595385144052,
        "road_km_per_km2": 6.906022166912627,
        "air_temperature_c": 25.09,
        "relative_humidity_pct": 64.6,
        "wind_speed_10m_ms": 4.85,
        "valid_time_beijing": "2026-09-17 12:00",
        "lead_hours": 2,
        "forecast_issued_at": "2026-09-17T03:56:15.209336+00:00",
        "net_solar_radiation_wm2": 439.1,
        "utci_c": 29.11,
        "p_base": 0.2941,
        "p_enhanced": 0.3288,
        "delta_p": 0.0347,
        "risk_level": "moderate"
      },
      "geometry": {
        "type": "Polygon",
        "coordinates": [
          [
            [
              121.43,
              31.32
            ],
            [
              121.43,
              31.33
            ],
            [
              121.44,
              31.33
            ],
            [
              121.44,
              31.32
            ],
            [
              121.43,
              31.32
            ]
          ]
        ]
      }
    },
    {
      "id": "62",
      "type": "Feature",
      "properties": {
        "grid_id": "r057_c061",
        "green_fraction": 0.0,
        "water_fraction": 0.030988980741792,
        "building_fraction": 0.0248573776989811,
        "road_km_per_km2": 7.077046357173089,
        "air_temperature_c": 25.09,
        "relative_humidity_pct": 64.6,
        "wind_speed_10m_ms": 4.85,
        "valid_time_beijing": "2026-09-17 12:00",
        "lead_hours": 2,
        "forecast_issued_at": "2026-09-17T03:56:15.209336+00:00",
        "net_solar_radiation_wm2": 439.1,
        "utci_c": 29.11,
        "p_base": 0.2941,
        "p_enhanced": 0.3127,
        "delta_p": 0.0185,
        "risk_level": "moderate"
      },
      "geometry": {
        "type": "Polygon",
        "coordinates": [
          [
            [
              121.46,
              31.32
            ],
            [
              121.46,
              31.33
            ],
            [
              121.47,
              31.33
            ],
            [
              121.47,
              31.32
            ],
            [
              121.46,
              31.32
            ]
          ]
        ]
      }
    },
    {
      "id": "63",
      "type": "Feature",
      "properties": {
        "grid_id": "r057_c065",
        "green_fraction": 0.114915437423218,
        "water_fraction": 0.0618366213090203,
        "building_fraction": 0.0447683720955445,
        "road_km_per_km2": 30.228088614350963,
        "air_temperature_c": 25.09,
        "relative_humidity_pct": 64.6,
        "wind_speed_10m_ms": 4.85,
        "valid_time_beijing": "2026-09-17 12:00",
        "lead_hours": 2,
        "forecast_issued_at": "2026-09-17T03:56:15.209336+00:00",
        "net_solar_radiation_wm2": 439.1,
        "utci_c": 29.11,
        "p_base": 0.2941,
        "p_enhanced": 0.3151,
        "delta_p": 0.0209,
        "risk_level": "moderate"
      },
      "geometry": {
        "type": "Polygon",
        "coordinates": [
          [
            [
              121.5,
              31.32
            ],
            [
              121.5,
              31.33
            ],
            [
              121.51,
              31.33
            ],
            [
              121.51,
              31.32
            ],
            [
              121.5,
              31.32
            ]
          ]
        ]
      }
    },
    {
      "id": "64",
      "type": "Feature",
      "properties": {
        "grid_id": "r057_c069",
        "green_fraction": 0.6119436322686229,
        "water_fraction": 0.0467140128847146,
        "building_fraction": 0.0022521502870251,
        "road_km_per_km2": 16.55220932627622,
        "air_temperature_c": 25.09,
        "relative_humidity_pct": 64.6,
        "wind_speed_10m_ms": 4.85,
        "valid_time_beijing": "2026-09-17 12:00",
        "lead_hours": 2,
        "forecast_issued_at": "2026-09-17T03:56:15.209336+00:00",
        "net_solar_radiation_wm2": 439.1,
        "utci_c": 29.11,
        "p_base": 0.2941,
        "p_enhanced": 0.4036,
        "delta_p": 0.1094,
        "risk_level": "moderate"
      },
      "geometry": {
        "type": "Polygon",
        "coordinates": [
          [
            [
              121.54,
              31.32
            ],
            [
              121.54,
              31.33
            ],
            [
              121.55,
              31.33
            ],
            [
              121.55,
              31.32
            ],
            [
              121.54,
              31.32
            ]
          ]
        ]
      }
    },
    {
      "id": "65",
      "type": "Feature",
      "properties": {
        "grid_id": "r057_c074",
        "green_fraction": 0.4318915789712917,
        "water_fraction": 0.0151255189498075,
        "building_fraction": 0.0345864544987788,
        "road_km_per_km2": 15.602416091888657,
        "air_temperature_c": 25.09,
        "relative_humidity_pct": 64.6,
        "wind_speed_10m_ms": 4.85,
        "valid_time_beijing": "2026-09-17 12:00",
        "lead_hours": 2,
        "forecast_issued_at": "2026-09-17T03:56:15.209336+00:00",
        "net_solar_radiation_wm2": 439.1,
        "utci_c": 29.11,
        "p_base": 0.2941,
        "p_enhanced": 0.3831,
        "delta_p": 0.089,
        "risk_level": "moderate"
      },
      "geometry": {
        "type": "Polygon",
        "coordinates": [
          [
            [
              121.59,
              31.32
            ],
            [
              121.59,
              31.33
            ],
            [
              121.6,
              31.33
            ],
            [
              121.6,
              31.32
            ],
            [
              121.59,
              31.32
            ]
          ]
        ]
      }
    },
    {
      "id": "66",
      "type": "Feature",
      "properties": {
        "grid_id": "r058_c045",
        "green_fraction": 0.1072792170739598,
        "water_fraction": 0.0995276592205033,
        "building_fraction": 0.0,
        "road_km_per_km2": 10.02607545915524,
        "air_temperature_c": 25.09,
        "relative_humidity_pct": 64.6,
        "wind_speed_10m_ms": 4.85,
        "valid_time_beijing": "2026-09-17 12:00",
        "lead_hours": 2,
        "forecast_issued_at": "2026-09-17T03:56:15.209336+00:00",
        "net_solar_radiation_wm2": 439.1,
        "utci_c": 29.11,
        "p_base": 0.2941,
        "p_enhanced": 0.3058,
        "delta_p": 0.0117,
        "risk_level": "moderate"
      },
      "geometry": {
        "type": "Polygon",
        "coordinates": [
          [
            [
              121.3,
              31.31
            ],
            [
              121.3,
              31.32
            ],
            [
              121.31,
              31.32
            ],
            [
              121.31,
              31.31
            ],
            [
              121.3,
              31.31
            ]
          ]
        ]
      }
    },
    {
      "id": "67",
      "type": "Feature",
      "properties": {
        "grid_id": "r058_c055",
        "green_fraction": 0.0242406736199269,
        "water_fraction": 0.0,
        "building_fraction": 0.0073238218310969,
        "road_km_per_km2": 9.285300750615969,
        "air_temperature_c": 25.09,
        "relative_humidity_pct": 64.6,
        "wind_speed_10m_ms": 4.85,
        "valid_time_beijing": "2026-09-17 12:00",
        "lead_hours": 2,
        "forecast_issued_at": "2026-09-17T03:56:15.209336+00:00",
        "net_solar_radiation_wm2": 439.1,
        "utci_c": 29.11,
        "p_base": 0.2941,
        "p_enhanced": 0.3303,
        "delta_p": 0.0362,
        "risk_level": "moderate"
      },
      "geometry": {
        "type": "Polygon",
        "coordinates": [
          [
            [
              121.4,
              31.31
            ],
            [
              121.4,
              31.32
            ],
            [
              121.41,
              31.32
            ],
            [
              121.41,
              31.31
            ],
            [
              121.4,
              31.31
            ]
          ]
        ]
      }
    },
    {
      "id": "68",
      "type": "Feature",
      "properties": {
        "grid_id": "r058_c060",
        "green_fraction": 0.0354842518814547,
        "water_fraction": 0.0198680110940001,
        "building_fraction": 0.0,
        "road_km_per_km2": 10.039212013276762,
        "air_temperature_c": 25.09,
        "relative_humidity_pct": 64.6,
        "wind_speed_10m_ms": 4.85,
        "valid_time_beijing": "2026-09-17 12:00",
        "lead_hours": 2,
        "forecast_issued_at": "2026-09-17T03:56:15.209336+00:00",
        "net_solar_radiation_wm2": 439.1,
        "utci_c": 29.11,
        "p_base": 0.2941,
        "p_enhanced": 0.3253,
        "delta_p": 0.0312,
        "risk_level": "moderate"
      },
      "geometry": {
        "type": "Polygon",
        "coordinates": [
          [
            [
              121.45,
              31.31
            ],
            [
              121.45,
              31.32
            ],
            [
              121.46,
              31.32
            ],
            [
              121.46,
              31.31
            ],
            [
              121.45,
              31.31
            ]
          ]
        ]
      }
    },
    {
      "id": "69",
      "type": "Feature",
      "properties": {
        "grid_id": "r058_c062",
        "green_fraction": 0.028182388183361,
        "water_fraction": 0.0202688381670647,
        "building_fraction": 0.0167906521598783,
        "road_km_per_km2": 6.306746074551769,
        "air_temperature_c": 25.09,
        "relative_humidity_pct": 64.6,
        "wind_speed_10m_ms": 4.85,
        "valid_time_beijing": "2026-09-17 12:00",
        "lead_hours": 2,
        "forecast_issued_at": "2026-09-17T03:56:15.209336+00:00",
        "net_solar_radiation_wm2": 439.1,
        "utci_c": 29.11,
        "p_base": 0.2941,
        "p_enhanced": 0.3219,
        "delta_p": 0.0277,
        "risk_level": "moderate"
      },
      "geometry": {
        "type": "Polygon",
        "coordinates": [
          [
            [
              121.47,
              31.31
            ],
            [
              121.47,
              31.32
            ],
            [
              121.48,
              31.32
            ],
            [
              121.48,
              31.31
            ],
            [
              121.47,
              31.31
            ]
          ]
        ]
      }
    },
    {
      "id": "70",
      "type": "Feature",
      "properties": {
        "grid_id": "r058_c067",
        "green_fraction": 0.0520926890949895,
        "water_fraction": 0.0039509638815909,
        "building_fraction": 0.0837844606062801,
        "road_km_per_km2": 16.630455020953253,
        "air_temperature_c": 25.09,
        "relative_humidity_pct": 64.6,
        "wind_speed_10m_ms": 4.85,
        "valid_time_beijing": "2026-09-17 12:00",
        "lead_hours": 2,
        "forecast_issued_at": "2026-09-17T03:56:15.209336+00:00",
        "net_solar_radiation_wm2": 439.1,
        "utci_c": 29.11,
        "p_base": 0.2941,
        "p_enhanced": 0.3226,
        "delta_p": 0.0284,
        "risk_level": "moderate"
      },
      "geometry": {
        "type": "Polygon",
        "coordinates": [
          [
            [
              121.52,
              31.31
            ],
            [
              121.52,
              31.32
            ],
            [
              121.53,
              31.32
            ],
            [
              121.53,
              31.31
            ],
            [
              121.52,
              31.31
            ]
          ]
        ]
      }
    },
    {
      "id": "71",
      "type": "Feature",
      "properties": {
        "grid_id": "r058_c070",
        "green_fraction": 0.2111298301623333,
        "water_fraction": 0.5560990173839236,
        "building_fraction": 0.0281319910900037,
        "road_km_per_km2": 4.59736474304561,
        "air_temperature_c": 25.09,
        "relative_humidity_pct": 64.6,
        "wind_speed_10m_ms": 4.85,
        "valid_time_beijing": "2026-09-17 12:00",
        "lead_hours": 2,
        "forecast_issued_at": "2026-09-17T03:56:15.209336+00:00",
        "net_solar_radiation_wm2": 439.1,
        "utci_c": 29.11,
        "p_base": 0.2941,
        "p_enhanced": 0.1735,
        "delta_p": -0.1207,
        "risk_level": "moderate"
      },
      "geometry": {
        "type": "Polygon",
        "coordinates": [
          [
            [
              121.55,
              31.31
            ],
            [
              121.55,
              31.32
            ],
            [
              121.56,
              31.32
            ],
            [
              121.56,
              31.31
            ],
            [
              121.55,
              31.31
            ]
          ]
        ]
      }
    },
    {
      "id": "72",
      "type": "Feature",
      "properties": {
        "grid_id": "r058_c073",
        "green_fraction": 0.0469899421230793,
        "water_fraction": 0.0010283197695796,
        "building_fraction": 0.0458597270748839,
        "road_km_per_km2": 11.286961639937608,
        "air_temperature_c": 25.09,
        "relative_humidity_pct": 64.6,
        "wind_speed_10m_ms": 4.85,
        "valid_time_beijing": "2026-09-17 12:00",
        "lead_hours": 2,
        "forecast_issued_at": "2026-09-17T03:56:15.209336+00:00",
        "net_solar_radiation_wm2": 439.1,
        "utci_c": 29.11,
        "p_base": 0.2941,
        "p_enhanced": 0.3281,
        "delta_p": 0.0339,
        "risk_level": "moderate"
      },
      "geometry": {
        "type": "Polygon",
        "coordinates": [
          [
            [
              121.58,
              31.31
            ],
            [
              121.58,
              31.32
            ],
            [
              121.59,
              31.32
            ],
            [
              121.59,
              31.31
            ],
            [
              121.58,
              31.31
            ]
          ]
        ]
      }
    },
    {
      "id": "73",
      "type": "Feature",
      "properties": {
        "grid_id": "r058_c100",
        "green_fraction": 0.0,
        "water_fraction": 0.0,
        "building_fraction": 0.0,
        "road_km_per_km2": 5.002226933340573,
        "air_temperature_c": 25.09,
        "relative_humidity_pct": 64.6,
        "wind_speed_10m_ms": 4.85,
        "valid_time_beijing": "2026-09-17 12:00",
        "lead_hours": 2,
        "forecast_issued_at": "2026-09-17T03:56:15.209336+00:00",
        "net_solar_radiation_wm2": 439.1,
        "utci_c": 29.11,
        "p_base": 0.2941,
        "p_enhanced": 0.3277,
        "delta_p": 0.0336,
        "risk_level": "moderate"
      },
      "geometry": {
        "type": "Polygon",
        "coordinates": [
          [
            [
              121.85,
              31.31
            ],
            [
              121.85,
              31.32
            ],
            [
              121.86,
              31.32
            ],
            [
              121.86,
              31.31
            ],
            [
              121.85,
              31.31
            ]
          ]
        ]
      }
    },
    {
      "id": "74",
      "type": "Feature",
      "properties": {
        "grid_id": "r059_c029",
        "green_fraction": 0.0,
        "water_fraction": 0.0,
        "building_fraction": 0.0167816572037225,
        "road_km_per_km2": 6.202757545910446,
        "air_temperature_c": 25.09,
        "relative_humidity_pct": 64.6,
        "wind_speed_10m_ms": 4.85,
        "valid_time_beijing": "2026-09-17 12:00",
        "lead_hours": 2,
        "forecast_issued_at": "2026-09-17T03:56:15.209336+00:00",
        "net_solar_radiation_wm2": 439.1,
        "utci_c": 29.11,
        "p_base": 0.2941,
        "p_enhanced": 0.3254,
        "delta_p": 0.0313,
        "risk_level": "moderate"
      },
      "geometry": {
        "type": "Polygon",
        "coordinates": [
          [
            [
              121.14,
              31.31
            ],
            [
              121.15,
              31.31
            ],
            [
              121.15,
              31.3
            ],
            [
              121.14554022818477,
              31.3
            ],
            [
              121.145554,
              31.302572
            ],
            [
              121.14,
              31.30333631912589
            ],
            [
              121.14,
              31.31
            ]
          ]
        ]
      }
    },
    {
      "id": "75",
      "type": "Feature",
      "properties": {
        "grid_id": "r059_c031",
        "green_fraction": 0.0301775263262648,
        "water_fraction": 0.0,
        "building_fraction": 0.1555169316751971,
        "road_km_per_km2": 3.2109963468906617,
        "air_temperature_c": 25.09,
        "relative_humidity_pct": 64.6,
        "wind_speed_10m_ms": 4.85,
        "valid_time_beijing": "2026-09-17 12:00",
        "lead_hours": 2,
        "forecast_issued_at": "2026-09-17T03:56:15.209336+00:00",
        "net_solar_radiation_wm2": 439.1,
        "utci_c": 29.11,
        "p_base": 0.2941,
        "p_enhanced": 0.3114,
        "delta_p": 0.0172,
        "risk_level": "moderate"
      },
      "geometry": {
        "type": "Polygon",
        "coordinates": [
          [
            [
              121.16,
              31.3
            ],
            [
              121.16,
              31.31
            ],
            [
              121.17,
              31.31
            ],
            [
              121.17,
              31.3
            ],
            [
              121.16,
              31.3
            ]
          ]
        ]
      }
    },
    {
      "id": "76",
      "type": "Feature",
      "properties": {
        "grid_id": "r059_c059",
        "green_fraction": 0.0391763710889938,
        "water_fraction": 0.0198570686573689,
        "building_fraction": 0.0561416222239883,
        "road_km_per_km2": 18.293173187241127,
        "air_temperature_c": 25.09,
        "relative_humidity_pct": 64.6,
        "wind_speed_10m_ms": 4.85,
        "valid_time_beijing": "2026-09-17 12:00",
        "lead_hours": 2,
        "forecast_issued_at": "2026-09-17T03:56:15.209336+00:00",
        "net_solar_radiation_wm2": 439.1,
        "utci_c": 29.11,
        "p_base": 0.2941,
        "p_enhanced": 0.3184,
        "delta_p": 0.0242,
        "risk_level": "moderate"
      },
      "geometry": {
        "type": "Polygon",
        "coordinates": [
          [
            [
              121.44,
              31.3
            ],
            [
              121.44,
              31.31
            ],
            [
              121.45,
              31.31
            ],
            [
              121.45,
              31.3
            ],
            [
              121.44,
              31.3
            ]
          ]
        ]
      }
    },
    {
      "id": "77",
      "type": "Feature",
      "properties": {
        "grid_id": "r059_c061",
        "green_fraction": 0.0056405543322991,
        "water_fraction": 0.0125373554075976,
        "building_fraction": 0.0298958353269695,
        "road_km_per_km2": 14.651771937118625,
        "air_temperature_c": 25.09,
        "relative_humidity_pct": 64.6,
        "wind_speed_10m_ms": 4.85,
        "valid_time_beijing": "2026-09-17 12:00",
        "lead_hours": 2,
        "forecast_issued_at": "2026-09-17T03:56:15.209336+00:00",
        "net_solar_radiation_wm2": 439.1,
        "utci_c": 29.11,
        "p_base": 0.2941,
        "p_enhanced": 0.3197,
        "delta_p": 0.0256,
        "risk_level": "moderate"
      },
      "geometry": {
        "type": "Polygon",
        "coordinates": [
          [
            [
              121.46,
              31.3
            ],
            [
              121.46,
              31.31
            ],
            [
              121.47,
              31.31
            ],
            [
              121.47,
              31.3
            ],
            [
              121.46,
              31.3
            ]
          ]
        ]
      }
    },
    {
      "id": "78",
      "type": "Feature",
      "properties": {
        "grid_id": "r059_c062",
        "green_fraction": 0.0212283190655911,
        "water_fraction": 0.0224355422203153,
        "building_fraction": 0.0302249294624237,
        "road_km_per_km2": 15.91841583592454,
        "air_temperature_c": 25.09,
        "relative_humidity_pct": 64.6,
        "wind_speed_10m_ms": 4.85,
        "valid_time_beijing": "2026-09-17 12:00",
        "lead_hours": 2,
        "forecast_issued_at": "2026-09-17T03:56:15.209336+00:00",
        "net_solar_radiation_wm2": 439.1,
        "utci_c": 29.11,
        "p_base": 0.2941,
        "p_enhanced": 0.3182,
        "delta_p": 0.0241,
        "risk_level": "moderate"
      },
      "geometry": {
        "type": "Polygon",
        "coordinates": [
          [
            [
              121.47,
              31.3
            ],
            [
              121.47,
              31.31
            ],
            [
              121.48,
              31.31
            ],
            [
              121.48,
              31.3
            ],
            [
              121.47,
              31.3
            ]
          ]
        ]
      }
    },
    {
      "id": "79",
      "type": "Feature",
      "properties": {
        "grid_id": "r059_c064",
        "green_fraction": 0.0715404926708087,
        "water_fraction": 0.0085043942677404,
        "building_fraction": 0.1053878496425312,
        "road_km_per_km2": 17.87152919365291,
        "air_temperature_c": 25.09,
        "relative_humidity_pct": 64.6,
        "wind_speed_10m_ms": 4.85,
        "valid_time_beijing": "2026-09-17 12:00",
        "lead_hours": 2,
        "forecast_issued_at": "2026-09-17T03:56:15.209336+00:00",
        "net_solar_radiation_wm2": 439.1,
        "utci_c": 29.11,
        "p_base": 0.2941,
        "p_enhanced": 0.3208,
        "delta_p": 0.0267,
        "risk_level": "moderate"
      },
      "geometry": {
        "type": "Polygon",
        "coordinates": [
          [
            [
              121.49,
              31.3
            ],
            [
              121.49,
              31.31
            ],
            [
              121.5,
              31.31
            ],
            [
              121.5,
              31.3
            ],
            [
              121.49,
              31.3
            ]
          ]
        ]
      }
    },
    {
      "id": "80",
      "type": "Feature",
      "properties": {
        "grid_id": "r059_c065",
        "green_fraction": 0.0309332496363735,
        "water_fraction": 0.0,
        "building_fraction": 0.2069843403131454,
        "road_km_per_km2": 21.242194711894275,
        "air_temperature_c": 25.09,
        "relative_humidity_pct": 64.6,
        "wind_speed_10m_ms": 4.85,
        "valid_time_beijing": "2026-09-17 12:00",
        "lead_hours": 2,
        "forecast_issued_at": "2026-09-17T03:56:15.209336+00:00",
        "net_solar_radiation_wm2": 439.1,
        "utci_c": 29.11,
        "p_base": 0.2941,
        "p_enhanced": 0.3047,
        "delta_p": 0.0106,
        "risk_level": "moderate"
      },
      "geometry": {
        "type": "Polygon",
        "coordinates": [
          [
            [
              121.5,
              31.3
            ],
            [
              121.5,
              31.31
            ],
            [
              121.51,
              31.31
            ],
            [
              121.51,
              31.3
            ],
            [
              121.5,
              31.3
            ]
          ]
        ]
      }
    },
    {
      "id": "81",
      "type": "Feature",
      "properties": {
        "grid_id": "r059_c066",
        "green_fraction": 0.0169607475253463,
        "water_fraction": 0.003095546119878,
        "building_fraction": 0.1424788949921562,
        "road_km_per_km2": 22.75686815540277,
        "air_temperature_c": 25.09,
        "relative_humidity_pct": 64.6,
        "wind_speed_10m_ms": 4.85,
        "valid_time_beijing": "2026-09-17 12:00",
        "lead_hours": 2,
        "forecast_issued_at": "2026-09-17T03:56:15.209336+00:00",
        "net_solar_radiation_wm2": 439.1,
        "utci_c": 29.11,
        "p_base": 0.2941,
        "p_enhanced": 0.31,
        "delta_p": 0.0159,
        "risk_level": "moderate"
      },
      "geometry": {
        "type": "Polygon",
        "coordinates": [
          [
            [
              121.51,
              31.3
            ],
            [
              121.51,
              31.31
            ],
            [
              121.52,
              31.31
            ],
            [
              121.52,
              31.3
            ],
            [
              121.51,
              31.3
            ]
          ]
        ]
      }
    },
    {
      "id": "82",
      "type": "Feature",
      "properties": {
        "grid_id": "r060_c030",
        "green_fraction": 0.0016719035527769,
        "water_fraction": 0.0006332634075286,
        "building_fraction": 0.1454627611904107,
        "road_km_per_km2": 16.086031790805734,
        "air_temperature_c": 25.09,
        "relative_humidity_pct": 64.6,
        "wind_speed_10m_ms": 4.85,
        "valid_time_beijing": "2026-09-17 12:00",
        "lead_hours": 2,
        "forecast_issued_at": "2026-09-17T03:56:15.209336+00:00",
        "net_solar_radiation_wm2": 439.1,
        "utci_c": 29.11,
        "p_base": 0.2941,
        "p_enhanced": 0.3084,
        "delta_p": 0.0142,
        "risk_level": "moderate"
      },
      "geometry": {
        "type": "Polygon",
        "coordinates": [
          [
            [
              121.15,
              31.29
            ],
            [
              121.15,
              31.3
            ],
            [
              121.16,
              31.3
            ],
            [
              121.16,
              31.29
            ],
            [
              121.15,
              31.29
            ]
          ]
        ]
      }
    },
    {
      "id": "83",
      "type": "Feature",
      "properties": {
        "grid_id": "r060_c045",
        "green_fraction": 0.0058060849372157,
        "water_fraction": 0.0036610531413178,
        "building_fraction": 0.0101857417919108,
        "road_km_per_km2": 11.157298154086604,
        "air_temperature_c": 25.09,
        "relative_humidity_pct": 64.6,
        "wind_speed_10m_ms": 4.85,
        "valid_time_beijing": "2026-09-17 12:00",
        "lead_hours": 2,
        "forecast_issued_at": "2026-09-17T03:56:15.209336+00:00",
        "net_solar_radiation_wm2": 439.1,
        "utci_c": 29.11,
        "p_base": 0.2941,
        "p_enhanced": 0.3258,
        "delta_p": 0.0316,
        "risk_level": "moderate"
      },
      "geometry": {
        "type": "Polygon",
        "coordinates": [
          [
            [
              121.3,
              31.29
            ],
            [
              121.3,
              31.3
            ],
            [
              121.31,
              31.3
            ],
            [
              121.31,
              31.29
            ],
            [
              121.3,
              31.29
            ]
          ]
        ]
      }
    },
    {
      "id": "84",
      "type": "Feature",
      "properties": {
        "grid_id": "r060_c046",
        "green_fraction": 0.0808345140175483,
        "water_fraction": 0.0092256265993585,
        "building_fraction": 0.0489929154020492,
        "road_km_per_km2": 13.029957219149397,
        "air_temperature_c": 25.09,
        "relative_humidity_pct": 64.6,
        "wind_speed_10m_ms": 4.85,
        "valid_time_beijing": "2026-09-17 12:00",
        "lead_hours": 2,
        "forecast_issued_at": "2026-09-17T03:56:15.209336+00:00",
        "net_solar_radiation_wm2": 439.1,
        "utci_c": 29.11,
        "p_base": 0.2941,
        "p_enhanced": 0.3295,
        "delta_p": 0.0354,
        "risk_level": "moderate"
      },
      "geometry": {
        "type": "Polygon",
        "coordinates": [
          [
            [
              121.31,
              31.29
            ],
            [
              121.31,
              31.3
            ],
            [
              121.32,
              31.3
            ],
            [
              121.32,
              31.29
            ],
            [
              121.31,
              31.29
            ]
          ]
        ]
      }
    },
    {
      "id": "85",
      "type": "Feature",
      "properties": {
        "grid_id": "r060_c058",
        "green_fraction": 0.023780417498568,
        "water_fraction": 0.0255302077090227,
        "building_fraction": 0.1166882266818476,
        "road_km_per_km2": 23.04559233569765,
        "air_temperature_c": 25.09,
        "relative_humidity_pct": 64.6,
        "wind_speed_10m_ms": 4.85,
        "valid_time_beijing": "2026-09-17 12:00",
        "lead_hours": 2,
        "forecast_issued_at": "2026-09-17T03:56:15.209336+00:00",
        "net_solar_radiation_wm2": 439.1,
        "utci_c": 29.11,
        "p_base": 0.2941,
        "p_enhanced": 0.3061,
        "delta_p": 0.0119,
        "risk_level": "moderate"
      },
      "geometry": {
        "type": "Polygon",
        "coordinates": [
          [
            [
              121.43,
              31.29
            ],
            [
              121.43,
              31.3
            ],
            [
              121.44,
              31.3
            ],
            [
              121.44,
              31.29
            ],
            [
              121.43,
              31.29
            ]
          ]
        ]
      }
    },
    {
      "id": "86",
      "type": "Feature",
      "properties": {
        "grid_id": "r060_c064",
        "green_fraction": 0.0474713657532084,
        "water_fraction": 0.0037576452595162,
        "building_fraction": 0.203832297595133,
        "road_km_per_km2": 15.197266250433726,
        "air_temperature_c": 25.09,
        "relative_humidity_pct": 64.6,
        "wind_speed_10m_ms": 4.85,
        "valid_time_beijing": "2026-09-17 12:00",
        "lead_hours": 2,
        "forecast_issued_at": "2026-09-17T03:56:15.209336+00:00",
        "net_solar_radiation_wm2": 439.1,
        "utci_c": 29.11,
        "p_base": 0.2941,
        "p_enhanced": 0.3061,
        "delta_p": 0.012,
        "risk_level": "moderate"
      },
      "geometry": {
        "type": "Polygon",
        "coordinates": [
          [
            [
              121.49,
              31.29
            ],
            [
              121.49,
              31.3
            ],
            [
              121.5,
              31.3
            ],
            [
              121.5,
              31.29
            ],
            [
              121.49,
              31.29
            ]
          ]
        ]
      }
    },
    {
      "id": "87",
      "type": "Feature",
      "properties": {
        "grid_id": "r061_c031",
        "green_fraction": 0.2408257862878355,
        "water_fraction": 0.0731640280404797,
        "building_fraction": 0.1196156910053306,
        "road_km_per_km2": 14.59666703993026,
        "air_temperature_c": 25.09,
        "relative_humidity_pct": 64.6,
        "wind_speed_10m_ms": 4.85,
        "valid_time_beijing": "2026-09-17 12:00",
        "lead_hours": 2,
        "forecast_issued_at": "2026-09-17T03:56:15.209336+00:00",
        "net_solar_radiation_wm2": 439.1,
        "utci_c": 29.11,
        "p_base": 0.2941,
        "p_enhanced": 0.3192,
        "delta_p": 0.025,
        "risk_level": "moderate"
      },
      "geometry": {
        "type": "Polygon",
        "coordinates": [
          [
            [
              121.16,
              31.28
            ],
            [
              121.16,
              31.29
            ],
            [
              121.17,
              31.29
            ],
            [
              121.17,
              31.28
            ],
            [
              121.16,
              31.28
            ]
          ]
        ]
      }
    },
    {
      "id": "88",
      "type": "Feature",
      "properties": {
        "grid_id": "r061_c056",
        "green_fraction": 0.0077488991753054,
        "water_fraction": 0.0011901182959917,
        "building_fraction": 0.1233017762186279,
        "road_km_per_km2": 16.76864987042047,
        "air_temperature_c": 25.09,
        "relative_humidity_pct": 64.6,
        "wind_speed_10m_ms": 4.85,
        "valid_time_beijing": "2026-09-17 12:00",
        "lead_hours": 2,
        "forecast_issued_at": "2026-09-17T03:56:15.209336+00:00",
        "net_solar_radiation_wm2": 439.1,
        "utci_c": 29.11,
        "p_base": 0.2941,
        "p_enhanced": 0.3119,
        "delta_p": 0.0178,
        "risk_level": "moderate"
      },
      "geometry": {
        "type": "Polygon",
        "coordinates": [
          [
            [
              121.41,
              31.28
            ],
            [
              121.41,
              31.29
            ],
            [
              121.42,
              31.29
            ],
            [
              121.42,
              31.28
            ],
            [
              121.41,
              31.28
            ]
          ]
        ]
      }
    },
    {
      "id": "89",
      "type": "Feature",
      "properties": {
        "grid_id": "r061_c057",
        "green_fraction": 0.0230024615121803,
        "water_fraction": 0.0208423578223051,
        "building_fraction": 0.1930597212885287,
        "road_km_per_km2": 24.251474659270208,
        "air_temperature_c": 25.09,
        "relative_humidity_pct": 64.6,
        "wind_speed_10m_ms": 4.85,
        "valid_time_beijing": "2026-09-17 12:00",
        "lead_hours": 2,
        "forecast_issued_at": "2026-09-17T03:56:15.209336+00:00",
        "net_solar_radiation_wm2": 439.1,
        "utci_c": 29.11,
        "p_base": 0.2941,
        "p_enhanced": 0.2978,
        "delta_p": 0.0036,
        "risk_level": "moderate"
      },
      "geometry": {
        "type": "Polygon",
        "coordinates": [
          [
            [
              121.42,
              31.28
            ],
            [
              121.42,
              31.29
            ],
            [
              121.43,
              31.29
            ],
            [
              121.43,
              31.28
            ],
            [
              121.42,
              31.28
            ]
          ]
        ]
      }
    },
    {
      "id": "90",
      "type": "Feature",
      "properties": {
        "grid_id": "r061_c059",
        "green_fraction": 0.0677652174761898,
        "water_fraction": 0.0014665023147972,
        "building_fraction": 0.0613158796510823,
        "road_km_per_km2": 15.48316206199666,
        "air_temperature_c": 25.09,
        "relative_humidity_pct": 64.6,
        "wind_speed_10m_ms": 4.85,
        "valid_time_beijing": "2026-09-17 12:00",
        "lead_hours": 2,
        "forecast_issued_at": "2026-09-17T03:56:15.209336+00:00",
        "net_solar_radiation_wm2": 439.1,
        "utci_c": 29.11,
        "p_base": 0.2941,
        "p_enhanced": 0.3289,
        "delta_p": 0.0347,
        "risk_level": "moderate"
      },
      "geometry": {
        "type": "Polygon",
        "coordinates": [
          [
            [
              121.44,
              31.28
            ],
            [
              121.44,
              31.29
            ],
            [
              121.45,
              31.29
            ],
            [
              121.45,
              31.28
            ],
            [
              121.44,
              31.28
            ]
          ]
        ]
      }
    },
    {
      "id": "91",
      "type": "Feature",
      "properties": {
        "grid_id": "r061_c062",
        "green_fraction": 0.0079990587112331,
        "water_fraction": 0.0257362298456729,
        "building_fraction": 0.2295849027901641,
        "road_km_per_km2": 19.43865513947622,
        "air_temperature_c": 25.09,
        "relative_humidity_pct": 64.6,
        "wind_speed_10m_ms": 4.85,
        "valid_time_beijing": "2026-09-17 12:00",
        "lead_hours": 2,
        "forecast_issued_at": "2026-09-17T03:56:15.209336+00:00",
        "net_solar_radiation_wm2": 439.1,
        "utci_c": 29.11,
        "p_base": 0.2941,
        "p_enhanced": 0.2893,
        "delta_p": -0.0049,
        "risk_level": "moderate"
      },
      "geometry": {
        "type": "Polygon",
        "coordinates": [
          [
            [
              121.47,
              31.28
            ],
            [
              121.47,
              31.29
            ],
            [
              121.48,
              31.29
            ],
            [
              121.48,
              31.28
            ],
            [
              121.47,
              31.28
            ]
          ]
        ]
      }
    },
    {
      "id": "92",
      "type": "Feature",
      "properties": {
        "grid_id": "r061_c064",
        "green_fraction": 0.0475423783345466,
        "water_fraction": 0.0010199373681718,
        "building_fraction": 0.2272493994371984,
        "road_km_per_km2": 24.89555566804153,
        "air_temperature_c": 25.09,
        "relative_humidity_pct": 64.6,
        "wind_speed_10m_ms": 4.85,
        "valid_time_beijing": "2026-09-17 12:00",
        "lead_hours": 2,
        "forecast_issued_at": "2026-09-17T03:56:15.209336+00:00",
        "net_solar_radiation_wm2": 439.1,
        "utci_c": 29.11,
        "p_base": 0.2941,
        "p_enhanced": 0.3041,
        "delta_p": 0.0099,
        "risk_level": "moderate"
      },
      "geometry": {
        "type": "Polygon",
        "coordinates": [
          [
            [
              121.49,
              31.28
            ],
            [
              121.49,
              31.29
            ],
            [
              121.5,
              31.29
            ],
            [
              121.5,
              31.28
            ],
            [
              121.49,
              31.28
            ]
          ]
        ]
      }
    },
    {
      "id": "93",
      "type": "Feature",
      "properties": {
        "grid_id": "r061_c068",
        "green_fraction": 0.1477981243736786,
        "water_fraction": 0.0213199181655721,
        "building_fraction": 0.0334923581283123,
        "road_km_per_km2": 10.92625003250789,
        "air_temperature_c": 25.09,
        "relative_humidity_pct": 64.6,
        "wind_speed_10m_ms": 4.85,
        "valid_time_beijing": "2026-09-17 12:00",
        "lead_hours": 2,
        "forecast_issued_at": "2026-09-17T03:56:15.209336+00:00",
        "net_solar_radiation_wm2": 439.1,
        "utci_c": 29.11,
        "p_base": 0.2941,
        "p_enhanced": 0.3369,
        "delta_p": 0.0428,
        "risk_level": "moderate"
      },
      "geometry": {
        "type": "Polygon",
        "coordinates": [
          [
            [
              121.53,
              31.28
            ],
            [
              121.53,
              31.29
            ],
            [
              121.54,
              31.29
            ],
            [
              121.54,
              31.28
            ],
            [
              121.53,
              31.28
            ]
          ]
        ]
      }
    },
    {
      "id": "94",
      "type": "Feature",
      "properties": {
        "grid_id": "r061_c082",
        "green_fraction": 0.0,
        "water_fraction": 0.0,
        "building_fraction": 0.0306651787012183,
        "road_km_per_km2": 11.522042040874958,
        "air_temperature_c": 25.09,
        "relative_humidity_pct": 64.6,
        "wind_speed_10m_ms": 4.85,
        "valid_time_beijing": "2026-09-17 12:00",
        "lead_hours": 2,
        "forecast_issued_at": "2026-09-17T03:56:15.209336+00:00",
        "net_solar_radiation_wm2": 439.1,
        "utci_c": 29.11,
        "p_base": 0.2941,
        "p_enhanced": 0.3236,
        "delta_p": 0.0294,
        "risk_level": "moderate"
      },
      "geometry": {
        "type": "Polygon",
        "coordinates": [
          [
            [
              121.67,
              31.28
            ],
            [
              121.67,
              31.29
            ],
            [
              121.68,
              31.29
            ],
            [
              121.68,
              31.28
            ],
            [
              121.67,
              31.28
            ]
          ]
        ]
      }
    },
    {
      "id": "95",
      "type": "Feature",
      "properties": {
        "grid_id": "r062_c055",
        "green_fraction": 0.0653975893365707,
        "water_fraction": 0.0040951244174481,
        "building_fraction": 0.0604196192246534,
        "road_km_per_km2": 7.141788587308848,
        "air_temperature_c": 25.09,
        "relative_humidity_pct": 64.6,
        "wind_speed_10m_ms": 4.85,
        "valid_time_beijing": "2026-09-17 12:00",
        "lead_hours": 2,
        "forecast_issued_at": "2026-09-17T03:56:15.209336+00:00",
        "net_solar_radiation_wm2": 439.1,
        "utci_c": 29.11,
        "p_base": 0.2941,
        "p_enhanced": 0.3276,
        "delta_p": 0.0335,
        "risk_level": "moderate"
      },
      "geometry": {
        "type": "Polygon",
        "coordinates": [
          [
            [
              121.4,
              31.27
            ],
            [
              121.4,
              31.28
            ],
            [
              121.41,
              31.28
            ],
            [
              121.41,
              31.27
            ],
            [
              121.4,
              31.27
            ]
          ]
        ]
      }
    },
    {
      "id": "96",
      "type": "Feature",
      "properties": {
        "grid_id": "r062_c057",
        "green_fraction": 0.0035471856104434,
        "water_fraction": 0.0,
        "building_fraction": 0.1451893467436826,
        "road_km_per_km2": 10.777492144811122,
        "air_temperature_c": 25.09,
        "relative_humidity_pct": 64.6,
        "wind_speed_10m_ms": 4.85,
        "valid_time_beijing": "2026-09-17 12:00",
        "lead_hours": 2,
        "forecast_issued_at": "2026-09-17T03:56:15.209336+00:00",
        "net_solar_radiation_wm2": 439.1,
        "utci_c": 29.11,
        "p_base": 0.2941,
        "p_enhanced": 0.3089,
        "delta_p": 0.0147,
        "risk_level": "moderate"
      },
      "geometry": {
        "type": "Polygon",
        "coordinates": [
          [
            [
              121.42,
              31.27
            ],
            [
              121.42,
              31.28
            ],
            [
              121.43,
              31.28
            ],
            [
              121.43,
              31.27
            ],
            [
              121.42,
              31.27
            ]
          ]
        ]
      }
    },
    {
      "id": "97",
      "type": "Feature",
      "properties": {
        "grid_id": "r062_c058",
        "green_fraction": 0.3366112911380706,
        "water_fraction": 0.0449542720580868,
        "building_fraction": 0.1096547999258402,
        "road_km_per_km2": 17.259569551571534,
        "air_temperature_c": 25.09,
        "relative_humidity_pct": 64.6,
        "wind_speed_10m_ms": 4.85,
        "valid_time_beijing": "2026-09-17 12:00",
        "lead_hours": 2,
        "forecast_issued_at": "2026-09-17T03:56:15.209336+00:00",
        "net_solar_radiation_wm2": 439.1,
        "utci_c": 29.11,
        "p_base": 0.2941,
        "p_enhanced": 0.3457,
        "delta_p": 0.0515,
        "risk_level": "moderate"
      },
      "geometry": {
        "type": "Polygon",
        "coordinates": [
          [
            [
              121.43,
              31.27
            ],
            [
              121.43,
              31.28
            ],
            [
              121.44,
              31.28
            ],
            [
              121.44,
              31.27
            ],
            [
              121.43,
              31.27
            ]
          ]
        ]
      }
    },
    {
      "id": "98",
      "type": "Feature",
      "properties": {
        "grid_id": "r062_c059",
        "green_fraction": 0.1529696924317953,
        "water_fraction": 0.0470503835160104,
        "building_fraction": 0.2322501125577563,
        "road_km_per_km2": 11.600987335724692,
        "air_temperature_c": 25.09,
        "relative_humidity_pct": 64.6,
        "wind_speed_10m_ms": 4.85,
        "valid_time_beijing": "2026-09-17 12:00",
        "lead_hours": 2,
        "forecast_issued_at": "2026-09-17T03:56:15.209336+00:00",
        "net_solar_radiation_wm2": 439.1,
        "utci_c": 29.11,
        "p_base": 0.2941,
        "p_enhanced": 0.3015,
        "delta_p": 0.0073,
        "risk_level": "moderate"
      },
      "geometry": {
        "type": "Polygon",
        "coordinates": [
          [
            [
              121.44,
              31.27
            ],
            [
              121.44,
              31.28
            ],
            [
              121.45,
              31.28
            ],
            [
              121.45,
              31.27
            ],
            [
              121.44,
              31.27
            ]
          ]
        ]
      }
    },
    {
      "id": "99",
      "type": "Feature",
      "properties": {
        "grid_id": "r062_c060",
        "green_fraction": 0.1267242107950443,
        "water_fraction": 0.0201650949276925,
        "building_fraction": 0.1882517715789104,
        "road_km_per_km2": 14.39012037265389,
        "air_temperature_c": 25.09,
        "relative_humidity_pct": 64.6,
        "wind_speed_10m_ms": 4.85,
        "valid_time_beijing": "2026-09-17 12:00",
        "lead_hours": 2,
        "forecast_issued_at": "2026-09-17T03:56:15.209336+00:00",
        "net_solar_radiation_wm2": 439.1,
        "utci_c": 29.11,
        "p_base": 0.2941,
        "p_enhanced": 0.3134,
        "delta_p": 0.0193,
        "risk_level": "moderate"
      },
      "geometry": {
        "type": "Polygon",
        "coordinates": [
          [
            [
              121.45,
              31.27
            ],
            [
              121.45,
              31.28
            ],
            [
              121.46,
              31.28
            ],
            [
              121.46,
              31.27
            ],
            [
              121.45,
              31.27
            ]
          ]
        ]
      }
    },
    {
      "id": "100",
      "type": "Feature",
      "properties": {
        "grid_id": "r062_c062",
        "green_fraction": 0.1333967248266747,
        "water_fraction": 0.0243360989078235,
        "building_fraction": 0.2430578785937906,
        "road_km_per_km2": 28.348892492521365,
        "air_temperature_c": 25.09,
        "relative_humidity_pct": 64.6,
        "wind_speed_10m_ms": 4.85,
        "valid_time_beijing": "2026-09-17 12:00",
        "lead_hours": 2,
        "forecast_issued_at": "2026-09-17T03:56:15.209336+00:00",
        "net_solar_radiation_wm2": 439.1,
        "utci_c": 29.11,
        "p_base": 0.2941,
        "p_enhanced": 0.3056,
        "delta_p": 0.0115,
        "risk_level": "moderate"
      },
      "geometry": {
        "type": "Polygon",
        "coordinates": [
          [
            [
              121.47,
              31.27
            ],
            [
              121.47,
              31.28
            ],
            [
              121.48,
              31.28
            ],
            [
              121.48,
              31.27
            ],
            [
              121.47,
              31.27
            ]
          ]
        ]
      }
    },
    {
      "id": "101",
      "type": "Feature",
      "properties": {
        "grid_id": "r062_c064",
        "green_fraction": 0.1205166836666256,
        "water_fraction": 0.0158138829158232,
        "building_fraction": 0.1788449174525013,
        "road_km_per_km2": 21.66635400765808,
        "air_temperature_c": 25.09,
        "relative_humidity_pct": 64.6,
        "wind_speed_10m_ms": 4.85,
        "valid_time_beijing": "2026-09-17 12:00",
        "lead_hours": 2,
        "forecast_issued_at": "2026-09-17T03:56:15.209336+00:00",
        "net_solar_radiation_wm2": 439.1,
        "utci_c": 29.11,
        "p_base": 0.2941,
        "p_enhanced": 0.3154,
        "delta_p": 0.0213,
        "risk_level": "moderate"
      },
      "geometry": {
        "type": "Polygon",
        "coordinates": [
          [
            [
              121.49,
              31.27
            ],
            [
              121.49,
              31.28
            ],
            [
              121.5,
              31.28
            ],
            [
              121.5,
              31.27
            ],
            [
              121.49,
              31.27
            ]
          ]
        ]
      }
    },
    {
      "id": "102",
      "type": "Feature",
      "properties": {
        "grid_id": "r062_c066",
        "green_fraction": 0.0,
        "water_fraction": 0.0193905048701912,
        "building_fraction": 0.1770110873653133,
        "road_km_per_km2": 12.751540882039848,
        "air_temperature_c": 25.09,
        "relative_humidity_pct": 64.6,
        "wind_speed_10m_ms": 4.85,
        "valid_time_beijing": "2026-09-17 12:00",
        "lead_hours": 2,
        "forecast_issued_at": "2026-09-17T03:56:15.209336+00:00",
        "net_solar_radiation_wm2": 439.1,
        "utci_c": 29.11,
        "p_base": 0.2941,
        "p_enhanced": 0.2971,
        "delta_p": 0.003,
        "risk_level": "moderate"
      },
      "geometry": {
        "type": "Polygon",
        "coordinates": [
          [
            [
              121.51,
              31.27
            ],
            [
              121.51,
              31.28
            ],
            [
              121.52,
              31.28
            ],
            [
              121.52,
              31.27
            ],
            [
              121.51,
              31.27
            ]
          ]
        ]
      }
    },
    {
      "id": "103",
      "type": "Feature",
      "properties": {
        "grid_id": "r062_c068",
        "green_fraction": 0.0024290374499682,
        "water_fraction": 0.0,
        "building_fraction": 0.0466278577409845,
        "road_km_per_km2": 19.19036001513576,
        "air_temperature_c": 25.09,
        "relative_humidity_pct": 64.6,
        "wind_speed_10m_ms": 4.85,
        "valid_time_beijing": "2026-09-17 12:00",
        "lead_hours": 2,
        "forecast_issued_at": "2026-09-17T03:56:15.209336+00:00",
        "net_solar_radiation_wm2": 439.1,
        "utci_c": 29.11,
        "p_base": 0.2941,
        "p_enhanced": 0.3218,
        "delta_p": 0.0276,
        "risk_level": "moderate"
      },
      "geometry": {
        "type": "Polygon",
        "coordinates": [
          [
            [
              121.53,
              31.27
            ],
            [
              121.53,
              31.28
            ],
            [
              121.54,
              31.28
            ],
            [
              121.54,
              31.27
            ],
            [
              121.53,
              31.27
            ]
          ]
        ]
      }
    },
    {
      "id": "104",
      "type": "Feature",
      "properties": {
        "grid_id": "r062_c069",
        "green_fraction": 0.0075711975117617,
        "water_fraction": 0.0,
        "building_fraction": 0.0146926238014002,
        "road_km_per_km2": 9.075349816011864,
        "air_temperature_c": 25.09,
        "relative_humidity_pct": 64.6,
        "wind_speed_10m_ms": 4.85,
        "valid_time_beijing": "2026-09-17 12:00",
        "lead_hours": 2,
        "forecast_issued_at": "2026-09-17T03:56:15.209336+00:00",
        "net_solar_radiation_wm2": 439.1,
        "utci_c": 29.11,
        "p_base": 0.2941,
        "p_enhanced": 0.3268,
        "delta_p": 0.0327,
        "risk_level": "moderate"
      },
      "geometry": {
        "type": "Polygon",
        "coordinates": [
          [
            [
              121.54,
              31.27
            ],
            [
              121.54,
              31.28
            ],
            [
              121.55,
              31.28
            ],
            [
              121.55,
              31.27
            ],
            [
              121.54,
              31.27
            ]
          ]
        ]
      }
    },
    {
      "id": "105",
      "type": "Feature",
      "properties": {
        "grid_id": "r063_c062",
        "green_fraction": 0.0133810790399773,
        "water_fraction": 0.0263667591920408,
        "building_fraction": 0.1525780949713738,
        "road_km_per_km2": 15.499550392946285,
        "air_temperature_c": 25.09,
        "relative_humidity_pct": 64.6,
        "wind_speed_10m_ms": 4.85,
        "valid_time_beijing": "2026-09-17 12:00",
        "lead_hours": 2,
        "forecast_issued_at": "2026-09-17T03:56:15.209336+00:00",
        "net_solar_radiation_wm2": 439.1,
        "utci_c": 29.11,
        "p_base": 0.2941,
        "p_enhanced": 0.2996,
        "delta_p": 0.0055,
        "risk_level": "moderate"
      },
      "geometry": {
        "type": "Polygon",
        "coordinates": [
          [
            [
              121.47,
              31.26
            ],
            [
              121.47,
              31.27
            ],
            [
              121.48,
              31.27
            ],
            [
              121.48,
              31.26
            ],
            [
              121.47,
              31.26
            ]
          ]
        ]
      }
    },
    {
      "id": "106",
      "type": "Feature",
      "properties": {
        "grid_id": "r063_c063",
        "green_fraction": 0.0118486515981417,
        "water_fraction": 0.0221231986219876,
        "building_fraction": 0.174068465221348,
        "road_km_per_km2": 16.25739355212943,
        "air_temperature_c": 25.09,
        "relative_humidity_pct": 64.6,
        "wind_speed_10m_ms": 4.85,
        "valid_time_beijing": "2026-09-17 12:00",
        "lead_hours": 2,
        "forecast_issued_at": "2026-09-17T03:56:15.209336+00:00",
        "net_solar_radiation_wm2": 439.1,
        "utci_c": 29.11,
        "p_base": 0.2941,
        "p_enhanced": 0.2982,
        "delta_p": 0.004,
        "risk_level": "moderate"
      },
      "geometry": {
        "type": "Polygon",
        "coordinates": [
          [
            [
              121.48,
              31.26
            ],
            [
              121.48,
              31.27
            ],
            [
              121.49,
              31.27
            ],
            [
              121.49,
              31.26
            ],
            [
              121.48,
              31.26
            ]
          ]
        ]
      }
    },
    {
      "id": "107",
      "type": "Feature",
      "properties": {
        "grid_id": "r063_c064",
        "green_fraction": 0.0021845536549082,
        "water_fraction": 0.0001604647094315,
        "building_fraction": 0.2192604562314696,
        "road_km_per_km2": 19.022409434344077,
        "air_temperature_c": 25.09,
        "relative_humidity_pct": 64.6,
        "wind_speed_10m_ms": 4.85,
        "valid_time_beijing": "2026-09-17 12:00",
        "lead_hours": 2,
        "forecast_issued_at": "2026-09-17T03:56:15.209336+00:00",
        "net_solar_radiation_wm2": 439.1,
        "utci_c": 29.11,
        "p_base": 0.2941,
        "p_enhanced": 0.299,
        "delta_p": 0.0049,
        "risk_level": "moderate"
      },
      "geometry": {
        "type": "Polygon",
        "coordinates": [
          [
            [
              121.49,
              31.26
            ],
            [
              121.49,
              31.27
            ],
            [
              121.5,
              31.27
            ],
            [
              121.5,
              31.26
            ],
            [
              121.49,
              31.26
            ]
          ]
        ]
      }
    },
    {
      "id": "108",
      "type": "Feature",
      "properties": {
        "grid_id": "r063_c066",
        "green_fraction": 0.0329422379381835,
        "water_fraction": 0.0,
        "building_fraction": 0.2128435493644798,
        "road_km_per_km2": 14.35834453529142,
        "air_temperature_c": 25.09,
        "relative_humidity_pct": 64.6,
        "wind_speed_10m_ms": 4.85,
        "valid_time_beijing": "2026-09-17 12:00",
        "lead_hours": 2,
        "forecast_issued_at": "2026-09-17T03:56:15.209336+00:00",
        "net_solar_radiation_wm2": 439.1,
        "utci_c": 29.11,
        "p_base": 0.2941,
        "p_enhanced": 0.3043,
        "delta_p": 0.0101,
        "risk_level": "moderate"
      },
      "geometry": {
        "type": "Polygon",
        "coordinates": [
          [
            [
              121.51,
              31.26
            ],
            [
              121.51,
              31.27
            ],
            [
              121.52,
              31.27
            ],
            [
              121.52,
              31.26
            ],
            [
              121.51,
              31.26
            ]
          ]
        ]
      }
    },
    {
      "id": "109",
      "type": "Feature",
      "properties": {
        "grid_id": "r063_c068",
        "green_fraction": 0.0224725865279077,
        "water_fraction": 0.0,
        "building_fraction": 0.0635628494875429,
        "road_km_per_km2": 13.300031171948577,
        "air_temperature_c": 25.09,
        "relative_humidity_pct": 64.6,
        "wind_speed_10m_ms": 4.85,
        "valid_time_beijing": "2026-09-17 12:00",
        "lead_hours": 2,
        "forecast_issued_at": "2026-09-17T03:56:15.209336+00:00",
        "net_solar_radiation_wm2": 439.1,
        "utci_c": 29.11,
        "p_base": 0.2941,
        "p_enhanced": 0.3225,
        "delta_p": 0.0283,
        "risk_level": "moderate"
      },
      "geometry": {
        "type": "Polygon",
        "coordinates": [
          [
            [
              121.53,
              31.26
            ],
            [
              121.53,
              31.27
            ],
            [
              121.54,
              31.27
            ],
            [
              121.54,
              31.26
            ],
            [
              121.53,
              31.26
            ]
          ]
        ]
      }
    },
    {
      "id": "110",
      "type": "Feature",
      "properties": {
        "grid_id": "r063_c071",
        "green_fraction": 0.0042667750775459,
        "water_fraction": 0.0208942409420578,
        "building_fraction": 0.0530409581267198,
        "road_km_per_km2": 14.593881464845287,
        "air_temperature_c": 25.09,
        "relative_humidity_pct": 64.6,
        "wind_speed_10m_ms": 4.85,
        "valid_time_beijing": "2026-09-17 12:00",
        "lead_hours": 2,
        "forecast_issued_at": "2026-09-17T03:56:15.209336+00:00",
        "net_solar_radiation_wm2": 439.1,
        "utci_c": 29.11,
        "p_base": 0.2941,
        "p_enhanced": 0.3133,
        "delta_p": 0.0192,
        "risk_level": "moderate"
      },
      "geometry": {
        "type": "Polygon",
        "coordinates": [
          [
            [
              121.56,
              31.26
            ],
            [
              121.56,
              31.27
            ],
            [
              121.57,
              31.27
            ],
            [
              121.57,
              31.26
            ],
            [
              121.56,
              31.26
            ]
          ]
        ]
      }
    },
    {
      "id": "111",
      "type": "Feature",
      "properties": {
        "grid_id": "r064_c054",
        "green_fraction": 0.0995285031355865,
        "water_fraction": 0.0066528749367074,
        "building_fraction": 0.0788981492011566,
        "road_km_per_km2": 13.4042292448114,
        "air_temperature_c": 25.09,
        "relative_humidity_pct": 64.6,
        "wind_speed_10m_ms": 4.85,
        "valid_time_beijing": "2026-09-17 12:00",
        "lead_hours": 2,
        "forecast_issued_at": "2026-09-17T03:56:15.209336+00:00",
        "net_solar_radiation_wm2": 439.1,
        "utci_c": 29.11,
        "p_base": 0.2941,
        "p_enhanced": 0.3292,
        "delta_p": 0.0351,
        "risk_level": "moderate"
      },
      "geometry": {
        "type": "Polygon",
        "coordinates": [
          [
            [
              121.39,
              31.25
            ],
            [
              121.39,
              31.26
            ],
            [
              121.4,
              31.26
            ],
            [
              121.4,
              31.25
            ],
            [
              121.39,
              31.25
            ]
          ]
        ]
      }
    },
    {
      "id": "112",
      "type": "Feature",
      "properties": {
        "grid_id": "r064_c055",
        "green_fraction": 0.0283787394672214,
        "water_fraction": 0.0143085273879665,
        "building_fraction": 0.1356638323179712,
        "road_km_per_km2": 13.245037570486936,
        "air_temperature_c": 25.09,
        "relative_humidity_pct": 64.6,
        "wind_speed_10m_ms": 4.85,
        "valid_time_beijing": "2026-09-17 12:00",
        "lead_hours": 2,
        "forecast_issued_at": "2026-09-17T03:56:15.209336+00:00",
        "net_solar_radiation_wm2": 439.1,
        "utci_c": 29.11,
        "p_base": 0.2941,
        "p_enhanced": 0.3084,
        "delta_p": 0.0142,
        "risk_level": "moderate"
      },
      "geometry": {
        "type": "Polygon",
        "coordinates": [
          [
            [
              121.4,
              31.25
            ],
            [
              121.4,
              31.26
            ],
            [
              121.41,
              31.26
            ],
            [
              121.41,
              31.25
            ],
            [
              121.4,
              31.25
            ]
          ]
        ]
      }
    },
    {
      "id": "113",
      "type": "Feature",
      "properties": {
        "grid_id": "r064_c056",
        "green_fraction": 0.0724292390259188,
        "water_fraction": 0.0053015286538548,
        "building_fraction": 0.1756486612220785,
        "road_km_per_km2": 19.14015259122557,
        "air_temperature_c": 25.09,
        "relative_humidity_pct": 64.6,
        "wind_speed_10m_ms": 4.85,
        "valid_time_beijing": "2026-09-17 12:00",
        "lead_hours": 2,
        "forecast_issued_at": "2026-09-17T03:56:15.209336+00:00",
        "net_solar_radiation_wm2": 439.1,
        "utci_c": 29.11,
        "p_base": 0.2941,
        "p_enhanced": 0.3128,
        "delta_p": 0.0187,
        "risk_level": "moderate"
      },
      "geometry": {
        "type": "Polygon",
        "coordinates": [
          [
            [
              121.41,
              31.25
            ],
            [
              121.41,
              31.26
            ],
            [
              121.42,
              31.26
            ],
            [
              121.42,
              31.25
            ],
            [
              121.41,
              31.25
            ]
          ]
        ]
      }
    },
    {
      "id": "114",
      "type": "Feature",
      "properties": {
        "grid_id": "r064_c057",
        "green_fraction": 0.0146924342891002,
        "water_fraction": 0.0117143216689054,
        "building_fraction": 0.187961506662391,
        "road_km_per_km2": 18.700650387036877,
        "air_temperature_c": 25.09,
        "relative_humidity_pct": 64.6,
        "wind_speed_10m_ms": 4.85,
        "valid_time_beijing": "2026-09-17 12:00",
        "lead_hours": 2,
        "forecast_issued_at": "2026-09-17T03:56:15.209336+00:00",
        "net_solar_radiation_wm2": 439.1,
        "utci_c": 29.11,
        "p_base": 0.2941,
        "p_enhanced": 0.3006,
        "delta_p": 0.0064,
        "risk_level": "moderate"
      },
      "geometry": {
        "type": "Polygon",
        "coordinates": [
          [
            [
              121.42,
              31.25
            ],
            [
              121.42,
              31.26
            ],
            [
              121.43,
              31.26
            ],
            [
              121.43,
              31.25
            ],
            [
              121.42,
              31.25
            ]
          ]
        ]
      }
    },
    {
      "id": "115",
      "type": "Feature",
      "properties": {
        "grid_id": "r064_c058",
        "green_fraction": 0.1100165810647365,
        "water_fraction": 0.0730921639480762,
        "building_fraction": 0.0821650464546754,
        "road_km_per_km2": 23.529533399961533,
        "air_temperature_c": 25.09,
        "relative_humidity_pct": 64.6,
        "wind_speed_10m_ms": 4.85,
        "valid_time_beijing": "2026-09-17 12:00",
        "lead_hours": 2,
        "forecast_issued_at": "2026-09-17T03:56:15.209336+00:00",
        "net_solar_radiation_wm2": 439.1,
        "utci_c": 29.11,
        "p_base": 0.2941,
        "p_enhanced": 0.3053,
        "delta_p": 0.0111,
        "risk_level": "moderate"
      },
      "geometry": {
        "type": "Polygon",
        "coordinates": [
          [
            [
              121.43,
              31.25
            ],
            [
              121.43,
              31.26
            ],
            [
              121.44,
              31.26
            ],
            [
              121.44,
              31.25
            ],
            [
              121.43,
              31.25
            ]
          ]
        ]
      }
    },
    {
      "id": "116",
      "type": "Feature",
      "properties": {
        "grid_id": "r064_c059",
        "green_fraction": 0.0053979252922676,
        "water_fraction": 0.0688007900133333,
        "building_fraction": 0.1726441305630557,
        "road_km_per_km2": 24.367923694875422,
        "air_temperature_c": 25.09,
        "relative_humidity_pct": 64.6,
        "wind_speed_10m_ms": 4.85,
        "valid_time_beijing": "2026-09-17 12:00",
        "lead_hours": 2,
        "forecast_issued_at": "2026-09-17T03:56:15.209336+00:00",
        "net_solar_radiation_wm2": 439.1,
        "utci_c": 29.11,
        "p_base": 0.2941,
        "p_enhanced": 0.2808,
        "delta_p": -0.0134,
        "risk_level": "moderate"
      },
      "geometry": {
        "type": "Polygon",
        "coordinates": [
          [
            [
              121.44,
              31.25
            ],
            [
              121.44,
              31.26
            ],
            [
              121.45,
              31.26
            ],
            [
              121.45,
              31.25
            ],
            [
              121.44,
              31.25
            ]
          ]
        ]
      }
    },
    {
      "id": "117",
      "type": "Feature",
      "properties": {
        "grid_id": "r064_c061",
        "green_fraction": 0.0334399582767083,
        "water_fraction": 0.0,
        "building_fraction": 0.040757327828778,
        "road_km_per_km2": 12.219461479271349,
        "air_temperature_c": 25.09,
        "relative_humidity_pct": 64.6,
        "wind_speed_10m_ms": 4.85,
        "valid_time_beijing": "2026-09-17 12:00",
        "lead_hours": 2,
        "forecast_issued_at": "2026-09-17T03:56:15.209336+00:00",
        "net_solar_radiation_wm2": 439.1,
        "utci_c": 29.11,
        "p_base": 0.2941,
        "p_enhanced": 0.3271,
        "delta_p": 0.033,
        "risk_level": "moderate"
      },
      "geometry": {
        "type": "Polygon",
        "coordinates": [
          [
            [
              121.46,
              31.25
            ],
            [
              121.46,
              31.26
            ],
            [
              121.47,
              31.26
            ],
            [
              121.47,
              31.25
            ],
            [
              121.46,
              31.25
            ]
          ]
        ]
      }
    },
    {
      "id": "118",
      "type": "Feature",
      "properties": {
        "grid_id": "r064_c062",
        "green_fraction": 0.0288185891853501,
        "water_fraction": 0.0002883299536897,
        "building_fraction": 0.085626979586073,
        "road_km_per_km2": 17.346223728234264,
        "air_temperature_c": 25.09,
        "relative_humidity_pct": 64.6,
        "wind_speed_10m_ms": 4.85,
        "valid_time_beijing": "2026-09-17 12:00",
        "lead_hours": 2,
        "forecast_issued_at": "2026-09-17T03:56:15.209336+00:00",
        "net_solar_radiation_wm2": 439.1,
        "utci_c": 29.11,
        "p_base": 0.2941,
        "p_enhanced": 0.3203,
        "delta_p": 0.0262,
        "risk_level": "moderate"
      },
      "geometry": {
        "type": "Polygon",
        "coordinates": [
          [
            [
              121.47,
              31.25
            ],
            [
              121.47,
              31.26
            ],
            [
              121.48,
              31.26
            ],
            [
              121.48,
              31.25
            ],
            [
              121.47,
              31.25
            ]
          ]
        ]
      }
    },
    {
      "id": "119",
      "type": "Feature",
      "properties": {
        "grid_id": "r064_c063",
        "green_fraction": 0.0663796337016986,
        "water_fraction": 0.0371566100147753,
        "building_fraction": 0.2498987636162778,
        "road_km_per_km2": 27.44936586173309,
        "air_temperature_c": 25.09,
        "relative_humidity_pct": 64.6,
        "wind_speed_10m_ms": 4.85,
        "valid_time_beijing": "2026-09-17 12:00",
        "lead_hours": 2,
        "forecast_issued_at": "2026-09-17T03:56:15.209336+00:00",
        "net_solar_radiation_wm2": 439.1,
        "utci_c": 29.11,
        "p_base": 0.2941,
        "p_enhanced": 0.2907,
        "delta_p": -0.0035,
        "risk_level": "moderate"
      },
      "geometry": {
        "type": "Polygon",
        "coordinates": [
          [
            [
              121.48,
              31.25
            ],
            [
              121.48,
              31.26
            ],
            [
              121.49,
              31.26
            ],
            [
              121.49,
              31.25
            ],
            [
              121.48,
              31.25
            ]
          ]
        ]
      }
    },
    {
      "id": "120",
      "type": "Feature",
      "properties": {
        "grid_id": "r064_c064",
        "green_fraction": 0.0275604976511788,
        "water_fraction": 0.004434869529868,
        "building_fraction": 0.1429950845262096,
        "road_km_per_km2": 23.2540713602344,
        "air_temperature_c": 25.09,
        "relative_humidity_pct": 64.6,
        "wind_speed_10m_ms": 4.85,
        "valid_time_beijing": "2026-09-17 12:00",
        "lead_hours": 2,
        "forecast_issued_at": "2026-09-17T03:56:15.209336+00:00",
        "net_solar_radiation_wm2": 439.1,
        "utci_c": 29.11,
        "p_base": 0.2941,
        "p_enhanced": 0.311,
        "delta_p": 0.0168,
        "risk_level": "moderate"
      },
      "geometry": {
        "type": "Polygon",
        "coordinates": [
          [
            [
              121.49,
              31.25
            ],
            [
              121.49,
              31.26
            ],
            [
              121.5,
              31.26
            ],
            [
              121.5,
              31.25
            ],
            [
              121.49,
              31.25
            ]
          ]
        ]
      }
    },
    {
      "id": "121",
      "type": "Feature",
      "properties": {
        "grid_id": "r064_c065",
        "green_fraction": 0.042741966500696,
        "water_fraction": 0.1262166534450137,
        "building_fraction": 0.111330538900722,
        "road_km_per_km2": 12.566490002278094,
        "air_temperature_c": 25.09,
        "relative_humidity_pct": 64.6,
        "wind_speed_10m_ms": 4.85,
        "valid_time_beijing": "2026-09-17 12:00",
        "lead_hours": 2,
        "forecast_issued_at": "2026-09-17T03:56:15.209336+00:00",
        "net_solar_radiation_wm2": 439.1,
        "utci_c": 29.11,
        "p_base": 0.2941,
        "p_enhanced": 0.2733,
        "delta_p": -0.0208,
        "risk_level": "moderate"
      },
      "geometry": {
        "type": "Polygon",
        "coordinates": [
          [
            [
              121.5,
              31.25
            ],
            [
              121.5,
              31.26
            ],
            [
              121.51,
              31.26
            ],
            [
              121.51,
              31.25
            ],
            [
              121.5,
              31.25
            ]
          ]
        ]
      }
    },
    {
      "id": "122",
      "type": "Feature",
      "properties": {
        "grid_id": "r064_c066",
        "green_fraction": 0.0266946152772436,
        "water_fraction": 0.1125268797196211,
        "building_fraction": 0.0559620336682777,
        "road_km_per_km2": 12.99439180835438,
        "air_temperature_c": 25.09,
        "relative_humidity_pct": 64.6,
        "wind_speed_10m_ms": 4.85,
        "valid_time_beijing": "2026-09-17 12:00",
        "lead_hours": 2,
        "forecast_issued_at": "2026-09-17T03:56:15.209336+00:00",
        "net_solar_radiation_wm2": 439.1,
        "utci_c": 29.11,
        "p_base": 0.2941,
        "p_enhanced": 0.2828,
        "delta_p": -0.0114,
        "risk_level": "moderate"
      },
      "geometry": {
        "type": "Polygon",
        "coordinates": [
          [
            [
              121.51,
              31.25
            ],
            [
              121.51,
              31.26
            ],
            [
              121.52,
              31.26
            ],
            [
              121.52,
              31.25
            ],
            [
              121.51,
              31.25
            ]
          ]
        ]
      }
    },
    {
      "id": "123",
      "type": "Feature",
      "properties": {
        "grid_id": "r064_c067",
        "green_fraction": 0.0082332377611502,
        "water_fraction": 0.193047812686782,
        "building_fraction": 0.0615702974095177,
        "road_km_per_km2": 11.19789468727646,
        "air_temperature_c": 25.09,
        "relative_humidity_pct": 64.6,
        "wind_speed_10m_ms": 4.85,
        "valid_time_beijing": "2026-09-17 12:00",
        "lead_hours": 2,
        "forecast_issued_at": "2026-09-17T03:56:15.209336+00:00",
        "net_solar_radiation_wm2": 439.1,
        "utci_c": 29.11,
        "p_base": 0.2941,
        "p_enhanced": 0.2523,
        "delta_p": -0.0419,
        "risk_level": "moderate"
      },
      "geometry": {
        "type": "Polygon",
        "coordinates": [
          [
            [
              121.52,
              31.25
            ],
            [
              121.52,
              31.26
            ],
            [
              121.53,
              31.26
            ],
            [
              121.53,
              31.25
            ],
            [
              121.52,
              31.25
            ]
          ]
        ]
      }
    },
    {
      "id": "124",
      "type": "Feature",
      "properties": {
        "grid_id": "r064_c068",
        "green_fraction": 0.0315608631170021,
        "water_fraction": 0.5017894903063045,
        "building_fraction": 0.0585442757628964,
        "road_km_per_km2": 8.968257618767936,
        "air_temperature_c": 25.09,
        "relative_humidity_pct": 64.6,
        "wind_speed_10m_ms": 4.85,
        "valid_time_beijing": "2026-09-17 12:00",
        "lead_hours": 2,
        "forecast_issued_at": "2026-09-17T03:56:15.209336+00:00",
        "net_solar_radiation_wm2": 439.1,
        "utci_c": 29.11,
        "p_base": 0.2941,
        "p_enhanced": 0.1671,
        "delta_p": -0.127,
        "risk_level": "moderate"
      },
      "geometry": {
        "type": "Polygon",
        "coordinates": [
          [
            [
              121.53,
              31.25
            ],
            [
              121.53,
              31.26
            ],
            [
              121.54,
              31.26
            ],
            [
              121.54,
              31.25
            ],
            [
              121.53,
              31.25
            ]
          ]
        ]
      }
    },
    {
      "id": "125",
      "type": "Feature",
      "properties": {
        "grid_id": "r064_c072",
        "green_fraction": 0.0330822221296925,
        "water_fraction": 0.0012856986081712,
        "building_fraction": 0.0735364408286509,
        "road_km_per_km2": 20.933601242650223,
        "air_temperature_c": 25.09,
        "relative_humidity_pct": 64.6,
        "wind_speed_10m_ms": 4.85,
        "valid_time_beijing": "2026-09-17 12:00",
        "lead_hours": 2,
        "forecast_issued_at": "2026-09-17T03:56:15.209336+00:00",
        "net_solar_radiation_wm2": 439.1,
        "utci_c": 29.11,
        "p_base": 0.2941,
        "p_enhanced": 0.3222,
        "delta_p": 0.028,
        "risk_level": "moderate"
      },
      "geometry": {
        "type": "Polygon",
        "coordinates": [
          [
            [
              121.57,
              31.25
            ],
            [
              121.57,
              31.26
            ],
            [
              121.58,
              31.26
            ],
            [
              121.58,
              31.25
            ],
            [
              121.57,
              31.25
            ]
          ]
        ]
      }
    },
    {
      "id": "126",
      "type": "Feature",
      "properties": {
        "grid_id": "r064_c074",
        "green_fraction": 0.0147845206331238,
        "water_fraction": 0.003697045859301,
        "building_fraction": 0.0854765446420521,
        "road_km_per_km2": 27.51115977012005,
        "air_temperature_c": 25.09,
        "relative_humidity_pct": 64.6,
        "wind_speed_10m_ms": 4.85,
        "valid_time_beijing": "2026-09-17 12:00",
        "lead_hours": 2,
        "forecast_issued_at": "2026-09-17T03:56:15.209336+00:00",
        "net_solar_radiation_wm2": 439.1,
        "utci_c": 29.11,
        "p_base": 0.2941,
        "p_enhanced": 0.317,
        "delta_p": 0.0229,
        "risk_level": "moderate"
      },
      "geometry": {
        "type": "Polygon",
        "coordinates": [
          [
            [
              121.59,
              31.25
            ],
            [
              121.59,
              31.26
            ],
            [
              121.6,
              31.26
            ],
            [
              121.6,
              31.25
            ],
            [
              121.59,
              31.25
            ]
          ]
        ]
      }
    },
    {
      "id": "127",
      "type": "Feature",
      "properties": {
        "grid_id": "r064_c081",
        "green_fraction": 0.0,
        "water_fraction": 0.0,
        "building_fraction": 0.0048678809875738,
        "road_km_per_km2": 12.84840795861768,
        "air_temperature_c": 25.09,
        "relative_humidity_pct": 64.6,
        "wind_speed_10m_ms": 4.85,
        "valid_time_beijing": "2026-09-17 12:00",
        "lead_hours": 2,
        "forecast_issued_at": "2026-09-17T03:56:15.209336+00:00",
        "net_solar_radiation_wm2": 439.1,
        "utci_c": 29.11,
        "p_base": 0.2941,
        "p_enhanced": 0.3271,
        "delta_p": 0.0329,
        "risk_level": "moderate"
      },
      "geometry": {
        "type": "Polygon",
        "coordinates": [
          [
            [
              121.66,
              31.25
            ],
            [
              121.66,
              31.26
            ],
            [
              121.67,
              31.26
            ],
            [
              121.67,
              31.25
            ],
            [
              121.66,
              31.25
            ]
          ]
        ]
      }
    },
    {
      "id": "128",
      "type": "Feature",
      "properties": {
        "grid_id": "r065_c031",
        "green_fraction": 0.0,
        "water_fraction": 0.0,
        "building_fraction": 0.0,
        "road_km_per_km2": 10.268903958490103,
        "air_temperature_c": 25.09,
        "relative_humidity_pct": 64.6,
        "wind_speed_10m_ms": 4.85,
        "valid_time_beijing": "2026-09-17 12:00",
        "lead_hours": 2,
        "forecast_issued_at": "2026-09-17T03:56:15.209336+00:00",
        "net_solar_radiation_wm2": 439.1,
        "utci_c": 29.11,
        "p_base": 0.2941,
        "p_enhanced": 0.3277,
        "delta_p": 0.0336,
        "risk_level": "moderate"
      },
      "geometry": {
        "type": "Polygon",
        "coordinates": [
          [
            [
              121.16,
              31.24
            ],
            [
              121.16,
              31.25
            ],
            [
              121.17,
              31.25
            ],
            [
              121.17,
              31.24
            ],
            [
              121.16,
              31.24
            ]
          ]
        ]
      }
    },
    {
      "id": "129",
      "type": "Feature",
      "properties": {
        "grid_id": "r065_c046",
        "green_fraction": 0.0149224543769169,
        "water_fraction": 0.0027457114616098,
        "building_fraction": 0.0619195807124058,
        "road_km_per_km2": 9.605748210894577,
        "air_temperature_c": 25.09,
        "relative_humidity_pct": 64.6,
        "wind_speed_10m_ms": 4.85,
        "valid_time_beijing": "2026-09-17 12:00",
        "lead_hours": 2,
        "forecast_issued_at": "2026-09-17T03:56:15.209336+00:00",
        "net_solar_radiation_wm2": 439.1,
        "utci_c": 29.11,
        "p_base": 0.2941,
        "p_enhanced": 0.3205,
        "delta_p": 0.0264,
        "risk_level": "moderate"
      },
      "geometry": {
        "type": "Polygon",
        "coordinates": [
          [
            [
              121.31,
              31.24
            ],
            [
              121.31,
              31.25
            ],
            [
              121.32,
              31.25
            ],
            [
              121.32,
              31.24
            ],
            [
              121.31,
              31.24
            ]
          ]
        ]
      }
    },
    {
      "id": "130",
      "type": "Feature",
      "properties": {
        "grid_id": "r065_c048",
        "green_fraction": 0.0074616732269911,
        "water_fraction": 0.0463049332925502,
        "building_fraction": 0.0192069640049761,
        "road_km_per_km2": 8.910361953017269,
        "air_temperature_c": 25.09,
        "relative_humidity_pct": 64.6,
        "wind_speed_10m_ms": 4.85,
        "valid_time_beijing": "2026-09-17 12:00",
        "lead_hours": 2,
        "forecast_issued_at": "2026-09-17T03:56:15.209336+00:00",
        "net_solar_radiation_wm2": 439.1,
        "utci_c": 29.11,
        "p_base": 0.2941,
        "p_enhanced": 0.3088,
        "delta_p": 0.0146,
        "risk_level": "moderate"
      },
      "geometry": {
        "type": "Polygon",
        "coordinates": [
          [
            [
              121.33,
              31.24
            ],
            [
              121.33,
              31.25
            ],
            [
              121.34,
              31.25
            ],
            [
              121.34,
              31.24
            ],
            [
              121.33,
              31.24
            ]
          ]
        ]
      }
    },
    {
      "id": "131",
      "type": "Feature",
      "properties": {
        "grid_id": "r065_c052",
        "green_fraction": 0.0264229279737218,
        "water_fraction": 0.0,
        "building_fraction": 0.057174537295445,
        "road_km_per_km2": 13.10689203968086,
        "air_temperature_c": 25.09,
        "relative_humidity_pct": 64.6,
        "wind_speed_10m_ms": 4.85,
        "valid_time_beijing": "2026-09-17 12:00",
        "lead_hours": 2,
        "forecast_issued_at": "2026-09-17T03:56:15.209336+00:00",
        "net_solar_radiation_wm2": 439.1,
        "utci_c": 29.11,
        "p_base": 0.2941,
        "p_enhanced": 0.3239,
        "delta_p": 0.0297,
        "risk_level": "moderate"
      },
      "geometry": {
        "type": "Polygon",
        "coordinates": [
          [
            [
              121.37,
              31.24
            ],
            [
              121.37,
              31.25
            ],
            [
              121.38,
              31.25
            ],
            [
              121.38,
              31.24
            ],
            [
              121.37,
              31.24
            ]
          ]
        ]
      }
    },
    {
      "id": "132",
      "type": "Feature",
      "properties": {
        "grid_id": "r065_c057",
        "green_fraction": 0.0226157536417407,
        "water_fraction": 0.0619199481909093,
        "building_fraction": 0.1723813422008734,
        "road_km_per_km2": 20.13773948778715,
        "air_temperature_c": 25.09,
        "relative_humidity_pct": 64.6,
        "wind_speed_10m_ms": 4.85,
        "valid_time_beijing": "2026-09-17 12:00",
        "lead_hours": 2,
        "forecast_issued_at": "2026-09-17T03:56:15.209336+00:00",
        "net_solar_radiation_wm2": 439.1,
        "utci_c": 29.11,
        "p_base": 0.2941,
        "p_enhanced": 0.2856,
        "delta_p": -0.0086,
        "risk_level": "moderate"
      },
      "geometry": {
        "type": "Polygon",
        "coordinates": [
          [
            [
              121.42,
              31.24
            ],
            [
              121.42,
              31.25
            ],
            [
              121.43,
              31.25
            ],
            [
              121.43,
              31.24
            ],
            [
              121.42,
              31.24
            ]
          ]
        ]
      }
    },
    {
      "id": "133",
      "type": "Feature",
      "properties": {
        "grid_id": "r065_c058",
        "green_fraction": 0.0364310673742375,
        "water_fraction": 0.0054059469054544,
        "building_fraction": 0.1763540384289248,
        "road_km_per_km2": 17.82912530671678,
        "air_temperature_c": 25.09,
        "relative_humidity_pct": 64.6,
        "wind_speed_10m_ms": 4.85,
        "valid_time_beijing": "2026-09-17 12:00",
        "lead_hours": 2,
        "forecast_issued_at": "2026-09-17T03:56:15.209336+00:00",
        "net_solar_radiation_wm2": 439.1,
        "utci_c": 29.11,
        "p_base": 0.2941,
        "p_enhanced": 0.3075,
        "delta_p": 0.0134,
        "risk_level": "moderate"
      },
      "geometry": {
        "type": "Polygon",
        "coordinates": [
          [
            [
              121.43,
              31.24
            ],
            [
              121.43,
              31.25
            ],
            [
              121.44,
              31.25
            ],
            [
              121.44,
              31.24
            ],
            [
              121.43,
              31.24
            ]
          ]
        ]
      }
    },
    {
      "id": "134",
      "type": "Feature",
      "properties": {
        "grid_id": "r065_c059",
        "green_fraction": 0.0105441129810359,
        "water_fraction": 0.0646930931987092,
        "building_fraction": 0.157941061932943,
        "road_km_per_km2": 23.425520872549804,
        "air_temperature_c": 25.09,
        "relative_humidity_pct": 64.6,
        "wind_speed_10m_ms": 4.85,
        "valid_time_beijing": "2026-09-17 12:00",
        "lead_hours": 2,
        "forecast_issued_at": "2026-09-17T03:56:15.209336+00:00",
        "net_solar_radiation_wm2": 439.1,
        "utci_c": 29.11,
        "p_base": 0.2941,
        "p_enhanced": 0.2848,
        "delta_p": -0.0094,
        "risk_level": "moderate"
      },
      "geometry": {
        "type": "Polygon",
        "coordinates": [
          [
            [
              121.44,
              31.24
            ],
            [
              121.44,
              31.25
            ],
            [
              121.45,
              31.25
            ],
            [
              121.45,
              31.24
            ],
            [
              121.44,
              31.24
            ]
          ]
        ]
      }
    },
    {
      "id": "135",
      "type": "Feature",
      "properties": {
        "grid_id": "r065_c060",
        "green_fraction": 0.0509141034062879,
        "water_fraction": 0.0475581169034849,
        "building_fraction": 0.1211185332928288,
        "road_km_per_km2": 34.26331100994455,
        "air_temperature_c": 25.09,
        "relative_humidity_pct": 64.6,
        "wind_speed_10m_ms": 4.85,
        "valid_time_beijing": "2026-09-17 12:00",
        "lead_hours": 2,
        "forecast_issued_at": "2026-09-17T03:56:15.209336+00:00",
        "net_solar_radiation_wm2": 439.1,
        "utci_c": 29.11,
        "p_base": 0.2941,
        "p_enhanced": 0.3012,
        "delta_p": 0.0071,
        "risk_level": "moderate"
      },
      "geometry": {
        "type": "Polygon",
        "coordinates": [
          [
            [
              121.45,
              31.24
            ],
            [
              121.45,
              31.25
            ],
            [
              121.46,
              31.25
            ],
            [
              121.46,
              31.24
            ],
            [
              121.45,
              31.24
            ]
          ]
        ]
      }
    },
    {
      "id": "136",
      "type": "Feature",
      "properties": {
        "grid_id": "r065_c061",
        "green_fraction": 0.0192794932950665,
        "water_fraction": 0.0515262218093346,
        "building_fraction": 0.1536311132939651,
        "road_km_per_km2": 23.41750104690424,
        "air_temperature_c": 25.09,
        "relative_humidity_pct": 64.6,
        "wind_speed_10m_ms": 4.85,
        "valid_time_beijing": "2026-09-17 12:00",
        "lead_hours": 2,
        "forecast_issued_at": "2026-09-17T03:56:15.209336+00:00",
        "net_solar_radiation_wm2": 439.1,
        "utci_c": 29.11,
        "p_base": 0.2941,
        "p_enhanced": 0.2912,
        "delta_p": -0.0029,
        "risk_level": "moderate"
      },
      "geometry": {
        "type": "Polygon",
        "coordinates": [
          [
            [
              121.46,
              31.24
            ],
            [
              121.46,
              31.25
            ],
            [
              121.47,
              31.25
            ],
            [
              121.47,
              31.24
            ],
            [
              121.46,
              31.24
            ]
          ]
        ]
      }
    },
    {
      "id": "137",
      "type": "Feature",
      "properties": {
        "grid_id": "r065_c062",
        "green_fraction": 0.0235726021919392,
        "water_fraction": 0.0545146726924853,
        "building_fraction": 0.2534702132261557,
        "road_km_per_km2": 26.27174228834429,
        "air_temperature_c": 25.09,
        "relative_humidity_pct": 64.6,
        "wind_speed_10m_ms": 4.85,
        "valid_time_beijing": "2026-09-17 12:00",
        "lead_hours": 2,
        "forecast_issued_at": "2026-09-17T03:56:15.209336+00:00",
        "net_solar_radiation_wm2": 439.1,
        "utci_c": 29.11,
        "p_base": 0.2941,
        "p_enhanced": 0.2783,
        "delta_p": -0.0159,
        "risk_level": "moderate"
      },
      "geometry": {
        "type": "Polygon",
        "coordinates": [
          [
            [
              121.47,
              31.24
            ],
            [
              121.47,
              31.25
            ],
            [
              121.48,
              31.25
            ],
            [
              121.48,
              31.24
            ],
            [
              121.47,
              31.24
            ]
          ]
        ]
      }
    },
    {
      "id": "138",
      "type": "Feature",
      "properties": {
        "grid_id": "r065_c063",
        "green_fraction": 0.0778604459903941,
        "water_fraction": 0.240444767756258,
        "building_fraction": 0.2629798848573726,
        "road_km_per_km2": 26.27863609665713,
        "air_temperature_c": 25.09,
        "relative_humidity_pct": 64.6,
        "wind_speed_10m_ms": 4.85,
        "valid_time_beijing": "2026-09-17 12:00",
        "lead_hours": 2,
        "forecast_issued_at": "2026-09-17T03:56:15.209336+00:00",
        "net_solar_radiation_wm2": 439.1,
        "utci_c": 29.11,
        "p_base": 0.2941,
        "p_enhanced": 0.2234,
        "delta_p": -0.0707,
        "risk_level": "moderate"
      },
      "geometry": {
        "type": "Polygon",
        "coordinates": [
          [
            [
              121.48,
              31.24
            ],
            [
              121.48,
              31.25
            ],
            [
              121.49,
              31.25
            ],
            [
              121.49,
              31.24
            ],
            [
              121.48,
              31.24
            ]
          ]
        ]
      }
    },
    {
      "id": "139",
      "type": "Feature",
      "properties": {
        "grid_id": "r065_c064",
        "green_fraction": 0.14971619033277,
        "water_fraction": 0.4850070788305164,
        "building_fraction": 0.0965905297170617,
        "road_km_per_km2": 23.901224674447665,
        "air_temperature_c": 25.09,
        "relative_humidity_pct": 64.6,
        "wind_speed_10m_ms": 4.85,
        "valid_time_beijing": "2026-09-17 12:00",
        "lead_hours": 2,
        "forecast_issued_at": "2026-09-17T03:56:15.209336+00:00",
        "net_solar_radiation_wm2": 439.1,
        "utci_c": 29.11,
        "p_base": 0.2941,
        "p_enhanced": 0.1793,
        "delta_p": -0.1148,
        "risk_level": "moderate"
      },
      "geometry": {
        "type": "Polygon",
        "coordinates": [
          [
            [
              121.49,
              31.24
            ],
            [
              121.49,
              31.25
            ],
            [
              121.5,
              31.25
            ],
            [
              121.5,
              31.24
            ],
            [
              121.49,
              31.24
            ]
          ]
        ]
      }
    },
    {
      "id": "140",
      "type": "Feature",
      "properties": {
        "grid_id": "r065_c065",
        "green_fraction": 0.1695044950586339,
        "water_fraction": 0.3279289943104393,
        "building_fraction": 0.1297767788830323,
        "road_km_per_km2": 30.45376345102888,
        "air_temperature_c": 25.09,
        "relative_humidity_pct": 64.6,
        "wind_speed_10m_ms": 4.85,
        "valid_time_beijing": "2026-09-17 12:00",
        "lead_hours": 2,
        "forecast_issued_at": "2026-09-17T03:56:15.209336+00:00",
        "net_solar_radiation_wm2": 439.1,
        "utci_c": 29.11,
        "p_base": 0.2941,
        "p_enhanced": 0.2219,
        "delta_p": -0.0723,
        "risk_level": "moderate"
      },
      "geometry": {
        "type": "Polygon",
        "coordinates": [
          [
            [
              121.5,
              31.24
            ],
            [
              121.5,
              31.25
            ],
            [
              121.51,
              31.25
            ],
            [
              121.51,
              31.24
            ],
            [
              121.5,
              31.24
            ]
          ]
        ]
      }
    },
    {
      "id": "141",
      "type": "Feature",
      "properties": {
        "grid_id": "r065_c066",
        "green_fraction": 0.1084921119225359,
        "water_fraction": 0.3127167202896911,
        "building_fraction": 0.1185061479353865,
        "road_km_per_km2": 24.780513582387474,
        "air_temperature_c": 25.09,
        "relative_humidity_pct": 64.6,
        "wind_speed_10m_ms": 4.85,
        "valid_time_beijing": "2026-09-17 12:00",
        "lead_hours": 2,
        "forecast_issued_at": "2026-09-17T03:56:15.209336+00:00",
        "net_solar_radiation_wm2": 439.1,
        "utci_c": 29.11,
        "p_base": 0.2941,
        "p_enhanced": 0.2206,
        "delta_p": -0.0736,
        "risk_level": "moderate"
      },
      "geometry": {
        "type": "Polygon",
        "coordinates": [
          [
            [
              121.51,
              31.24
            ],
            [
              121.51,
              31.25
            ],
            [
              121.52,
              31.25
            ],
            [
              121.52,
              31.24
            ],
            [
              121.51,
              31.24
            ]
          ]
        ]
      }
    },
    {
      "id": "142",
      "type": "Feature",
      "properties": {
        "grid_id": "r065_c067",
        "green_fraction": 0.1300294814245658,
        "water_fraction": 0.2453655460748279,
        "building_fraction": 0.1013781657490211,
        "road_km_per_km2": 20.953204416165104,
        "air_temperature_c": 25.09,
        "relative_humidity_pct": 64.6,
        "wind_speed_10m_ms": 4.85,
        "valid_time_beijing": "2026-09-17 12:00",
        "lead_hours": 2,
        "forecast_issued_at": "2026-09-17T03:56:15.209336+00:00",
        "net_solar_radiation_wm2": 439.1,
        "utci_c": 29.11,
        "p_base": 0.2941,
        "p_enhanced": 0.246,
        "delta_p": -0.0482,
        "risk_level": "moderate"
      },
      "geometry": {
        "type": "Polygon",
        "coordinates": [
          [
            [
              121.52,
              31.24
            ],
            [
              121.52,
              31.25
            ],
            [
              121.53,
              31.25
            ],
            [
              121.53,
              31.24
            ],
            [
              121.52,
              31.24
            ]
          ]
        ]
      }
    },
    {
      "id": "143",
      "type": "Feature",
      "properties": {
        "grid_id": "r065_c068",
        "green_fraction": 0.0237453255990622,
        "water_fraction": 0.0285888856882477,
        "building_fraction": 0.026568699691135,
        "road_km_per_km2": 18.19781064280265,
        "air_temperature_c": 25.09,
        "relative_humidity_pct": 64.6,
        "wind_speed_10m_ms": 4.85,
        "valid_time_beijing": "2026-09-17 12:00",
        "lead_hours": 2,
        "forecast_issued_at": "2026-09-17T03:56:15.209336+00:00",
        "net_solar_radiation_wm2": 439.1,
        "utci_c": 29.11,
        "p_base": 0.2941,
        "p_enhanced": 0.3168,
        "delta_p": 0.0226,
        "risk_level": "moderate"
      },
      "geometry": {
        "type": "Polygon",
        "coordinates": [
          [
            [
              121.53,
              31.24
            ],
            [
              121.53,
              31.25
            ],
            [
              121.54,
              31.25
            ],
            [
              121.54,
              31.24
            ],
            [
              121.53,
              31.24
            ]
          ]
        ]
      }
    },
    {
      "id": "144",
      "type": "Feature",
      "properties": {
        "grid_id": "r065_c069",
        "green_fraction": 0.0140196924683804,
        "water_fraction": 0.0292273519356637,
        "building_fraction": 0.0559863817085916,
        "road_km_per_km2": 13.08834844241772,
        "air_temperature_c": 25.09,
        "relative_humidity_pct": 64.6,
        "wind_speed_10m_ms": 4.85,
        "valid_time_beijing": "2026-09-17 12:00",
        "lead_hours": 2,
        "forecast_issued_at": "2026-09-17T03:56:15.209336+00:00",
        "net_solar_radiation_wm2": 439.1,
        "utci_c": 29.11,
        "p_base": 0.2941,
        "p_enhanced": 0.3112,
        "delta_p": 0.0171,
        "risk_level": "moderate"
      },
      "geometry": {
        "type": "Polygon",
        "coordinates": [
          [
            [
              121.54,
              31.24
            ],
            [
              121.54,
              31.25
            ],
            [
              121.55,
              31.25
            ],
            [
              121.55,
              31.24
            ],
            [
              121.54,
              31.24
            ]
          ]
        ]
      }
    },
    {
      "id": "145",
      "type": "Feature",
      "properties": {
        "grid_id": "r065_c070",
        "green_fraction": 0.0421659238842446,
        "water_fraction": 0.0183188082993745,
        "building_fraction": 0.110387245605893,
        "road_km_per_km2": 14.05893712587709,
        "air_temperature_c": 25.09,
        "relative_humidity_pct": 64.6,
        "wind_speed_10m_ms": 4.85,
        "valid_time_beijing": "2026-09-17 12:00",
        "lead_hours": 2,
        "forecast_issued_at": "2026-09-17T03:56:15.209336+00:00",
        "net_solar_radiation_wm2": 439.1,
        "utci_c": 29.11,
        "p_base": 0.2941,
        "p_enhanced": 0.3122,
        "delta_p": 0.018,
        "risk_level": "moderate"
      },
      "geometry": {
        "type": "Polygon",
        "coordinates": [
          [
            [
              121.55,
              31.24
            ],
            [
              121.55,
              31.25
            ],
            [
              121.56,
              31.25
            ],
            [
              121.56,
              31.24
            ],
            [
              121.55,
              31.24
            ]
          ]
        ]
      }
    },
    {
      "id": "146",
      "type": "Feature",
      "properties": {
        "grid_id": "r065_c073",
        "green_fraction": 0.0323921996415318,
        "water_fraction": 0.034006416759347,
        "building_fraction": 0.1011477878372074,
        "road_km_per_km2": 27.9878479332484,
        "air_temperature_c": 25.09,
        "relative_humidity_pct": 64.6,
        "wind_speed_10m_ms": 4.85,
        "valid_time_beijing": "2026-09-17 12:00",
        "lead_hours": 2,
        "forecast_issued_at": "2026-09-17T03:56:15.209336+00:00",
        "net_solar_radiation_wm2": 439.1,
        "utci_c": 29.11,
        "p_base": 0.2941,
        "p_enhanced": 0.3062,
        "delta_p": 0.012,
        "risk_level": "moderate"
      },
      "geometry": {
        "type": "Polygon",
        "coordinates": [
          [
            [
              121.58,
              31.24
            ],
            [
              121.58,
              31.25
            ],
            [
              121.59,
              31.25
            ],
            [
              121.59,
              31.24
            ],
            [
              121.58,
              31.24
            ]
          ]
        ]
      }
    },
    {
      "id": "147",
      "type": "Feature",
      "properties": {
        "grid_id": "r066_c028",
        "green_fraction": 0.0,
        "water_fraction": 0.0112178819434427,
        "building_fraction": 0.0157956588822745,
        "road_km_per_km2": 6.238599051155545,
        "air_temperature_c": 25.09,
        "relative_humidity_pct": 64.6,
        "wind_speed_10m_ms": 4.85,
        "valid_time_beijing": "2026-09-17 12:00",
        "lead_hours": 2,
        "forecast_issued_at": "2026-09-17T03:56:15.209336+00:00",
        "net_solar_radiation_wm2": 439.1,
        "utci_c": 29.11,
        "p_base": 0.2941,
        "p_enhanced": 0.3213,
        "delta_p": 0.0272,
        "risk_level": "moderate"
      },
      "geometry": {
        "type": "Polygon",
        "coordinates": [
          [
            [
              121.13,
              31.23
            ],
            [
              121.13,
              31.24
            ],
            [
              121.14,
              31.24
            ],
            [
              121.14,
              31.23
            ],
            [
              121.13,
              31.23
            ]
          ]
        ]
      }
    },
    {
      "id": "148",
      "type": "Feature",
      "properties": {
        "grid_id": "r066_c048",
        "green_fraction": 0.0247996505126619,
        "water_fraction": 0.0829144209984311,
        "building_fraction": 0.1019958493858214,
        "road_km_per_km2": 8.422841758692234,
        "air_temperature_c": 25.09,
        "relative_humidity_pct": 64.6,
        "wind_speed_10m_ms": 4.85,
        "valid_time_beijing": "2026-09-17 12:00",
        "lead_hours": 2,
        "forecast_issued_at": "2026-09-17T03:56:15.209336+00:00",
        "net_solar_radiation_wm2": 439.1,
        "utci_c": 29.11,
        "p_base": 0.2941,
        "p_enhanced": 0.2873,
        "delta_p": -0.0069,
        "risk_level": "moderate"
      },
      "geometry": {
        "type": "Polygon",
        "coordinates": [
          [
            [
              121.33,
              31.23
            ],
            [
              121.33,
              31.24
            ],
            [
              121.34,
              31.24
            ],
            [
              121.34,
              31.23
            ],
            [
              121.33,
              31.23
            ]
          ]
        ]
      }
    },
    {
      "id": "149",
      "type": "Feature",
      "properties": {
        "grid_id": "r066_c051",
        "green_fraction": 0.0,
        "water_fraction": 0.0,
        "building_fraction": 0.0,
        "road_km_per_km2": 8.758610214914107,
        "air_temperature_c": 25.09,
        "relative_humidity_pct": 64.6,
        "wind_speed_10m_ms": 4.85,
        "valid_time_beijing": "2026-09-17 12:00",
        "lead_hours": 2,
        "forecast_issued_at": "2026-09-17T03:56:15.209336+00:00",
        "net_solar_radiation_wm2": 439.1,
        "utci_c": 29.11,
        "p_base": 0.2941,
        "p_enhanced": 0.3277,
        "delta_p": 0.0336,
        "risk_level": "moderate"
      },
      "geometry": {
        "type": "Polygon",
        "coordinates": [
          [
            [
              121.36,
              31.23
            ],
            [
              121.36,
              31.24
            ],
            [
              121.37,
              31.24
            ],
            [
              121.37,
              31.23
            ],
            [
              121.36,
              31.23
            ]
          ]
        ]
      }
    },
    {
      "id": "150",
      "type": "Feature",
      "properties": {
        "grid_id": "r066_c052",
        "green_fraction": 0.0031214017349726,
        "water_fraction": 0.0,
        "building_fraction": 0.0984650276551142,
        "road_km_per_km2": 13.03231913399976,
        "air_temperature_c": 25.09,
        "relative_humidity_pct": 64.6,
        "wind_speed_10m_ms": 4.85,
        "valid_time_beijing": "2026-09-17 12:00",
        "lead_hours": 2,
        "forecast_issued_at": "2026-09-17T03:56:15.209336+00:00",
        "net_solar_radiation_wm2": 439.1,
        "utci_c": 29.11,
        "p_base": 0.2941,
        "p_enhanced": 0.315,
        "delta_p": 0.0208,
        "risk_level": "moderate"
      },
      "geometry": {
        "type": "Polygon",
        "coordinates": [
          [
            [
              121.37,
              31.23
            ],
            [
              121.37,
              31.24
            ],
            [
              121.38,
              31.24
            ],
            [
              121.38,
              31.23
            ],
            [
              121.37,
              31.23
            ]
          ]
        ]
      }
    },
    {
      "id": "151",
      "type": "Feature",
      "properties": {
        "grid_id": "r066_c055",
        "green_fraction": 0.0435144398250192,
        "water_fraction": 0.0148919387354438,
        "building_fraction": 0.2398882399932429,
        "road_km_per_km2": 23.12674922399017,
        "air_temperature_c": 25.09,
        "relative_humidity_pct": 64.6,
        "wind_speed_10m_ms": 4.85,
        "valid_time_beijing": "2026-09-17 12:00",
        "lead_hours": 2,
        "forecast_issued_at": "2026-09-17T03:56:15.209336+00:00",
        "net_solar_radiation_wm2": 439.1,
        "utci_c": 29.11,
        "p_base": 0.2941,
        "p_enhanced": 0.2968,
        "delta_p": 0.0027,
        "risk_level": "moderate"
      },
      "geometry": {
        "type": "Polygon",
        "coordinates": [
          [
            [
              121.4,
              31.23
            ],
            [
              121.4,
              31.24
            ],
            [
              121.41,
              31.24
            ],
            [
              121.41,
              31.23
            ],
            [
              121.4,
              31.23
            ]
          ]
        ]
      }
    },
    {
      "id": "152",
      "type": "Feature",
      "properties": {
        "grid_id": "r066_c056",
        "green_fraction": 0.0024003683265519,
        "water_fraction": 0.0179080702007808,
        "building_fraction": 0.1784369070879255,
        "road_km_per_km2": 13.155187776891246,
        "air_temperature_c": 25.09,
        "relative_humidity_pct": 64.6,
        "wind_speed_10m_ms": 4.85,
        "valid_time_beijing": "2026-09-17 12:00",
        "lead_hours": 2,
        "forecast_issued_at": "2026-09-17T03:56:15.209336+00:00",
        "net_solar_radiation_wm2": 439.1,
        "utci_c": 29.11,
        "p_base": 0.2941,
        "p_enhanced": 0.2978,
        "delta_p": 0.0037,
        "risk_level": "moderate"
      },
      "geometry": {
        "type": "Polygon",
        "coordinates": [
          [
            [
              121.41,
              31.23
            ],
            [
              121.41,
              31.24
            ],
            [
              121.42,
              31.24
            ],
            [
              121.42,
              31.23
            ],
            [
              121.41,
              31.23
            ]
          ]
        ]
      }
    },
    {
      "id": "153",
      "type": "Feature",
      "properties": {
        "grid_id": "r066_c057",
        "green_fraction": 0.0058481038105989,
        "water_fraction": 0.046834386640733,
        "building_fraction": 0.1442973544661834,
        "road_km_per_km2": 17.251047555974342,
        "air_temperature_c": 25.09,
        "relative_humidity_pct": 64.6,
        "wind_speed_10m_ms": 4.85,
        "valid_time_beijing": "2026-09-17 12:00",
        "lead_hours": 2,
        "forecast_issued_at": "2026-09-17T03:56:15.209336+00:00",
        "net_solar_radiation_wm2": 439.1,
        "utci_c": 29.11,
        "p_base": 0.2941,
        "p_enhanced": 0.2922,
        "delta_p": -0.0019,
        "risk_level": "moderate"
      },
      "geometry": {
        "type": "Polygon",
        "coordinates": [
          [
            [
              121.42,
              31.23
            ],
            [
              121.42,
              31.24
            ],
            [
              121.43,
              31.24
            ],
            [
              121.43,
              31.23
            ],
            [
              121.42,
              31.23
            ]
          ]
        ]
      }
    },
    {
      "id": "154",
      "type": "Feature",
      "properties": {
        "grid_id": "r066_c058",
        "green_fraction": 0.0060524866531976,
        "water_fraction": 0.0,
        "building_fraction": 0.1545466100484206,
        "road_km_per_km2": 14.325682879044878,
        "air_temperature_c": 25.09,
        "relative_humidity_pct": 64.6,
        "wind_speed_10m_ms": 4.85,
        "valid_time_beijing": "2026-09-17 12:00",
        "lead_hours": 2,
        "forecast_issued_at": "2026-09-17T03:56:15.209336+00:00",
        "net_solar_radiation_wm2": 439.1,
        "utci_c": 29.11,
        "p_base": 0.2941,
        "p_enhanced": 0.308,
        "delta_p": 0.0139,
        "risk_level": "moderate"
      },
      "geometry": {
        "type": "Polygon",
        "coordinates": [
          [
            [
              121.43,
              31.23
            ],
            [
              121.43,
              31.24
            ],
            [
              121.44,
              31.24
            ],
            [
              121.44,
              31.23
            ],
            [
              121.43,
              31.23
            ]
          ]
        ]
      }
    },
    {
      "id": "155",
      "type": "Feature",
      "properties": {
        "grid_id": "r066_c059",
        "green_fraction": 0.0068125085070931,
        "water_fraction": 0.0,
        "building_fraction": 0.1697600406074945,
        "road_km_per_km2": 14.508975621176855,
        "air_temperature_c": 25.09,
        "relative_humidity_pct": 64.6,
        "wind_speed_10m_ms": 4.85,
        "valid_time_beijing": "2026-09-17 12:00",
        "lead_hours": 2,
        "forecast_issued_at": "2026-09-17T03:56:15.209336+00:00",
        "net_solar_radiation_wm2": 439.1,
        "utci_c": 29.11,
        "p_base": 0.2941,
        "p_enhanced": 0.3061,
        "delta_p": 0.012,
        "risk_level": "moderate"
      },
      "geometry": {
        "type": "Polygon",
        "coordinates": [
          [
            [
              121.44,
              31.23
            ],
            [
              121.44,
              31.24
            ],
            [
              121.45,
              31.24
            ],
            [
              121.45,
              31.23
            ],
            [
              121.44,
              31.23
            ]
          ]
        ]
      }
    },
    {
      "id": "156",
      "type": "Feature",
      "properties": {
        "grid_id": "r066_c060",
        "green_fraction": 0.0750985203631617,
        "water_fraction": 0.0068376743117413,
        "building_fraction": 0.2334169492732641,
        "road_km_per_km2": 18.704139923240348,
        "air_temperature_c": 25.09,
        "relative_humidity_pct": 64.6,
        "wind_speed_10m_ms": 4.85,
        "valid_time_beijing": "2026-09-17 12:00",
        "lead_hours": 2,
        "forecast_issued_at": "2026-09-17T03:56:15.209336+00:00",
        "net_solar_radiation_wm2": 439.1,
        "utci_c": 29.11,
        "p_base": 0.2941,
        "p_enhanced": 0.3051,
        "delta_p": 0.0109,
        "risk_level": "moderate"
      },
      "geometry": {
        "type": "Polygon",
        "coordinates": [
          [
            [
              121.45,
              31.23
            ],
            [
              121.45,
              31.24
            ],
            [
              121.46,
              31.24
            ],
            [
              121.46,
              31.23
            ],
            [
              121.45,
              31.23
            ]
          ]
        ]
      }
    },
    {
      "id": "157",
      "type": "Feature",
      "properties": {
        "grid_id": "r066_c061",
        "green_fraction": 0.1524000492320839,
        "water_fraction": 0.0021904670281892,
        "building_fraction": 0.28339089222179,
        "road_km_per_km2": 32.47526806594943,
        "air_temperature_c": 25.09,
        "relative_humidity_pct": 64.6,
        "wind_speed_10m_ms": 4.85,
        "valid_time_beijing": "2026-09-17 12:00",
        "lead_hours": 2,
        "forecast_issued_at": "2026-09-17T03:56:15.209336+00:00",
        "net_solar_radiation_wm2": 439.1,
        "utci_c": 29.11,
        "p_base": 0.2941,
        "p_enhanced": 0.3113,
        "delta_p": 0.0171,
        "risk_level": "moderate"
      },
      "geometry": {
        "type": "Polygon",
        "coordinates": [
          [
            [
              121.46,
              31.23
            ],
            [
              121.46,
              31.24
            ],
            [
              121.47,
              31.24
            ],
            [
              121.47,
              31.23
            ],
            [
              121.46,
              31.23
            ]
          ]
        ]
      }
    },
    {
      "id": "158",
      "type": "Feature",
      "properties": {
        "grid_id": "r066_c062",
        "green_fraction": 0.1154357831460257,
        "water_fraction": 0.0,
        "building_fraction": 0.392608310826381,
        "road_km_per_km2": 36.97392323468039,
        "air_temperature_c": 25.09,
        "relative_humidity_pct": 64.6,
        "wind_speed_10m_ms": 4.85,
        "valid_time_beijing": "2026-09-17 12:00",
        "lead_hours": 2,
        "forecast_issued_at": "2026-09-17T03:56:15.209336+00:00",
        "net_solar_radiation_wm2": 439.1,
        "utci_c": 29.11,
        "p_base": 0.2941,
        "p_enhanced": 0.2927,
        "delta_p": -0.0014,
        "risk_level": "moderate"
      },
      "geometry": {
        "type": "Polygon",
        "coordinates": [
          [
            [
              121.47,
              31.23
            ],
            [
              121.47,
              31.24
            ],
            [
              121.48,
              31.24
            ],
            [
              121.48,
              31.23
            ],
            [
              121.47,
              31.23
            ]
          ]
        ]
      }
    },
    {
      "id": "159",
      "type": "Feature",
      "properties": {
        "grid_id": "r066_c063",
        "green_fraction": 0.0462886960190445,
        "water_fraction": 0.1659517631981207,
        "building_fraction": 0.2898215820514103,
        "road_km_per_km2": 34.77817534894245,
        "air_temperature_c": 25.09,
        "relative_humidity_pct": 64.6,
        "wind_speed_10m_ms": 4.85,
        "valid_time_beijing": "2026-09-17 12:00",
        "lead_hours": 2,
        "forecast_issued_at": "2026-09-17T03:56:15.209336+00:00",
        "net_solar_radiation_wm2": 439.1,
        "utci_c": 29.11,
        "p_base": 0.2941,
        "p_enhanced": 0.2398,
        "delta_p": -0.0544,
        "risk_level": "moderate"
      },
      "geometry": {
        "type": "Polygon",
        "coordinates": [
          [
            [
              121.48,
              31.23
            ],
            [
              121.48,
              31.24
            ],
            [
              121.49,
              31.24
            ],
            [
              121.49,
              31.23
            ],
            [
              121.48,
              31.23
            ]
          ]
        ]
      }
    },
    {
      "id": "160",
      "type": "Feature",
      "properties": {
        "grid_id": "r066_c064",
        "green_fraction": 0.1129971031332822,
        "water_fraction": 0.4437060619132732,
        "building_fraction": 0.1179948809452277,
        "road_km_per_km2": 29.429666316919988,
        "air_temperature_c": 25.09,
        "relative_humidity_pct": 64.6,
        "wind_speed_10m_ms": 4.85,
        "valid_time_beijing": "2026-09-17 12:00",
        "lead_hours": 2,
        "forecast_issued_at": "2026-09-17T03:56:15.209336+00:00",
        "net_solar_radiation_wm2": 439.1,
        "utci_c": 29.11,
        "p_base": 0.2941,
        "p_enhanced": 0.1844,
        "delta_p": -0.1098,
        "risk_level": "moderate"
      },
      "geometry": {
        "type": "Polygon",
        "coordinates": [
          [
            [
              121.49,
              31.23
            ],
            [
              121.49,
              31.24
            ],
            [
              121.5,
              31.24
            ],
            [
              121.5,
              31.23
            ],
            [
              121.49,
              31.23
            ]
          ]
        ]
      }
    },
    {
      "id": "161",
      "type": "Feature",
      "properties": {
        "grid_id": "r066_c065",
        "green_fraction": 0.1009826563167389,
        "water_fraction": 0.0051897942706231,
        "building_fraction": 0.1960652656856572,
        "road_km_per_km2": 42.71745108311908,
        "air_temperature_c": 25.09,
        "relative_humidity_pct": 64.6,
        "wind_speed_10m_ms": 4.85,
        "valid_time_beijing": "2026-09-17 12:00",
        "lead_hours": 2,
        "forecast_issued_at": "2026-09-17T03:56:15.209336+00:00",
        "net_solar_radiation_wm2": 439.1,
        "utci_c": 29.11,
        "p_base": 0.2941,
        "p_enhanced": 0.3143,
        "delta_p": 0.0201,
        "risk_level": "moderate"
      },
      "geometry": {
        "type": "Polygon",
        "coordinates": [
          [
            [
              121.5,
              31.23
            ],
            [
              121.5,
              31.24
            ],
            [
              121.51,
              31.24
            ],
            [
              121.51,
              31.23
            ],
            [
              121.5,
              31.23
            ]
          ]
        ]
      }
    },
    {
      "id": "162",
      "type": "Feature",
      "properties": {
        "grid_id": "r066_c066",
        "green_fraction": 0.0575389458924621,
        "water_fraction": 0.0,
        "building_fraction": 0.2768806828900993,
        "road_km_per_km2": 36.52849742437645,
        "air_temperature_c": 25.09,
        "relative_humidity_pct": 64.6,
        "wind_speed_10m_ms": 4.85,
        "valid_time_beijing": "2026-09-17 12:00",
        "lead_hours": 2,
        "forecast_issued_at": "2026-09-17T03:56:15.209336+00:00",
        "net_solar_radiation_wm2": 439.1,
        "utci_c": 29.11,
        "p_base": 0.2941,
        "p_enhanced": 0.2994,
        "delta_p": 0.0053,
        "risk_level": "moderate"
      },
      "geometry": {
        "type": "Polygon",
        "coordinates": [
          [
            [
              121.51,
              31.23
            ],
            [
              121.51,
              31.24
            ],
            [
              121.52,
              31.24
            ],
            [
              121.52,
              31.23
            ],
            [
              121.51,
              31.23
            ]
          ]
        ]
      }
    },
    {
      "id": "163",
      "type": "Feature",
      "properties": {
        "grid_id": "r066_c067",
        "green_fraction": 0.0660382809064638,
        "water_fraction": 0.0005071244853817,
        "building_fraction": 0.240521739681997,
        "road_km_per_km2": 28.754038647737342,
        "air_temperature_c": 25.09,
        "relative_humidity_pct": 64.6,
        "wind_speed_10m_ms": 4.85,
        "valid_time_beijing": "2026-09-17 12:00",
        "lead_hours": 2,
        "forecast_issued_at": "2026-09-17T03:56:15.209336+00:00",
        "net_solar_radiation_wm2": 439.1,
        "utci_c": 29.11,
        "p_base": 0.2941,
        "p_enhanced": 0.3052,
        "delta_p": 0.011,
        "risk_level": "moderate"
      },
      "geometry": {
        "type": "Polygon",
        "coordinates": [
          [
            [
              121.52,
              31.23
            ],
            [
              121.52,
              31.24
            ],
            [
              121.53,
              31.24
            ],
            [
              121.53,
              31.23
            ],
            [
              121.52,
              31.23
            ]
          ]
        ]
      }
    },
    {
      "id": "164",
      "type": "Feature",
      "properties": {
        "grid_id": "r066_c070",
        "green_fraction": 0.0680616711721327,
        "water_fraction": 0.0449597725610797,
        "building_fraction": 0.1662795484015845,
        "road_km_per_km2": 29.5319001368237,
        "air_temperature_c": 25.09,
        "relative_humidity_pct": 64.6,
        "wind_speed_10m_ms": 4.85,
        "valid_time_beijing": "2026-09-17 12:00",
        "lead_hours": 2,
        "forecast_issued_at": "2026-09-17T03:56:15.209336+00:00",
        "net_solar_radiation_wm2": 439.1,
        "utci_c": 29.11,
        "p_base": 0.2941,
        "p_enhanced": 0.2988,
        "delta_p": 0.0046,
        "risk_level": "moderate"
      },
      "geometry": {
        "type": "Polygon",
        "coordinates": [
          [
            [
              121.55,
              31.23
            ],
            [
              121.55,
              31.24
            ],
            [
              121.56,
              31.24
            ],
            [
              121.56,
              31.23
            ],
            [
              121.55,
              31.23
            ]
          ]
        ]
      }
    },
    {
      "id": "165",
      "type": "Feature",
      "properties": {
        "grid_id": "r066_c074",
        "green_fraction": 0.371856043939373,
        "water_fraction": 0.0496096195839445,
        "building_fraction": 0.0199045721357246,
        "road_km_per_km2": 16.673425595456223,
        "air_temperature_c": 25.09,
        "relative_humidity_pct": 64.6,
        "wind_speed_10m_ms": 4.85,
        "valid_time_beijing": "2026-09-17 12:00",
        "lead_hours": 2,
        "forecast_issued_at": "2026-09-17T03:56:15.209336+00:00",
        "net_solar_radiation_wm2": 439.1,
        "utci_c": 29.11,
        "p_base": 0.2941,
        "p_enhanced": 0.3618,
        "delta_p": 0.0677,
        "risk_level": "moderate"
      },
      "geometry": {
        "type": "Polygon",
        "coordinates": [
          [
            [
              121.59,
              31.23
            ],
            [
              121.59,
              31.24
            ],
            [
              121.6,
              31.24
            ],
            [
              121.6,
              31.23
            ],
            [
              121.59,
              31.23
            ]
          ]
        ]
      }
    },
    {
      "id": "166",
      "type": "Feature",
      "properties": {
        "grid_id": "r067_c045",
        "green_fraction": 0.0660320739642638,
        "water_fraction": 0.1074067357413938,
        "building_fraction": 0.0,
        "road_km_per_km2": 7.378262524800029,
        "air_temperature_c": 25.09,
        "relative_humidity_pct": 64.6,
        "wind_speed_10m_ms": 4.85,
        "valid_time_beijing": "2026-09-17 12:00",
        "lead_hours": 2,
        "forecast_issued_at": "2026-09-17T03:56:15.209336+00:00",
        "net_solar_radiation_wm2": 439.1,
        "utci_c": 29.11,
        "p_base": 0.2941,
        "p_enhanced": 0.2971,
        "delta_p": 0.003,
        "risk_level": "moderate"
      },
      "geometry": {
        "type": "Polygon",
        "coordinates": [
          [
            [
              121.3,
              31.22
            ],
            [
              121.3,
              31.23
            ],
            [
              121.31,
              31.23
            ],
            [
              121.31,
              31.22
            ],
            [
              121.3,
              31.22
            ]
          ]
        ]
      }
    },
    {
      "id": "167",
      "type": "Feature",
      "properties": {
        "grid_id": "r067_c051",
        "green_fraction": 0.0694659393939868,
        "water_fraction": 0.0693323989059007,
        "building_fraction": 0.0224410485969957,
        "road_km_per_km2": 20.37847567458928,
        "air_temperature_c": 25.09,
        "relative_humidity_pct": 64.6,
        "wind_speed_10m_ms": 4.85,
        "valid_time_beijing": "2026-09-17 12:00",
        "lead_hours": 2,
        "forecast_issued_at": "2026-09-17T03:56:15.209336+00:00",
        "net_solar_radiation_wm2": 439.1,
        "utci_c": 29.11,
        "p_base": 0.2941,
        "p_enhanced": 0.3087,
        "delta_p": 0.0145,
        "risk_level": "moderate"
      },
      "geometry": {
        "type": "Polygon",
        "coordinates": [
          [
            [
              121.36,
              31.22
            ],
            [
              121.36,
              31.23
            ],
            [
              121.37,
              31.23
            ],
            [
              121.37,
              31.22
            ],
            [
              121.36,
              31.22
            ]
          ]
        ]
      }
    },
    {
      "id": "168",
      "type": "Feature",
      "properties": {
        "grid_id": "r067_c052",
        "green_fraction": 0.1817594779439786,
        "water_fraction": 0.0563479490307807,
        "building_fraction": 0.0091778353802954,
        "road_km_per_km2": 22.573985868943087,
        "air_temperature_c": 25.09,
        "relative_humidity_pct": 64.6,
        "wind_speed_10m_ms": 4.85,
        "valid_time_beijing": "2026-09-17 12:00",
        "lead_hours": 2,
        "forecast_issued_at": "2026-09-17T03:56:15.209336+00:00",
        "net_solar_radiation_wm2": 439.1,
        "utci_c": 29.11,
        "p_base": 0.2941,
        "p_enhanced": 0.3318,
        "delta_p": 0.0376,
        "risk_level": "moderate"
      },
      "geometry": {
        "type": "Polygon",
        "coordinates": [
          [
            [
              121.37,
              31.22
            ],
            [
              121.37,
              31.23
            ],
            [
              121.38,
              31.23
            ],
            [
              121.38,
              31.22
            ],
            [
              121.37,
              31.22
            ]
          ]
        ]
      }
    },
    {
      "id": "169",
      "type": "Feature",
      "properties": {
        "grid_id": "r067_c053",
        "green_fraction": 0.1050304042279096,
        "water_fraction": 0.0452630834151995,
        "building_fraction": 0.0581260888150575,
        "road_km_per_km2": 17.159856050140494,
        "air_temperature_c": 25.09,
        "relative_humidity_pct": 64.6,
        "wind_speed_10m_ms": 4.85,
        "valid_time_beijing": "2026-09-17 12:00",
        "lead_hours": 2,
        "forecast_issued_at": "2026-09-17T03:56:15.209336+00:00",
        "net_solar_radiation_wm2": 439.1,
        "utci_c": 29.11,
        "p_base": 0.2941,
        "p_enhanced": 0.3181,
        "delta_p": 0.024,
        "risk_level": "moderate"
      },
      "geometry": {
        "type": "Polygon",
        "coordinates": [
          [
            [
              121.38,
              31.22
            ],
            [
              121.38,
              31.23
            ],
            [
              121.39,
              31.23
            ],
            [
              121.39,
              31.22
            ],
            [
              121.38,
              31.22
            ]
          ]
        ]
      }
    },
    {
      "id": "170",
      "type": "Feature",
      "properties": {
        "grid_id": "r067_c054",
        "green_fraction": 0.4297159437916737,
        "water_fraction": 0.1747062981259444,
        "building_fraction": 0.1367355923976244,
        "road_km_per_km2": 24.1883603740078,
        "air_temperature_c": 25.09,
        "relative_humidity_pct": 64.6,
        "wind_speed_10m_ms": 4.85,
        "valid_time_beijing": "2026-09-17 12:00",
        "lead_hours": 2,
        "forecast_issued_at": "2026-09-17T03:56:15.209336+00:00",
        "net_solar_radiation_wm2": 439.1,
        "utci_c": 29.11,
        "p_base": 0.2941,
        "p_enhanced": 0.3062,
        "delta_p": 0.012,
        "risk_level": "moderate"
      },
      "geometry": {
        "type": "Polygon",
        "coordinates": [
          [
            [
              121.39,
              31.22
            ],
            [
              121.39,
              31.23
            ],
            [
              121.4,
              31.23
            ],
            [
              121.4,
              31.22
            ],
            [
              121.39,
              31.22
            ]
          ]
        ]
      }
    },
    {
      "id": "171",
      "type": "Feature",
      "properties": {
        "grid_id": "r067_c055",
        "green_fraction": 0.0840919737959852,
        "water_fraction": 0.058035850478621,
        "building_fraction": 0.1764898491471086,
        "road_km_per_km2": 25.81872073807748,
        "air_temperature_c": 25.09,
        "relative_humidity_pct": 64.6,
        "wind_speed_10m_ms": 4.85,
        "valid_time_beijing": "2026-09-17 12:00",
        "lead_hours": 2,
        "forecast_issued_at": "2026-09-17T03:56:15.209336+00:00",
        "net_solar_radiation_wm2": 439.1,
        "utci_c": 29.11,
        "p_base": 0.2941,
        "p_enhanced": 0.295,
        "delta_p": 0.0008,
        "risk_level": "moderate"
      },
      "geometry": {
        "type": "Polygon",
        "coordinates": [
          [
            [
              121.4,
              31.22
            ],
            [
              121.4,
              31.23
            ],
            [
              121.41,
              31.23
            ],
            [
              121.41,
              31.22
            ],
            [
              121.4,
              31.22
            ]
          ]
        ]
      }
    },
    {
      "id": "172",
      "type": "Feature",
      "properties": {
        "grid_id": "r067_c056",
        "green_fraction": 0.2161686997808498,
        "water_fraction": 0.0750577489509484,
        "building_fraction": 0.170823929683402,
        "road_km_per_km2": 22.823893931370957,
        "air_temperature_c": 25.09,
        "relative_humidity_pct": 64.6,
        "wind_speed_10m_ms": 4.85,
        "valid_time_beijing": "2026-09-17 12:00",
        "lead_hours": 2,
        "forecast_issued_at": "2026-09-17T03:56:15.209336+00:00",
        "net_solar_radiation_wm2": 439.1,
        "utci_c": 29.11,
        "p_base": 0.2941,
        "p_enhanced": 0.3081,
        "delta_p": 0.014,
        "risk_level": "moderate"
      },
      "geometry": {
        "type": "Polygon",
        "coordinates": [
          [
            [
              121.41,
              31.22
            ],
            [
              121.41,
              31.23
            ],
            [
              121.42,
              31.23
            ],
            [
              121.42,
              31.22
            ],
            [
              121.41,
              31.22
            ]
          ]
        ]
      }
    },
    {
      "id": "173",
      "type": "Feature",
      "properties": {
        "grid_id": "r067_c057",
        "green_fraction": 0.0151846002870245,
        "water_fraction": 0.0,
        "building_fraction": 0.224807693324495,
        "road_km_per_km2": 19.86286637730948,
        "air_temperature_c": 25.09,
        "relative_humidity_pct": 64.6,
        "wind_speed_10m_ms": 4.85,
        "valid_time_beijing": "2026-09-17 12:00",
        "lead_hours": 2,
        "forecast_issued_at": "2026-09-17T03:56:15.209336+00:00",
        "net_solar_radiation_wm2": 439.1,
        "utci_c": 29.11,
        "p_base": 0.2941,
        "p_enhanced": 0.3002,
        "delta_p": 0.006,
        "risk_level": "moderate"
      },
      "geometry": {
        "type": "Polygon",
        "coordinates": [
          [
            [
              121.42,
              31.22
            ],
            [
              121.42,
              31.23
            ],
            [
              121.43,
              31.23
            ],
            [
              121.43,
              31.22
            ],
            [
              121.42,
              31.22
            ]
          ]
        ]
      }
    },
    {
      "id": "174",
      "type": "Feature",
      "properties": {
        "grid_id": "r067_c058",
        "green_fraction": 0.0103251850276494,
        "water_fraction": 6.358507072203087e-05,
        "building_fraction": 0.131415078119866,
        "road_km_per_km2": 17.546973505241997,
        "air_temperature_c": 25.09,
        "relative_humidity_pct": 64.6,
        "wind_speed_10m_ms": 4.85,
        "valid_time_beijing": "2026-09-17 12:00",
        "lead_hours": 2,
        "forecast_issued_at": "2026-09-17T03:56:15.209336+00:00",
        "net_solar_radiation_wm2": 439.1,
        "utci_c": 29.11,
        "p_base": 0.2941,
        "p_enhanced": 0.3117,
        "delta_p": 0.0175,
        "risk_level": "moderate"
      },
      "geometry": {
        "type": "Polygon",
        "coordinates": [
          [
            [
              121.43,
              31.22
            ],
            [
              121.43,
              31.23
            ],
            [
              121.44,
              31.23
            ],
            [
              121.44,
              31.22
            ],
            [
              121.43,
              31.22
            ]
          ]
        ]
      }
    },
    {
      "id": "175",
      "type": "Feature",
      "properties": {
        "grid_id": "r067_c059",
        "green_fraction": 0.0308889671943491,
        "water_fraction": 0.0017299564688838,
        "building_fraction": 0.2303543931250108,
        "road_km_per_km2": 19.84852594981116,
        "air_temperature_c": 25.09,
        "relative_humidity_pct": 64.6,
        "wind_speed_10m_ms": 4.85,
        "valid_time_beijing": "2026-09-17 12:00",
        "lead_hours": 2,
        "forecast_issued_at": "2026-09-17T03:56:15.209336+00:00",
        "net_solar_radiation_wm2": 439.1,
        "utci_c": 29.11,
        "p_base": 0.2941,
        "p_enhanced": 0.3011,
        "delta_p": 0.0069,
        "risk_level": "moderate"
      },
      "geometry": {
        "type": "Polygon",
        "coordinates": [
          [
            [
              121.44,
              31.22
            ],
            [
              121.44,
              31.23
            ],
            [
              121.45,
              31.23
            ],
            [
              121.45,
              31.22
            ],
            [
              121.44,
              31.22
            ]
          ]
        ]
      }
    },
    {
      "id": "176",
      "type": "Feature",
      "properties": {
        "grid_id": "r067_c060",
        "green_fraction": 0.0311397888401339,
        "water_fraction": 0.0003653599179202,
        "building_fraction": 0.2839060701302076,
        "road_km_per_km2": 19.821469128757037,
        "air_temperature_c": 25.09,
        "relative_humidity_pct": 64.6,
        "wind_speed_10m_ms": 4.85,
        "valid_time_beijing": "2026-09-17 12:00",
        "lead_hours": 2,
        "forecast_issued_at": "2026-09-17T03:56:15.209336+00:00",
        "net_solar_radiation_wm2": 439.1,
        "utci_c": 29.11,
        "p_base": 0.2941,
        "p_enhanced": 0.2947,
        "delta_p": 0.0006,
        "risk_level": "moderate"
      },
      "geometry": {
        "type": "Polygon",
        "coordinates": [
          [
            [
              121.45,
              31.22
            ],
            [
              121.45,
              31.23
            ],
            [
              121.46,
              31.23
            ],
            [
              121.46,
              31.22
            ],
            [
              121.45,
              31.22
            ]
          ]
        ]
      }
    },
    {
      "id": "177",
      "type": "Feature",
      "properties": {
        "grid_id": "r067_c061",
        "green_fraction": 0.1834401230921602,
        "water_fraction": 0.0057757657164892,
        "building_fraction": 0.2340557935124949,
        "road_km_per_km2": 34.59787255827625,
        "air_temperature_c": 25.09,
        "relative_humidity_pct": 64.6,
        "wind_speed_10m_ms": 4.85,
        "valid_time_beijing": "2026-09-17 12:00",
        "lead_hours": 2,
        "forecast_issued_at": "2026-09-17T03:56:15.209336+00:00",
        "net_solar_radiation_wm2": 439.1,
        "utci_c": 29.11,
        "p_base": 0.2941,
        "p_enhanced": 0.321,
        "delta_p": 0.0268,
        "risk_level": "moderate"
      },
      "geometry": {
        "type": "Polygon",
        "coordinates": [
          [
            [
              121.46,
              31.22
            ],
            [
              121.46,
              31.23
            ],
            [
              121.47,
              31.23
            ],
            [
              121.47,
              31.22
            ],
            [
              121.46,
              31.22
            ]
          ]
        ]
      }
    },
    {
      "id": "178",
      "type": "Feature",
      "properties": {
        "grid_id": "r067_c062",
        "green_fraction": 0.1445548330570136,
        "water_fraction": 0.0113500620714761,
        "building_fraction": 0.2351048386096133,
        "road_km_per_km2": 27.00833820138832,
        "air_temperature_c": 25.09,
        "relative_humidity_pct": 64.6,
        "wind_speed_10m_ms": 4.85,
        "valid_time_beijing": "2026-09-17 12:00",
        "lead_hours": 2,
        "forecast_issued_at": "2026-09-17T03:56:15.209336+00:00",
        "net_solar_radiation_wm2": 439.1,
        "utci_c": 29.11,
        "p_base": 0.2941,
        "p_enhanced": 0.3131,
        "delta_p": 0.019,
        "risk_level": "moderate"
      },
      "geometry": {
        "type": "Polygon",
        "coordinates": [
          [
            [
              121.47,
              31.22
            ],
            [
              121.47,
              31.23
            ],
            [
              121.48,
              31.23
            ],
            [
              121.48,
              31.22
            ],
            [
              121.47,
              31.22
            ]
          ]
        ]
      }
    },
    {
      "id": "179",
      "type": "Feature",
      "properties": {
        "grid_id": "r067_c063",
        "green_fraction": 0.0225139024979045,
        "water_fraction": 0.0043229981498349,
        "building_fraction": 0.1512027838403893,
        "road_km_per_km2": 35.0076574562579,
        "air_temperature_c": 25.09,
        "relative_humidity_pct": 64.6,
        "wind_speed_10m_ms": 4.85,
        "valid_time_beijing": "2026-09-17 12:00",
        "lead_hours": 2,
        "forecast_issued_at": "2026-09-17T03:56:15.209336+00:00",
        "net_solar_radiation_wm2": 439.1,
        "utci_c": 29.11,
        "p_base": 0.2941,
        "p_enhanced": 0.3092,
        "delta_p": 0.0151,
        "risk_level": "moderate"
      },
      "geometry": {
        "type": "Polygon",
        "coordinates": [
          [
            [
              121.48,
              31.22
            ],
            [
              121.48,
              31.23
            ],
            [
              121.49,
              31.23
            ],
            [
              121.49,
              31.22
            ],
            [
              121.48,
              31.22
            ]
          ]
        ]
      }
    },
    {
      "id": "180",
      "type": "Feature",
      "properties": {
        "grid_id": "r067_c064",
        "green_fraction": 0.011836611905135,
        "water_fraction": 0.1417698072617305,
        "building_fraction": 0.1398752733862167,
        "road_km_per_km2": 32.685975603389885,
        "air_temperature_c": 25.09,
        "relative_humidity_pct": 64.6,
        "wind_speed_10m_ms": 4.85,
        "valid_time_beijing": "2026-09-17 12:00",
        "lead_hours": 2,
        "forecast_issued_at": "2026-09-17T03:56:15.209336+00:00",
        "net_solar_radiation_wm2": 439.1,
        "utci_c": 29.11,
        "p_base": 0.2941,
        "p_enhanced": 0.2606,
        "delta_p": -0.0336,
        "risk_level": "moderate"
      },
      "geometry": {
        "type": "Polygon",
        "coordinates": [
          [
            [
              121.49,
              31.22
            ],
            [
              121.49,
              31.23
            ],
            [
              121.5,
              31.23
            ],
            [
              121.5,
              31.22
            ],
            [
              121.49,
              31.22
            ]
          ]
        ]
      }
    },
    {
      "id": "181",
      "type": "Feature",
      "properties": {
        "grid_id": "r067_c066",
        "green_fraction": 0.0450754699378646,
        "water_fraction": 0.0017399688401154,
        "building_fraction": 0.278493457322034,
        "road_km_per_km2": 28.757460854988167,
        "air_temperature_c": 25.09,
        "relative_humidity_pct": 64.6,
        "wind_speed_10m_ms": 4.85,
        "valid_time_beijing": "2026-09-17 12:00",
        "lead_hours": 2,
        "forecast_issued_at": "2026-09-17T03:56:15.209336+00:00",
        "net_solar_radiation_wm2": 439.1,
        "utci_c": 29.11,
        "p_base": 0.2941,
        "p_enhanced": 0.2969,
        "delta_p": 0.0027,
        "risk_level": "moderate"
      },
      "geometry": {
        "type": "Polygon",
        "coordinates": [
          [
            [
              121.51,
              31.22
            ],
            [
              121.51,
              31.23
            ],
            [
              121.52,
              31.23
            ],
            [
              121.52,
              31.22
            ],
            [
              121.51,
              31.22
            ]
          ]
        ]
      }
    },
    {
      "id": "182",
      "type": "Feature",
      "properties": {
        "grid_id": "r067_c067",
        "green_fraction": 0.1692421708586306,
        "water_fraction": 0.0229668968696997,
        "building_fraction": 0.2244690880787007,
        "road_km_per_km2": 31.52761996146994,
        "air_temperature_c": 25.09,
        "relative_humidity_pct": 64.6,
        "wind_speed_10m_ms": 4.85,
        "valid_time_beijing": "2026-09-17 12:00",
        "lead_hours": 2,
        "forecast_issued_at": "2026-09-17T03:56:15.209336+00:00",
        "net_solar_radiation_wm2": 439.1,
        "utci_c": 29.11,
        "p_base": 0.2941,
        "p_enhanced": 0.3137,
        "delta_p": 0.0196,
        "risk_level": "moderate"
      },
      "geometry": {
        "type": "Polygon",
        "coordinates": [
          [
            [
              121.52,
              31.22
            ],
            [
              121.52,
              31.23
            ],
            [
              121.53,
              31.23
            ],
            [
              121.53,
              31.22
            ],
            [
              121.52,
              31.22
            ]
          ]
        ]
      }
    },
    {
      "id": "183",
      "type": "Feature",
      "properties": {
        "grid_id": "r067_c068",
        "green_fraction": 0.2378526290617517,
        "water_fraction": 0.0151480768660186,
        "building_fraction": 0.1742588312079511,
        "road_km_per_km2": 34.98414796663853,
        "air_temperature_c": 25.09,
        "relative_humidity_pct": 64.6,
        "wind_speed_10m_ms": 4.85,
        "valid_time_beijing": "2026-09-17 12:00",
        "lead_hours": 2,
        "forecast_issued_at": "2026-09-17T03:56:15.209336+00:00",
        "net_solar_radiation_wm2": 439.1,
        "utci_c": 29.11,
        "p_base": 0.2941,
        "p_enhanced": 0.3335,
        "delta_p": 0.0394,
        "risk_level": "moderate"
      },
      "geometry": {
        "type": "Polygon",
        "coordinates": [
          [
            [
              121.53,
              31.22
            ],
            [
              121.53,
              31.23
            ],
            [
              121.54,
              31.23
            ],
            [
              121.54,
              31.22
            ],
            [
              121.53,
              31.22
            ]
          ]
        ]
      }
    },
    {
      "id": "184",
      "type": "Feature",
      "properties": {
        "grid_id": "r067_c069",
        "green_fraction": 0.2714195004789247,
        "water_fraction": 0.001404756299553,
        "building_fraction": 0.1517017634074931,
        "road_km_per_km2": 36.15708489740831,
        "air_temperature_c": 25.09,
        "relative_humidity_pct": 64.6,
        "wind_speed_10m_ms": 4.85,
        "valid_time_beijing": "2026-09-17 12:00",
        "lead_hours": 2,
        "forecast_issued_at": "2026-09-17T03:56:15.209336+00:00",
        "net_solar_radiation_wm2": 439.1,
        "utci_c": 29.11,
        "p_base": 0.2941,
        "p_enhanced": 0.3471,
        "delta_p": 0.0529,
        "risk_level": "moderate"
      },
      "geometry": {
        "type": "Polygon",
        "coordinates": [
          [
            [
              121.54,
              31.22
            ],
            [
              121.54,
              31.23
            ],
            [
              121.55,
              31.23
            ],
            [
              121.55,
              31.22
            ],
            [
              121.54,
              31.22
            ]
          ]
        ]
      }
    },
    {
      "id": "185",
      "type": "Feature",
      "properties": {
        "grid_id": "r067_c070",
        "green_fraction": 0.2271461949510609,
        "water_fraction": 0.0453822967272042,
        "building_fraction": 0.131910228018798,
        "road_km_per_km2": 29.06229405456649,
        "air_temperature_c": 25.09,
        "relative_humidity_pct": 64.6,
        "wind_speed_10m_ms": 4.85,
        "valid_time_beijing": "2026-09-17 12:00",
        "lead_hours": 2,
        "forecast_issued_at": "2026-09-17T03:56:15.209336+00:00",
        "net_solar_radiation_wm2": 439.1,
        "utci_c": 29.11,
        "p_base": 0.2941,
        "p_enhanced": 0.3261,
        "delta_p": 0.0319,
        "risk_level": "moderate"
      },
      "geometry": {
        "type": "Polygon",
        "coordinates": [
          [
            [
              121.55,
              31.22
            ],
            [
              121.55,
              31.23
            ],
            [
              121.56,
              31.23
            ],
            [
              121.56,
              31.22
            ],
            [
              121.55,
              31.22
            ]
          ]
        ]
      }
    },
    {
      "id": "186",
      "type": "Feature",
      "properties": {
        "grid_id": "r067_c077",
        "green_fraction": 0.2441669405587974,
        "water_fraction": 0.0158875421450454,
        "building_fraction": 0.0435899580631492,
        "road_km_per_km2": 27.407600468426125,
        "air_temperature_c": 25.09,
        "relative_humidity_pct": 64.6,
        "wind_speed_10m_ms": 4.85,
        "valid_time_beijing": "2026-09-17 12:00",
        "lead_hours": 2,
        "forecast_issued_at": "2026-09-17T03:56:15.209336+00:00",
        "net_solar_radiation_wm2": 439.1,
        "utci_c": 29.11,
        "p_base": 0.2941,
        "p_enhanced": 0.3523,
        "delta_p": 0.0581,
        "risk_level": "moderate"
      },
      "geometry": {
        "type": "Polygon",
        "coordinates": [
          [
            [
              121.62,
              31.22
            ],
            [
              121.62,
              31.23
            ],
            [
              121.63,
              31.23
            ],
            [
              121.63,
              31.22
            ],
            [
              121.62,
              31.22
            ]
          ]
        ]
      }
    },
    {
      "id": "187",
      "type": "Feature",
      "properties": {
        "grid_id": "r068_c046",
        "green_fraction": 0.084256555062628,
        "water_fraction": 0.0499427444090692,
        "building_fraction": 0.0792261736875321,
        "road_km_per_km2": 11.988194942035395,
        "air_temperature_c": 25.09,
        "relative_humidity_pct": 64.6,
        "wind_speed_10m_ms": 4.85,
        "valid_time_beijing": "2026-09-17 12:00",
        "lead_hours": 2,
        "forecast_issued_at": "2026-09-17T03:56:15.209336+00:00",
        "net_solar_radiation_wm2": 439.1,
        "utci_c": 29.11,
        "p_base": 0.2941,
        "p_enhanced": 0.3106,
        "delta_p": 0.0164,
        "risk_level": "moderate"
      },
      "geometry": {
        "type": "Polygon",
        "coordinates": [
          [
            [
              121.31,
              31.21
            ],
            [
              121.31,
              31.22
            ],
            [
              121.32,
              31.22
            ],
            [
              121.32,
              31.21
            ],
            [
              121.31,
              31.21
            ]
          ]
        ]
      }
    },
    {
      "id": "188",
      "type": "Feature",
      "properties": {
        "grid_id": "r068_c049",
        "green_fraction": 0.1568634397096652,
        "water_fraction": 0.0089514564630467,
        "building_fraction": 0.0484500613723525,
        "road_km_per_km2": 13.30976753829391,
        "air_temperature_c": 25.09,
        "relative_humidity_pct": 64.6,
        "wind_speed_10m_ms": 4.85,
        "valid_time_beijing": "2026-09-17 12:00",
        "lead_hours": 2,
        "forecast_issued_at": "2026-09-17T03:56:15.209336+00:00",
        "net_solar_radiation_wm2": 439.1,
        "utci_c": 29.11,
        "p_base": 0.2941,
        "p_enhanced": 0.3411,
        "delta_p": 0.0469,
        "risk_level": "moderate"
      },
      "geometry": {
        "type": "Polygon",
        "coordinates": [
          [
            [
              121.34,
              31.21
            ],
            [
              121.34,
              31.22
            ],
            [
              121.35,
              31.22
            ],
            [
              121.35,
              31.21
            ],
            [
              121.34,
              31.21
            ]
          ]
        ]
      }
    },
    {
      "id": "189",
      "type": "Feature",
      "properties": {
        "grid_id": "r068_c050",
        "green_fraction": 0.0240497128369151,
        "water_fraction": 0.0001429844005518,
        "building_fraction": 0.0286797558275615,
        "road_km_per_km2": 12.711423340093274,
        "air_temperature_c": 25.09,
        "relative_humidity_pct": 64.6,
        "wind_speed_10m_ms": 4.85,
        "valid_time_beijing": "2026-09-17 12:00",
        "lead_hours": 2,
        "forecast_issued_at": "2026-09-17T03:56:15.209336+00:00",
        "net_solar_radiation_wm2": 439.1,
        "utci_c": 29.11,
        "p_base": 0.2941,
        "p_enhanced": 0.3273,
        "delta_p": 0.0332,
        "risk_level": "moderate"
      },
      "geometry": {
        "type": "Polygon",
        "coordinates": [
          [
            [
              121.35,
              31.21
            ],
            [
              121.35,
              31.22
            ],
            [
              121.36,
              31.22
            ],
            [
              121.36,
              31.21
            ],
            [
              121.35,
              31.21
            ]
          ]
        ]
      }
    },
    {
      "id": "190",
      "type": "Feature",
      "properties": {
        "grid_id": "r068_c053",
        "green_fraction": 0.0455505554533065,
        "water_fraction": 0.0,
        "building_fraction": 0.1801677706907091,
        "road_km_per_km2": 18.08268499319786,
        "air_temperature_c": 25.09,
        "relative_humidity_pct": 64.6,
        "wind_speed_10m_ms": 4.85,
        "valid_time_beijing": "2026-09-17 12:00",
        "lead_hours": 2,
        "forecast_issued_at": "2026-09-17T03:56:15.209336+00:00",
        "net_solar_radiation_wm2": 439.1,
        "utci_c": 29.11,
        "p_base": 0.2941,
        "p_enhanced": 0.3103,
        "delta_p": 0.0162,
        "risk_level": "moderate"
      },
      "geometry": {
        "type": "Polygon",
        "coordinates": [
          [
            [
              121.38,
              31.21
            ],
            [
              121.38,
              31.22
            ],
            [
              121.39,
              31.22
            ],
            [
              121.39,
              31.21
            ],
            [
              121.38,
              31.21
            ]
          ]
        ]
      }
    },
    {
      "id": "191",
      "type": "Feature",
      "properties": {
        "grid_id": "r068_c054",
        "green_fraction": 0.0086961177545423,
        "water_fraction": 0.0004406444424528,
        "building_fraction": 0.2430930420710594,
        "road_km_per_km2": 14.23780385119528,
        "air_temperature_c": 25.09,
        "relative_humidity_pct": 64.6,
        "wind_speed_10m_ms": 4.85,
        "valid_time_beijing": "2026-09-17 12:00",
        "lead_hours": 2,
        "forecast_issued_at": "2026-09-17T03:56:15.209336+00:00",
        "net_solar_radiation_wm2": 439.1,
        "utci_c": 29.11,
        "p_base": 0.2941,
        "p_enhanced": 0.2968,
        "delta_p": 0.0026,
        "risk_level": "moderate"
      },
      "geometry": {
        "type": "Polygon",
        "coordinates": [
          [
            [
              121.39,
              31.21
            ],
            [
              121.39,
              31.22
            ],
            [
              121.4,
              31.22
            ],
            [
              121.4,
              31.21
            ],
            [
              121.39,
              31.21
            ]
          ]
        ]
      }
    },
    {
      "id": "192",
      "type": "Feature",
      "properties": {
        "grid_id": "r068_c055",
        "green_fraction": 0.0337368307427687,
        "water_fraction": 0.0,
        "building_fraction": 0.2524716955994741,
        "road_km_per_km2": 21.263595053305668,
        "air_temperature_c": 25.09,
        "relative_humidity_pct": 64.6,
        "wind_speed_10m_ms": 4.85,
        "valid_time_beijing": "2026-09-17 12:00",
        "lead_hours": 2,
        "forecast_issued_at": "2026-09-17T03:56:15.209336+00:00",
        "net_solar_radiation_wm2": 439.1,
        "utci_c": 29.11,
        "p_base": 0.2941,
        "p_enhanced": 0.2992,
        "delta_p": 0.0051,
        "risk_level": "moderate"
      },
      "geometry": {
        "type": "Polygon",
        "coordinates": [
          [
            [
              121.4,
              31.21
            ],
            [
              121.4,
              31.22
            ],
            [
              121.41,
              31.22
            ],
            [
              121.41,
              31.21
            ],
            [
              121.4,
              31.21
            ]
          ]
        ]
      }
    },
    {
      "id": "193",
      "type": "Feature",
      "properties": {
        "grid_id": "r068_c056",
        "green_fraction": 0.1128931099434347,
        "water_fraction": 0.0133490319982583,
        "building_fraction": 0.2441911528797319,
        "road_km_per_km2": 24.757546033151453,
        "air_temperature_c": 25.09,
        "relative_humidity_pct": 64.6,
        "wind_speed_10m_ms": 4.85,
        "valid_time_beijing": "2026-09-17 12:00",
        "lead_hours": 2,
        "forecast_issued_at": "2026-09-17T03:56:15.209336+00:00",
        "net_solar_radiation_wm2": 439.1,
        "utci_c": 29.11,
        "p_base": 0.2941,
        "p_enhanced": 0.3066,
        "delta_p": 0.0125,
        "risk_level": "moderate"
      },
      "geometry": {
        "type": "Polygon",
        "coordinates": [
          [
            [
              121.41,
              31.21
            ],
            [
              121.41,
              31.22
            ],
            [
              121.42,
              31.22
            ],
            [
              121.42,
              31.21
            ],
            [
              121.41,
              31.21
            ]
          ]
        ]
      }
    },
    {
      "id": "194",
      "type": "Feature",
      "properties": {
        "grid_id": "r068_c057",
        "green_fraction": 0.0123583367983044,
        "water_fraction": 0.0,
        "building_fraction": 0.2418442824737273,
        "road_km_per_km2": 23.26892753849439,
        "air_temperature_c": 25.09,
        "relative_humidity_pct": 64.6,
        "wind_speed_10m_ms": 4.85,
        "valid_time_beijing": "2026-09-17 12:00",
        "lead_hours": 2,
        "forecast_issued_at": "2026-09-17T03:56:15.209336+00:00",
        "net_solar_radiation_wm2": 439.1,
        "utci_c": 29.11,
        "p_base": 0.2941,
        "p_enhanced": 0.2976,
        "delta_p": 0.0035,
        "risk_level": "moderate"
      },
      "geometry": {
        "type": "Polygon",
        "coordinates": [
          [
            [
              121.42,
              31.21
            ],
            [
              121.42,
              31.22
            ],
            [
              121.43,
              31.22
            ],
            [
              121.43,
              31.21
            ],
            [
              121.42,
              31.21
            ]
          ]
        ]
      }
    },
    {
      "id": "195",
      "type": "Feature",
      "properties": {
        "grid_id": "r068_c058",
        "green_fraction": 0.0444075930832832,
        "water_fraction": 0.0,
        "building_fraction": 0.1630425867402139,
        "road_km_per_km2": 15.819356209505898,
        "air_temperature_c": 25.09,
        "relative_humidity_pct": 64.6,
        "wind_speed_10m_ms": 4.85,
        "valid_time_beijing": "2026-09-17 12:00",
        "lead_hours": 2,
        "forecast_issued_at": "2026-09-17T03:56:15.209336+00:00",
        "net_solar_radiation_wm2": 439.1,
        "utci_c": 29.11,
        "p_base": 0.2941,
        "p_enhanced": 0.3124,
        "delta_p": 0.0183,
        "risk_level": "moderate"
      },
      "geometry": {
        "type": "Polygon",
        "coordinates": [
          [
            [
              121.43,
              31.21
            ],
            [
              121.43,
              31.22
            ],
            [
              121.44,
              31.22
            ],
            [
              121.44,
              31.21
            ],
            [
              121.43,
              31.21
            ]
          ]
        ]
      }
    },
    {
      "id": "196",
      "type": "Feature",
      "properties": {
        "grid_id": "r068_c059",
        "green_fraction": 0.0532282404653229,
        "water_fraction": 0.0,
        "building_fraction": 0.2395862657177196,
        "road_km_per_km2": 16.55572898983949,
        "air_temperature_c": 25.09,
        "relative_humidity_pct": 64.6,
        "wind_speed_10m_ms": 4.85,
        "valid_time_beijing": "2026-09-17 12:00",
        "lead_hours": 2,
        "forecast_issued_at": "2026-09-17T03:56:15.209336+00:00",
        "net_solar_radiation_wm2": 439.1,
        "utci_c": 29.11,
        "p_base": 0.2941,
        "p_enhanced": 0.3037,
        "delta_p": 0.0095,
        "risk_level": "moderate"
      },
      "geometry": {
        "type": "Polygon",
        "coordinates": [
          [
            [
              121.44,
              31.21
            ],
            [
              121.44,
              31.22
            ],
            [
              121.45,
              31.22
            ],
            [
              121.45,
              31.21
            ],
            [
              121.44,
              31.21
            ]
          ]
        ]
      }
    },
    {
      "id": "197",
      "type": "Feature",
      "properties": {
        "grid_id": "r068_c060",
        "green_fraction": 0.0929104201965043,
        "water_fraction": 9.374404514172922e-05,
        "building_fraction": 0.3005810486345248,
        "road_km_per_km2": 20.017994241050893,
        "air_temperature_c": 25.09,
        "relative_humidity_pct": 64.6,
        "wind_speed_10m_ms": 4.85,
        "valid_time_beijing": "2026-09-17 12:00",
        "lead_hours": 2,
        "forecast_issued_at": "2026-09-17T03:56:15.209336+00:00",
        "net_solar_radiation_wm2": 439.1,
        "utci_c": 29.11,
        "p_base": 0.2941,
        "p_enhanced": 0.3013,
        "delta_p": 0.0072,
        "risk_level": "moderate"
      },
      "geometry": {
        "type": "Polygon",
        "coordinates": [
          [
            [
              121.45,
              31.21
            ],
            [
              121.45,
              31.22
            ],
            [
              121.46,
              31.22
            ],
            [
              121.46,
              31.21
            ],
            [
              121.45,
              31.21
            ]
          ]
        ]
      }
    },
    {
      "id": "198",
      "type": "Feature",
      "properties": {
        "grid_id": "r068_c061",
        "green_fraction": 0.0914697648068723,
        "water_fraction": 0.0014121632549045,
        "building_fraction": 0.2098197501421453,
        "road_km_per_km2": 23.299059657465385,
        "air_temperature_c": 25.09,
        "relative_humidity_pct": 64.6,
        "wind_speed_10m_ms": 4.85,
        "valid_time_beijing": "2026-09-17 12:00",
        "lead_hours": 2,
        "forecast_issued_at": "2026-09-17T03:56:15.209336+00:00",
        "net_solar_radiation_wm2": 439.1,
        "utci_c": 29.11,
        "p_base": 0.2941,
        "p_enhanced": 0.3125,
        "delta_p": 0.0184,
        "risk_level": "moderate"
      },
      "geometry": {
        "type": "Polygon",
        "coordinates": [
          [
            [
              121.46,
              31.21
            ],
            [
              121.46,
              31.22
            ],
            [
              121.47,
              31.22
            ],
            [
              121.47,
              31.21
            ],
            [
              121.46,
              31.21
            ]
          ]
        ]
      }
    },
    {
      "id": "199",
      "type": "Feature",
      "properties": {
        "grid_id": "r068_c062",
        "green_fraction": 0.0205337771500403,
        "water_fraction": 0.0,
        "building_fraction": 0.1981311166892619,
        "road_km_per_km2": 14.81607469406334,
        "air_temperature_c": 25.09,
        "relative_humidity_pct": 64.6,
        "wind_speed_10m_ms": 4.85,
        "valid_time_beijing": "2026-09-17 12:00",
        "lead_hours": 2,
        "forecast_issued_at": "2026-09-17T03:56:15.209336+00:00",
        "net_solar_radiation_wm2": 439.1,
        "utci_c": 29.11,
        "p_base": 0.2941,
        "p_enhanced": 0.3044,
        "delta_p": 0.0103,
        "risk_level": "moderate"
      },
      "geometry": {
        "type": "Polygon",
        "coordinates": [
          [
            [
              121.47,
              31.21
            ],
            [
              121.47,
              31.22
            ],
            [
              121.48,
              31.22
            ],
            [
              121.48,
              31.21
            ],
            [
              121.47,
              31.21
            ]
          ]
        ]
      }
    },
    {
      "id": "200",
      "type": "Feature",
      "properties": {
        "grid_id": "r068_c063",
        "green_fraction": 0.0089267400422167,
        "water_fraction": 0.0002658960240975,
        "building_fraction": 0.2216454314535532,
        "road_km_per_km2": 25.628306908879427,
        "air_temperature_c": 25.09,
        "relative_humidity_pct": 64.6,
        "wind_speed_10m_ms": 4.85,
        "valid_time_beijing": "2026-09-17 12:00",
        "lead_hours": 2,
        "forecast_issued_at": "2026-09-17T03:56:15.209336+00:00",
        "net_solar_radiation_wm2": 439.1,
        "utci_c": 29.11,
        "p_base": 0.2941,
        "p_enhanced": 0.2996,
        "delta_p": 0.0055,
        "risk_level": "moderate"
      },
      "geometry": {
        "type": "Polygon",
        "coordinates": [
          [
            [
              121.48,
              31.21
            ],
            [
              121.48,
              31.22
            ],
            [
              121.49,
              31.22
            ],
            [
              121.49,
              31.21
            ],
            [
              121.48,
              31.21
            ]
          ]
        ]
      }
    },
    {
      "id": "201",
      "type": "Feature",
      "properties": {
        "grid_id": "r068_c064",
        "green_fraction": 0.0397760525603301,
        "water_fraction": 0.0,
        "building_fraction": 0.1615797488225728,
        "road_km_per_km2": 24.80159522896384,
        "air_temperature_c": 25.09,
        "relative_humidity_pct": 64.6,
        "wind_speed_10m_ms": 4.85,
        "valid_time_beijing": "2026-09-17 12:00",
        "lead_hours": 2,
        "forecast_issued_at": "2026-09-17T03:56:15.209336+00:00",
        "net_solar_radiation_wm2": 439.1,
        "utci_c": 29.11,
        "p_base": 0.2941,
        "p_enhanced": 0.3119,
        "delta_p": 0.0178,
        "risk_level": "moderate"
      },
      "geometry": {
        "type": "Polygon",
        "coordinates": [
          [
            [
              121.49,
              31.21
            ],
            [
              121.49,
              31.22
            ],
            [
              121.5,
              31.22
            ],
            [
              121.5,
              31.21
            ],
            [
              121.49,
              31.21
            ]
          ]
        ]
      }
    },
    {
      "id": "202",
      "type": "Feature",
      "properties": {
        "grid_id": "r068_c065",
        "green_fraction": 0.0624813901638407,
        "water_fraction": 0.3835397652165182,
        "building_fraction": 0.1115109863983466,
        "road_km_per_km2": 17.09368693668775,
        "air_temperature_c": 25.09,
        "relative_humidity_pct": 64.6,
        "wind_speed_10m_ms": 4.85,
        "valid_time_beijing": "2026-09-17 12:00",
        "lead_hours": 2,
        "forecast_issued_at": "2026-09-17T03:56:15.209336+00:00",
        "net_solar_radiation_wm2": 439.1,
        "utci_c": 29.11,
        "p_base": 0.2941,
        "p_enhanced": 0.1959,
        "delta_p": -0.0982,
        "risk_level": "moderate"
      },
      "geometry": {
        "type": "Polygon",
        "coordinates": [
          [
            [
              121.5,
              31.21
            ],
            [
              121.5,
              31.22
            ],
            [
              121.51,
              31.22
            ],
            [
              121.51,
              31.21
            ],
            [
              121.5,
              31.21
            ]
          ]
        ]
      }
    },
    {
      "id": "203",
      "type": "Feature",
      "properties": {
        "grid_id": "r068_c069",
        "green_fraction": 0.6341254980873681,
        "water_fraction": 0.179486566588489,
        "building_fraction": 0.0769439568240405,
        "road_km_per_km2": 22.809401446483665,
        "air_temperature_c": 25.09,
        "relative_humidity_pct": 64.6,
        "wind_speed_10m_ms": 4.85,
        "valid_time_beijing": "2026-09-17 12:00",
        "lead_hours": 2,
        "forecast_issued_at": "2026-09-17T03:56:15.209336+00:00",
        "net_solar_radiation_wm2": 439.1,
        "utci_c": 29.11,
        "p_base": 0.2941,
        "p_enhanced": 0.3424,
        "delta_p": 0.0483,
        "risk_level": "moderate"
      },
      "geometry": {
        "type": "Polygon",
        "coordinates": [
          [
            [
              121.54,
              31.21
            ],
            [
              121.54,
              31.22
            ],
            [
              121.55,
              31.22
            ],
            [
              121.55,
              31.21
            ],
            [
              121.54,
              31.21
            ]
          ]
        ]
      }
    },
    {
      "id": "204",
      "type": "Feature",
      "properties": {
        "grid_id": "r068_c070",
        "green_fraction": 0.317204311588659,
        "water_fraction": 0.0441944004587345,
        "building_fraction": 0.0769274351781715,
        "road_km_per_km2": 18.59162865659832,
        "air_temperature_c": 25.09,
        "relative_humidity_pct": 64.6,
        "wind_speed_10m_ms": 4.85,
        "valid_time_beijing": "2026-09-17 12:00",
        "lead_hours": 2,
        "forecast_issued_at": "2026-09-17T03:56:15.209336+00:00",
        "net_solar_radiation_wm2": 439.1,
        "utci_c": 29.11,
        "p_base": 0.2941,
        "p_enhanced": 0.3476,
        "delta_p": 0.0534,
        "risk_level": "moderate"
      },
      "geometry": {
        "type": "Polygon",
        "coordinates": [
          [
            [
              121.55,
              31.21
            ],
            [
              121.55,
              31.22
            ],
            [
              121.56,
              31.22
            ],
            [
              121.56,
              31.21
            ],
            [
              121.55,
              31.21
            ]
          ]
        ]
      }
    },
    {
      "id": "205",
      "type": "Feature",
      "properties": {
        "grid_id": "r068_c071",
        "green_fraction": 0.0042225968921158,
        "water_fraction": 0.0,
        "building_fraction": 0.2022353963186722,
        "road_km_per_km2": 17.12215885965416,
        "air_temperature_c": 25.09,
        "relative_humidity_pct": 64.6,
        "wind_speed_10m_ms": 4.85,
        "valid_time_beijing": "2026-09-17 12:00",
        "lead_hours": 2,
        "forecast_issued_at": "2026-09-17T03:56:15.209336+00:00",
        "net_solar_radiation_wm2": 439.1,
        "utci_c": 29.11,
        "p_base": 0.2941,
        "p_enhanced": 0.3016,
        "delta_p": 0.0074,
        "risk_level": "moderate"
      },
      "geometry": {
        "type": "Polygon",
        "coordinates": [
          [
            [
              121.56,
              31.21
            ],
            [
              121.56,
              31.22
            ],
            [
              121.57,
              31.22
            ],
            [
              121.57,
              31.21
            ],
            [
              121.56,
              31.21
            ]
          ]
        ]
      }
    },
    {
      "id": "206",
      "type": "Feature",
      "properties": {
        "grid_id": "r068_c076",
        "green_fraction": 0.0322725276567536,
        "water_fraction": 0.0023283905781156,
        "building_fraction": 0.025464136551035,
        "road_km_per_km2": 14.95690981069106,
        "air_temperature_c": 25.09,
        "relative_humidity_pct": 64.6,
        "wind_speed_10m_ms": 4.85,
        "valid_time_beijing": "2026-09-17 12:00",
        "lead_hours": 2,
        "forecast_issued_at": "2026-09-17T03:56:15.209336+00:00",
        "net_solar_radiation_wm2": 439.1,
        "utci_c": 29.11,
        "p_base": 0.2941,
        "p_enhanced": 0.3281,
        "delta_p": 0.034,
        "risk_level": "moderate"
      },
      "geometry": {
        "type": "Polygon",
        "coordinates": [
          [
            [
              121.61,
              31.21
            ],
            [
              121.61,
              31.22
            ],
            [
              121.62,
              31.22
            ],
            [
              121.62,
              31.21
            ],
            [
              121.61,
              31.21
            ]
          ]
        ]
      }
    },
    {
      "id": "207",
      "type": "Feature",
      "properties": {
        "grid_id": "r068_c077",
        "green_fraction": 0.0376715407492205,
        "water_fraction": 0.0,
        "building_fraction": 0.0266701921093044,
        "road_km_per_km2": 16.3809361090745,
        "air_temperature_c": 25.09,
        "relative_humidity_pct": 64.6,
        "wind_speed_10m_ms": 4.85,
        "valid_time_beijing": "2026-09-17 12:00",
        "lead_hours": 2,
        "forecast_issued_at": "2026-09-17T03:56:15.209336+00:00",
        "net_solar_radiation_wm2": 439.1,
        "utci_c": 29.11,
        "p_base": 0.2941,
        "p_enhanced": 0.3297,
        "delta_p": 0.0355,
        "risk_level": "moderate"
      },
      "geometry": {
        "type": "Polygon",
        "coordinates": [
          [
            [
              121.62,
              31.21
            ],
            [
              121.62,
              31.22
            ],
            [
              121.63,
              31.22
            ],
            [
              121.63,
              31.21
            ],
            [
              121.62,
              31.21
            ]
          ]
        ]
      }
    },
    {
      "id": "208",
      "type": "Feature",
      "properties": {
        "grid_id": "r068_c080",
        "green_fraction": 0.0031564267217738,
        "water_fraction": 0.0195995273899129,
        "building_fraction": 0.0284790870190029,
        "road_km_per_km2": 9.08275906046357,
        "air_temperature_c": 25.09,
        "relative_humidity_pct": 64.6,
        "wind_speed_10m_ms": 4.85,
        "valid_time_beijing": "2026-09-17 12:00",
        "lead_hours": 2,
        "forecast_issued_at": "2026-09-17T03:56:15.209336+00:00",
        "net_solar_radiation_wm2": 439.1,
        "utci_c": 29.11,
        "p_base": 0.2941,
        "p_enhanced": 0.3169,
        "delta_p": 0.0228,
        "risk_level": "moderate"
      },
      "geometry": {
        "type": "Polygon",
        "coordinates": [
          [
            [
              121.65,
              31.21
            ],
            [
              121.65,
              31.22
            ],
            [
              121.66,
              31.22
            ],
            [
              121.66,
              31.21
            ],
            [
              121.65,
              31.21
            ]
          ]
        ]
      }
    },
    {
      "id": "209",
      "type": "Feature",
      "properties": {
        "grid_id": "r068_c084",
        "green_fraction": 0.0,
        "water_fraction": 0.0,
        "building_fraction": 0.0,
        "road_km_per_km2": 8.97498145349561,
        "air_temperature_c": 25.09,
        "relative_humidity_pct": 64.6,
        "wind_speed_10m_ms": 4.85,
        "valid_time_beijing": "2026-09-17 12:00",
        "lead_hours": 2,
        "forecast_issued_at": "2026-09-17T03:56:15.209336+00:00",
        "net_solar_radiation_wm2": 439.1,
        "utci_c": 29.11,
        "p_base": 0.2941,
        "p_enhanced": 0.3277,
        "delta_p": 0.0336,
        "risk_level": "moderate"
      },
      "geometry": {
        "type": "Polygon",
        "coordinates": [
          [
            [
              121.69,
              31.21
            ],
            [
              121.69,
              31.22
            ],
            [
              121.7,
              31.22
            ],
            [
              121.7,
              31.21
            ],
            [
              121.69,
              31.21
            ]
          ]
        ]
      }
    },
    {
      "id": "210",
      "type": "Feature",
      "properties": {
        "grid_id": "r069_c042",
        "green_fraction": 0.0,
        "water_fraction": 0.0,
        "building_fraction": 0.0556017956007481,
        "road_km_per_km2": 13.613700584155207,
        "air_temperature_c": 25.09,
        "relative_humidity_pct": 64.6,
        "wind_speed_10m_ms": 4.85,
        "valid_time_beijing": "2026-09-17 12:00",
        "lead_hours": 2,
        "forecast_issued_at": "2026-09-17T03:56:15.209336+00:00",
        "net_solar_radiation_wm2": 439.1,
        "utci_c": 29.11,
        "p_base": 0.2941,
        "p_enhanced": 0.3202,
        "delta_p": 0.0261,
        "risk_level": "moderate"
      },
      "geometry": {
        "type": "Polygon",
        "coordinates": [
          [
            [
              121.27,
              31.2
            ],
            [
              121.27,
              31.21
            ],
            [
              121.28,
              31.21
            ],
            [
              121.28,
              31.2
            ],
            [
              121.27,
              31.2
            ]
          ]
        ]
      }
    },
    {
      "id": "211",
      "type": "Feature",
      "properties": {
        "grid_id": "r069_c051",
        "green_fraction": 0.0489149703399288,
        "water_fraction": 0.0009025545735713,
        "building_fraction": 0.0148974409405892,
        "road_km_per_km2": 9.399840018708616,
        "air_temperature_c": 25.09,
        "relative_humidity_pct": 64.6,
        "wind_speed_10m_ms": 4.85,
        "valid_time_beijing": "2026-09-17 12:00",
        "lead_hours": 2,
        "forecast_issued_at": "2026-09-17T03:56:15.209336+00:00",
        "net_solar_radiation_wm2": 439.1,
        "utci_c": 29.11,
        "p_base": 0.2941,
        "p_enhanced": 0.3326,
        "delta_p": 0.0385,
        "risk_level": "moderate"
      },
      "geometry": {
        "type": "Polygon",
        "coordinates": [
          [
            [
              121.36,
              31.2
            ],
            [
              121.36,
              31.21
            ],
            [
              121.37,
              31.21
            ],
            [
              121.37,
              31.2
            ],
            [
              121.36,
              31.2
            ]
          ]
        ]
      }
    },
    {
      "id": "212",
      "type": "Feature",
      "properties": {
        "grid_id": "r069_c052",
        "green_fraction": 0.4190670118201824,
        "water_fraction": 0.0618825133255017,
        "building_fraction": 0.0433807582622735,
        "road_km_per_km2": 9.997335798090646,
        "air_temperature_c": 25.09,
        "relative_humidity_pct": 64.6,
        "wind_speed_10m_ms": 4.85,
        "valid_time_beijing": "2026-09-17 12:00",
        "lead_hours": 2,
        "forecast_issued_at": "2026-09-17T03:56:15.209336+00:00",
        "net_solar_radiation_wm2": 439.1,
        "utci_c": 29.11,
        "p_base": 0.2941,
        "p_enhanced": 0.3609,
        "delta_p": 0.0667,
        "risk_level": "moderate"
      },
      "geometry": {
        "type": "Polygon",
        "coordinates": [
          [
            [
              121.37,
              31.2
            ],
            [
              121.37,
              31.21
            ],
            [
              121.38,
              31.21
            ],
            [
              121.38,
              31.2
            ],
            [
              121.37,
              31.2
            ]
          ]
        ]
      }
    },
    {
      "id": "213",
      "type": "Feature",
      "properties": {
        "grid_id": "r069_c053",
        "green_fraction": 0.0280574170774117,
        "water_fraction": 0.0028408667526221,
        "building_fraction": 0.2353431101337815,
        "road_km_per_km2": 9.954999821786958,
        "air_temperature_c": 25.09,
        "relative_humidity_pct": 64.6,
        "wind_speed_10m_ms": 4.85,
        "valid_time_beijing": "2026-09-17 12:00",
        "lead_hours": 2,
        "forecast_issued_at": "2026-09-17T03:56:15.209336+00:00",
        "net_solar_radiation_wm2": 439.1,
        "utci_c": 29.11,
        "p_base": 0.2941,
        "p_enhanced": 0.2996,
        "delta_p": 0.0055,
        "risk_level": "moderate"
      },
      "geometry": {
        "type": "Polygon",
        "coordinates": [
          [
            [
              121.38,
              31.2
            ],
            [
              121.38,
              31.21
            ],
            [
              121.39,
              31.21
            ],
            [
              121.39,
              31.2
            ],
            [
              121.38,
              31.2
            ]
          ]
        ]
      }
    },
    {
      "id": "214",
      "type": "Feature",
      "properties": {
        "grid_id": "r069_c054",
        "green_fraction": 0.0834992546810397,
        "water_fraction": 0.0016360654608142,
        "building_fraction": 0.1504850919037304,
        "road_km_per_km2": 18.781593909319923,
        "air_temperature_c": 25.09,
        "relative_humidity_pct": 64.6,
        "wind_speed_10m_ms": 4.85,
        "valid_time_beijing": "2026-09-17 12:00",
        "lead_hours": 2,
        "forecast_issued_at": "2026-09-17T03:56:15.209336+00:00",
        "net_solar_radiation_wm2": 439.1,
        "utci_c": 29.11,
        "p_base": 0.2941,
        "p_enhanced": 0.3191,
        "delta_p": 0.025,
        "risk_level": "moderate"
      },
      "geometry": {
        "type": "Polygon",
        "coordinates": [
          [
            [
              121.39,
              31.2
            ],
            [
              121.39,
              31.21
            ],
            [
              121.4,
              31.21
            ],
            [
              121.4,
              31.2
            ],
            [
              121.39,
              31.2
            ]
          ]
        ]
      }
    },
    {
      "id": "215",
      "type": "Feature",
      "properties": {
        "grid_id": "r069_c055",
        "green_fraction": 0.136351576098552,
        "water_fraction": 0.0067069081468335,
        "building_fraction": 0.2040061479789113,
        "road_km_per_km2": 30.493029325757963,
        "air_temperature_c": 25.09,
        "relative_humidity_pct": 64.6,
        "wind_speed_10m_ms": 4.85,
        "valid_time_beijing": "2026-09-17 12:00",
        "lead_hours": 2,
        "forecast_issued_at": "2026-09-17T03:56:15.209336+00:00",
        "net_solar_radiation_wm2": 439.1,
        "utci_c": 29.11,
        "p_base": 0.2941,
        "p_enhanced": 0.3178,
        "delta_p": 0.0236,
        "risk_level": "moderate"
      },
      "geometry": {
        "type": "Polygon",
        "coordinates": [
          [
            [
              121.4,
              31.2
            ],
            [
              121.4,
              31.21
            ],
            [
              121.41,
              31.21
            ],
            [
              121.41,
              31.2
            ],
            [
              121.4,
              31.2
            ]
          ]
        ]
      }
    },
    {
      "id": "216",
      "type": "Feature",
      "properties": {
        "grid_id": "r069_c056",
        "green_fraction": 0.0159126975373988,
        "water_fraction": 0.0,
        "building_fraction": 0.2408171737197321,
        "road_km_per_km2": 21.167107106482085,
        "air_temperature_c": 25.09,
        "relative_humidity_pct": 64.6,
        "wind_speed_10m_ms": 4.85,
        "valid_time_beijing": "2026-09-17 12:00",
        "lead_hours": 2,
        "forecast_issued_at": "2026-09-17T03:56:15.209336+00:00",
        "net_solar_radiation_wm2": 439.1,
        "utci_c": 29.11,
        "p_base": 0.2941,
        "p_enhanced": 0.2982,
        "delta_p": 0.0041,
        "risk_level": "moderate"
      },
      "geometry": {
        "type": "Polygon",
        "coordinates": [
          [
            [
              121.41,
              31.2
            ],
            [
              121.41,
              31.21
            ],
            [
              121.42,
              31.21
            ],
            [
              121.42,
              31.2
            ],
            [
              121.41,
              31.2
            ]
          ]
        ]
      }
    },
    {
      "id": "217",
      "type": "Feature",
      "properties": {
        "grid_id": "r069_c057",
        "green_fraction": 0.0489623577758162,
        "water_fraction": 0.0,
        "building_fraction": 0.2421625898765633,
        "road_km_per_km2": 23.69282492990948,
        "air_temperature_c": 25.09,
        "relative_humidity_pct": 64.6,
        "wind_speed_10m_ms": 4.85,
        "valid_time_beijing": "2026-09-17 12:00",
        "lead_hours": 2,
        "forecast_issued_at": "2026-09-17T03:56:15.209336+00:00",
        "net_solar_radiation_wm2": 439.1,
        "utci_c": 29.11,
        "p_base": 0.2941,
        "p_enhanced": 0.3027,
        "delta_p": 0.0086,
        "risk_level": "moderate"
      },
      "geometry": {
        "type": "Polygon",
        "coordinates": [
          [
            [
              121.42,
              31.2
            ],
            [
              121.42,
              31.21
            ],
            [
              121.43,
              31.21
            ],
            [
              121.43,
              31.2
            ],
            [
              121.42,
              31.2
            ]
          ]
        ]
      }
    },
    {
      "id": "218",
      "type": "Feature",
      "properties": {
        "grid_id": "r069_c058",
        "green_fraction": 0.0416768251168364,
        "water_fraction": 0.0,
        "building_fraction": 0.1921142747465837,
        "road_km_per_km2": 14.873747428197838,
        "air_temperature_c": 25.09,
        "relative_humidity_pct": 64.6,
        "wind_speed_10m_ms": 4.85,
        "valid_time_beijing": "2026-09-17 12:00",
        "lead_hours": 2,
        "forecast_issued_at": "2026-09-17T03:56:15.209336+00:00",
        "net_solar_radiation_wm2": 439.1,
        "utci_c": 29.11,
        "p_base": 0.2941,
        "p_enhanced": 0.3082,
        "delta_p": 0.0141,
        "risk_level": "moderate"
      },
      "geometry": {
        "type": "Polygon",
        "coordinates": [
          [
            [
              121.43,
              31.2
            ],
            [
              121.43,
              31.21
            ],
            [
              121.44,
              31.21
            ],
            [
              121.44,
              31.2
            ],
            [
              121.43,
              31.2
            ]
          ]
        ]
      }
    },
    {
      "id": "219",
      "type": "Feature",
      "properties": {
        "grid_id": "r069_c059",
        "green_fraction": 0.0359579598304896,
        "water_fraction": 0.0,
        "building_fraction": 0.202423540920321,
        "road_km_per_km2": 13.815134844861896,
        "air_temperature_c": 25.09,
        "relative_humidity_pct": 64.6,
        "wind_speed_10m_ms": 4.85,
        "valid_time_beijing": "2026-09-17 12:00",
        "lead_hours": 2,
        "forecast_issued_at": "2026-09-17T03:56:15.209336+00:00",
        "net_solar_radiation_wm2": 439.1,
        "utci_c": 29.11,
        "p_base": 0.2941,
        "p_enhanced": 0.306,
        "delta_p": 0.0119,
        "risk_level": "moderate"
      },
      "geometry": {
        "type": "Polygon",
        "coordinates": [
          [
            [
              121.44,
              31.2
            ],
            [
              121.44,
              31.21
            ],
            [
              121.45,
              31.21
            ],
            [
              121.45,
              31.2
            ],
            [
              121.44,
              31.2
            ]
          ]
        ]
      }
    },
    {
      "id": "220",
      "type": "Feature",
      "properties": {
        "grid_id": "r069_c060",
        "green_fraction": 0.0200091971795995,
        "water_fraction": 0.0,
        "building_fraction": 0.2262934697890683,
        "road_km_per_km2": 14.87937287065384,
        "air_temperature_c": 25.09,
        "relative_humidity_pct": 64.6,
        "wind_speed_10m_ms": 4.85,
        "valid_time_beijing": "2026-09-17 12:00",
        "lead_hours": 2,
        "forecast_issued_at": "2026-09-17T03:56:15.209336+00:00",
        "net_solar_radiation_wm2": 439.1,
        "utci_c": 29.11,
        "p_base": 0.2941,
        "p_enhanced": 0.3007,
        "delta_p": 0.0065,
        "risk_level": "moderate"
      },
      "geometry": {
        "type": "Polygon",
        "coordinates": [
          [
            [
              121.45,
              31.2
            ],
            [
              121.45,
              31.21
            ],
            [
              121.46,
              31.21
            ],
            [
              121.46,
              31.2
            ],
            [
              121.45,
              31.2
            ]
          ]
        ]
      }
    },
    {
      "id": "221",
      "type": "Feature",
      "properties": {
        "grid_id": "r069_c061",
        "green_fraction": 0.0128213349923563,
        "water_fraction": 0.0,
        "building_fraction": 0.2086923409010086,
        "road_km_per_km2": 18.124391819680813,
        "air_temperature_c": 25.09,
        "relative_humidity_pct": 64.6,
        "wind_speed_10m_ms": 4.85,
        "valid_time_beijing": "2026-09-17 12:00",
        "lead_hours": 2,
        "forecast_issued_at": "2026-09-17T03:56:15.209336+00:00",
        "net_solar_radiation_wm2": 439.1,
        "utci_c": 29.11,
        "p_base": 0.2941,
        "p_enhanced": 0.3019,
        "delta_p": 0.0078,
        "risk_level": "moderate"
      },
      "geometry": {
        "type": "Polygon",
        "coordinates": [
          [
            [
              121.46,
              31.2
            ],
            [
              121.46,
              31.21
            ],
            [
              121.47,
              31.21
            ],
            [
              121.47,
              31.2
            ],
            [
              121.46,
              31.2
            ]
          ]
        ]
      }
    },
    {
      "id": "222",
      "type": "Feature",
      "properties": {
        "grid_id": "r069_c062",
        "green_fraction": 0.0224665691514046,
        "water_fraction": 0.0,
        "building_fraction": 0.2884333390959377,
        "road_km_per_km2": 17.98475748308455,
        "air_temperature_c": 25.09,
        "relative_humidity_pct": 64.6,
        "wind_speed_10m_ms": 4.85,
        "valid_time_beijing": "2026-09-17 12:00",
        "lead_hours": 2,
        "forecast_issued_at": "2026-09-17T03:56:15.209336+00:00",
        "net_solar_radiation_wm2": 439.1,
        "utci_c": 29.11,
        "p_base": 0.2941,
        "p_enhanced": 0.2931,
        "delta_p": -0.0011,
        "risk_level": "moderate"
      },
      "geometry": {
        "type": "Polygon",
        "coordinates": [
          [
            [
              121.47,
              31.2
            ],
            [
              121.47,
              31.21
            ],
            [
              121.48,
              31.21
            ],
            [
              121.48,
              31.2
            ],
            [
              121.47,
              31.2
            ]
          ]
        ]
      }
    },
    {
      "id": "223",
      "type": "Feature",
      "properties": {
        "grid_id": "r069_c063",
        "green_fraction": 0.0422714728012509,
        "water_fraction": 0.000203363689019,
        "building_fraction": 0.1975848664623208,
        "road_km_per_km2": 20.625516861300014,
        "air_temperature_c": 25.09,
        "relative_humidity_pct": 64.6,
        "wind_speed_10m_ms": 4.85,
        "valid_time_beijing": "2026-09-17 12:00",
        "lead_hours": 2,
        "forecast_issued_at": "2026-09-17T03:56:15.209336+00:00",
        "net_solar_radiation_wm2": 439.1,
        "utci_c": 29.11,
        "p_base": 0.2941,
        "p_enhanced": 0.3075,
        "delta_p": 0.0133,
        "risk_level": "moderate"
      },
      "geometry": {
        "type": "Polygon",
        "coordinates": [
          [
            [
              121.48,
              31.2
            ],
            [
              121.48,
              31.21
            ],
            [
              121.49,
              31.21
            ],
            [
              121.49,
              31.2
            ],
            [
              121.48,
              31.2
            ]
          ]
        ]
      }
    },
    {
      "id": "224",
      "type": "Feature",
      "properties": {
        "grid_id": "r069_c064",
        "green_fraction": 0.0763802437479098,
        "water_fraction": 0.2800332318969757,
        "building_fraction": 0.1277558947334405,
        "road_km_per_km2": 21.421615467364376,
        "air_temperature_c": 25.09,
        "relative_humidity_pct": 64.6,
        "wind_speed_10m_ms": 4.85,
        "valid_time_beijing": "2026-09-17 12:00",
        "lead_hours": 2,
        "forecast_issued_at": "2026-09-17T03:56:15.209336+00:00",
        "net_solar_radiation_wm2": 439.1,
        "utci_c": 29.11,
        "p_base": 0.2941,
        "p_enhanced": 0.2257,
        "delta_p": -0.0684,
        "risk_level": "moderate"
      },
      "geometry": {
        "type": "Polygon",
        "coordinates": [
          [
            [
              121.49,
              31.2
            ],
            [
              121.49,
              31.21
            ],
            [
              121.5,
              31.21
            ],
            [
              121.5,
              31.2
            ],
            [
              121.49,
              31.2
            ]
          ]
        ]
      }
    },
    {
      "id": "225",
      "type": "Feature",
      "properties": {
        "grid_id": "r069_c065",
        "green_fraction": 0.0716683773419726,
        "water_fraction": 0.1638787625269518,
        "building_fraction": 0.0348740493309066,
        "road_km_per_km2": 22.731321149189142,
        "air_temperature_c": 25.09,
        "relative_humidity_pct": 64.6,
        "wind_speed_10m_ms": 4.85,
        "valid_time_beijing": "2026-09-17 12:00",
        "lead_hours": 2,
        "forecast_issued_at": "2026-09-17T03:56:15.209336+00:00",
        "net_solar_radiation_wm2": 439.1,
        "utci_c": 29.11,
        "p_base": 0.2941,
        "p_enhanced": 0.2735,
        "delta_p": -0.0206,
        "risk_level": "moderate"
      },
      "geometry": {
        "type": "Polygon",
        "coordinates": [
          [
            [
              121.5,
              31.2
            ],
            [
              121.5,
              31.21
            ],
            [
              121.51,
              31.21
            ],
            [
              121.51,
              31.2
            ],
            [
              121.5,
              31.2
            ]
          ]
        ]
      }
    },
    {
      "id": "226",
      "type": "Feature",
      "properties": {
        "grid_id": "r069_c066",
        "green_fraction": 0.0297836975612062,
        "water_fraction": 0.0,
        "building_fraction": 0.1115676388350959,
        "road_km_per_km2": 18.06311881336069,
        "air_temperature_c": 25.09,
        "relative_humidity_pct": 64.6,
        "wind_speed_10m_ms": 4.85,
        "valid_time_beijing": "2026-09-17 12:00",
        "lead_hours": 2,
        "forecast_issued_at": "2026-09-17T03:56:15.209336+00:00",
        "net_solar_radiation_wm2": 439.1,
        "utci_c": 29.11,
        "p_base": 0.2941,
        "p_enhanced": 0.3171,
        "delta_p": 0.023,
        "risk_level": "moderate"
      },
      "geometry": {
        "type": "Polygon",
        "coordinates": [
          [
            [
              121.51,
              31.2
            ],
            [
              121.51,
              31.21
            ],
            [
              121.52,
              31.21
            ],
            [
              121.52,
              31.2
            ],
            [
              121.51,
              31.2
            ]
          ]
        ]
      }
    },
    {
      "id": "227",
      "type": "Feature",
      "properties": {
        "grid_id": "r069_c070",
        "green_fraction": 0.0699404227699399,
        "water_fraction": 0.0018031293169906,
        "building_fraction": 0.1330078888290567,
        "road_km_per_km2": 21.265722616021765,
        "air_temperature_c": 25.09,
        "relative_humidity_pct": 64.6,
        "wind_speed_10m_ms": 4.85,
        "valid_time_beijing": "2026-09-17 12:00",
        "lead_hours": 2,
        "forecast_issued_at": "2026-09-17T03:56:15.209336+00:00",
        "net_solar_radiation_wm2": 439.1,
        "utci_c": 29.11,
        "p_base": 0.2941,
        "p_enhanced": 0.3194,
        "delta_p": 0.0253,
        "risk_level": "moderate"
      },
      "geometry": {
        "type": "Polygon",
        "coordinates": [
          [
            [
              121.55,
              31.2
            ],
            [
              121.55,
              31.21
            ],
            [
              121.56,
              31.21
            ],
            [
              121.56,
              31.2
            ],
            [
              121.55,
              31.2
            ]
          ]
        ]
      }
    },
    {
      "id": "228",
      "type": "Feature",
      "properties": {
        "grid_id": "r069_c073",
        "green_fraction": 0.0736035282341893,
        "water_fraction": 0.0,
        "building_fraction": 0.0917620602555469,
        "road_km_per_km2": 9.829962866565245,
        "air_temperature_c": 25.09,
        "relative_humidity_pct": 64.6,
        "wind_speed_10m_ms": 4.85,
        "valid_time_beijing": "2026-09-17 12:00",
        "lead_hours": 2,
        "forecast_issued_at": "2026-09-17T03:56:15.209336+00:00",
        "net_solar_radiation_wm2": 439.1,
        "utci_c": 29.11,
        "p_base": 0.2941,
        "p_enhanced": 0.3262,
        "delta_p": 0.032,
        "risk_level": "moderate"
      },
      "geometry": {
        "type": "Polygon",
        "coordinates": [
          [
            [
              121.58,
              31.2
            ],
            [
              121.58,
              31.21
            ],
            [
              121.59,
              31.21
            ],
            [
              121.59,
              31.2
            ],
            [
              121.58,
              31.2
            ]
          ]
        ]
      }
    },
    {
      "id": "229",
      "type": "Feature",
      "properties": {
        "grid_id": "r069_c074",
        "green_fraction": 0.0130694248359479,
        "water_fraction": 0.0058268564282156,
        "building_fraction": 0.064108851085873,
        "road_km_per_km2": 13.50805328205618,
        "air_temperature_c": 25.09,
        "relative_humidity_pct": 64.6,
        "wind_speed_10m_ms": 4.85,
        "valid_time_beijing": "2026-09-17 12:00",
        "lead_hours": 2,
        "forecast_issued_at": "2026-09-17T03:56:15.209336+00:00",
        "net_solar_radiation_wm2": 439.1,
        "utci_c": 29.11,
        "p_base": 0.2941,
        "p_enhanced": 0.3188,
        "delta_p": 0.0247,
        "risk_level": "moderate"
      },
      "geometry": {
        "type": "Polygon",
        "coordinates": [
          [
            [
              121.59,
              31.2
            ],
            [
              121.59,
              31.21
            ],
            [
              121.6,
              31.21
            ],
            [
              121.6,
              31.2
            ],
            [
              121.59,
              31.2
            ]
          ]
        ]
      }
    },
    {
      "id": "230",
      "type": "Feature",
      "properties": {
        "grid_id": "r069_c075",
        "green_fraction": 0.0765423456906769,
        "water_fraction": 0.0299280658397776,
        "building_fraction": 0.002361655700427,
        "road_km_per_km2": 11.239670482707572,
        "air_temperature_c": 25.09,
        "relative_humidity_pct": 64.6,
        "wind_speed_10m_ms": 4.85,
        "valid_time_beijing": "2026-09-17 12:00",
        "lead_hours": 2,
        "forecast_issued_at": "2026-09-17T03:56:15.209336+00:00",
        "net_solar_radiation_wm2": 439.1,
        "utci_c": 29.11,
        "p_base": 0.2941,
        "p_enhanced": 0.3272,
        "delta_p": 0.0331,
        "risk_level": "moderate"
      },
      "geometry": {
        "type": "Polygon",
        "coordinates": [
          [
            [
              121.6,
              31.2
            ],
            [
              121.6,
              31.21
            ],
            [
              121.61,
              31.21
            ],
            [
              121.61,
              31.2
            ],
            [
              121.6,
              31.2
            ]
          ]
        ]
      }
    },
    {
      "id": "231",
      "type": "Feature",
      "properties": {
        "grid_id": "r069_c081",
        "green_fraction": 0.0015848239529546,
        "water_fraction": 0.0566373901693291,
        "building_fraction": 0.0,
        "road_km_per_km2": 5.568495342196958,
        "air_temperature_c": 25.09,
        "relative_humidity_pct": 64.6,
        "wind_speed_10m_ms": 4.85,
        "valid_time_beijing": "2026-09-17 12:00",
        "lead_hours": 2,
        "forecast_issued_at": "2026-09-17T03:56:15.209336+00:00",
        "net_solar_radiation_wm2": 439.1,
        "utci_c": 29.11,
        "p_base": 0.2941,
        "p_enhanced": 0.3066,
        "delta_p": 0.0125,
        "risk_level": "moderate"
      },
      "geometry": {
        "type": "Polygon",
        "coordinates": [
          [
            [
              121.66,
              31.2
            ],
            [
              121.66,
              31.21
            ],
            [
              121.67,
              31.21
            ],
            [
              121.67,
              31.2
            ],
            [
              121.66,
              31.2
            ]
          ]
        ]
      }
    },
    {
      "id": "232",
      "type": "Feature",
      "properties": {
        "grid_id": "r070_c042",
        "green_fraction": 0.036985504476788,
        "water_fraction": 0.0,
        "building_fraction": 0.0189672214603311,
        "road_km_per_km2": 18.351740846069383,
        "air_temperature_c": 25.09,
        "relative_humidity_pct": 64.6,
        "wind_speed_10m_ms": 4.85,
        "valid_time_beijing": "2026-09-17 12:00",
        "lead_hours": 2,
        "forecast_issued_at": "2026-09-17T03:56:15.209336+00:00",
        "net_solar_radiation_wm2": 439.1,
        "utci_c": 29.11,
        "p_base": 0.2941,
        "p_enhanced": 0.3306,
        "delta_p": 0.0365,
        "risk_level": "moderate"
      },
      "geometry": {
        "type": "Polygon",
        "coordinates": [
          [
            [
              121.27,
              31.19
            ],
            [
              121.27,
              31.2
            ],
            [
              121.28,
              31.2
            ],
            [
              121.28,
              31.19
            ],
            [
              121.27,
              31.19
            ]
          ]
        ]
      }
    },
    {
      "id": "233",
      "type": "Feature",
      "properties": {
        "grid_id": "r070_c045",
        "green_fraction": 0.1067573690494541,
        "water_fraction": 0.0662992810615615,
        "building_fraction": 0.171681769179674,
        "road_km_per_km2": 21.46552973931876,
        "air_temperature_c": 25.09,
        "relative_humidity_pct": 64.6,
        "wind_speed_10m_ms": 4.85,
        "valid_time_beijing": "2026-09-17 12:00",
        "lead_hours": 2,
        "forecast_issued_at": "2026-09-17T03:56:15.209336+00:00",
        "net_solar_radiation_wm2": 439.1,
        "utci_c": 29.11,
        "p_base": 0.2941,
        "p_enhanced": 0.2958,
        "delta_p": 0.0016,
        "risk_level": "moderate"
      },
      "geometry": {
        "type": "Polygon",
        "coordinates": [
          [
            [
              121.3,
              31.19
            ],
            [
              121.3,
              31.2
            ],
            [
              121.31,
              31.2
            ],
            [
              121.31,
              31.19
            ],
            [
              121.3,
              31.19
            ]
          ]
        ]
      }
    },
    {
      "id": "234",
      "type": "Feature",
      "properties": {
        "grid_id": "r070_c046",
        "green_fraction": 0.0105222092396233,
        "water_fraction": 0.0,
        "building_fraction": 0.2766819619873996,
        "road_km_per_km2": 24.930527165675468,
        "air_temperature_c": 25.09,
        "relative_humidity_pct": 64.6,
        "wind_speed_10m_ms": 4.85,
        "valid_time_beijing": "2026-09-17 12:00",
        "lead_hours": 2,
        "forecast_issued_at": "2026-09-17T03:56:15.209336+00:00",
        "net_solar_radiation_wm2": 439.1,
        "utci_c": 29.11,
        "p_base": 0.2941,
        "p_enhanced": 0.2929,
        "delta_p": -0.0013,
        "risk_level": "moderate"
      },
      "geometry": {
        "type": "Polygon",
        "coordinates": [
          [
            [
              121.31,
              31.19
            ],
            [
              121.31,
              31.2
            ],
            [
              121.32,
              31.2
            ],
            [
              121.32,
              31.19
            ],
            [
              121.31,
              31.19
            ]
          ]
        ]
      }
    },
    {
      "id": "235",
      "type": "Feature",
      "properties": {
        "grid_id": "r070_c050",
        "green_fraction": 0.1543738405903591,
        "water_fraction": 0.0141426592483124,
        "building_fraction": 0.0284629207298052,
        "road_km_per_km2": 16.1015384628337,
        "air_temperature_c": 25.09,
        "relative_humidity_pct": 64.6,
        "wind_speed_10m_ms": 4.85,
        "valid_time_beijing": "2026-09-17 12:00",
        "lead_hours": 2,
        "forecast_issued_at": "2026-09-17T03:56:15.209336+00:00",
        "net_solar_radiation_wm2": 439.1,
        "utci_c": 29.11,
        "p_base": 0.2941,
        "p_enhanced": 0.3414,
        "delta_p": 0.0473,
        "risk_level": "moderate"
      },
      "geometry": {
        "type": "Polygon",
        "coordinates": [
          [
            [
              121.35,
              31.19
            ],
            [
              121.35,
              31.2
            ],
            [
              121.36,
              31.2
            ],
            [
              121.36,
              31.19
            ],
            [
              121.35,
              31.19
            ]
          ]
        ]
      }
    },
    {
      "id": "236",
      "type": "Feature",
      "properties": {
        "grid_id": "r070_c051",
        "green_fraction": 0.0197030806134916,
        "water_fraction": 0.0132863113674548,
        "building_fraction": 0.0367074379950113,
        "road_km_per_km2": 11.25030629573784,
        "air_temperature_c": 25.09,
        "relative_humidity_pct": 64.6,
        "wind_speed_10m_ms": 4.85,
        "valid_time_beijing": "2026-09-17 12:00",
        "lead_hours": 2,
        "forecast_issued_at": "2026-09-17T03:56:15.209336+00:00",
        "net_solar_radiation_wm2": 439.1,
        "utci_c": 29.11,
        "p_base": 0.2941,
        "p_enhanced": 0.3206,
        "delta_p": 0.0265,
        "risk_level": "moderate"
      },
      "geometry": {
        "type": "Polygon",
        "coordinates": [
          [
            [
              121.36,
              31.19
            ],
            [
              121.36,
              31.2
            ],
            [
              121.37,
              31.2
            ],
            [
              121.37,
              31.19
            ],
            [
              121.36,
              31.19
            ]
          ]
        ]
      }
    },
    {
      "id": "237",
      "type": "Feature",
      "properties": {
        "grid_id": "r070_c052",
        "green_fraction": 0.0089504332612319,
        "water_fraction": 0.0,
        "building_fraction": 0.0240397743280114,
        "road_km_per_km2": 12.871046754802729,
        "air_temperature_c": 25.09,
        "relative_humidity_pct": 64.6,
        "wind_speed_10m_ms": 4.85,
        "valid_time_beijing": "2026-09-17 12:00",
        "lead_hours": 2,
        "forecast_issued_at": "2026-09-17T03:56:15.209336+00:00",
        "net_solar_radiation_wm2": 439.1,
        "utci_c": 29.11,
        "p_base": 0.2941,
        "p_enhanced": 0.3258,
        "delta_p": 0.0316,
        "risk_level": "moderate"
      },
      "geometry": {
        "type": "Polygon",
        "coordinates": [
          [
            [
              121.37,
              31.19
            ],
            [
              121.37,
              31.2
            ],
            [
              121.38,
              31.2
            ],
            [
              121.38,
              31.19
            ],
            [
              121.37,
              31.19
            ]
          ]
        ]
      }
    },
    {
      "id": "238",
      "type": "Feature",
      "properties": {
        "grid_id": "r070_c053",
        "green_fraction": 0.0053622906197119,
        "water_fraction": 0.0013710466623665,
        "building_fraction": 0.0605617530407258,
        "road_km_per_km2": 19.20847288144472,
        "air_temperature_c": 25.09,
        "relative_humidity_pct": 64.6,
        "wind_speed_10m_ms": 4.85,
        "valid_time_beijing": "2026-09-17 12:00",
        "lead_hours": 2,
        "forecast_issued_at": "2026-09-17T03:56:15.209336+00:00",
        "net_solar_radiation_wm2": 439.1,
        "utci_c": 29.11,
        "p_base": 0.2941,
        "p_enhanced": 0.3198,
        "delta_p": 0.0257,
        "risk_level": "moderate"
      },
      "geometry": {
        "type": "Polygon",
        "coordinates": [
          [
            [
              121.38,
              31.19
            ],
            [
              121.38,
              31.2
            ],
            [
              121.39,
              31.2
            ],
            [
              121.39,
              31.19
            ],
            [
              121.38,
              31.19
            ]
          ]
        ]
      }
    },
    {
      "id": "239",
      "type": "Feature",
      "properties": {
        "grid_id": "r070_c055",
        "green_fraction": 0.0376201317235124,
        "water_fraction": 0.0,
        "building_fraction": 0.1584765879966657,
        "road_km_per_km2": 8.908052056361052,
        "air_temperature_c": 25.09,
        "relative_humidity_pct": 64.6,
        "wind_speed_10m_ms": 4.85,
        "valid_time_beijing": "2026-09-17 12:00",
        "lead_hours": 2,
        "forecast_issued_at": "2026-09-17T03:56:15.209336+00:00",
        "net_solar_radiation_wm2": 439.1,
        "utci_c": 29.11,
        "p_base": 0.2941,
        "p_enhanced": 0.312,
        "delta_p": 0.0179,
        "risk_level": "moderate"
      },
      "geometry": {
        "type": "Polygon",
        "coordinates": [
          [
            [
              121.4,
              31.19
            ],
            [
              121.4,
              31.2
            ],
            [
              121.41,
              31.2
            ],
            [
              121.41,
              31.19
            ],
            [
              121.4,
              31.19
            ]
          ]
        ]
      }
    },
    {
      "id": "240",
      "type": "Feature",
      "properties": {
        "grid_id": "r070_c057",
        "green_fraction": 0.0561990955437585,
        "water_fraction": 0.000337180770633,
        "building_fraction": 0.171784454038454,
        "road_km_per_km2": 23.216449320021407,
        "air_temperature_c": 25.09,
        "relative_humidity_pct": 64.6,
        "wind_speed_10m_ms": 4.85,
        "valid_time_beijing": "2026-09-17 12:00",
        "lead_hours": 2,
        "forecast_issued_at": "2026-09-17T03:56:15.209336+00:00",
        "net_solar_radiation_wm2": 439.1,
        "utci_c": 29.11,
        "p_base": 0.2941,
        "p_enhanced": 0.3128,
        "delta_p": 0.0187,
        "risk_level": "moderate"
      },
      "geometry": {
        "type": "Polygon",
        "coordinates": [
          [
            [
              121.42,
              31.19
            ],
            [
              121.42,
              31.2
            ],
            [
              121.43,
              31.2
            ],
            [
              121.43,
              31.19
            ],
            [
              121.42,
              31.19
            ]
          ]
        ]
      }
    },
    {
      "id": "241",
      "type": "Feature",
      "properties": {
        "grid_id": "r070_c058",
        "green_fraction": 0.0818512132427646,
        "water_fraction": 0.0039615444228554,
        "building_fraction": 0.1938447694283086,
        "road_km_per_km2": 19.476561252630567,
        "air_temperature_c": 25.09,
        "relative_humidity_pct": 64.6,
        "wind_speed_10m_ms": 4.85,
        "valid_time_beijing": "2026-09-17 12:00",
        "lead_hours": 2,
        "forecast_issued_at": "2026-09-17T03:56:15.209336+00:00",
        "net_solar_radiation_wm2": 439.1,
        "utci_c": 29.11,
        "p_base": 0.2941,
        "p_enhanced": 0.3123,
        "delta_p": 0.0181,
        "risk_level": "moderate"
      },
      "geometry": {
        "type": "Polygon",
        "coordinates": [
          [
            [
              121.43,
              31.19
            ],
            [
              121.43,
              31.2
            ],
            [
              121.44,
              31.2
            ],
            [
              121.44,
              31.19
            ],
            [
              121.43,
              31.19
            ]
          ]
        ]
      }
    },
    {
      "id": "242",
      "type": "Feature",
      "properties": {
        "grid_id": "r070_c059",
        "green_fraction": 0.0234039871673787,
        "water_fraction": 0.000324996443512,
        "building_fraction": 0.1273583389093916,
        "road_km_per_km2": 8.67572034692869,
        "air_temperature_c": 25.09,
        "relative_humidity_pct": 64.6,
        "wind_speed_10m_ms": 4.85,
        "valid_time_beijing": "2026-09-17 12:00",
        "lead_hours": 2,
        "forecast_issued_at": "2026-09-17T03:56:15.209336+00:00",
        "net_solar_radiation_wm2": 439.1,
        "utci_c": 29.11,
        "p_base": 0.2941,
        "p_enhanced": 0.314,
        "delta_p": 0.0198,
        "risk_level": "moderate"
      },
      "geometry": {
        "type": "Polygon",
        "coordinates": [
          [
            [
              121.44,
              31.19
            ],
            [
              121.44,
              31.2
            ],
            [
              121.45,
              31.2
            ],
            [
              121.45,
              31.19
            ],
            [
              121.44,
              31.19
            ]
          ]
        ]
      }
    },
    {
      "id": "243",
      "type": "Feature",
      "properties": {
        "grid_id": "r070_c060",
        "green_fraction": 0.0208341469718942,
        "water_fraction": 0.0,
        "building_fraction": 0.2235815965464194,
        "road_km_per_km2": 14.7044168888125,
        "air_temperature_c": 25.09,
        "relative_humidity_pct": 64.6,
        "wind_speed_10m_ms": 4.85,
        "valid_time_beijing": "2026-09-17 12:00",
        "lead_hours": 2,
        "forecast_issued_at": "2026-09-17T03:56:15.209336+00:00",
        "net_solar_radiation_wm2": 439.1,
        "utci_c": 29.11,
        "p_base": 0.2941,
        "p_enhanced": 0.3011,
        "delta_p": 0.007,
        "risk_level": "moderate"
      },
      "geometry": {
        "type": "Polygon",
        "coordinates": [
          [
            [
              121.45,
              31.19
            ],
            [
              121.45,
              31.2
            ],
            [
              121.46,
              31.2
            ],
            [
              121.46,
              31.19
            ],
            [
              121.45,
              31.19
            ]
          ]
        ]
      }
    },
    {
      "id": "244",
      "type": "Feature",
      "properties": {
        "grid_id": "r070_c061",
        "green_fraction": 0.0527842868553717,
        "water_fraction": 0.0374772893416935,
        "building_fraction": 0.1197083772378937,
        "road_km_per_km2": 22.135692919980418,
        "air_temperature_c": 25.09,
        "relative_humidity_pct": 64.6,
        "wind_speed_10m_ms": 4.85,
        "valid_time_beijing": "2026-09-17 12:00",
        "lead_hours": 2,
        "forecast_issued_at": "2026-09-17T03:56:15.209336+00:00",
        "net_solar_radiation_wm2": 439.1,
        "utci_c": 29.11,
        "p_base": 0.2941,
        "p_enhanced": 0.3054,
        "delta_p": 0.0112,
        "risk_level": "moderate"
      },
      "geometry": {
        "type": "Polygon",
        "coordinates": [
          [
            [
              121.46,
              31.19
            ],
            [
              121.46,
              31.2
            ],
            [
              121.47,
              31.2
            ],
            [
              121.47,
              31.19
            ],
            [
              121.46,
              31.19
            ]
          ]
        ]
      }
    },
    {
      "id": "245",
      "type": "Feature",
      "properties": {
        "grid_id": "r070_c062",
        "green_fraction": 0.0643481653417165,
        "water_fraction": 0.3144802693659084,
        "building_fraction": 0.0657826555870132,
        "road_km_per_km2": 17.969139888831002,
        "air_temperature_c": 25.09,
        "relative_humidity_pct": 64.6,
        "wind_speed_10m_ms": 4.85,
        "valid_time_beijing": "2026-09-17 12:00",
        "lead_hours": 2,
        "forecast_issued_at": "2026-09-17T03:56:15.209336+00:00",
        "net_solar_radiation_wm2": 439.1,
        "utci_c": 29.11,
        "p_base": 0.2941,
        "p_enhanced": 0.2205,
        "delta_p": -0.0736,
        "risk_level": "moderate"
      },
      "geometry": {
        "type": "Polygon",
        "coordinates": [
          [
            [
              121.47,
              31.19
            ],
            [
              121.47,
              31.2
            ],
            [
              121.48,
              31.2
            ],
            [
              121.48,
              31.19
            ],
            [
              121.47,
              31.19
            ]
          ]
        ]
      }
    },
    {
      "id": "246",
      "type": "Feature",
      "properties": {
        "grid_id": "r070_c063",
        "green_fraction": 0.0667173793005494,
        "water_fraction": 0.4360337767759812,
        "building_fraction": 0.0699198460601854,
        "road_km_per_km2": 11.045749267201984,
        "air_temperature_c": 25.09,
        "relative_humidity_pct": 64.6,
        "wind_speed_10m_ms": 4.85,
        "valid_time_beijing": "2026-09-17 12:00",
        "lead_hours": 2,
        "forecast_issued_at": "2026-09-17T03:56:15.209336+00:00",
        "net_solar_radiation_wm2": 439.1,
        "utci_c": 29.11,
        "p_base": 0.2941,
        "p_enhanced": 0.1862,
        "delta_p": -0.108,
        "risk_level": "moderate"
      },
      "geometry": {
        "type": "Polygon",
        "coordinates": [
          [
            [
              121.48,
              31.19
            ],
            [
              121.48,
              31.2
            ],
            [
              121.49,
              31.2
            ],
            [
              121.49,
              31.19
            ],
            [
              121.48,
              31.19
            ]
          ]
        ]
      }
    },
    {
      "id": "247",
      "type": "Feature",
      "properties": {
        "grid_id": "r070_c064",
        "green_fraction": 0.0979778172993537,
        "water_fraction": 0.3456347393013453,
        "building_fraction": 0.0475154790821199,
        "road_km_per_km2": 11.602865296797823,
        "air_temperature_c": 25.09,
        "relative_humidity_pct": 64.6,
        "wind_speed_10m_ms": 4.85,
        "valid_time_beijing": "2026-09-17 12:00",
        "lead_hours": 2,
        "forecast_issued_at": "2026-09-17T03:56:15.209336+00:00",
        "net_solar_radiation_wm2": 439.1,
        "utci_c": 29.11,
        "p_base": 0.2941,
        "p_enhanced": 0.217,
        "delta_p": -0.0771,
        "risk_level": "moderate"
      },
      "geometry": {
        "type": "Polygon",
        "coordinates": [
          [
            [
              121.49,
              31.19
            ],
            [
              121.49,
              31.2
            ],
            [
              121.5,
              31.2
            ],
            [
              121.5,
              31.19
            ],
            [
              121.49,
              31.19
            ]
          ]
        ]
      }
    },
    {
      "id": "248",
      "type": "Feature",
      "properties": {
        "grid_id": "r070_c066",
        "green_fraction": 0.0,
        "water_fraction": 0.0531387621483371,
        "building_fraction": 0.0801947675092432,
        "road_km_per_km2": 9.744894333601549,
        "air_temperature_c": 25.09,
        "relative_humidity_pct": 64.6,
        "wind_speed_10m_ms": 4.85,
        "valid_time_beijing": "2026-09-17 12:00",
        "lead_hours": 2,
        "forecast_issued_at": "2026-09-17T03:56:15.209336+00:00",
        "net_solar_radiation_wm2": 439.1,
        "utci_c": 29.11,
        "p_base": 0.2941,
        "p_enhanced": 0.2973,
        "delta_p": 0.0031,
        "risk_level": "moderate"
      },
      "geometry": {
        "type": "Polygon",
        "coordinates": [
          [
            [
              121.51,
              31.19
            ],
            [
              121.51,
              31.2
            ],
            [
              121.52,
              31.2
            ],
            [
              121.52,
              31.19
            ],
            [
              121.51,
              31.19
            ]
          ]
        ]
      }
    },
    {
      "id": "249",
      "type": "Feature",
      "properties": {
        "grid_id": "r070_c068",
        "green_fraction": 0.2270578175865677,
        "water_fraction": 0.0567721469045801,
        "building_fraction": 0.099010350640357,
        "road_km_per_km2": 24.21686012341001,
        "air_temperature_c": 25.09,
        "relative_humidity_pct": 64.6,
        "wind_speed_10m_ms": 4.85,
        "valid_time_beijing": "2026-09-17 12:00",
        "lead_hours": 2,
        "forecast_issued_at": "2026-09-17T03:56:15.209336+00:00",
        "net_solar_radiation_wm2": 439.1,
        "utci_c": 29.11,
        "p_base": 0.2941,
        "p_enhanced": 0.3261,
        "delta_p": 0.032,
        "risk_level": "moderate"
      },
      "geometry": {
        "type": "Polygon",
        "coordinates": [
          [
            [
              121.53,
              31.19
            ],
            [
              121.53,
              31.2
            ],
            [
              121.54,
              31.2
            ],
            [
              121.54,
              31.19
            ],
            [
              121.53,
              31.19
            ]
          ]
        ]
      }
    },
    {
      "id": "250",
      "type": "Feature",
      "properties": {
        "grid_id": "r070_c084",
        "green_fraction": 0.0560083036914836,
        "water_fraction": 0.0035520732323274,
        "building_fraction": 0.0951328291967466,
        "road_km_per_km2": 12.765553392222216,
        "air_temperature_c": 25.09,
        "relative_humidity_pct": 64.6,
        "wind_speed_10m_ms": 4.85,
        "valid_time_beijing": "2026-09-17 12:00",
        "lead_hours": 2,
        "forecast_issued_at": "2026-09-17T03:56:15.209336+00:00",
        "net_solar_radiation_wm2": 439.1,
        "utci_c": 29.11,
        "p_base": 0.2941,
        "p_enhanced": 0.3218,
        "delta_p": 0.0276,
        "risk_level": "moderate"
      },
      "geometry": {
        "type": "Polygon",
        "coordinates": [
          [
            [
              121.69,
              31.19
            ],
            [
              121.69,
              31.2
            ],
            [
              121.7,
              31.2
            ],
            [
              121.7,
              31.19
            ],
            [
              121.69,
              31.19
            ]
          ]
        ]
      }
    },
    {
      "id": "251",
      "type": "Feature",
      "properties": {
        "grid_id": "r070_c085",
        "green_fraction": 0.0014130913687061,
        "water_fraction": 0.0,
        "building_fraction": 0.0048753931212315,
        "road_km_per_km2": 11.13207297173652,
        "air_temperature_c": 25.09,
        "relative_humidity_pct": 64.6,
        "wind_speed_10m_ms": 4.85,
        "valid_time_beijing": "2026-09-17 12:00",
        "lead_hours": 2,
        "forecast_issued_at": "2026-09-17T03:56:15.209336+00:00",
        "net_solar_radiation_wm2": 439.1,
        "utci_c": 29.11,
        "p_base": 0.2941,
        "p_enhanced": 0.3273,
        "delta_p": 0.0331,
        "risk_level": "moderate"
      },
      "geometry": {
        "type": "Polygon",
        "coordinates": [
          [
            [
              121.7,
              31.19
            ],
            [
              121.7,
              31.2
            ],
            [
              121.71,
              31.2
            ],
            [
              121.71,
              31.19
            ],
            [
              121.7,
              31.19
            ]
          ]
        ]
      }
    },
    {
      "id": "252",
      "type": "Feature",
      "properties": {
        "grid_id": "r071_c042",
        "green_fraction": 0.1119060139368204,
        "water_fraction": 0.0,
        "building_fraction": 0.0167666589731683,
        "road_km_per_km2": 15.849212887670989,
        "air_temperature_c": 25.09,
        "relative_humidity_pct": 64.6,
        "wind_speed_10m_ms": 4.85,
        "valid_time_beijing": "2026-09-17 12:00",
        "lead_hours": 2,
        "forecast_issued_at": "2026-09-17T03:56:15.209336+00:00",
        "net_solar_radiation_wm2": 439.1,
        "utci_c": 29.11,
        "p_base": 0.2941,
        "p_enhanced": 0.3421,
        "delta_p": 0.048,
        "risk_level": "moderate"
      },
      "geometry": {
        "type": "Polygon",
        "coordinates": [
          [
            [
              121.27,
              31.18
            ],
            [
              121.27,
              31.19
            ],
            [
              121.28,
              31.19
            ],
            [
              121.28,
              31.18
            ],
            [
              121.27,
              31.18
            ]
          ]
        ]
      }
    },
    {
      "id": "253",
      "type": "Feature",
      "properties": {
        "grid_id": "r071_c051",
        "green_fraction": 0.0009934681421166,
        "water_fraction": 0.0,
        "building_fraction": 0.0633925145342196,
        "road_km_per_km2": 13.458024746063051,
        "air_temperature_c": 25.09,
        "relative_humidity_pct": 64.6,
        "wind_speed_10m_ms": 4.85,
        "valid_time_beijing": "2026-09-17 12:00",
        "lead_hours": 2,
        "forecast_issued_at": "2026-09-17T03:56:15.209336+00:00",
        "net_solar_radiation_wm2": 439.1,
        "utci_c": 29.11,
        "p_base": 0.2941,
        "p_enhanced": 0.3193,
        "delta_p": 0.0252,
        "risk_level": "moderate"
      },
      "geometry": {
        "type": "Polygon",
        "coordinates": [
          [
            [
              121.36,
              31.18
            ],
            [
              121.36,
              31.19
            ],
            [
              121.37,
              31.19
            ],
            [
              121.37,
              31.18
            ],
            [
              121.36,
              31.18
            ]
          ]
        ]
      }
    },
    {
      "id": "254",
      "type": "Feature",
      "properties": {
        "grid_id": "r071_c053",
        "green_fraction": 0.0,
        "water_fraction": 0.0114870047958215,
        "building_fraction": 0.0227978359910858,
        "road_km_per_km2": 8.801844538379514,
        "air_temperature_c": 25.09,
        "relative_humidity_pct": 64.6,
        "wind_speed_10m_ms": 4.85,
        "valid_time_beijing": "2026-09-17 12:00",
        "lead_hours": 2,
        "forecast_issued_at": "2026-09-17T03:56:15.209336+00:00",
        "net_solar_radiation_wm2": 439.1,
        "utci_c": 29.11,
        "p_base": 0.2941,
        "p_enhanced": 0.3203,
        "delta_p": 0.0261,
        "risk_level": "moderate"
      },
      "geometry": {
        "type": "Polygon",
        "coordinates": [
          [
            [
              121.38,
              31.18
            ],
            [
              121.38,
              31.19
            ],
            [
              121.39,
              31.19
            ],
            [
              121.39,
              31.18
            ],
            [
              121.38,
              31.18
            ]
          ]
        ]
      }
    },
    {
      "id": "255",
      "type": "Feature",
      "properties": {
        "grid_id": "r071_c057",
        "green_fraction": 0.01578160830056,
        "water_fraction": 0.0,
        "building_fraction": 0.2266672311536473,
        "road_km_per_km2": 16.7532189957373,
        "air_temperature_c": 25.09,
        "relative_humidity_pct": 64.6,
        "wind_speed_10m_ms": 4.85,
        "valid_time_beijing": "2026-09-17 12:00",
        "lead_hours": 2,
        "forecast_issued_at": "2026-09-17T03:56:15.209336+00:00",
        "net_solar_radiation_wm2": 439.1,
        "utci_c": 29.11,
        "p_base": 0.2941,
        "p_enhanced": 0.3,
        "delta_p": 0.0059,
        "risk_level": "moderate"
      },
      "geometry": {
        "type": "Polygon",
        "coordinates": [
          [
            [
              121.42,
              31.18
            ],
            [
              121.42,
              31.19
            ],
            [
              121.43,
              31.19
            ],
            [
              121.43,
              31.18
            ],
            [
              121.42,
              31.18
            ]
          ]
        ]
      }
    },
    {
      "id": "256",
      "type": "Feature",
      "properties": {
        "grid_id": "r071_c058",
        "green_fraction": 0.0468617393904679,
        "water_fraction": 0.0,
        "building_fraction": 0.1392738407302585,
        "road_km_per_km2": 22.531301134994656,
        "air_temperature_c": 25.09,
        "relative_humidity_pct": 64.6,
        "wind_speed_10m_ms": 4.85,
        "valid_time_beijing": "2026-09-17 12:00",
        "lead_hours": 2,
        "forecast_issued_at": "2026-09-17T03:56:15.209336+00:00",
        "net_solar_radiation_wm2": 439.1,
        "utci_c": 29.11,
        "p_base": 0.2941,
        "p_enhanced": 0.3159,
        "delta_p": 0.0218,
        "risk_level": "moderate"
      },
      "geometry": {
        "type": "Polygon",
        "coordinates": [
          [
            [
              121.43,
              31.18
            ],
            [
              121.43,
              31.19
            ],
            [
              121.44,
              31.19
            ],
            [
              121.44,
              31.18
            ],
            [
              121.43,
              31.18
            ]
          ]
        ]
      }
    },
    {
      "id": "257",
      "type": "Feature",
      "properties": {
        "grid_id": "r071_c059",
        "green_fraction": 0.0278231534294426,
        "water_fraction": 0.0,
        "building_fraction": 0.1505104463030184,
        "road_km_per_km2": 17.936976880604746,
        "air_temperature_c": 25.09,
        "relative_humidity_pct": 64.6,
        "wind_speed_10m_ms": 4.85,
        "valid_time_beijing": "2026-09-17 12:00",
        "lead_hours": 2,
        "forecast_issued_at": "2026-09-17T03:56:15.209336+00:00",
        "net_solar_radiation_wm2": 439.1,
        "utci_c": 29.11,
        "p_base": 0.2941,
        "p_enhanced": 0.3117,
        "delta_p": 0.0175,
        "risk_level": "moderate"
      },
      "geometry": {
        "type": "Polygon",
        "coordinates": [
          [
            [
              121.44,
              31.18
            ],
            [
              121.44,
              31.19
            ],
            [
              121.45,
              31.19
            ],
            [
              121.45,
              31.18
            ],
            [
              121.44,
              31.18
            ]
          ]
        ]
      }
    },
    {
      "id": "258",
      "type": "Feature",
      "properties": {
        "grid_id": "r071_c060",
        "green_fraction": 0.0582486643002158,
        "water_fraction": 0.0378781428708504,
        "building_fraction": 0.1426038175217245,
        "road_km_per_km2": 18.55113953549762,
        "air_temperature_c": 25.09,
        "relative_humidity_pct": 64.6,
        "wind_speed_10m_ms": 4.85,
        "valid_time_beijing": "2026-09-17 12:00",
        "lead_hours": 2,
        "forecast_issued_at": "2026-09-17T03:56:15.209336+00:00",
        "net_solar_radiation_wm2": 439.1,
        "utci_c": 29.11,
        "p_base": 0.2941,
        "p_enhanced": 0.303,
        "delta_p": 0.0089,
        "risk_level": "moderate"
      },
      "geometry": {
        "type": "Polygon",
        "coordinates": [
          [
            [
              121.45,
              31.18
            ],
            [
              121.45,
              31.19
            ],
            [
              121.46,
              31.19
            ],
            [
              121.46,
              31.18
            ],
            [
              121.45,
              31.18
            ]
          ]
        ]
      }
    },
    {
      "id": "259",
      "type": "Feature",
      "properties": {
        "grid_id": "r071_c061",
        "green_fraction": 0.363713813620425,
        "water_fraction": 0.4975576368264972,
        "building_fraction": 0.0486301358560826,
        "road_km_per_km2": 16.907450683192565,
        "air_temperature_c": 25.09,
        "relative_humidity_pct": 64.6,
        "wind_speed_10m_ms": 4.85,
        "valid_time_beijing": "2026-09-17 12:00",
        "lead_hours": 2,
        "forecast_issued_at": "2026-09-17T03:56:15.209336+00:00",
        "net_solar_radiation_wm2": 439.1,
        "utci_c": 29.11,
        "p_base": 0.2941,
        "p_enhanced": 0.2027,
        "delta_p": -0.0915,
        "risk_level": "moderate"
      },
      "geometry": {
        "type": "Polygon",
        "coordinates": [
          [
            [
              121.46,
              31.18
            ],
            [
              121.46,
              31.19
            ],
            [
              121.47,
              31.19
            ],
            [
              121.47,
              31.18
            ],
            [
              121.46,
              31.18
            ]
          ]
        ]
      }
    },
    {
      "id": "260",
      "type": "Feature",
      "properties": {
        "grid_id": "r071_c062",
        "green_fraction": 0.7433279474206151,
        "water_fraction": 0.2394684498668965,
        "building_fraction": 0.0380510792248242,
        "road_km_per_km2": 26.95399315966269,
        "air_temperature_c": 25.09,
        "relative_humidity_pct": 64.6,
        "wind_speed_10m_ms": 4.85,
        "valid_time_beijing": "2026-09-17 12:00",
        "lead_hours": 2,
        "forecast_issued_at": "2026-09-17T03:56:15.209336+00:00",
        "net_solar_radiation_wm2": 439.1,
        "utci_c": 29.11,
        "p_base": 0.2941,
        "p_enhanced": 0.3408,
        "delta_p": 0.0467,
        "risk_level": "moderate"
      },
      "geometry": {
        "type": "Polygon",
        "coordinates": [
          [
            [
              121.47,
              31.18
            ],
            [
              121.47,
              31.19
            ],
            [
              121.48,
              31.19
            ],
            [
              121.48,
              31.18
            ],
            [
              121.47,
              31.18
            ]
          ]
        ]
      }
    },
    {
      "id": "261",
      "type": "Feature",
      "properties": {
        "grid_id": "r071_c063",
        "green_fraction": 0.091709458896123,
        "water_fraction": 0.0028301823952058,
        "building_fraction": 0.2437177319644873,
        "road_km_per_km2": 14.940694953577312,
        "air_temperature_c": 25.09,
        "relative_humidity_pct": 64.6,
        "wind_speed_10m_ms": 4.85,
        "valid_time_beijing": "2026-09-17 12:00",
        "lead_hours": 2,
        "forecast_issued_at": "2026-09-17T03:56:15.209336+00:00",
        "net_solar_radiation_wm2": 439.1,
        "utci_c": 29.11,
        "p_base": 0.2941,
        "p_enhanced": 0.3076,
        "delta_p": 0.0134,
        "risk_level": "moderate"
      },
      "geometry": {
        "type": "Polygon",
        "coordinates": [
          [
            [
              121.48,
              31.18
            ],
            [
              121.48,
              31.19
            ],
            [
              121.49,
              31.19
            ],
            [
              121.49,
              31.18
            ],
            [
              121.48,
              31.18
            ]
          ]
        ]
      }
    },
    {
      "id": "262",
      "type": "Feature",
      "properties": {
        "grid_id": "r071_c064",
        "green_fraction": 0.0334467738140825,
        "water_fraction": 0.0125771060387526,
        "building_fraction": 0.1694094762749869,
        "road_km_per_km2": 17.11884562689703,
        "air_temperature_c": 25.09,
        "relative_humidity_pct": 64.6,
        "wind_speed_10m_ms": 4.85,
        "valid_time_beijing": "2026-09-17 12:00",
        "lead_hours": 2,
        "forecast_issued_at": "2026-09-17T03:56:15.209336+00:00",
        "net_solar_radiation_wm2": 439.1,
        "utci_c": 29.11,
        "p_base": 0.2941,
        "p_enhanced": 0.3053,
        "delta_p": 0.0112,
        "risk_level": "moderate"
      },
      "geometry": {
        "type": "Polygon",
        "coordinates": [
          [
            [
              121.49,
              31.18
            ],
            [
              121.49,
              31.19
            ],
            [
              121.5,
              31.19
            ],
            [
              121.5,
              31.18
            ],
            [
              121.49,
              31.18
            ]
          ]
        ]
      }
    },
    {
      "id": "263",
      "type": "Feature",
      "properties": {
        "grid_id": "r071_c069",
        "green_fraction": 0.0177480331935846,
        "water_fraction": 0.0435804674705883,
        "building_fraction": 0.1380900833091225,
        "road_km_per_km2": 8.664781539001146,
        "air_temperature_c": 25.09,
        "relative_humidity_pct": 64.6,
        "wind_speed_10m_ms": 4.85,
        "valid_time_beijing": "2026-09-17 12:00",
        "lead_hours": 2,
        "forecast_issued_at": "2026-09-17T03:56:15.209336+00:00",
        "net_solar_radiation_wm2": 439.1,
        "utci_c": 29.11,
        "p_base": 0.2941,
        "p_enhanced": 0.2958,
        "delta_p": 0.0017,
        "risk_level": "moderate"
      },
      "geometry": {
        "type": "Polygon",
        "coordinates": [
          [
            [
              121.54,
              31.18
            ],
            [
              121.54,
              31.19
            ],
            [
              121.55,
              31.19
            ],
            [
              121.55,
              31.18
            ],
            [
              121.54,
              31.18
            ]
          ]
        ]
      }
    },
    {
      "id": "264",
      "type": "Feature",
      "properties": {
        "grid_id": "r071_c074",
        "green_fraction": 0.0653085858329478,
        "water_fraction": 0.0472714286119563,
        "building_fraction": 0.1447308553527971,
        "road_km_per_km2": 18.448993986167796,
        "air_temperature_c": 25.09,
        "relative_humidity_pct": 64.6,
        "wind_speed_10m_ms": 4.85,
        "valid_time_beijing": "2026-09-17 12:00",
        "lead_hours": 2,
        "forecast_issued_at": "2026-09-17T03:56:15.209336+00:00",
        "net_solar_radiation_wm2": 439.1,
        "utci_c": 29.11,
        "p_base": 0.2941,
        "p_enhanced": 0.3003,
        "delta_p": 0.0062,
        "risk_level": "moderate"
      },
      "geometry": {
        "type": "Polygon",
        "coordinates": [
          [
            [
              121.59,
              31.18
            ],
            [
              121.59,
              31.19
            ],
            [
              121.6,
              31.19
            ],
            [
              121.6,
              31.18
            ],
            [
              121.59,
              31.18
            ]
          ]
        ]
      }
    },
    {
      "id": "265",
      "type": "Feature",
      "properties": {
        "grid_id": "r071_c077",
        "green_fraction": 0.0373468805656367,
        "water_fraction": 0.0083058316166531,
        "building_fraction": 0.0109303607284135,
        "road_km_per_km2": 12.27855360184691,
        "air_temperature_c": 25.09,
        "relative_humidity_pct": 64.6,
        "wind_speed_10m_ms": 4.85,
        "valid_time_beijing": "2026-09-17 12:00",
        "lead_hours": 2,
        "forecast_issued_at": "2026-09-17T03:56:15.209336+00:00",
        "net_solar_radiation_wm2": 439.1,
        "utci_c": 29.11,
        "p_base": 0.2941,
        "p_enhanced": 0.3286,
        "delta_p": 0.0344,
        "risk_level": "moderate"
      },
      "geometry": {
        "type": "Polygon",
        "coordinates": [
          [
            [
              121.62,
              31.18
            ],
            [
              121.62,
              31.19
            ],
            [
              121.63,
              31.19
            ],
            [
              121.63,
              31.18
            ],
            [
              121.62,
              31.18
            ]
          ]
        ]
      }
    },
    {
      "id": "266",
      "type": "Feature",
      "properties": {
        "grid_id": "r072_c039",
        "green_fraction": 0.0210823226609969,
        "water_fraction": 0.0,
        "building_fraction": 0.0452585749801515,
        "road_km_per_km2": 9.331428280967652,
        "air_temperature_c": 25.09,
        "relative_humidity_pct": 64.6,
        "wind_speed_10m_ms": 4.85,
        "valid_time_beijing": "2026-09-17 12:00",
        "lead_hours": 2,
        "forecast_issued_at": "2026-09-17T03:56:15.209336+00:00",
        "net_solar_radiation_wm2": 439.1,
        "utci_c": 29.11,
        "p_base": 0.2941,
        "p_enhanced": 0.3247,
        "delta_p": 0.0306,
        "risk_level": "moderate"
      },
      "geometry": {
        "type": "Polygon",
        "coordinates": [
          [
            [
              121.24,
              31.17
            ],
            [
              121.24,
              31.18
            ],
            [
              121.25,
              31.18
            ],
            [
              121.25,
              31.17
            ],
            [
              121.24,
              31.17
            ]
          ]
        ]
      }
    },
    {
      "id": "267",
      "type": "Feature",
      "properties": {
        "grid_id": "r072_c043",
        "green_fraction": 0.0,
        "water_fraction": 0.0063881245397509,
        "building_fraction": 0.0086004933851339,
        "road_km_per_km2": 8.913752948155377,
        "air_temperature_c": 25.09,
        "relative_humidity_pct": 64.6,
        "wind_speed_10m_ms": 4.85,
        "valid_time_beijing": "2026-09-17 12:00",
        "lead_hours": 2,
        "forecast_issued_at": "2026-09-17T03:56:15.209336+00:00",
        "net_solar_radiation_wm2": 439.1,
        "utci_c": 29.11,
        "p_base": 0.2941,
        "p_enhanced": 0.3241,
        "delta_p": 0.03,
        "risk_level": "moderate"
      },
      "geometry": {
        "type": "Polygon",
        "coordinates": [
          [
            [
              121.28,
              31.17
            ],
            [
              121.28,
              31.18
            ],
            [
              121.29,
              31.18
            ],
            [
              121.29,
              31.17
            ],
            [
              121.28,
              31.17
            ]
          ]
        ]
      }
    },
    {
      "id": "268",
      "type": "Feature",
      "properties": {
        "grid_id": "r072_c050",
        "green_fraction": 0.1362980759863137,
        "water_fraction": 0.0,
        "building_fraction": 0.0062971227573153,
        "road_km_per_km2": 10.022532238383032,
        "air_temperature_c": 25.09,
        "relative_humidity_pct": 64.6,
        "wind_speed_10m_ms": 4.85,
        "valid_time_beijing": "2026-09-17 12:00",
        "lead_hours": 2,
        "forecast_issued_at": "2026-09-17T03:56:15.209336+00:00",
        "net_solar_radiation_wm2": 439.1,
        "utci_c": 29.11,
        "p_base": 0.2941,
        "p_enhanced": 0.3473,
        "delta_p": 0.0531,
        "risk_level": "moderate"
      },
      "geometry": {
        "type": "Polygon",
        "coordinates": [
          [
            [
              121.35,
              31.17
            ],
            [
              121.35,
              31.18
            ],
            [
              121.36,
              31.18
            ],
            [
              121.36,
              31.17
            ],
            [
              121.35,
              31.17
            ]
          ]
        ]
      }
    },
    {
      "id": "269",
      "type": "Feature",
      "properties": {
        "grid_id": "r072_c051",
        "green_fraction": 0.0283898147826259,
        "water_fraction": 0.0,
        "building_fraction": 0.1469353563111054,
        "road_km_per_km2": 11.179087675486976,
        "air_temperature_c": 25.09,
        "relative_humidity_pct": 64.6,
        "wind_speed_10m_ms": 4.85,
        "valid_time_beijing": "2026-09-17 12:00",
        "lead_hours": 2,
        "forecast_issued_at": "2026-09-17T03:56:15.209336+00:00",
        "net_solar_radiation_wm2": 439.1,
        "utci_c": 29.11,
        "p_base": 0.2941,
        "p_enhanced": 0.3122,
        "delta_p": 0.0181,
        "risk_level": "moderate"
      },
      "geometry": {
        "type": "Polygon",
        "coordinates": [
          [
            [
              121.36,
              31.17
            ],
            [
              121.36,
              31.18
            ],
            [
              121.37,
              31.18
            ],
            [
              121.37,
              31.17
            ],
            [
              121.36,
              31.17
            ]
          ]
        ]
      }
    },
    {
      "id": "270",
      "type": "Feature",
      "properties": {
        "grid_id": "r072_c052",
        "green_fraction": 0.0395919140173151,
        "water_fraction": 0.0,
        "building_fraction": 0.0624138402536893,
        "road_km_per_km2": 8.296632644260203,
        "air_temperature_c": 25.09,
        "relative_humidity_pct": 64.6,
        "wind_speed_10m_ms": 4.85,
        "valid_time_beijing": "2026-09-17 12:00",
        "lead_hours": 2,
        "forecast_issued_at": "2026-09-17T03:56:15.209336+00:00",
        "net_solar_radiation_wm2": 439.1,
        "utci_c": 29.11,
        "p_base": 0.2941,
        "p_enhanced": 0.3251,
        "delta_p": 0.031,
        "risk_level": "moderate"
      },
      "geometry": {
        "type": "Polygon",
        "coordinates": [
          [
            [
              121.37,
              31.17
            ],
            [
              121.37,
              31.18
            ],
            [
              121.38,
              31.18
            ],
            [
              121.38,
              31.17
            ],
            [
              121.37,
              31.17
            ]
          ]
        ]
      }
    },
    {
      "id": "271",
      "type": "Feature",
      "properties": {
        "grid_id": "r072_c053",
        "green_fraction": 0.0186701967667863,
        "water_fraction": 0.0,
        "building_fraction": 0.0485330377184899,
        "road_km_per_km2": 5.227134241902094,
        "air_temperature_c": 25.09,
        "relative_humidity_pct": 64.6,
        "wind_speed_10m_ms": 4.85,
        "valid_time_beijing": "2026-09-17 12:00",
        "lead_hours": 2,
        "forecast_issued_at": "2026-09-17T03:56:15.209336+00:00",
        "net_solar_radiation_wm2": 439.1,
        "utci_c": 29.11,
        "p_base": 0.2941,
        "p_enhanced": 0.3239,
        "delta_p": 0.0298,
        "risk_level": "moderate"
      },
      "geometry": {
        "type": "Polygon",
        "coordinates": [
          [
            [
              121.38,
              31.17
            ],
            [
              121.38,
              31.18
            ],
            [
              121.39,
              31.18
            ],
            [
              121.39,
              31.17
            ],
            [
              121.38,
              31.17
            ]
          ]
        ]
      }
    },
    {
      "id": "272",
      "type": "Feature",
      "properties": {
        "grid_id": "r072_c056",
        "green_fraction": 0.013638002250642,
        "water_fraction": 0.0007166010350859,
        "building_fraction": 0.2476883923836592,
        "road_km_per_km2": 8.478898456709334,
        "air_temperature_c": 25.09,
        "relative_humidity_pct": 64.6,
        "wind_speed_10m_ms": 4.85,
        "valid_time_beijing": "2026-09-17 12:00",
        "lead_hours": 2,
        "forecast_issued_at": "2026-09-17T03:56:15.209336+00:00",
        "net_solar_radiation_wm2": 439.1,
        "utci_c": 29.11,
        "p_base": 0.2941,
        "p_enhanced": 0.2968,
        "delta_p": 0.0026,
        "risk_level": "moderate"
      },
      "geometry": {
        "type": "Polygon",
        "coordinates": [
          [
            [
              121.41,
              31.17
            ],
            [
              121.41,
              31.18
            ],
            [
              121.42,
              31.18
            ],
            [
              121.42,
              31.17
            ],
            [
              121.41,
              31.17
            ]
          ]
        ]
      }
    },
    {
      "id": "273",
      "type": "Feature",
      "properties": {
        "grid_id": "r072_c057",
        "green_fraction": 0.03226098027432,
        "water_fraction": 0.0,
        "building_fraction": 0.2433403264195543,
        "road_km_per_km2": 5.966189922041075,
        "air_temperature_c": 25.09,
        "relative_humidity_pct": 64.6,
        "wind_speed_10m_ms": 4.85,
        "valid_time_beijing": "2026-09-17 12:00",
        "lead_hours": 2,
        "forecast_issued_at": "2026-09-17T03:56:15.209336+00:00",
        "net_solar_radiation_wm2": 439.1,
        "utci_c": 29.11,
        "p_base": 0.2941,
        "p_enhanced": 0.3002,
        "delta_p": 0.0061,
        "risk_level": "moderate"
      },
      "geometry": {
        "type": "Polygon",
        "coordinates": [
          [
            [
              121.42,
              31.17
            ],
            [
              121.42,
              31.18
            ],
            [
              121.43,
              31.18
            ],
            [
              121.43,
              31.17
            ],
            [
              121.42,
              31.17
            ]
          ]
        ]
      }
    },
    {
      "id": "274",
      "type": "Feature",
      "properties": {
        "grid_id": "r072_c058",
        "green_fraction": 0.04004404012056,
        "water_fraction": 0.0006906251797885,
        "building_fraction": 0.2152933098272395,
        "road_km_per_km2": 18.72246398650008,
        "air_temperature_c": 25.09,
        "relative_humidity_pct": 64.6,
        "wind_speed_10m_ms": 4.85,
        "valid_time_beijing": "2026-09-17 12:00",
        "lead_hours": 2,
        "forecast_issued_at": "2026-09-17T03:56:15.209336+00:00",
        "net_solar_radiation_wm2": 439.1,
        "utci_c": 29.11,
        "p_base": 0.2941,
        "p_enhanced": 0.3047,
        "delta_p": 0.0105,
        "risk_level": "moderate"
      },
      "geometry": {
        "type": "Polygon",
        "coordinates": [
          [
            [
              121.43,
              31.17
            ],
            [
              121.43,
              31.18
            ],
            [
              121.44,
              31.18
            ],
            [
              121.44,
              31.17
            ],
            [
              121.43,
              31.17
            ]
          ]
        ]
      }
    },
    {
      "id": "275",
      "type": "Feature",
      "properties": {
        "grid_id": "r072_c059",
        "green_fraction": 0.1606619531920217,
        "water_fraction": 5.00207844097554e-05,
        "building_fraction": 0.1677970639628448,
        "road_km_per_km2": 15.738614540992549,
        "air_temperature_c": 25.09,
        "relative_humidity_pct": 64.6,
        "wind_speed_10m_ms": 4.85,
        "valid_time_beijing": "2026-09-17 12:00",
        "lead_hours": 2,
        "forecast_issued_at": "2026-09-17T03:56:15.209336+00:00",
        "net_solar_radiation_wm2": 439.1,
        "utci_c": 29.11,
        "p_base": 0.2941,
        "p_enhanced": 0.3287,
        "delta_p": 0.0346,
        "risk_level": "moderate"
      },
      "geometry": {
        "type": "Polygon",
        "coordinates": [
          [
            [
              121.44,
              31.17
            ],
            [
              121.44,
              31.18
            ],
            [
              121.45,
              31.18
            ],
            [
              121.45,
              31.17
            ],
            [
              121.44,
              31.17
            ]
          ]
        ]
      }
    },
    {
      "id": "276",
      "type": "Feature",
      "properties": {
        "grid_id": "r072_c060",
        "green_fraction": 0.0272797239767258,
        "water_fraction": 0.1718655829056054,
        "building_fraction": 0.0961408519189293,
        "road_km_per_km2": 17.805476134288146,
        "air_temperature_c": 25.09,
        "relative_humidity_pct": 64.6,
        "wind_speed_10m_ms": 4.85,
        "valid_time_beijing": "2026-09-17 12:00",
        "lead_hours": 2,
        "forecast_issued_at": "2026-09-17T03:56:15.209336+00:00",
        "net_solar_radiation_wm2": 439.1,
        "utci_c": 29.11,
        "p_base": 0.2941,
        "p_enhanced": 0.2577,
        "delta_p": -0.0365,
        "risk_level": "moderate"
      },
      "geometry": {
        "type": "Polygon",
        "coordinates": [
          [
            [
              121.45,
              31.17
            ],
            [
              121.45,
              31.18
            ],
            [
              121.46,
              31.18
            ],
            [
              121.46,
              31.17
            ],
            [
              121.45,
              31.17
            ]
          ]
        ]
      }
    },
    {
      "id": "277",
      "type": "Feature",
      "properties": {
        "grid_id": "r072_c061",
        "green_fraction": 0.2610049690710862,
        "water_fraction": 0.3950121762788317,
        "building_fraction": 0.045809466752341,
        "road_km_per_km2": 11.37013825650576,
        "air_temperature_c": 25.09,
        "relative_humidity_pct": 64.6,
        "wind_speed_10m_ms": 4.85,
        "valid_time_beijing": "2026-09-17 12:00",
        "lead_hours": 2,
        "forecast_issued_at": "2026-09-17T03:56:15.209336+00:00",
        "net_solar_radiation_wm2": 439.1,
        "utci_c": 29.11,
        "p_base": 0.2941,
        "p_enhanced": 0.2212,
        "delta_p": -0.0729,
        "risk_level": "moderate"
      },
      "geometry": {
        "type": "Polygon",
        "coordinates": [
          [
            [
              121.46,
              31.17
            ],
            [
              121.46,
              31.18
            ],
            [
              121.47,
              31.18
            ],
            [
              121.47,
              31.17
            ],
            [
              121.46,
              31.17
            ]
          ]
        ]
      }
    },
    {
      "id": "278",
      "type": "Feature",
      "properties": {
        "grid_id": "r072_c062",
        "green_fraction": 0.239117046187108,
        "water_fraction": 0.0108754644209602,
        "building_fraction": 0.1229841583069717,
        "road_km_per_km2": 20.89639708700235,
        "air_temperature_c": 25.09,
        "relative_humidity_pct": 64.6,
        "wind_speed_10m_ms": 4.85,
        "valid_time_beijing": "2026-09-17 12:00",
        "lead_hours": 2,
        "forecast_issued_at": "2026-09-17T03:56:15.209336+00:00",
        "net_solar_radiation_wm2": 439.1,
        "utci_c": 29.11,
        "p_base": 0.2941,
        "p_enhanced": 0.3424,
        "delta_p": 0.0483,
        "risk_level": "moderate"
      },
      "geometry": {
        "type": "Polygon",
        "coordinates": [
          [
            [
              121.47,
              31.17
            ],
            [
              121.47,
              31.18
            ],
            [
              121.48,
              31.18
            ],
            [
              121.48,
              31.17
            ],
            [
              121.47,
              31.17
            ]
          ]
        ]
      }
    },
    {
      "id": "279",
      "type": "Feature",
      "properties": {
        "grid_id": "r072_c064",
        "green_fraction": 0.0204974823272404,
        "water_fraction": 0.0,
        "building_fraction": 0.1893075723816568,
        "road_km_per_km2": 8.938548474705772,
        "air_temperature_c": 25.09,
        "relative_humidity_pct": 64.6,
        "wind_speed_10m_ms": 4.85,
        "valid_time_beijing": "2026-09-17 12:00",
        "lead_hours": 2,
        "forecast_issued_at": "2026-09-17T03:56:15.209336+00:00",
        "net_solar_radiation_wm2": 439.1,
        "utci_c": 29.11,
        "p_base": 0.2941,
        "p_enhanced": 0.3055,
        "delta_p": 0.0114,
        "risk_level": "moderate"
      },
      "geometry": {
        "type": "Polygon",
        "coordinates": [
          [
            [
              121.49,
              31.17
            ],
            [
              121.49,
              31.18
            ],
            [
              121.5,
              31.18
            ],
            [
              121.5,
              31.17
            ],
            [
              121.49,
              31.17
            ]
          ]
        ]
      }
    },
    {
      "id": "280",
      "type": "Feature",
      "properties": {
        "grid_id": "r072_c080",
        "green_fraction": 0.0,
        "water_fraction": 0.0361155261920054,
        "building_fraction": 0.0084596512354631,
        "road_km_per_km2": 10.93543756737682,
        "air_temperature_c": 25.09,
        "relative_humidity_pct": 64.6,
        "wind_speed_10m_ms": 4.85,
        "valid_time_beijing": "2026-09-17 12:00",
        "lead_hours": 2,
        "forecast_issued_at": "2026-09-17T03:56:15.209336+00:00",
        "net_solar_radiation_wm2": 439.1,
        "utci_c": 29.11,
        "p_base": 0.2941,
        "p_enhanced": 0.3129,
        "delta_p": 0.0188,
        "risk_level": "moderate"
      },
      "geometry": {
        "type": "Polygon",
        "coordinates": [
          [
            [
              121.65,
              31.17
            ],
            [
              121.65,
              31.18
            ],
            [
              121.66,
              31.18
            ],
            [
              121.66,
              31.17
            ],
            [
              121.65,
              31.17
            ]
          ]
        ]
      }
    },
    {
      "id": "281",
      "type": "Feature",
      "properties": {
        "grid_id": "r072_c084",
        "green_fraction": 0.4466544772062459,
        "water_fraction": 0.0088124912472188,
        "building_fraction": 0.0260100487113455,
        "road_km_per_km2": 9.056884993092632,
        "air_temperature_c": 25.09,
        "relative_humidity_pct": 64.6,
        "wind_speed_10m_ms": 4.85,
        "valid_time_beijing": "2026-09-17 12:00",
        "lead_hours": 2,
        "forecast_issued_at": "2026-09-17T03:56:15.209336+00:00",
        "net_solar_radiation_wm2": 439.1,
        "utci_c": 29.11,
        "p_base": 0.2941,
        "p_enhanced": 0.3893,
        "delta_p": 0.0952,
        "risk_level": "moderate"
      },
      "geometry": {
        "type": "Polygon",
        "coordinates": [
          [
            [
              121.69,
              31.17
            ],
            [
              121.69,
              31.18
            ],
            [
              121.7,
              31.18
            ],
            [
              121.7,
              31.17
            ],
            [
              121.69,
              31.17
            ]
          ]
        ]
      }
    },
    {
      "id": "282",
      "type": "Feature",
      "properties": {
        "grid_id": "r073_c050",
        "green_fraction": 0.6324776858542229,
        "water_fraction": 0.0952971832500877,
        "building_fraction": 0.0188078415394742,
        "road_km_per_km2": 12.930820068077631,
        "air_temperature_c": 25.09,
        "relative_humidity_pct": 64.6,
        "wind_speed_10m_ms": 4.85,
        "valid_time_beijing": "2026-09-17 12:00",
        "lead_hours": 2,
        "forecast_issued_at": "2026-09-17T03:56:15.209336+00:00",
        "net_solar_radiation_wm2": 439.1,
        "utci_c": 29.11,
        "p_base": 0.2941,
        "p_enhanced": 0.3843,
        "delta_p": 0.0901,
        "risk_level": "moderate"
      },
      "geometry": {
        "type": "Polygon",
        "coordinates": [
          [
            [
              121.35,
              31.16
            ],
            [
              121.35,
              31.17
            ],
            [
              121.36,
              31.17
            ],
            [
              121.36,
              31.16
            ],
            [
              121.35,
              31.16
            ]
          ]
        ]
      }
    },
    {
      "id": "283",
      "type": "Feature",
      "properties": {
        "grid_id": "r073_c055",
        "green_fraction": 0.0057666657500941,
        "water_fraction": 0.0,
        "building_fraction": 0.1801895557827717,
        "road_km_per_km2": 8.076471624555102,
        "air_temperature_c": 25.09,
        "relative_humidity_pct": 64.6,
        "wind_speed_10m_ms": 4.85,
        "valid_time_beijing": "2026-09-17 12:00",
        "lead_hours": 2,
        "forecast_issued_at": "2026-09-17T03:56:15.209336+00:00",
        "net_solar_radiation_wm2": 439.1,
        "utci_c": 29.11,
        "p_base": 0.2941,
        "p_enhanced": 0.3046,
        "delta_p": 0.0105,
        "risk_level": "moderate"
      },
      "geometry": {
        "type": "Polygon",
        "coordinates": [
          [
            [
              121.4,
              31.16
            ],
            [
              121.4,
              31.17
            ],
            [
              121.41,
              31.17
            ],
            [
              121.41,
              31.16
            ],
            [
              121.4,
              31.16
            ]
          ]
        ]
      }
    },
    {
      "id": "284",
      "type": "Feature",
      "properties": {
        "grid_id": "r073_c056",
        "green_fraction": 0.1266030044414395,
        "water_fraction": 0.0300317505691404,
        "building_fraction": 0.1600045975471574,
        "road_km_per_km2": 9.29419332995707,
        "air_temperature_c": 25.09,
        "relative_humidity_pct": 64.6,
        "wind_speed_10m_ms": 4.85,
        "valid_time_beijing": "2026-09-17 12:00",
        "lead_hours": 2,
        "forecast_issued_at": "2026-09-17T03:56:15.209336+00:00",
        "net_solar_radiation_wm2": 439.1,
        "utci_c": 29.11,
        "p_base": 0.2941,
        "p_enhanced": 0.3134,
        "delta_p": 0.0193,
        "risk_level": "moderate"
      },
      "geometry": {
        "type": "Polygon",
        "coordinates": [
          [
            [
              121.41,
              31.16
            ],
            [
              121.41,
              31.17
            ],
            [
              121.42,
              31.17
            ],
            [
              121.42,
              31.16
            ],
            [
              121.41,
              31.16
            ]
          ]
        ]
      }
    },
    {
      "id": "285",
      "type": "Feature",
      "properties": {
        "grid_id": "r073_c057",
        "green_fraction": 0.0048536638828231,
        "water_fraction": 0.0007162942259636,
        "building_fraction": 0.2052213753910053,
        "road_km_per_km2": 14.527039635120534,
        "air_temperature_c": 25.09,
        "relative_humidity_pct": 64.6,
        "wind_speed_10m_ms": 4.85,
        "valid_time_beijing": "2026-09-17 12:00",
        "lead_hours": 2,
        "forecast_issued_at": "2026-09-17T03:56:15.209336+00:00",
        "net_solar_radiation_wm2": 439.1,
        "utci_c": 29.11,
        "p_base": 0.2941,
        "p_enhanced": 0.301,
        "delta_p": 0.0069,
        "risk_level": "moderate"
      },
      "geometry": {
        "type": "Polygon",
        "coordinates": [
          [
            [
              121.42,
              31.16
            ],
            [
              121.42,
              31.17
            ],
            [
              121.43,
              31.17
            ],
            [
              121.43,
              31.16
            ],
            [
              121.42,
              31.16
            ]
          ]
        ]
      }
    },
    {
      "id": "286",
      "type": "Feature",
      "properties": {
        "grid_id": "r073_c060",
        "green_fraction": 0.0092689972335442,
        "water_fraction": 0.0011305224954366,
        "building_fraction": 0.1969611095198709,
        "road_km_per_km2": 18.860046213533423,
        "air_temperature_c": 25.09,
        "relative_humidity_pct": 64.6,
        "wind_speed_10m_ms": 4.85,
        "valid_time_beijing": "2026-09-17 12:00",
        "lead_hours": 2,
        "forecast_issued_at": "2026-09-17T03:56:15.209336+00:00",
        "net_solar_radiation_wm2": 439.1,
        "utci_c": 29.11,
        "p_base": 0.2941,
        "p_enhanced": 0.3025,
        "delta_p": 0.0084,
        "risk_level": "moderate"
      },
      "geometry": {
        "type": "Polygon",
        "coordinates": [
          [
            [
              121.45,
              31.16
            ],
            [
              121.45,
              31.17
            ],
            [
              121.46,
              31.17
            ],
            [
              121.46,
              31.16
            ],
            [
              121.45,
              31.16
            ]
          ]
        ]
      }
    },
    {
      "id": "287",
      "type": "Feature",
      "properties": {
        "grid_id": "r073_c061",
        "green_fraction": 0.1294065266153435,
        "water_fraction": 0.5866138655856088,
        "building_fraction": 0.0521597043626812,
        "road_km_per_km2": 10.942338072514891,
        "air_temperature_c": 25.09,
        "relative_humidity_pct": 64.6,
        "wind_speed_10m_ms": 4.85,
        "valid_time_beijing": "2026-09-17 12:00",
        "lead_hours": 2,
        "forecast_issued_at": "2026-09-17T03:56:15.209336+00:00",
        "net_solar_radiation_wm2": 439.1,
        "utci_c": 29.11,
        "p_base": 0.2941,
        "p_enhanced": 0.1566,
        "delta_p": -0.1376,
        "risk_level": "moderate"
      },
      "geometry": {
        "type": "Polygon",
        "coordinates": [
          [
            [
              121.46,
              31.16
            ],
            [
              121.46,
              31.17
            ],
            [
              121.47,
              31.17
            ],
            [
              121.47,
              31.16
            ],
            [
              121.46,
              31.16
            ]
          ]
        ]
      }
    },
    {
      "id": "288",
      "type": "Feature",
      "properties": {
        "grid_id": "r073_c062",
        "green_fraction": 0.0238575737210523,
        "water_fraction": 0.0830293934884147,
        "building_fraction": 0.1226920186694214,
        "road_km_per_km2": 20.883977335474277,
        "air_temperature_c": 25.09,
        "relative_humidity_pct": 64.6,
        "wind_speed_10m_ms": 4.85,
        "valid_time_beijing": "2026-09-17 12:00",
        "lead_hours": 2,
        "forecast_issued_at": "2026-09-17T03:56:15.209336+00:00",
        "net_solar_radiation_wm2": 439.1,
        "utci_c": 29.11,
        "p_base": 0.2941,
        "p_enhanced": 0.2845,
        "delta_p": -0.0097,
        "risk_level": "moderate"
      },
      "geometry": {
        "type": "Polygon",
        "coordinates": [
          [
            [
              121.47,
              31.16
            ],
            [
              121.47,
              31.17
            ],
            [
              121.48,
              31.17
            ],
            [
              121.48,
              31.16
            ],
            [
              121.47,
              31.16
            ]
          ]
        ]
      }
    },
    {
      "id": "289",
      "type": "Feature",
      "properties": {
        "grid_id": "r073_c064",
        "green_fraction": 0.0266807922105907,
        "water_fraction": 0.052183436397627,
        "building_fraction": 0.1416055990465732,
        "road_km_per_km2": 7.124078377990228,
        "air_temperature_c": 25.09,
        "relative_humidity_pct": 64.6,
        "wind_speed_10m_ms": 4.85,
        "valid_time_beijing": "2026-09-17 12:00",
        "lead_hours": 2,
        "forecast_issued_at": "2026-09-17T03:56:15.209336+00:00",
        "net_solar_radiation_wm2": 439.1,
        "utci_c": 29.11,
        "p_base": 0.2941,
        "p_enhanced": 0.2935,
        "delta_p": -0.0006,
        "risk_level": "moderate"
      },
      "geometry": {
        "type": "Polygon",
        "coordinates": [
          [
            [
              121.49,
              31.16
            ],
            [
              121.49,
              31.17
            ],
            [
              121.5,
              31.17
            ],
            [
              121.5,
              31.16
            ],
            [
              121.49,
              31.16
            ]
          ]
        ]
      }
    },
    {
      "id": "290",
      "type": "Feature",
      "properties": {
        "grid_id": "r073_c070",
        "green_fraction": 0.0483881348816429,
        "water_fraction": 0.0307842667221581,
        "building_fraction": 0.1501185556349353,
        "road_km_per_km2": 11.939854848812567,
        "air_temperature_c": 25.09,
        "relative_humidity_pct": 64.6,
        "wind_speed_10m_ms": 4.85,
        "valid_time_beijing": "2026-09-17 12:00",
        "lead_hours": 2,
        "forecast_issued_at": "2026-09-17T03:56:15.209336+00:00",
        "net_solar_radiation_wm2": 439.1,
        "utci_c": 29.11,
        "p_base": 0.2941,
        "p_enhanced": 0.3033,
        "delta_p": 0.0091,
        "risk_level": "moderate"
      },
      "geometry": {
        "type": "Polygon",
        "coordinates": [
          [
            [
              121.55,
              31.16
            ],
            [
              121.55,
              31.17
            ],
            [
              121.56,
              31.17
            ],
            [
              121.56,
              31.16
            ],
            [
              121.55,
              31.16
            ]
          ]
        ]
      }
    },
    {
      "id": "291",
      "type": "Feature",
      "properties": {
        "grid_id": "r073_c074",
        "green_fraction": 0.0663669013690722,
        "water_fraction": 0.05842656302975,
        "building_fraction": 0.1584497780161142,
        "road_km_per_km2": 14.427301783894617,
        "air_temperature_c": 25.09,
        "relative_humidity_pct": 64.6,
        "wind_speed_10m_ms": 4.85,
        "valid_time_beijing": "2026-09-17 12:00",
        "lead_hours": 2,
        "forecast_issued_at": "2026-09-17T03:56:15.209336+00:00",
        "net_solar_radiation_wm2": 439.1,
        "utci_c": 29.11,
        "p_base": 0.2941,
        "p_enhanced": 0.2947,
        "delta_p": 0.0005,
        "risk_level": "moderate"
      },
      "geometry": {
        "type": "Polygon",
        "coordinates": [
          [
            [
              121.59,
              31.16
            ],
            [
              121.59,
              31.17
            ],
            [
              121.6,
              31.17
            ],
            [
              121.6,
              31.16
            ],
            [
              121.59,
              31.16
            ]
          ]
        ]
      }
    },
    {
      "id": "292",
      "type": "Feature",
      "properties": {
        "grid_id": "r074_c028",
        "green_fraction": 0.2569678074283413,
        "water_fraction": 0.1204255496505412,
        "building_fraction": 0.0590467770185501,
        "road_km_per_km2": 10.611007115405265,
        "air_temperature_c": 25.09,
        "relative_humidity_pct": 64.6,
        "wind_speed_10m_ms": 4.85,
        "valid_time_beijing": "2026-09-17 12:00",
        "lead_hours": 2,
        "forecast_issued_at": "2026-09-17T03:56:15.209336+00:00",
        "net_solar_radiation_wm2": 439.1,
        "utci_c": 29.11,
        "p_base": 0.2941,
        "p_enhanced": 0.3118,
        "delta_p": 0.0176,
        "risk_level": "moderate"
      },
      "geometry": {
        "type": "Polygon",
        "coordinates": [
          [
            [
              121.13,
              31.15
            ],
            [
              121.13,
              31.16
            ],
            [
              121.14,
              31.16
            ],
            [
              121.14,
              31.15
            ],
            [
              121.13,
              31.15
            ]
          ]
        ]
      }
    },
    {
      "id": "293",
      "type": "Feature",
      "properties": {
        "grid_id": "r074_c037",
        "green_fraction": 0.0,
        "water_fraction": 0.0674764445414916,
        "building_fraction": 0.0843870050599638,
        "road_km_per_km2": 7.085662246676704,
        "air_temperature_c": 25.09,
        "relative_humidity_pct": 64.6,
        "wind_speed_10m_ms": 4.85,
        "valid_time_beijing": "2026-09-17 12:00",
        "lead_hours": 2,
        "forecast_issued_at": "2026-09-17T03:56:15.209336+00:00",
        "net_solar_radiation_wm2": 439.1,
        "utci_c": 29.11,
        "p_base": 0.2941,
        "p_enhanced": 0.2916,
        "delta_p": -0.0026,
        "risk_level": "moderate"
      },
      "geometry": {
        "type": "Polygon",
        "coordinates": [
          [
            [
              121.22,
              31.15
            ],
            [
              121.22,
              31.16
            ],
            [
              121.23,
              31.16
            ],
            [
              121.23,
              31.15
            ],
            [
              121.22,
              31.15
            ]
          ]
        ]
      }
    },
    {
      "id": "294",
      "type": "Feature",
      "properties": {
        "grid_id": "r074_c049",
        "green_fraction": 0.0,
        "water_fraction": 0.0,
        "building_fraction": 0.1561986967707581,
        "road_km_per_km2": 12.665050357361093,
        "air_temperature_c": 25.09,
        "relative_humidity_pct": 64.6,
        "wind_speed_10m_ms": 4.85,
        "valid_time_beijing": "2026-09-17 12:00",
        "lead_hours": 2,
        "forecast_issued_at": "2026-09-17T03:56:15.209336+00:00",
        "net_solar_radiation_wm2": 439.1,
        "utci_c": 29.11,
        "p_base": 0.2941,
        "p_enhanced": 0.3069,
        "delta_p": 0.0128,
        "risk_level": "moderate"
      },
      "geometry": {
        "type": "Polygon",
        "coordinates": [
          [
            [
              121.34,
              31.15
            ],
            [
              121.34,
              31.16
            ],
            [
              121.35,
              31.16
            ],
            [
              121.35,
              31.15
            ],
            [
              121.34,
              31.15
            ]
          ]
        ]
      }
    },
    {
      "id": "295",
      "type": "Feature",
      "properties": {
        "grid_id": "r074_c050",
        "green_fraction": 0.0054307420955816,
        "water_fraction": 0.000311717335647,
        "building_fraction": 0.0134335228790392,
        "road_km_per_km2": 12.01675093257827,
        "air_temperature_c": 25.09,
        "relative_humidity_pct": 64.6,
        "wind_speed_10m_ms": 4.85,
        "valid_time_beijing": "2026-09-17 12:00",
        "lead_hours": 2,
        "forecast_issued_at": "2026-09-17T03:56:15.209336+00:00",
        "net_solar_radiation_wm2": 439.1,
        "utci_c": 29.11,
        "p_base": 0.2941,
        "p_enhanced": 0.3266,
        "delta_p": 0.0324,
        "risk_level": "moderate"
      },
      "geometry": {
        "type": "Polygon",
        "coordinates": [
          [
            [
              121.35,
              31.15
            ],
            [
              121.35,
              31.16
            ],
            [
              121.36,
              31.16
            ],
            [
              121.36,
              31.15
            ],
            [
              121.35,
              31.15
            ]
          ]
        ]
      }
    },
    {
      "id": "296",
      "type": "Feature",
      "properties": {
        "grid_id": "r074_c059",
        "green_fraction": 0.2290625629452842,
        "water_fraction": 0.0012602512337698,
        "building_fraction": 0.177906631843482,
        "road_km_per_km2": 8.313323135908766,
        "air_temperature_c": 25.09,
        "relative_humidity_pct": 64.6,
        "wind_speed_10m_ms": 4.85,
        "valid_time_beijing": "2026-09-17 12:00",
        "lead_hours": 2,
        "forecast_issued_at": "2026-09-17T03:56:15.209336+00:00",
        "net_solar_radiation_wm2": 439.1,
        "utci_c": 29.11,
        "p_base": 0.2941,
        "p_enhanced": 0.3371,
        "delta_p": 0.0429,
        "risk_level": "moderate"
      },
      "geometry": {
        "type": "Polygon",
        "coordinates": [
          [
            [
              121.44,
              31.15
            ],
            [
              121.44,
              31.16
            ],
            [
              121.45,
              31.16
            ],
            [
              121.45,
              31.15
            ],
            [
              121.44,
              31.15
            ]
          ]
        ]
      }
    },
    {
      "id": "297",
      "type": "Feature",
      "properties": {
        "grid_id": "r074_c061",
        "green_fraction": 0.2663507082609478,
        "water_fraction": 0.3368852788351954,
        "building_fraction": 0.0260264612781852,
        "road_km_per_km2": 12.3214190437395,
        "air_temperature_c": 25.09,
        "relative_humidity_pct": 64.6,
        "wind_speed_10m_ms": 4.85,
        "valid_time_beijing": "2026-09-17 12:00",
        "lead_hours": 2,
        "forecast_issued_at": "2026-09-17T03:56:15.209336+00:00",
        "net_solar_radiation_wm2": 439.1,
        "utci_c": 29.11,
        "p_base": 0.2941,
        "p_enhanced": 0.242,
        "delta_p": -0.0521,
        "risk_level": "moderate"
      },
      "geometry": {
        "type": "Polygon",
        "coordinates": [
          [
            [
              121.46,
              31.15
            ],
            [
              121.46,
              31.16
            ],
            [
              121.47,
              31.16
            ],
            [
              121.47,
              31.15
            ],
            [
              121.46,
              31.15
            ]
          ]
        ]
      }
    },
    {
      "id": "298",
      "type": "Feature",
      "properties": {
        "grid_id": "r074_c062",
        "green_fraction": 0.0448149741484655,
        "water_fraction": 0.058856499586048,
        "building_fraction": 0.1763149690517741,
        "road_km_per_km2": 16.43822582649224,
        "air_temperature_c": 25.09,
        "relative_humidity_pct": 64.6,
        "wind_speed_10m_ms": 4.85,
        "valid_time_beijing": "2026-09-17 12:00",
        "lead_hours": 2,
        "forecast_issued_at": "2026-09-17T03:56:15.209336+00:00",
        "net_solar_radiation_wm2": 439.1,
        "utci_c": 29.11,
        "p_base": 0.2941,
        "p_enhanced": 0.2892,
        "delta_p": -0.0049,
        "risk_level": "moderate"
      },
      "geometry": {
        "type": "Polygon",
        "coordinates": [
          [
            [
              121.47,
              31.15
            ],
            [
              121.47,
              31.16
            ],
            [
              121.48,
              31.16
            ],
            [
              121.48,
              31.15
            ],
            [
              121.47,
              31.15
            ]
          ]
        ]
      }
    },
    {
      "id": "299",
      "type": "Feature",
      "properties": {
        "grid_id": "r074_c064",
        "green_fraction": 0.0,
        "water_fraction": 0.0,
        "building_fraction": 0.1602761557536661,
        "road_km_per_km2": 15.475173956611425,
        "air_temperature_c": 25.09,
        "relative_humidity_pct": 64.6,
        "wind_speed_10m_ms": 4.85,
        "valid_time_beijing": "2026-09-17 12:00",
        "lead_hours": 2,
        "forecast_issued_at": "2026-09-17T03:56:15.209336+00:00",
        "net_solar_radiation_wm2": 439.1,
        "utci_c": 29.11,
        "p_base": 0.2941,
        "p_enhanced": 0.3064,
        "delta_p": 0.0123,
        "risk_level": "moderate"
      },
      "geometry": {
        "type": "Polygon",
        "coordinates": [
          [
            [
              121.49,
              31.15
            ],
            [
              121.49,
              31.16
            ],
            [
              121.5,
              31.16
            ],
            [
              121.5,
              31.15
            ],
            [
              121.49,
              31.15
            ]
          ]
        ]
      }
    },
    {
      "id": "300",
      "type": "Feature",
      "properties": {
        "grid_id": "r075_c016",
        "green_fraction": 0.0,
        "water_fraction": 0.9153610971137236,
        "building_fraction": 0.0,
        "road_km_per_km2": 2.441828654145106,
        "air_temperature_c": 25.09,
        "relative_humidity_pct": 64.6,
        "wind_speed_10m_ms": 4.85,
        "valid_time_beijing": "2026-09-17 12:00",
        "lead_hours": 2,
        "forecast_issued_at": "2026-09-17T03:56:15.209336+00:00",
        "net_solar_radiation_wm2": 439.1,
        "utci_c": 29.11,
        "p_base": 0.2941,
        "p_enhanced": 0.0903,
        "delta_p": -0.2039,
        "risk_level": "moderate"
      },
      "geometry": {
        "type": "Polygon",
        "coordinates": [
          [
            [
              121.02,
              31.14
            ],
            [
              121.01,
              31.14
            ],
            [
              121.01,
              31.141167947588553
            ],
            [
              121.010307,
              31.141247
            ],
            [
              121.02,
              31.140881950380734
            ],
            [
              121.02,
              31.14
            ]
          ]
        ]
      }
    },
    {
      "id": "301",
      "type": "Feature",
      "properties": {
        "grid_id": "r075_c025",
        "green_fraction": 0.1830878449060606,
        "water_fraction": 0.1315840175534008,
        "building_fraction": 0.0031758815159808,
        "road_km_per_km2": 13.656721814911972,
        "air_temperature_c": 25.09,
        "relative_humidity_pct": 64.6,
        "wind_speed_10m_ms": 4.85,
        "valid_time_beijing": "2026-09-17 12:00",
        "lead_hours": 2,
        "forecast_issued_at": "2026-09-17T03:56:15.209336+00:00",
        "net_solar_radiation_wm2": 439.1,
        "utci_c": 29.11,
        "p_base": 0.2941,
        "p_enhanced": 0.3044,
        "delta_p": 0.0102,
        "risk_level": "moderate"
      },
      "geometry": {
        "type": "Polygon",
        "coordinates": [
          [
            [
              121.1,
              31.14
            ],
            [
              121.1,
              31.15
            ],
            [
              121.11,
              31.15
            ],
            [
              121.11,
              31.14
            ],
            [
              121.1,
              31.14
            ]
          ]
        ]
      }
    },
    {
      "id": "302",
      "type": "Feature",
      "properties": {
        "grid_id": "r075_c037",
        "green_fraction": 0.0675446386623218,
        "water_fraction": 0.1084854127469107,
        "building_fraction": 0.0,
        "road_km_per_km2": 9.866660043331894,
        "air_temperature_c": 25.09,
        "relative_humidity_pct": 64.6,
        "wind_speed_10m_ms": 4.85,
        "valid_time_beijing": "2026-09-17 12:00",
        "lead_hours": 2,
        "forecast_issued_at": "2026-09-17T03:56:15.209336+00:00",
        "net_solar_radiation_wm2": 439.1,
        "utci_c": 29.11,
        "p_base": 0.2941,
        "p_enhanced": 0.2969,
        "delta_p": 0.0028,
        "risk_level": "moderate"
      },
      "geometry": {
        "type": "Polygon",
        "coordinates": [
          [
            [
              121.22,
              31.14
            ],
            [
              121.22,
              31.15
            ],
            [
              121.23,
              31.15
            ],
            [
              121.23,
              31.14
            ],
            [
              121.22,
              31.14
            ]
          ]
        ]
      }
    },
    {
      "id": "303",
      "type": "Feature",
      "properties": {
        "grid_id": "r075_c054",
        "green_fraction": 0.0,
        "water_fraction": 0.0040585906994968,
        "building_fraction": 0.0797668078942391,
        "road_km_per_km2": 11.26561242274017,
        "air_temperature_c": 25.09,
        "relative_humidity_pct": 64.6,
        "wind_speed_10m_ms": 4.85,
        "valid_time_beijing": "2026-09-17 12:00",
        "lead_hours": 2,
        "forecast_issued_at": "2026-09-17T03:56:15.209336+00:00",
        "net_solar_radiation_wm2": 439.1,
        "utci_c": 29.11,
        "p_base": 0.2941,
        "p_enhanced": 0.3155,
        "delta_p": 0.0213,
        "risk_level": "moderate"
      },
      "geometry": {
        "type": "Polygon",
        "coordinates": [
          [
            [
              121.39,
              31.14
            ],
            [
              121.39,
              31.15
            ],
            [
              121.4,
              31.15
            ],
            [
              121.4,
              31.14
            ],
            [
              121.39,
              31.14
            ]
          ]
        ]
      }
    },
    {
      "id": "304",
      "type": "Feature",
      "properties": {
        "grid_id": "r075_c055",
        "green_fraction": 0.0894531297853606,
        "water_fraction": 0.0295975512824931,
        "building_fraction": 0.0396790848792742,
        "road_km_per_km2": 21.30085588834857,
        "air_temperature_c": 25.09,
        "relative_humidity_pct": 64.6,
        "wind_speed_10m_ms": 4.85,
        "valid_time_beijing": "2026-09-17 12:00",
        "lead_hours": 2,
        "forecast_issued_at": "2026-09-17T03:56:15.209336+00:00",
        "net_solar_radiation_wm2": 439.1,
        "utci_c": 29.11,
        "p_base": 0.2941,
        "p_enhanced": 0.3242,
        "delta_p": 0.0301,
        "risk_level": "moderate"
      },
      "geometry": {
        "type": "Polygon",
        "coordinates": [
          [
            [
              121.4,
              31.14
            ],
            [
              121.4,
              31.15
            ],
            [
              121.41,
              31.15
            ],
            [
              121.41,
              31.14
            ],
            [
              121.4,
              31.14
            ]
          ]
        ]
      }
    },
    {
      "id": "305",
      "type": "Feature",
      "properties": {
        "grid_id": "r075_c058",
        "green_fraction": 0.3622815960527041,
        "water_fraction": 0.0230276103616471,
        "building_fraction": 0.1107274990674138,
        "road_km_per_km2": 19.53919129272489,
        "air_temperature_c": 25.09,
        "relative_humidity_pct": 64.6,
        "wind_speed_10m_ms": 4.85,
        "valid_time_beijing": "2026-09-17 12:00",
        "lead_hours": 2,
        "forecast_issued_at": "2026-09-17T03:56:15.209336+00:00",
        "net_solar_radiation_wm2": 439.1,
        "utci_c": 29.11,
        "p_base": 0.2941,
        "p_enhanced": 0.3581,
        "delta_p": 0.064,
        "risk_level": "moderate"
      },
      "geometry": {
        "type": "Polygon",
        "coordinates": [
          [
            [
              121.43,
              31.14
            ],
            [
              121.43,
              31.15
            ],
            [
              121.44,
              31.15
            ],
            [
              121.44,
              31.14
            ],
            [
              121.43,
              31.14
            ]
          ]
        ]
      }
    },
    {
      "id": "306",
      "type": "Feature",
      "properties": {
        "grid_id": "r075_c059",
        "green_fraction": 0.1478222281916024,
        "water_fraction": 0.0399557802393064,
        "building_fraction": 0.1343587203517618,
        "road_km_per_km2": 16.096382199764257,
        "air_temperature_c": 25.09,
        "relative_humidity_pct": 64.6,
        "wind_speed_10m_ms": 4.85,
        "valid_time_beijing": "2026-09-17 12:00",
        "lead_hours": 2,
        "forecast_issued_at": "2026-09-17T03:56:15.209336+00:00",
        "net_solar_radiation_wm2": 439.1,
        "utci_c": 29.11,
        "p_base": 0.2941,
        "p_enhanced": 0.3162,
        "delta_p": 0.022,
        "risk_level": "moderate"
      },
      "geometry": {
        "type": "Polygon",
        "coordinates": [
          [
            [
              121.44,
              31.14
            ],
            [
              121.44,
              31.15
            ],
            [
              121.45,
              31.15
            ],
            [
              121.45,
              31.14
            ],
            [
              121.44,
              31.14
            ]
          ]
        ]
      }
    },
    {
      "id": "307",
      "type": "Feature",
      "properties": {
        "grid_id": "r075_c061",
        "green_fraction": 0.1030008703820422,
        "water_fraction": 0.004502302849753,
        "building_fraction": 0.0141027120937272,
        "road_km_per_km2": 10.511769432688848,
        "air_temperature_c": 25.09,
        "relative_humidity_pct": 64.6,
        "wind_speed_10m_ms": 4.85,
        "valid_time_beijing": "2026-09-17 12:00",
        "lead_hours": 2,
        "forecast_issued_at": "2026-09-17T03:56:15.209336+00:00",
        "net_solar_radiation_wm2": 439.1,
        "utci_c": 29.11,
        "p_base": 0.2941,
        "p_enhanced": 0.3394,
        "delta_p": 0.0453,
        "risk_level": "moderate"
      },
      "geometry": {
        "type": "Polygon",
        "coordinates": [
          [
            [
              121.46,
              31.14
            ],
            [
              121.46,
              31.15
            ],
            [
              121.47,
              31.15
            ],
            [
              121.47,
              31.14
            ],
            [
              121.46,
              31.14
            ]
          ]
        ]
      }
    },
    {
      "id": "308",
      "type": "Feature",
      "properties": {
        "grid_id": "r075_c064",
        "green_fraction": 0.0032266212321669,
        "water_fraction": 0.0,
        "building_fraction": 0.2424966451018289,
        "road_km_per_km2": 22.828715756660632,
        "air_temperature_c": 25.09,
        "relative_humidity_pct": 64.6,
        "wind_speed_10m_ms": 4.85,
        "valid_time_beijing": "2026-09-17 12:00",
        "lead_hours": 2,
        "forecast_issued_at": "2026-09-17T03:56:15.209336+00:00",
        "net_solar_radiation_wm2": 439.1,
        "utci_c": 29.11,
        "p_base": 0.2941,
        "p_enhanced": 0.2962,
        "delta_p": 0.0021,
        "risk_level": "moderate"
      },
      "geometry": {
        "type": "Polygon",
        "coordinates": [
          [
            [
              121.49,
              31.14
            ],
            [
              121.49,
              31.15
            ],
            [
              121.5,
              31.15
            ],
            [
              121.5,
              31.14
            ],
            [
              121.49,
              31.14
            ]
          ]
        ]
      }
    },
    {
      "id": "309",
      "type": "Feature",
      "properties": {
        "grid_id": "r075_c066",
        "green_fraction": 0.0641303609557598,
        "water_fraction": 0.0338757435705231,
        "building_fraction": 0.1303838972779787,
        "road_km_per_km2": 8.80937012267903,
        "air_temperature_c": 25.09,
        "relative_humidity_pct": 64.6,
        "wind_speed_10m_ms": 4.85,
        "valid_time_beijing": "2026-09-17 12:00",
        "lead_hours": 2,
        "forecast_issued_at": "2026-09-17T03:56:15.209336+00:00",
        "net_solar_radiation_wm2": 439.1,
        "utci_c": 29.11,
        "p_base": 0.2941,
        "p_enhanced": 0.3069,
        "delta_p": 0.0128,
        "risk_level": "moderate"
      },
      "geometry": {
        "type": "Polygon",
        "coordinates": [
          [
            [
              121.51,
              31.14
            ],
            [
              121.51,
              31.15
            ],
            [
              121.52,
              31.15
            ],
            [
              121.52,
              31.14
            ],
            [
              121.51,
              31.14
            ]
          ]
        ]
      }
    },
    {
      "id": "310",
      "type": "Feature",
      "properties": {
        "grid_id": "r075_c069",
        "green_fraction": 0.3366038037218282,
        "water_fraction": 0.0,
        "building_fraction": 0.0056286104769287,
        "road_km_per_km2": 10.06412328716018,
        "air_temperature_c": 25.09,
        "relative_humidity_pct": 64.6,
        "wind_speed_10m_ms": 4.85,
        "valid_time_beijing": "2026-09-17 12:00",
        "lead_hours": 2,
        "forecast_issued_at": "2026-09-17T03:56:15.209336+00:00",
        "net_solar_radiation_wm2": 439.1,
        "utci_c": 29.11,
        "p_base": 0.2941,
        "p_enhanced": 0.3784,
        "delta_p": 0.0843,
        "risk_level": "moderate"
      },
      "geometry": {
        "type": "Polygon",
        "coordinates": [
          [
            [
              121.54,
              31.14
            ],
            [
              121.54,
              31.15
            ],
            [
              121.55,
              31.15
            ],
            [
              121.55,
              31.14
            ],
            [
              121.54,
              31.14
            ]
          ]
        ]
      }
    },
    {
      "id": "311",
      "type": "Feature",
      "properties": {
        "grid_id": "r075_c080",
        "green_fraction": 0.2709871861885742,
        "water_fraction": 0.0471784597207308,
        "building_fraction": 0.2007419612834216,
        "road_km_per_km2": 24.365954392659297,
        "air_temperature_c": 25.09,
        "relative_humidity_pct": 64.6,
        "wind_speed_10m_ms": 4.85,
        "valid_time_beijing": "2026-09-17 12:00",
        "lead_hours": 2,
        "forecast_issued_at": "2026-09-17T03:56:15.209336+00:00",
        "net_solar_radiation_wm2": 439.1,
        "utci_c": 29.11,
        "p_base": 0.2941,
        "p_enhanced": 0.3226,
        "delta_p": 0.0284,
        "risk_level": "moderate"
      },
      "geometry": {
        "type": "Polygon",
        "coordinates": [
          [
            [
              121.65,
              31.14
            ],
            [
              121.65,
              31.15
            ],
            [
              121.66,
              31.15
            ],
            [
              121.66,
              31.14
            ],
            [
              121.65,
              31.14
            ]
          ]
        ]
      }
    },
    {
      "id": "312",
      "type": "Feature",
      "properties": {
        "grid_id": "r075_c081",
        "green_fraction": 0.7907726624985966,
        "water_fraction": 0.2302362532974499,
        "building_fraction": 0.0548714833196389,
        "road_km_per_km2": 15.169130066717411,
        "air_temperature_c": 25.09,
        "relative_humidity_pct": 64.6,
        "wind_speed_10m_ms": 4.85,
        "valid_time_beijing": "2026-09-17 12:00",
        "lead_hours": 2,
        "forecast_issued_at": "2026-09-17T03:56:15.209336+00:00",
        "net_solar_radiation_wm2": 439.1,
        "utci_c": 29.11,
        "p_base": 0.2941,
        "p_enhanced": 0.3493,
        "delta_p": 0.0552,
        "risk_level": "moderate"
      },
      "geometry": {
        "type": "Polygon",
        "coordinates": [
          [
            [
              121.66,
              31.14
            ],
            [
              121.66,
              31.15
            ],
            [
              121.67,
              31.15
            ],
            [
              121.67,
              31.14
            ],
            [
              121.66,
              31.14
            ]
          ]
        ]
      }
    },
    {
      "id": "313",
      "type": "Feature",
      "properties": {
        "grid_id": "r075_c086",
        "green_fraction": 0.0,
        "water_fraction": 0.0,
        "building_fraction": 0.0,
        "road_km_per_km2": 7.297569237730983,
        "air_temperature_c": 25.09,
        "relative_humidity_pct": 64.6,
        "wind_speed_10m_ms": 4.85,
        "valid_time_beijing": "2026-09-17 12:00",
        "lead_hours": 2,
        "forecast_issued_at": "2026-09-17T03:56:15.209336+00:00",
        "net_solar_radiation_wm2": 439.1,
        "utci_c": 29.11,
        "p_base": 0.2941,
        "p_enhanced": 0.3277,
        "delta_p": 0.0336,
        "risk_level": "moderate"
      },
      "geometry": {
        "type": "Polygon",
        "coordinates": [
          [
            [
              121.71,
              31.14
            ],
            [
              121.71,
              31.15
            ],
            [
              121.72,
              31.15
            ],
            [
              121.72,
              31.14
            ],
            [
              121.71,
              31.14
            ]
          ]
        ]
      }
    },
    {
      "id": "314",
      "type": "Feature",
      "properties": {
        "grid_id": "r076_c020",
        "green_fraction": 0.0596420225625226,
        "water_fraction": 0.0,
        "building_fraction": 0.0,
        "road_km_per_km2": 6.164729407087175,
        "air_temperature_c": 25.09,
        "relative_humidity_pct": 64.6,
        "wind_speed_10m_ms": 4.85,
        "valid_time_beijing": "2026-09-17 12:00",
        "lead_hours": 2,
        "forecast_issued_at": "2026-09-17T03:56:15.209336+00:00",
        "net_solar_radiation_wm2": 439.1,
        "utci_c": 29.11,
        "p_base": 0.2941,
        "p_enhanced": 0.3366,
        "delta_p": 0.0424,
        "risk_level": "moderate"
      },
      "geometry": {
        "type": "Polygon",
        "coordinates": [
          [
            [
              121.05,
              31.13
            ],
            [
              121.05,
              31.14
            ],
            [
              121.06,
              31.14
            ],
            [
              121.06,
              31.13
            ],
            [
              121.05,
              31.13
            ]
          ]
        ]
      }
    },
    {
      "id": "315",
      "type": "Feature",
      "properties": {
        "grid_id": "r076_c024",
        "green_fraction": 0.3154588725170095,
        "water_fraction": 0.1078774796397037,
        "building_fraction": 0.0,
        "road_km_per_km2": 19.116993794183603,
        "air_temperature_c": 25.09,
        "relative_humidity_pct": 64.6,
        "wind_speed_10m_ms": 4.85,
        "valid_time_beijing": "2026-09-17 12:00",
        "lead_hours": 2,
        "forecast_issued_at": "2026-09-17T03:56:15.209336+00:00",
        "net_solar_radiation_wm2": 439.1,
        "utci_c": 29.11,
        "p_base": 0.2941,
        "p_enhanced": 0.333,
        "delta_p": 0.0389,
        "risk_level": "moderate"
      },
      "geometry": {
        "type": "Polygon",
        "coordinates": [
          [
            [
              121.09,
              31.13
            ],
            [
              121.09,
              31.14
            ],
            [
              121.1,
              31.14
            ],
            [
              121.1,
              31.13
            ],
            [
              121.09,
              31.13
            ]
          ]
        ]
      }
    },
    {
      "id": "316",
      "type": "Feature",
      "properties": {
        "grid_id": "r076_c035",
        "green_fraction": 0.0153023777707611,
        "water_fraction": 0.0876361514870892,
        "building_fraction": 0.0,
        "road_km_per_km2": 5.715469153388763,
        "air_temperature_c": 25.09,
        "relative_humidity_pct": 64.6,
        "wind_speed_10m_ms": 4.85,
        "valid_time_beijing": "2026-09-17 12:00",
        "lead_hours": 2,
        "forecast_issued_at": "2026-09-17T03:56:15.209336+00:00",
        "net_solar_radiation_wm2": 439.1,
        "utci_c": 29.11,
        "p_base": 0.2941,
        "p_enhanced": 0.2972,
        "delta_p": 0.003,
        "risk_level": "moderate"
      },
      "geometry": {
        "type": "Polygon",
        "coordinates": [
          [
            [
              121.2,
              31.13
            ],
            [
              121.2,
              31.14
            ],
            [
              121.21,
              31.14
            ],
            [
              121.21,
              31.13
            ],
            [
              121.2,
              31.13
            ]
          ]
        ]
      }
    },
    {
      "id": "317",
      "type": "Feature",
      "properties": {
        "grid_id": "r076_c037",
        "green_fraction": 0.0047241260826508,
        "water_fraction": 0.0447496519065657,
        "building_fraction": 0.0024077866494169,
        "road_km_per_km2": 4.169605452036485,
        "air_temperature_c": 25.09,
        "relative_humidity_pct": 64.6,
        "wind_speed_10m_ms": 4.85,
        "valid_time_beijing": "2026-09-17 12:00",
        "lead_hours": 2,
        "forecast_issued_at": "2026-09-17T03:56:15.209336+00:00",
        "net_solar_radiation_wm2": 439.1,
        "utci_c": 29.11,
        "p_base": 0.2941,
        "p_enhanced": 0.3112,
        "delta_p": 0.017,
        "risk_level": "moderate"
      },
      "geometry": {
        "type": "Polygon",
        "coordinates": [
          [
            [
              121.22,
              31.13
            ],
            [
              121.22,
              31.14
            ],
            [
              121.23,
              31.14
            ],
            [
              121.23,
              31.13
            ],
            [
              121.22,
              31.13
            ]
          ]
        ]
      }
    },
    {
      "id": "318",
      "type": "Feature",
      "properties": {
        "grid_id": "r076_c053",
        "green_fraction": 0.0551610522125699,
        "water_fraction": 0.045799400752315,
        "building_fraction": 0.0144429421356594,
        "road_km_per_km2": 18.691664268740404,
        "air_temperature_c": 25.09,
        "relative_humidity_pct": 64.6,
        "wind_speed_10m_ms": 4.85,
        "valid_time_beijing": "2026-09-17 12:00",
        "lead_hours": 2,
        "forecast_issued_at": "2026-09-17T03:56:15.209336+00:00",
        "net_solar_radiation_wm2": 439.1,
        "utci_c": 29.11,
        "p_base": 0.2941,
        "p_enhanced": 0.3165,
        "delta_p": 0.0223,
        "risk_level": "moderate"
      },
      "geometry": {
        "type": "Polygon",
        "coordinates": [
          [
            [
              121.38,
              31.13
            ],
            [
              121.38,
              31.14
            ],
            [
              121.39,
              31.14
            ],
            [
              121.39,
              31.13
            ],
            [
              121.38,
              31.13
            ]
          ]
        ]
      }
    },
    {
      "id": "319",
      "type": "Feature",
      "properties": {
        "grid_id": "r076_c057",
        "green_fraction": 0.0,
        "water_fraction": 0.0278104390160093,
        "building_fraction": 0.0513152412691509,
        "road_km_per_km2": 14.171727892259794,
        "air_temperature_c": 25.09,
        "relative_humidity_pct": 64.6,
        "wind_speed_10m_ms": 4.85,
        "valid_time_beijing": "2026-09-17 12:00",
        "lead_hours": 2,
        "forecast_issued_at": "2026-09-17T03:56:15.209336+00:00",
        "net_solar_radiation_wm2": 439.1,
        "utci_c": 29.11,
        "p_base": 0.2941,
        "p_enhanced": 0.3104,
        "delta_p": 0.0162,
        "risk_level": "moderate"
      },
      "geometry": {
        "type": "Polygon",
        "coordinates": [
          [
            [
              121.42,
              31.13
            ],
            [
              121.42,
              31.14
            ],
            [
              121.43,
              31.14
            ],
            [
              121.43,
              31.13
            ],
            [
              121.42,
              31.13
            ]
          ]
        ]
      }
    },
    {
      "id": "320",
      "type": "Feature",
      "properties": {
        "grid_id": "r076_c070",
        "green_fraction": 0.0,
        "water_fraction": 0.0,
        "building_fraction": 0.106411917406717,
        "road_km_per_km2": 6.251301382542902,
        "air_temperature_c": 25.09,
        "relative_humidity_pct": 64.6,
        "wind_speed_10m_ms": 4.85,
        "valid_time_beijing": "2026-09-17 12:00",
        "lead_hours": 2,
        "forecast_issued_at": "2026-09-17T03:56:15.209336+00:00",
        "net_solar_radiation_wm2": 439.1,
        "utci_c": 29.11,
        "p_base": 0.2941,
        "p_enhanced": 0.3135,
        "delta_p": 0.0193,
        "risk_level": "moderate"
      },
      "geometry": {
        "type": "Polygon",
        "coordinates": [
          [
            [
              121.55,
              31.13
            ],
            [
              121.55,
              31.14
            ],
            [
              121.56,
              31.14
            ],
            [
              121.56,
              31.13
            ],
            [
              121.55,
              31.13
            ]
          ]
        ]
      }
    },
    {
      "id": "321",
      "type": "Feature",
      "properties": {
        "grid_id": "r076_c071",
        "green_fraction": 0.0,
        "water_fraction": 0.0025927561949412,
        "building_fraction": 0.0920823124862337,
        "road_km_per_km2": 10.14521829960732,
        "air_temperature_c": 25.09,
        "relative_humidity_pct": 64.6,
        "wind_speed_10m_ms": 4.85,
        "valid_time_beijing": "2026-09-17 12:00",
        "lead_hours": 2,
        "forecast_issued_at": "2026-09-17T03:56:15.209336+00:00",
        "net_solar_radiation_wm2": 439.1,
        "utci_c": 29.11,
        "p_base": 0.2941,
        "p_enhanced": 0.3144,
        "delta_p": 0.0203,
        "risk_level": "moderate"
      },
      "geometry": {
        "type": "Polygon",
        "coordinates": [
          [
            [
              121.56,
              31.13
            ],
            [
              121.56,
              31.14
            ],
            [
              121.57,
              31.14
            ],
            [
              121.57,
              31.13
            ],
            [
              121.56,
              31.13
            ]
          ]
        ]
      }
    },
    {
      "id": "322",
      "type": "Feature",
      "properties": {
        "grid_id": "r076_c081",
        "green_fraction": 0.1361861546283322,
        "water_fraction": 0.088189988396384,
        "building_fraction": 0.0930934185938124,
        "road_km_per_km2": 27.929342633784632,
        "air_temperature_c": 25.09,
        "relative_humidity_pct": 64.6,
        "wind_speed_10m_ms": 4.85,
        "valid_time_beijing": "2026-09-17 12:00",
        "lead_hours": 2,
        "forecast_issued_at": "2026-09-17T03:56:15.209336+00:00",
        "net_solar_radiation_wm2": 439.1,
        "utci_c": 29.11,
        "p_base": 0.2941,
        "p_enhanced": 0.302,
        "delta_p": 0.0079,
        "risk_level": "moderate"
      },
      "geometry": {
        "type": "Polygon",
        "coordinates": [
          [
            [
              121.66,
              31.13
            ],
            [
              121.66,
              31.14
            ],
            [
              121.67,
              31.14
            ],
            [
              121.67,
              31.13
            ],
            [
              121.66,
              31.13
            ]
          ]
        ]
      }
    },
    {
      "id": "323",
      "type": "Feature",
      "properties": {
        "grid_id": "r077_c019",
        "green_fraction": 0.0331916684619137,
        "water_fraction": 0.1803743046158885,
        "building_fraction": 0.0001532745597675,
        "road_km_per_km2": 9.96888407053673,
        "air_temperature_c": 25.09,
        "relative_humidity_pct": 64.6,
        "wind_speed_10m_ms": 4.85,
        "valid_time_beijing": "2026-09-17 12:00",
        "lead_hours": 2,
        "forecast_issued_at": "2026-09-17T03:56:15.209336+00:00",
        "net_solar_radiation_wm2": 439.1,
        "utci_c": 29.11,
        "p_base": 0.2941,
        "p_enhanced": 0.267,
        "delta_p": -0.0272,
        "risk_level": "moderate"
      },
      "geometry": {
        "type": "Polygon",
        "coordinates": [
          [
            [
              121.04,
              31.12
            ],
            [
              121.04,
              31.13
            ],
            [
              121.05,
              31.13
            ],
            [
              121.05,
              31.12
            ],
            [
              121.04,
              31.12
            ]
          ]
        ]
      }
    },
    {
      "id": "324",
      "type": "Feature",
      "properties": {
        "grid_id": "r077_c026",
        "green_fraction": 0.0,
        "water_fraction": 0.0791852590540329,
        "building_fraction": 0.0,
        "road_km_per_km2": 6.025967579110005,
        "air_temperature_c": 25.09,
        "relative_humidity_pct": 64.6,
        "wind_speed_10m_ms": 4.85,
        "valid_time_beijing": "2026-09-17 12:00",
        "lead_hours": 2,
        "forecast_issued_at": "2026-09-17T03:56:15.209336+00:00",
        "net_solar_radiation_wm2": 439.1,
        "utci_c": 29.11,
        "p_base": 0.2941,
        "p_enhanced": 0.2981,
        "delta_p": 0.004,
        "risk_level": "moderate"
      },
      "geometry": {
        "type": "Polygon",
        "coordinates": [
          [
            [
              121.11,
              31.12
            ],
            [
              121.11,
              31.13
            ],
            [
              121.12,
              31.13
            ],
            [
              121.12,
              31.12
            ],
            [
              121.11,
              31.12
            ]
          ]
        ]
      }
    },
    {
      "id": "325",
      "type": "Feature",
      "properties": {
        "grid_id": "r077_c035",
        "green_fraction": 0.0099592789726101,
        "water_fraction": 0.0218064287089392,
        "building_fraction": 0.0185177736801484,
        "road_km_per_km2": 10.260918710388014,
        "air_temperature_c": 25.09,
        "relative_humidity_pct": 64.6,
        "wind_speed_10m_ms": 4.85,
        "valid_time_beijing": "2026-09-17 12:00",
        "lead_hours": 2,
        "forecast_issued_at": "2026-09-17T03:56:15.209336+00:00",
        "net_solar_radiation_wm2": 439.1,
        "utci_c": 29.11,
        "p_base": 0.2941,
        "p_enhanced": 0.3184,
        "delta_p": 0.0242,
        "risk_level": "moderate"
      },
      "geometry": {
        "type": "Polygon",
        "coordinates": [
          [
            [
              121.2,
              31.12
            ],
            [
              121.2,
              31.13
            ],
            [
              121.21,
              31.13
            ],
            [
              121.21,
              31.12
            ],
            [
              121.2,
              31.12
            ]
          ]
        ]
      }
    },
    {
      "id": "326",
      "type": "Feature",
      "properties": {
        "grid_id": "r077_c051",
        "green_fraction": 0.1167926368510809,
        "water_fraction": 0.060959607027578,
        "building_fraction": 0.0146363241702345,
        "road_km_per_km2": 10.405360870429108,
        "air_temperature_c": 25.09,
        "relative_humidity_pct": 64.6,
        "wind_speed_10m_ms": 4.85,
        "valid_time_beijing": "2026-09-17 12:00",
        "lead_hours": 2,
        "forecast_issued_at": "2026-09-17T03:56:15.209336+00:00",
        "net_solar_radiation_wm2": 439.1,
        "utci_c": 29.11,
        "p_base": 0.2941,
        "p_enhanced": 0.3197,
        "delta_p": 0.0255,
        "risk_level": "moderate"
      },
      "geometry": {
        "type": "Polygon",
        "coordinates": [
          [
            [
              121.36,
              31.12
            ],
            [
              121.36,
              31.13
            ],
            [
              121.37,
              31.13
            ],
            [
              121.37,
              31.12
            ],
            [
              121.36,
              31.12
            ]
          ]
        ]
      }
    },
    {
      "id": "327",
      "type": "Feature",
      "properties": {
        "grid_id": "r077_c054",
        "green_fraction": 0.1166820383390826,
        "water_fraction": 0.0393619422949101,
        "building_fraction": 0.0312774158610093,
        "road_km_per_km2": 17.343967029324958,
        "air_temperature_c": 25.09,
        "relative_humidity_pct": 64.6,
        "wind_speed_10m_ms": 4.85,
        "valid_time_beijing": "2026-09-17 12:00",
        "lead_hours": 2,
        "forecast_issued_at": "2026-09-17T03:56:15.209336+00:00",
        "net_solar_radiation_wm2": 439.1,
        "utci_c": 29.11,
        "p_base": 0.2941,
        "p_enhanced": 0.3257,
        "delta_p": 0.0315,
        "risk_level": "moderate"
      },
      "geometry": {
        "type": "Polygon",
        "coordinates": [
          [
            [
              121.39,
              31.12
            ],
            [
              121.39,
              31.13
            ],
            [
              121.4,
              31.13
            ],
            [
              121.4,
              31.12
            ],
            [
              121.39,
              31.12
            ]
          ]
        ]
      }
    },
    {
      "id": "328",
      "type": "Feature",
      "properties": {
        "grid_id": "r077_c059",
        "green_fraction": 0.2594201901529085,
        "water_fraction": 0.0196114281795947,
        "building_fraction": 0.143518002534472,
        "road_km_per_km2": 15.835309854888989,
        "air_temperature_c": 25.09,
        "relative_humidity_pct": 64.6,
        "wind_speed_10m_ms": 4.85,
        "valid_time_beijing": "2026-09-17 12:00",
        "lead_hours": 2,
        "forecast_issued_at": "2026-09-17T03:56:15.209336+00:00",
        "net_solar_radiation_wm2": 439.1,
        "utci_c": 29.11,
        "p_base": 0.2941,
        "p_enhanced": 0.3392,
        "delta_p": 0.0451,
        "risk_level": "moderate"
      },
      "geometry": {
        "type": "Polygon",
        "coordinates": [
          [
            [
              121.44,
              31.12
            ],
            [
              121.44,
              31.13
            ],
            [
              121.45,
              31.13
            ],
            [
              121.45,
              31.12
            ],
            [
              121.44,
              31.12
            ]
          ]
        ]
      }
    },
    {
      "id": "329",
      "type": "Feature",
      "properties": {
        "grid_id": "r077_c071",
        "green_fraction": 0.0063254085458151,
        "water_fraction": 0.0,
        "building_fraction": 0.1093048626025955,
        "road_km_per_km2": 9.28418424801236,
        "air_temperature_c": 25.09,
        "relative_humidity_pct": 64.6,
        "wind_speed_10m_ms": 4.85,
        "valid_time_beijing": "2026-09-17 12:00",
        "lead_hours": 2,
        "forecast_issued_at": "2026-09-17T03:56:15.209336+00:00",
        "net_solar_radiation_wm2": 439.1,
        "utci_c": 29.11,
        "p_base": 0.2941,
        "p_enhanced": 0.314,
        "delta_p": 0.0199,
        "risk_level": "moderate"
      },
      "geometry": {
        "type": "Polygon",
        "coordinates": [
          [
            [
              121.56,
              31.12
            ],
            [
              121.56,
              31.13
            ],
            [
              121.57,
              31.13
            ],
            [
              121.57,
              31.12
            ],
            [
              121.56,
              31.12
            ]
          ]
        ]
      }
    },
    {
      "id": "330",
      "type": "Feature",
      "properties": {
        "grid_id": "r078_c006",
        "green_fraction": 0.0,
        "water_fraction": 0.2043730330543959,
        "building_fraction": 0.0008584966102326,
        "road_km_per_km2": 7.314842057839075,
        "air_temperature_c": 25.09,
        "relative_humidity_pct": 64.6,
        "wind_speed_10m_ms": 4.85,
        "valid_time_beijing": "2026-09-17 12:00",
        "lead_hours": 2,
        "forecast_issued_at": "2026-09-17T03:56:15.209336+00:00",
        "net_solar_radiation_wm2": 439.1,
        "utci_c": 29.11,
        "p_base": 0.2941,
        "p_enhanced": 0.2545,
        "delta_p": -0.0396,
        "risk_level": "moderate"
      },
      "geometry": {
        "type": "Polygon",
        "coordinates": [
          [
            [
              120.91,
              31.11
            ],
            [
              120.91,
              31.12
            ],
            [
              120.92,
              31.12
            ],
            [
              120.92,
              31.11
            ],
            [
              120.91,
              31.11
            ]
          ]
        ]
      }
    },
    {
      "id": "331",
      "type": "Feature",
      "properties": {
        "grid_id": "r078_c007",
        "green_fraction": 0.0,
        "water_fraction": 0.2793188011346425,
        "building_fraction": 0.0,
        "road_km_per_km2": 6.114212062272532,
        "air_temperature_c": 25.09,
        "relative_humidity_pct": 64.6,
        "wind_speed_10m_ms": 4.85,
        "valid_time_beijing": "2026-09-17 12:00",
        "lead_hours": 2,
        "forecast_issued_at": "2026-09-17T03:56:15.209336+00:00",
        "net_solar_radiation_wm2": 439.1,
        "utci_c": 29.11,
        "p_base": 0.2941,
        "p_enhanced": 0.2307,
        "delta_p": -0.0634,
        "risk_level": "moderate"
      },
      "geometry": {
        "type": "Polygon",
        "coordinates": [
          [
            [
              120.92,
              31.11
            ],
            [
              120.92,
              31.12
            ],
            [
              120.93,
              31.12
            ],
            [
              120.93,
              31.11
            ],
            [
              120.92,
              31.11
            ]
          ]
        ]
      }
    },
    {
      "id": "332",
      "type": "Feature",
      "properties": {
        "grid_id": "r078_c015",
        "green_fraction": 0.6432518029440573,
        "water_fraction": 0.3906862242158879,
        "building_fraction": 0.0367695095684225,
        "road_km_per_km2": 8.37684462728854,
        "air_temperature_c": 25.09,
        "relative_humidity_pct": 64.6,
        "wind_speed_10m_ms": 4.85,
        "valid_time_beijing": "2026-09-17 12:00",
        "lead_hours": 2,
        "forecast_issued_at": "2026-09-17T03:56:15.209336+00:00",
        "net_solar_radiation_wm2": 439.1,
        "utci_c": 29.11,
        "p_base": 0.2941,
        "p_enhanced": 0.2711,
        "delta_p": -0.023,
        "risk_level": "moderate"
      },
      "geometry": {
        "type": "Polygon",
        "coordinates": [
          [
            [
              121.0,
              31.11
            ],
            [
              121.0,
              31.12
            ],
            [
              121.01,
              31.12
            ],
            [
              121.01,
              31.11
            ],
            [
              121.0,
              31.11
            ]
          ]
        ]
      }
    },
    {
      "id": "333",
      "type": "Feature",
      "properties": {
        "grid_id": "r078_c019",
        "green_fraction": 0.104188601756098,
        "water_fraction": 0.2089325155125809,
        "building_fraction": 0.0051671850666426,
        "road_km_per_km2": 13.792078638605709,
        "air_temperature_c": 25.09,
        "relative_humidity_pct": 64.6,
        "wind_speed_10m_ms": 4.85,
        "valid_time_beijing": "2026-09-17 12:00",
        "lead_hours": 2,
        "forecast_issued_at": "2026-09-17T03:56:15.209336+00:00",
        "net_solar_radiation_wm2": 439.1,
        "utci_c": 29.11,
        "p_base": 0.2941,
        "p_enhanced": 0.266,
        "delta_p": -0.0282,
        "risk_level": "moderate"
      },
      "geometry": {
        "type": "Polygon",
        "coordinates": [
          [
            [
              121.04,
              31.11
            ],
            [
              121.04,
              31.12
            ],
            [
              121.05,
              31.12
            ],
            [
              121.05,
              31.11
            ],
            [
              121.04,
              31.11
            ]
          ]
        ]
      }
    },
    {
      "id": "334",
      "type": "Feature",
      "properties": {
        "grid_id": "r078_c020",
        "green_fraction": 0.0288217204450764,
        "water_fraction": 0.1710456568737359,
        "building_fraction": 0.0012998418498305,
        "road_km_per_km2": 11.777354667296462,
        "air_temperature_c": 25.09,
        "relative_humidity_pct": 64.6,
        "wind_speed_10m_ms": 4.85,
        "valid_time_beijing": "2026-09-17 12:00",
        "lead_hours": 2,
        "forecast_issued_at": "2026-09-17T03:56:15.209336+00:00",
        "net_solar_radiation_wm2": 439.1,
        "utci_c": 29.11,
        "p_base": 0.2941,
        "p_enhanced": 0.2694,
        "delta_p": -0.0247,
        "risk_level": "moderate"
      },
      "geometry": {
        "type": "Polygon",
        "coordinates": [
          [
            [
              121.05,
              31.11
            ],
            [
              121.05,
              31.12
            ],
            [
              121.06,
              31.12
            ],
            [
              121.06,
              31.11
            ],
            [
              121.05,
              31.11
            ]
          ]
        ]
      }
    },
    {
      "id": "335",
      "type": "Feature",
      "properties": {
        "grid_id": "r078_c035",
        "green_fraction": 0.0966288197423834,
        "water_fraction": 0.0560091642681164,
        "building_fraction": 0.0273603865190858,
        "road_km_per_km2": 8.267479220497098,
        "air_temperature_c": 25.09,
        "relative_humidity_pct": 64.6,
        "wind_speed_10m_ms": 4.85,
        "valid_time_beijing": "2026-09-17 12:00",
        "lead_hours": 2,
        "forecast_issued_at": "2026-09-17T03:56:15.209336+00:00",
        "net_solar_radiation_wm2": 439.1,
        "utci_c": 29.11,
        "p_base": 0.2941,
        "p_enhanced": 0.3169,
        "delta_p": 0.0228,
        "risk_level": "moderate"
      },
      "geometry": {
        "type": "Polygon",
        "coordinates": [
          [
            [
              121.2,
              31.11
            ],
            [
              121.2,
              31.12
            ],
            [
              121.21,
              31.12
            ],
            [
              121.21,
              31.11
            ],
            [
              121.2,
              31.11
            ]
          ]
        ]
      }
    },
    {
      "id": "336",
      "type": "Feature",
      "properties": {
        "grid_id": "r078_c036",
        "green_fraction": 0.1535119055271449,
        "water_fraction": 0.0207479314567496,
        "building_fraction": 0.0097800418882329,
        "road_km_per_km2": 4.589574100493367,
        "air_temperature_c": 25.09,
        "relative_humidity_pct": 64.6,
        "wind_speed_10m_ms": 4.85,
        "valid_time_beijing": "2026-09-17 12:00",
        "lead_hours": 2,
        "forecast_issued_at": "2026-09-17T03:56:15.209336+00:00",
        "net_solar_radiation_wm2": 439.1,
        "utci_c": 29.11,
        "p_base": 0.2941,
        "p_enhanced": 0.3413,
        "delta_p": 0.0471,
        "risk_level": "moderate"
      },
      "geometry": {
        "type": "Polygon",
        "coordinates": [
          [
            [
              121.21,
              31.11
            ],
            [
              121.21,
              31.12
            ],
            [
              121.22,
              31.12
            ],
            [
              121.22,
              31.11
            ],
            [
              121.21,
              31.11
            ]
          ]
        ]
      }
    },
    {
      "id": "337",
      "type": "Feature",
      "properties": {
        "grid_id": "r078_c037",
        "green_fraction": 0.0370767289356004,
        "water_fraction": 0.0277722127884374,
        "building_fraction": 0.0,
        "road_km_per_km2": 6.001595150068997,
        "air_temperature_c": 25.09,
        "relative_humidity_pct": 64.6,
        "wind_speed_10m_ms": 4.85,
        "valid_time_beijing": "2026-09-17 12:00",
        "lead_hours": 2,
        "forecast_issued_at": "2026-09-17T03:56:15.209336+00:00",
        "net_solar_radiation_wm2": 439.1,
        "utci_c": 29.11,
        "p_base": 0.2941,
        "p_enhanced": 0.3226,
        "delta_p": 0.0284,
        "risk_level": "moderate"
      },
      "geometry": {
        "type": "Polygon",
        "coordinates": [
          [
            [
              121.22,
              31.11
            ],
            [
              121.22,
              31.12
            ],
            [
              121.23,
              31.12
            ],
            [
              121.23,
              31.11
            ],
            [
              121.22,
              31.11
            ]
          ]
        ]
      }
    },
    {
      "id": "338",
      "type": "Feature",
      "properties": {
        "grid_id": "r078_c040",
        "green_fraction": 0.0,
        "water_fraction": 0.1229378025929289,
        "building_fraction": 0.0316577717561406,
        "road_km_per_km2": 3.899691780888686,
        "air_temperature_c": 25.09,
        "relative_humidity_pct": 64.6,
        "wind_speed_10m_ms": 4.85,
        "valid_time_beijing": "2026-09-17 12:00",
        "lead_hours": 2,
        "forecast_issued_at": "2026-09-17T03:56:15.209336+00:00",
        "net_solar_radiation_wm2": 439.1,
        "utci_c": 29.11,
        "p_base": 0.2941,
        "p_enhanced": 0.2785,
        "delta_p": -0.0156,
        "risk_level": "moderate"
      },
      "geometry": {
        "type": "Polygon",
        "coordinates": [
          [
            [
              121.25,
              31.11
            ],
            [
              121.25,
              31.12
            ],
            [
              121.26,
              31.12
            ],
            [
              121.26,
              31.11
            ],
            [
              121.25,
              31.11
            ]
          ]
        ]
      }
    },
    {
      "id": "339",
      "type": "Feature",
      "properties": {
        "grid_id": "r078_c042",
        "green_fraction": 0.0438831707999409,
        "water_fraction": 0.0287009916690687,
        "building_fraction": 0.0031563008292067,
        "road_km_per_km2": 8.831521322773403,
        "air_temperature_c": 25.09,
        "relative_humidity_pct": 64.6,
        "wind_speed_10m_ms": 4.85,
        "valid_time_beijing": "2026-09-17 12:00",
        "lead_hours": 2,
        "forecast_issued_at": "2026-09-17T03:56:15.209336+00:00",
        "net_solar_radiation_wm2": 439.1,
        "utci_c": 29.11,
        "p_base": 0.2941,
        "p_enhanced": 0.3228,
        "delta_p": 0.0286,
        "risk_level": "moderate"
      },
      "geometry": {
        "type": "Polygon",
        "coordinates": [
          [
            [
              121.27,
              31.11
            ],
            [
              121.27,
              31.12
            ],
            [
              121.28,
              31.12
            ],
            [
              121.28,
              31.11
            ],
            [
              121.27,
              31.11
            ]
          ]
        ]
      }
    },
    {
      "id": "340",
      "type": "Feature",
      "properties": {
        "grid_id": "r078_c049",
        "green_fraction": 0.2694397715084738,
        "water_fraction": 0.0303672012673385,
        "building_fraction": 0.0023005063961236,
        "road_km_per_km2": 6.882106409236464,
        "air_temperature_c": 25.09,
        "relative_humidity_pct": 64.6,
        "wind_speed_10m_ms": 4.85,
        "valid_time_beijing": "2026-09-17 12:00",
        "lead_hours": 2,
        "forecast_issued_at": "2026-09-17T03:56:15.209336+00:00",
        "net_solar_radiation_wm2": 439.1,
        "utci_c": 29.11,
        "p_base": 0.2941,
        "p_enhanced": 0.3562,
        "delta_p": 0.062,
        "risk_level": "moderate"
      },
      "geometry": {
        "type": "Polygon",
        "coordinates": [
          [
            [
              121.34,
              31.11
            ],
            [
              121.34,
              31.12
            ],
            [
              121.35,
              31.12
            ],
            [
              121.35,
              31.11
            ],
            [
              121.34,
              31.11
            ]
          ]
        ]
      }
    },
    {
      "id": "341",
      "type": "Feature",
      "properties": {
        "grid_id": "r078_c054",
        "green_fraction": 0.2491133306282945,
        "water_fraction": 0.0411771934326459,
        "building_fraction": 0.0054076760246696,
        "road_km_per_km2": 8.702741813778445,
        "air_temperature_c": 25.09,
        "relative_humidity_pct": 64.6,
        "wind_speed_10m_ms": 4.85,
        "valid_time_beijing": "2026-09-17 12:00",
        "lead_hours": 2,
        "forecast_issued_at": "2026-09-17T03:56:15.209336+00:00",
        "net_solar_radiation_wm2": 439.1,
        "utci_c": 29.11,
        "p_base": 0.2941,
        "p_enhanced": 0.3483,
        "delta_p": 0.0542,
        "risk_level": "moderate"
      },
      "geometry": {
        "type": "Polygon",
        "coordinates": [
          [
            [
              121.39,
              31.11
            ],
            [
              121.39,
              31.12
            ],
            [
              121.4,
              31.12
            ],
            [
              121.4,
              31.11
            ],
            [
              121.39,
              31.11
            ]
          ]
        ]
      }
    },
    {
      "id": "342",
      "type": "Feature",
      "properties": {
        "grid_id": "r078_c061",
        "green_fraction": 0.0431726519828954,
        "water_fraction": 0.4081635922685065,
        "building_fraction": 0.0,
        "road_km_per_km2": 1.4230346774450562,
        "air_temperature_c": 25.09,
        "relative_humidity_pct": 64.6,
        "wind_speed_10m_ms": 4.85,
        "valid_time_beijing": "2026-09-17 12:00",
        "lead_hours": 2,
        "forecast_issued_at": "2026-09-17T03:56:15.209336+00:00",
        "net_solar_radiation_wm2": 439.1,
        "utci_c": 29.11,
        "p_base": 0.2941,
        "p_enhanced": 0.1979,
        "delta_p": -0.0962,
        "risk_level": "moderate"
      },
      "geometry": {
        "type": "Polygon",
        "coordinates": [
          [
            [
              121.46,
              31.11
            ],
            [
              121.46,
              31.12
            ],
            [
              121.47,
              31.12
            ],
            [
              121.47,
              31.11
            ],
            [
              121.46,
              31.11
            ]
          ]
        ]
      }
    },
    {
      "id": "343",
      "type": "Feature",
      "properties": {
        "grid_id": "r078_c073",
        "green_fraction": 0.0,
        "water_fraction": 0.0,
        "building_fraction": 0.2047239366651928,
        "road_km_per_km2": 5.825338187741949,
        "air_temperature_c": 25.09,
        "relative_humidity_pct": 64.6,
        "wind_speed_10m_ms": 4.85,
        "valid_time_beijing": "2026-09-17 12:00",
        "lead_hours": 2,
        "forecast_issued_at": "2026-09-17T03:56:15.209336+00:00",
        "net_solar_radiation_wm2": 439.1,
        "utci_c": 29.11,
        "p_base": 0.2941,
        "p_enhanced": 0.3006,
        "delta_p": 0.0065,
        "risk_level": "moderate"
      },
      "geometry": {
        "type": "Polygon",
        "coordinates": [
          [
            [
              121.58,
              31.11
            ],
            [
              121.58,
              31.12
            ],
            [
              121.59,
              31.12
            ],
            [
              121.59,
              31.11
            ],
            [
              121.58,
              31.11
            ]
          ]
        ]
      }
    },
    {
      "id": "344",
      "type": "Feature",
      "properties": {
        "grid_id": "r079_c009",
        "green_fraction": 0.0,
        "water_fraction": 1.0,
        "building_fraction": 0.0,
        "road_km_per_km2": 0.0,
        "air_temperature_c": 25.09,
        "relative_humidity_pct": 64.6,
        "wind_speed_10m_ms": 4.85,
        "valid_time_beijing": "2026-09-17 12:00",
        "lead_hours": 2,
        "forecast_issued_at": "2026-09-17T03:56:15.209336+00:00",
        "net_solar_radiation_wm2": 439.1,
        "utci_c": 29.11,
        "p_base": 0.2941,
        "p_enhanced": 0.0789,
        "delta_p": -0.2153,
        "risk_level": "moderate"
      },
      "geometry": {
        "type": "Polygon",
        "coordinates": [
          [
            [
              120.94,
              31.1
            ],
            [
              120.94,
              31.11
            ],
            [
              120.95,
              31.11
            ],
            [
              120.95,
              31.1
            ],
            [
              120.94,
              31.1
            ]
          ]
        ]
      }
    },
    {
      "id": "345",
      "type": "Feature",
      "properties": {
        "grid_id": "r079_c015",
        "green_fraction": 0.8027665967173813,
        "water_fraction": 0.1830342074295665,
        "building_fraction": 0.0166915592793053,
        "road_km_per_km2": 13.35085769249965,
        "air_temperature_c": 25.09,
        "relative_humidity_pct": 64.6,
        "wind_speed_10m_ms": 4.85,
        "valid_time_beijing": "2026-09-17 12:00",
        "lead_hours": 2,
        "forecast_issued_at": "2026-09-17T03:56:15.209336+00:00",
        "net_solar_radiation_wm2": 439.1,
        "utci_c": 29.11,
        "p_base": 0.2941,
        "p_enhanced": 0.3756,
        "delta_p": 0.0814,
        "risk_level": "moderate"
      },
      "geometry": {
        "type": "Polygon",
        "coordinates": [
          [
            [
              121.0,
              31.1
            ],
            [
              121.0,
              31.11
            ],
            [
              121.01,
              31.11
            ],
            [
              121.01,
              31.1
            ],
            [
              121.0,
              31.1
            ]
          ]
        ]
      }
    },
    {
      "id": "346",
      "type": "Feature",
      "properties": {
        "grid_id": "r079_c033",
        "green_fraction": 0.0,
        "water_fraction": 0.0,
        "building_fraction": 0.0,
        "road_km_per_km2": 5.162238816651612,
        "air_temperature_c": 25.09,
        "relative_humidity_pct": 64.6,
        "wind_speed_10m_ms": 4.85,
        "valid_time_beijing": "2026-09-17 12:00",
        "lead_hours": 2,
        "forecast_issued_at": "2026-09-17T03:56:15.209336+00:00",
        "net_solar_radiation_wm2": 439.1,
        "utci_c": 29.11,
        "p_base": 0.2941,
        "p_enhanced": 0.3277,
        "delta_p": 0.0336,
        "risk_level": "moderate"
      },
      "geometry": {
        "type": "Polygon",
        "coordinates": [
          [
            [
              121.18,
              31.1
            ],
            [
              121.18,
              31.11
            ],
            [
              121.19,
              31.11
            ],
            [
              121.19,
              31.1
            ],
            [
              121.18,
              31.1
            ]
          ]
        ]
      }
    },
    {
      "id": "347",
      "type": "Feature",
      "properties": {
        "grid_id": "r079_c035",
        "green_fraction": 0.4470231556781753,
        "water_fraction": 0.2051463897108752,
        "building_fraction": 0.0,
        "road_km_per_km2": 5.77782131365284,
        "air_temperature_c": 25.09,
        "relative_humidity_pct": 64.6,
        "wind_speed_10m_ms": 4.85,
        "valid_time_beijing": "2026-09-17 12:00",
        "lead_hours": 2,
        "forecast_issued_at": "2026-09-17T03:56:15.209336+00:00",
        "net_solar_radiation_wm2": 439.1,
        "utci_c": 29.11,
        "p_base": 0.2941,
        "p_enhanced": 0.3153,
        "delta_p": 0.0212,
        "risk_level": "moderate"
      },
      "geometry": {
        "type": "Polygon",
        "coordinates": [
          [
            [
              121.2,
              31.1
            ],
            [
              121.2,
              31.11
            ],
            [
              121.21,
              31.11
            ],
            [
              121.21,
              31.1
            ],
            [
              121.2,
              31.1
            ]
          ]
        ]
      }
    },
    {
      "id": "348",
      "type": "Feature",
      "properties": {
        "grid_id": "r079_c037",
        "green_fraction": 0.0206940637603599,
        "water_fraction": 0.044194302703346,
        "building_fraction": 0.0178108489062452,
        "road_km_per_km2": 6.241014759590119,
        "air_temperature_c": 25.09,
        "relative_humidity_pct": 64.6,
        "wind_speed_10m_ms": 4.85,
        "valid_time_beijing": "2026-09-17 12:00",
        "lead_hours": 2,
        "forecast_issued_at": "2026-09-17T03:56:15.209336+00:00",
        "net_solar_radiation_wm2": 439.1,
        "utci_c": 29.11,
        "p_base": 0.2941,
        "p_enhanced": 0.3116,
        "delta_p": 0.0175,
        "risk_level": "moderate"
      },
      "geometry": {
        "type": "Polygon",
        "coordinates": [
          [
            [
              121.22,
              31.1
            ],
            [
              121.22,
              31.11
            ],
            [
              121.23,
              31.11
            ],
            [
              121.23,
              31.1
            ],
            [
              121.22,
              31.1
            ]
          ]
        ]
      }
    },
    {
      "id": "349",
      "type": "Feature",
      "properties": {
        "grid_id": "r079_c040",
        "green_fraction": 0.0,
        "water_fraction": 0.0271926877141841,
        "building_fraction": 0.0009000840599987,
        "road_km_per_km2": 7.591525632527402,
        "air_temperature_c": 25.09,
        "relative_humidity_pct": 64.6,
        "wind_speed_10m_ms": 4.85,
        "valid_time_beijing": "2026-09-17 12:00",
        "lead_hours": 2,
        "forecast_issued_at": "2026-09-17T03:56:15.209336+00:00",
        "net_solar_radiation_wm2": 439.1,
        "utci_c": 29.11,
        "p_base": 0.2941,
        "p_enhanced": 0.3173,
        "delta_p": 0.0231,
        "risk_level": "moderate"
      },
      "geometry": {
        "type": "Polygon",
        "coordinates": [
          [
            [
              121.25,
              31.1
            ],
            [
              121.25,
              31.11
            ],
            [
              121.26,
              31.11
            ],
            [
              121.26,
              31.1
            ],
            [
              121.25,
              31.1
            ]
          ]
        ]
      }
    },
    {
      "id": "350",
      "type": "Feature",
      "properties": {
        "grid_id": "r079_c050",
        "green_fraction": 0.0362014709161548,
        "water_fraction": 0.0533359624169626,
        "building_fraction": 0.0587763177329494,
        "road_km_per_km2": 11.10686382740924,
        "air_temperature_c": 25.09,
        "relative_humidity_pct": 64.6,
        "wind_speed_10m_ms": 4.85,
        "valid_time_beijing": "2026-09-17 12:00",
        "lead_hours": 2,
        "forecast_issued_at": "2026-09-17T03:56:15.209336+00:00",
        "net_solar_radiation_wm2": 439.1,
        "utci_c": 29.11,
        "p_base": 0.2941,
        "p_enhanced": 0.3051,
        "delta_p": 0.011,
        "risk_level": "moderate"
      },
      "geometry": {
        "type": "Polygon",
        "coordinates": [
          [
            [
              121.35,
              31.1
            ],
            [
              121.35,
              31.11
            ],
            [
              121.36,
              31.11
            ],
            [
              121.36,
              31.1
            ],
            [
              121.35,
              31.1
            ]
          ]
        ]
      }
    },
    {
      "id": "351",
      "type": "Feature",
      "properties": {
        "grid_id": "r079_c052",
        "green_fraction": 0.0131707493189699,
        "water_fraction": 0.0172456938072883,
        "building_fraction": 0.0791357774808818,
        "road_km_per_km2": 10.778739131954111,
        "air_temperature_c": 25.09,
        "relative_humidity_pct": 64.6,
        "wind_speed_10m_ms": 4.85,
        "valid_time_beijing": "2026-09-17 12:00",
        "lead_hours": 2,
        "forecast_issued_at": "2026-09-17T03:56:15.209336+00:00",
        "net_solar_radiation_wm2": 439.1,
        "utci_c": 29.11,
        "p_base": 0.2941,
        "p_enhanced": 0.3125,
        "delta_p": 0.0184,
        "risk_level": "moderate"
      },
      "geometry": {
        "type": "Polygon",
        "coordinates": [
          [
            [
              121.37,
              31.1
            ],
            [
              121.37,
              31.11
            ],
            [
              121.38,
              31.11
            ],
            [
              121.38,
              31.1
            ],
            [
              121.37,
              31.1
            ]
          ]
        ]
      }
    },
    {
      "id": "352",
      "type": "Feature",
      "properties": {
        "grid_id": "r079_c055",
        "green_fraction": 0.0231250828977036,
        "water_fraction": 0.0,
        "building_fraction": 0.082924803510575,
        "road_km_per_km2": 12.267172332047243,
        "air_temperature_c": 25.09,
        "relative_humidity_pct": 64.6,
        "wind_speed_10m_ms": 4.85,
        "valid_time_beijing": "2026-09-17 12:00",
        "lead_hours": 2,
        "forecast_issued_at": "2026-09-17T03:56:15.209336+00:00",
        "net_solar_radiation_wm2": 439.1,
        "utci_c": 29.11,
        "p_base": 0.2941,
        "p_enhanced": 0.32,
        "delta_p": 0.0258,
        "risk_level": "moderate"
      },
      "geometry": {
        "type": "Polygon",
        "coordinates": [
          [
            [
              121.4,
              31.1
            ],
            [
              121.4,
              31.11
            ],
            [
              121.41,
              31.11
            ],
            [
              121.41,
              31.1
            ],
            [
              121.4,
              31.1
            ]
          ]
        ]
      }
    },
    {
      "id": "353",
      "type": "Feature",
      "properties": {
        "grid_id": "r079_c057",
        "green_fraction": 0.0,
        "water_fraction": 0.0,
        "building_fraction": 0.0013385942397863,
        "road_km_per_km2": 7.105790510277375,
        "air_temperature_c": 25.09,
        "relative_humidity_pct": 64.6,
        "wind_speed_10m_ms": 4.85,
        "valid_time_beijing": "2026-09-17 12:00",
        "lead_hours": 2,
        "forecast_issued_at": "2026-09-17T03:56:15.209336+00:00",
        "net_solar_radiation_wm2": 439.1,
        "utci_c": 29.11,
        "p_base": 0.2941,
        "p_enhanced": 0.3275,
        "delta_p": 0.0334,
        "risk_level": "moderate"
      },
      "geometry": {
        "type": "Polygon",
        "coordinates": [
          [
            [
              121.42,
              31.1
            ],
            [
              121.42,
              31.11
            ],
            [
              121.43,
              31.11
            ],
            [
              121.43,
              31.1
            ],
            [
              121.42,
              31.1
            ]
          ]
        ]
      }
    },
    {
      "id": "354",
      "type": "Feature",
      "properties": {
        "grid_id": "r080_c012",
        "green_fraction": 0.0491358800659771,
        "water_fraction": 0.8098224196875683,
        "building_fraction": 0.0080010011030251,
        "road_km_per_km2": 2.510513652897957,
        "air_temperature_c": 25.09,
        "relative_humidity_pct": 64.6,
        "wind_speed_10m_ms": 4.85,
        "valid_time_beijing": "2026-09-17 12:00",
        "lead_hours": 2,
        "forecast_issued_at": "2026-09-17T03:56:15.209336+00:00",
        "net_solar_radiation_wm2": 439.1,
        "utci_c": 29.11,
        "p_base": 0.2941,
        "p_enhanced": 0.1092,
        "delta_p": -0.1849,
        "risk_level": "moderate"
      },
      "geometry": {
        "type": "Polygon",
        "coordinates": [
          [
            [
              120.97,
              31.09
            ],
            [
              120.97,
              31.1
            ],
            [
              120.98,
              31.1
            ],
            [
              120.98,
              31.09
            ],
            [
              120.97,
              31.09
            ]
          ]
        ]
      }
    },
    {
      "id": "355",
      "type": "Feature",
      "properties": {
        "grid_id": "r080_c030",
        "green_fraction": 0.0,
        "water_fraction": 0.0,
        "building_fraction": 0.0,
        "road_km_per_km2": 3.828734136855874,
        "air_temperature_c": 25.09,
        "relative_humidity_pct": 64.6,
        "wind_speed_10m_ms": 4.85,
        "valid_time_beijing": "2026-09-17 12:00",
        "lead_hours": 2,
        "forecast_issued_at": "2026-09-17T03:56:15.209336+00:00",
        "net_solar_radiation_wm2": 439.1,
        "utci_c": 29.11,
        "p_base": 0.2941,
        "p_enhanced": 0.3277,
        "delta_p": 0.0336,
        "risk_level": "moderate"
      },
      "geometry": {
        "type": "Polygon",
        "coordinates": [
          [
            [
              121.15,
              31.09
            ],
            [
              121.15,
              31.1
            ],
            [
              121.16,
              31.1
            ],
            [
              121.16,
              31.09
            ],
            [
              121.15,
              31.09
            ]
          ]
        ]
      }
    },
    {
      "id": "356",
      "type": "Feature",
      "properties": {
        "grid_id": "r080_c032",
        "green_fraction": 0.0,
        "water_fraction": 0.0448360895814919,
        "building_fraction": 0.0402416977421238,
        "road_km_per_km2": 3.6030821441935657,
        "air_temperature_c": 25.09,
        "relative_humidity_pct": 64.6,
        "wind_speed_10m_ms": 4.85,
        "valid_time_beijing": "2026-09-17 12:00",
        "lead_hours": 2,
        "forecast_issued_at": "2026-09-17T03:56:15.209336+00:00",
        "net_solar_radiation_wm2": 439.1,
        "utci_c": 29.11,
        "p_base": 0.2941,
        "p_enhanced": 0.3055,
        "delta_p": 0.0114,
        "risk_level": "moderate"
      },
      "geometry": {
        "type": "Polygon",
        "coordinates": [
          [
            [
              121.17,
              31.09
            ],
            [
              121.17,
              31.1
            ],
            [
              121.18,
              31.1
            ],
            [
              121.18,
              31.09
            ],
            [
              121.17,
              31.09
            ]
          ]
        ]
      }
    },
    {
      "id": "357",
      "type": "Feature",
      "properties": {
        "grid_id": "r080_c033",
        "green_fraction": 0.3001044441510875,
        "water_fraction": 0.0095923869702986,
        "building_fraction": 0.0055405806022252,
        "road_km_per_km2": 8.472222621169859,
        "air_temperature_c": 25.09,
        "relative_humidity_pct": 64.6,
        "wind_speed_10m_ms": 4.85,
        "valid_time_beijing": "2026-09-17 12:00",
        "lead_hours": 2,
        "forecast_issued_at": "2026-09-17T03:56:15.209336+00:00",
        "net_solar_radiation_wm2": 439.1,
        "utci_c": 29.11,
        "p_base": 0.2941,
        "p_enhanced": 0.3688,
        "delta_p": 0.0747,
        "risk_level": "moderate"
      },
      "geometry": {
        "type": "Polygon",
        "coordinates": [
          [
            [
              121.18,
              31.09
            ],
            [
              121.18,
              31.1
            ],
            [
              121.19,
              31.1
            ],
            [
              121.19,
              31.09
            ],
            [
              121.18,
              31.09
            ]
          ]
        ]
      }
    },
    {
      "id": "358",
      "type": "Feature",
      "properties": {
        "grid_id": "r080_c034",
        "green_fraction": 0.275110582164945,
        "water_fraction": 0.0055448596088357,
        "building_fraction": 0.0086200271370544,
        "road_km_per_km2": 7.111279831651082,
        "air_temperature_c": 25.09,
        "relative_humidity_pct": 64.6,
        "wind_speed_10m_ms": 4.85,
        "valid_time_beijing": "2026-09-17 12:00",
        "lead_hours": 2,
        "forecast_issued_at": "2026-09-17T03:56:15.209336+00:00",
        "net_solar_radiation_wm2": 439.1,
        "utci_c": 29.11,
        "p_base": 0.2941,
        "p_enhanced": 0.3661,
        "delta_p": 0.072,
        "risk_level": "moderate"
      },
      "geometry": {
        "type": "Polygon",
        "coordinates": [
          [
            [
              121.19,
              31.09
            ],
            [
              121.19,
              31.1
            ],
            [
              121.2,
              31.1
            ],
            [
              121.2,
              31.09
            ],
            [
              121.19,
              31.09
            ]
          ]
        ]
      }
    },
    {
      "id": "359",
      "type": "Feature",
      "properties": {
        "grid_id": "r080_c035",
        "green_fraction": 0.0347268280595086,
        "water_fraction": 0.0449993901382754,
        "building_fraction": 0.0294066347165125,
        "road_km_per_km2": 8.822840252748305,
        "air_temperature_c": 25.09,
        "relative_humidity_pct": 64.6,
        "wind_speed_10m_ms": 4.85,
        "valid_time_beijing": "2026-09-17 12:00",
        "lead_hours": 2,
        "forecast_issued_at": "2026-09-17T03:56:15.209336+00:00",
        "net_solar_radiation_wm2": 439.1,
        "utci_c": 29.11,
        "p_base": 0.2941,
        "p_enhanced": 0.3118,
        "delta_p": 0.0177,
        "risk_level": "moderate"
      },
      "geometry": {
        "type": "Polygon",
        "coordinates": [
          [
            [
              121.2,
              31.09
            ],
            [
              121.2,
              31.1
            ],
            [
              121.21,
              31.1
            ],
            [
              121.21,
              31.09
            ],
            [
              121.2,
              31.09
            ]
          ]
        ]
      }
    },
    {
      "id": "360",
      "type": "Feature",
      "properties": {
        "grid_id": "r080_c036",
        "green_fraction": 0.0548898828664842,
        "water_fraction": 0.0864424542273111,
        "building_fraction": 0.0139510781007734,
        "road_km_per_km2": 9.02393535452026,
        "air_temperature_c": 25.09,
        "relative_humidity_pct": 64.6,
        "wind_speed_10m_ms": 4.85,
        "valid_time_beijing": "2026-09-17 12:00",
        "lead_hours": 2,
        "forecast_issued_at": "2026-09-17T03:56:15.209336+00:00",
        "net_solar_radiation_wm2": 439.1,
        "utci_c": 29.11,
        "p_base": 0.2941,
        "p_enhanced": 0.3014,
        "delta_p": 0.0073,
        "risk_level": "moderate"
      },
      "geometry": {
        "type": "Polygon",
        "coordinates": [
          [
            [
              121.21,
              31.09
            ],
            [
              121.21,
              31.1
            ],
            [
              121.22,
              31.1
            ],
            [
              121.22,
              31.09
            ],
            [
              121.21,
              31.09
            ]
          ]
        ]
      }
    },
    {
      "id": "361",
      "type": "Feature",
      "properties": {
        "grid_id": "r080_c037",
        "green_fraction": 0.0370111211263763,
        "water_fraction": 0.0448857955765337,
        "building_fraction": 0.0,
        "road_km_per_km2": 5.350747544329453,
        "air_temperature_c": 25.09,
        "relative_humidity_pct": 64.6,
        "wind_speed_10m_ms": 4.85,
        "valid_time_beijing": "2026-09-17 12:00",
        "lead_hours": 2,
        "forecast_issued_at": "2026-09-17T03:56:15.209336+00:00",
        "net_solar_radiation_wm2": 439.1,
        "utci_c": 29.11,
        "p_base": 0.2941,
        "p_enhanced": 0.3161,
        "delta_p": 0.0219,
        "risk_level": "moderate"
      },
      "geometry": {
        "type": "Polygon",
        "coordinates": [
          [
            [
              121.22,
              31.09
            ],
            [
              121.22,
              31.1
            ],
            [
              121.23,
              31.1
            ],
            [
              121.23,
              31.09
            ],
            [
              121.22,
              31.09
            ]
          ]
        ]
      }
    },
    {
      "id": "362",
      "type": "Feature",
      "properties": {
        "grid_id": "r080_c039",
        "green_fraction": 0.0,
        "water_fraction": 0.0538004924876307,
        "building_fraction": 0.0345151112942819,
        "road_km_per_km2": 5.440735841672382,
        "air_temperature_c": 25.09,
        "relative_humidity_pct": 64.6,
        "wind_speed_10m_ms": 4.85,
        "valid_time_beijing": "2026-09-17 12:00",
        "lead_hours": 2,
        "forecast_issued_at": "2026-09-17T03:56:15.209336+00:00",
        "net_solar_radiation_wm2": 439.1,
        "utci_c": 29.11,
        "p_base": 0.2941,
        "p_enhanced": 0.3029,
        "delta_p": 0.0088,
        "risk_level": "moderate"
      },
      "geometry": {
        "type": "Polygon",
        "coordinates": [
          [
            [
              121.24,
              31.09
            ],
            [
              121.24,
              31.1
            ],
            [
              121.25,
              31.1
            ],
            [
              121.25,
              31.09
            ],
            [
              121.24,
              31.09
            ]
          ]
        ]
      }
    },
    {
      "id": "363",
      "type": "Feature",
      "properties": {
        "grid_id": "r080_c049",
        "green_fraction": 0.0,
        "water_fraction": 0.0,
        "building_fraction": 0.0148171181951617,
        "road_km_per_km2": 4.588381501176903,
        "air_temperature_c": 25.09,
        "relative_humidity_pct": 64.6,
        "wind_speed_10m_ms": 4.85,
        "valid_time_beijing": "2026-09-17 12:00",
        "lead_hours": 2,
        "forecast_issued_at": "2026-09-17T03:56:15.209336+00:00",
        "net_solar_radiation_wm2": 439.1,
        "utci_c": 29.11,
        "p_base": 0.2941,
        "p_enhanced": 0.3257,
        "delta_p": 0.0316,
        "risk_level": "moderate"
      },
      "geometry": {
        "type": "Polygon",
        "coordinates": [
          [
            [
              121.34,
              31.09
            ],
            [
              121.34,
              31.1
            ],
            [
              121.35,
              31.1
            ],
            [
              121.35,
              31.09
            ],
            [
              121.34,
              31.09
            ]
          ]
        ]
      }
    },
    {
      "id": "364",
      "type": "Feature",
      "properties": {
        "grid_id": "r080_c063",
        "green_fraction": 0.0,
        "water_fraction": 0.0182739704777568,
        "building_fraction": 0.0320955303348142,
        "road_km_per_km2": 13.33760306859796,
        "air_temperature_c": 25.09,
        "relative_humidity_pct": 64.6,
        "wind_speed_10m_ms": 4.85,
        "valid_time_beijing": "2026-09-17 12:00",
        "lead_hours": 2,
        "forecast_issued_at": "2026-09-17T03:56:15.209336+00:00",
        "net_solar_radiation_wm2": 439.1,
        "utci_c": 29.11,
        "p_base": 0.2941,
        "p_enhanced": 0.3165,
        "delta_p": 0.0223,
        "risk_level": "moderate"
      },
      "geometry": {
        "type": "Polygon",
        "coordinates": [
          [
            [
              121.48,
              31.09
            ],
            [
              121.48,
              31.1
            ],
            [
              121.49,
              31.1
            ],
            [
              121.49,
              31.09
            ],
            [
              121.48,
              31.09
            ]
          ]
        ]
      }
    },
    {
      "id": "365",
      "type": "Feature",
      "properties": {
        "grid_id": "r080_c064",
        "green_fraction": 0.0049568826718219,
        "water_fraction": 0.0771502142603491,
        "building_fraction": 0.0200240713219999,
        "road_km_per_km2": 9.880561486959037,
        "air_temperature_c": 25.09,
        "relative_humidity_pct": 64.6,
        "wind_speed_10m_ms": 4.85,
        "valid_time_beijing": "2026-09-17 12:00",
        "lead_hours": 2,
        "forecast_issued_at": "2026-09-17T03:56:15.209336+00:00",
        "net_solar_radiation_wm2": 439.1,
        "utci_c": 29.11,
        "p_base": 0.2941,
        "p_enhanced": 0.297,
        "delta_p": 0.0028,
        "risk_level": "moderate"
      },
      "geometry": {
        "type": "Polygon",
        "coordinates": [
          [
            [
              121.49,
              31.09
            ],
            [
              121.49,
              31.1
            ],
            [
              121.5,
              31.1
            ],
            [
              121.5,
              31.09
            ],
            [
              121.49,
              31.09
            ]
          ]
        ]
      }
    },
    {
      "id": "366",
      "type": "Feature",
      "properties": {
        "grid_id": "r081_c033",
        "green_fraction": 0.1874008113342218,
        "water_fraction": 0.0363136163082968,
        "building_fraction": 0.0109292827524743,
        "road_km_per_km2": 7.060632050679788,
        "air_temperature_c": 25.09,
        "relative_humidity_pct": 64.6,
        "wind_speed_10m_ms": 4.85,
        "valid_time_beijing": "2026-09-17 12:00",
        "lead_hours": 2,
        "forecast_issued_at": "2026-09-17T03:56:15.209336+00:00",
        "net_solar_radiation_wm2": 439.1,
        "utci_c": 29.11,
        "p_base": 0.2941,
        "p_enhanced": 0.3401,
        "delta_p": 0.046,
        "risk_level": "moderate"
      },
      "geometry": {
        "type": "Polygon",
        "coordinates": [
          [
            [
              121.18,
              31.08
            ],
            [
              121.18,
              31.09
            ],
            [
              121.19,
              31.09
            ],
            [
              121.19,
              31.08
            ],
            [
              121.18,
              31.08
            ]
          ]
        ]
      }
    },
    {
      "id": "367",
      "type": "Feature",
      "properties": {
        "grid_id": "r081_c034",
        "green_fraction": 0.0418430534917083,
        "water_fraction": 0.0334666589458563,
        "building_fraction": 0.0003382170224879,
        "road_km_per_km2": 4.932300830307815,
        "air_temperature_c": 25.09,
        "relative_humidity_pct": 64.6,
        "wind_speed_10m_ms": 4.85,
        "valid_time_beijing": "2026-09-17 12:00",
        "lead_hours": 2,
        "forecast_issued_at": "2026-09-17T03:56:15.209336+00:00",
        "net_solar_radiation_wm2": 439.1,
        "utci_c": 29.11,
        "p_base": 0.2941,
        "p_enhanced": 0.3211,
        "delta_p": 0.0269,
        "risk_level": "moderate"
      },
      "geometry": {
        "type": "Polygon",
        "coordinates": [
          [
            [
              121.19,
              31.08
            ],
            [
              121.19,
              31.09
            ],
            [
              121.2,
              31.09
            ],
            [
              121.2,
              31.08
            ],
            [
              121.19,
              31.08
            ]
          ]
        ]
      }
    },
    {
      "id": "368",
      "type": "Feature",
      "properties": {
        "grid_id": "r081_c035",
        "green_fraction": 0.0137038857944048,
        "water_fraction": 0.0441890429698021,
        "building_fraction": 0.0002452201255062,
        "road_km_per_km2": 4.727664508839294,
        "air_temperature_c": 25.09,
        "relative_humidity_pct": 64.6,
        "wind_speed_10m_ms": 4.85,
        "valid_time_beijing": "2026-09-17 12:00",
        "lead_hours": 2,
        "forecast_issued_at": "2026-09-17T03:56:15.209336+00:00",
        "net_solar_radiation_wm2": 439.1,
        "utci_c": 29.11,
        "p_base": 0.2941,
        "p_enhanced": 0.313,
        "delta_p": 0.0188,
        "risk_level": "moderate"
      },
      "geometry": {
        "type": "Polygon",
        "coordinates": [
          [
            [
              121.2,
              31.08
            ],
            [
              121.2,
              31.09
            ],
            [
              121.21,
              31.09
            ],
            [
              121.21,
              31.08
            ],
            [
              121.2,
              31.08
            ]
          ]
        ]
      }
    },
    {
      "id": "369",
      "type": "Feature",
      "properties": {
        "grid_id": "r081_c037",
        "green_fraction": 0.0711749506395315,
        "water_fraction": 0.0131415275789741,
        "building_fraction": 0.008496234220326,
        "road_km_per_km2": 7.995749636438723,
        "air_temperature_c": 25.09,
        "relative_humidity_pct": 64.6,
        "wind_speed_10m_ms": 4.85,
        "valid_time_beijing": "2026-09-17 12:00",
        "lead_hours": 2,
        "forecast_issued_at": "2026-09-17T03:56:15.209336+00:00",
        "net_solar_radiation_wm2": 439.1,
        "utci_c": 29.11,
        "p_base": 0.2941,
        "p_enhanced": 0.3321,
        "delta_p": 0.0379,
        "risk_level": "moderate"
      },
      "geometry": {
        "type": "Polygon",
        "coordinates": [
          [
            [
              121.22,
              31.08
            ],
            [
              121.22,
              31.09
            ],
            [
              121.23,
              31.09
            ],
            [
              121.23,
              31.08
            ],
            [
              121.22,
              31.08
            ]
          ]
        ]
      }
    },
    {
      "id": "370",
      "type": "Feature",
      "properties": {
        "grid_id": "r081_c043",
        "green_fraction": 0.0073130636121248,
        "water_fraction": 0.0268824712299032,
        "building_fraction": 0.0280610365247489,
        "road_km_per_km2": 14.722602942063682,
        "air_temperature_c": 25.09,
        "relative_humidity_pct": 64.6,
        "wind_speed_10m_ms": 4.85,
        "valid_time_beijing": "2026-09-17 12:00",
        "lead_hours": 2,
        "forecast_issued_at": "2026-09-17T03:56:15.209336+00:00",
        "net_solar_radiation_wm2": 439.1,
        "utci_c": 29.11,
        "p_base": 0.2941,
        "p_enhanced": 0.3148,
        "delta_p": 0.0207,
        "risk_level": "moderate"
      },
      "geometry": {
        "type": "Polygon",
        "coordinates": [
          [
            [
              121.28,
              31.08
            ],
            [
              121.28,
              31.09
            ],
            [
              121.29,
              31.09
            ],
            [
              121.29,
              31.08
            ],
            [
              121.28,
              31.08
            ]
          ]
        ]
      }
    },
    {
      "id": "371",
      "type": "Feature",
      "properties": {
        "grid_id": "r081_c054",
        "green_fraction": 0.0159959535243049,
        "water_fraction": 0.0,
        "building_fraction": 0.0252649755870133,
        "road_km_per_km2": 8.06182560334352,
        "air_temperature_c": 25.09,
        "relative_humidity_pct": 64.6,
        "wind_speed_10m_ms": 4.85,
        "valid_time_beijing": "2026-09-17 12:00",
        "lead_hours": 2,
        "forecast_issued_at": "2026-09-17T03:56:15.209336+00:00",
        "net_solar_radiation_wm2": 439.1,
        "utci_c": 29.11,
        "p_base": 0.2941,
        "p_enhanced": 0.3267,
        "delta_p": 0.0325,
        "risk_level": "moderate"
      },
      "geometry": {
        "type": "Polygon",
        "coordinates": [
          [
            [
              121.39,
              31.08
            ],
            [
              121.39,
              31.09
            ],
            [
              121.4,
              31.09
            ],
            [
              121.4,
              31.08
            ],
            [
              121.39,
              31.08
            ]
          ]
        ]
      }
    },
    {
      "id": "372",
      "type": "Feature",
      "properties": {
        "grid_id": "r081_c076",
        "green_fraction": 0.008231512510936,
        "water_fraction": 0.0074717812933694,
        "building_fraction": 0.0193578873107365,
        "road_km_per_km2": 6.823897365510638,
        "air_temperature_c": 25.09,
        "relative_humidity_pct": 64.6,
        "wind_speed_10m_ms": 4.85,
        "valid_time_beijing": "2026-09-17 12:00",
        "lead_hours": 2,
        "forecast_issued_at": "2026-09-17T03:56:15.209336+00:00",
        "net_solar_radiation_wm2": 439.1,
        "utci_c": 29.11,
        "p_base": 0.2941,
        "p_enhanced": 0.3235,
        "delta_p": 0.0293,
        "risk_level": "moderate"
      },
      "geometry": {
        "type": "Polygon",
        "coordinates": [
          [
            [
              121.61,
              31.08
            ],
            [
              121.61,
              31.09
            ],
            [
              121.62,
              31.09
            ],
            [
              121.62,
              31.08
            ],
            [
              121.61,
              31.08
            ]
          ]
        ]
      }
    },
    {
      "id": "373",
      "type": "Feature",
      "properties": {
        "grid_id": "r082_c005",
        "green_fraction": 0.2936019108876327,
        "water_fraction": 0.3398663523854273,
        "building_fraction": 0.0074679877193586,
        "road_km_per_km2": 9.8807565541308,
        "air_temperature_c": 25.09,
        "relative_humidity_pct": 64.6,
        "wind_speed_10m_ms": 4.85,
        "valid_time_beijing": "2026-09-17 12:00",
        "lead_hours": 2,
        "forecast_issued_at": "2026-09-17T03:56:15.209336+00:00",
        "net_solar_radiation_wm2": 439.1,
        "utci_c": 29.11,
        "p_base": 0.2941,
        "p_enhanced": 0.2465,
        "delta_p": -0.0476,
        "risk_level": "moderate"
      },
      "geometry": {
        "type": "Polygon",
        "coordinates": [
          [
            [
              120.9,
              31.07
            ],
            [
              120.9,
              31.08
            ],
            [
              120.91,
              31.08
            ],
            [
              120.91,
              31.07
            ],
            [
              120.9,
              31.07
            ]
          ]
        ]
      }
    },
    {
      "id": "374",
      "type": "Feature",
      "properties": {
        "grid_id": "r082_c008",
        "green_fraction": 0.0,
        "water_fraction": 0.5577638122301969,
        "building_fraction": 0.0,
        "road_km_per_km2": 4.917375869993799,
        "air_temperature_c": 25.09,
        "relative_humidity_pct": 64.6,
        "wind_speed_10m_ms": 4.85,
        "valid_time_beijing": "2026-09-17 12:00",
        "lead_hours": 2,
        "forecast_issued_at": "2026-09-17T03:56:15.209336+00:00",
        "net_solar_radiation_wm2": 439.1,
        "utci_c": 29.11,
        "p_base": 0.2941,
        "p_enhanced": 0.156,
        "delta_p": -0.1382,
        "risk_level": "moderate"
      },
      "geometry": {
        "type": "Polygon",
        "coordinates": [
          [
            [
              120.93,
              31.07
            ],
            [
              120.93,
              31.08
            ],
            [
              120.94,
              31.08
            ],
            [
              120.94,
              31.07
            ],
            [
              120.93,
              31.07
            ]
          ]
        ]
      }
    },
    {
      "id": "375",
      "type": "Feature",
      "properties": {
        "grid_id": "r082_c009",
        "green_fraction": 0.0,
        "water_fraction": 0.3169572643387395,
        "building_fraction": 0.0,
        "road_km_per_km2": 6.9716869627941565,
        "air_temperature_c": 25.09,
        "relative_humidity_pct": 64.6,
        "wind_speed_10m_ms": 4.85,
        "valid_time_beijing": "2026-09-17 12:00",
        "lead_hours": 2,
        "forecast_issued_at": "2026-09-17T03:56:15.209336+00:00",
        "net_solar_radiation_wm2": 439.1,
        "utci_c": 29.11,
        "p_base": 0.2941,
        "p_enhanced": 0.2193,
        "delta_p": -0.0749,
        "risk_level": "moderate"
      },
      "geometry": {
        "type": "Polygon",
        "coordinates": [
          [
            [
              120.94,
              31.07
            ],
            [
              120.94,
              31.08
            ],
            [
              120.95,
              31.08
            ],
            [
              120.95,
              31.07
            ],
            [
              120.94,
              31.07
            ]
          ]
        ]
      }
    },
    {
      "id": "376",
      "type": "Feature",
      "properties": {
        "grid_id": "r082_c014",
        "green_fraction": 0.7329464831169402,
        "water_fraction": 0.2143855010909893,
        "building_fraction": 0.0,
        "road_km_per_km2": 6.7292773296031125,
        "air_temperature_c": 25.09,
        "relative_humidity_pct": 64.6,
        "wind_speed_10m_ms": 4.85,
        "valid_time_beijing": "2026-09-17 12:00",
        "lead_hours": 2,
        "forecast_issued_at": "2026-09-17T03:56:15.209336+00:00",
        "net_solar_radiation_wm2": 439.1,
        "utci_c": 29.11,
        "p_base": 0.2941,
        "p_enhanced": 0.3544,
        "delta_p": 0.0603,
        "risk_level": "moderate"
      },
      "geometry": {
        "type": "Polygon",
        "coordinates": [
          [
            [
              120.99,
              31.07
            ],
            [
              120.99,
              31.08
            ],
            [
              121.0,
              31.08
            ],
            [
              121.0,
              31.07
            ],
            [
              120.99,
              31.07
            ]
          ]
        ]
      }
    },
    {
      "id": "377",
      "type": "Feature",
      "properties": {
        "grid_id": "r082_c026",
        "green_fraction": 0.0011479837166411,
        "water_fraction": 0.0031507273384372,
        "building_fraction": 0.0103607553511805,
        "road_km_per_km2": 10.650844360784204,
        "air_temperature_c": 25.09,
        "relative_humidity_pct": 64.6,
        "wind_speed_10m_ms": 4.85,
        "valid_time_beijing": "2026-09-17 12:00",
        "lead_hours": 2,
        "forecast_issued_at": "2026-09-17T03:56:15.209336+00:00",
        "net_solar_radiation_wm2": 439.1,
        "utci_c": 29.11,
        "p_base": 0.2941,
        "p_enhanced": 0.3253,
        "delta_p": 0.0311,
        "risk_level": "moderate"
      },
      "geometry": {
        "type": "Polygon",
        "coordinates": [
          [
            [
              121.11,
              31.07
            ],
            [
              121.11,
              31.08
            ],
            [
              121.12,
              31.08
            ],
            [
              121.12,
              31.07
            ],
            [
              121.11,
              31.07
            ]
          ]
        ]
      }
    },
    {
      "id": "378",
      "type": "Feature",
      "properties": {
        "grid_id": "r082_c029",
        "green_fraction": 0.243639291084113,
        "water_fraction": 0.0,
        "building_fraction": 0.015882803911497,
        "road_km_per_km2": 10.336891271042994,
        "air_temperature_c": 25.09,
        "relative_humidity_pct": 64.6,
        "wind_speed_10m_ms": 4.85,
        "valid_time_beijing": "2026-09-17 12:00",
        "lead_hours": 2,
        "forecast_issued_at": "2026-09-17T03:56:15.209336+00:00",
        "net_solar_radiation_wm2": 439.1,
        "utci_c": 29.11,
        "p_base": 0.2941,
        "p_enhanced": 0.3624,
        "delta_p": 0.0683,
        "risk_level": "moderate"
      },
      "geometry": {
        "type": "Polygon",
        "coordinates": [
          [
            [
              121.14,
              31.07
            ],
            [
              121.14,
              31.08
            ],
            [
              121.15,
              31.08
            ],
            [
              121.15,
              31.07
            ],
            [
              121.14,
              31.07
            ]
          ]
        ]
      }
    },
    {
      "id": "379",
      "type": "Feature",
      "properties": {
        "grid_id": "r082_c032",
        "green_fraction": 0.7645861923757492,
        "water_fraction": 0.0891584457154496,
        "building_fraction": 0.013324550854733,
        "road_km_per_km2": 13.666482217488394,
        "air_temperature_c": 25.09,
        "relative_humidity_pct": 64.6,
        "wind_speed_10m_ms": 4.85,
        "valid_time_beijing": "2026-09-17 12:00",
        "lead_hours": 2,
        "forecast_issued_at": "2026-09-17T03:56:15.209336+00:00",
        "net_solar_radiation_wm2": 439.1,
        "utci_c": 29.11,
        "p_base": 0.2941,
        "p_enhanced": 0.4088,
        "delta_p": 0.1147,
        "risk_level": "moderate"
      },
      "geometry": {
        "type": "Polygon",
        "coordinates": [
          [
            [
              121.17,
              31.07
            ],
            [
              121.17,
              31.08
            ],
            [
              121.18,
              31.08
            ],
            [
              121.18,
              31.07
            ],
            [
              121.17,
              31.07
            ]
          ]
        ]
      }
    },
    {
      "id": "380",
      "type": "Feature",
      "properties": {
        "grid_id": "r082_c064",
        "green_fraction": 0.1373299403043874,
        "water_fraction": 0.0124522006347012,
        "building_fraction": 0.0321674515146957,
        "road_km_per_km2": 17.11194145374183,
        "air_temperature_c": 25.09,
        "relative_humidity_pct": 64.6,
        "wind_speed_10m_ms": 4.85,
        "valid_time_beijing": "2026-09-17 12:00",
        "lead_hours": 2,
        "forecast_issued_at": "2026-09-17T03:56:15.209336+00:00",
        "net_solar_radiation_wm2": 439.1,
        "utci_c": 29.11,
        "p_base": 0.2941,
        "p_enhanced": 0.339,
        "delta_p": 0.0448,
        "risk_level": "moderate"
      },
      "geometry": {
        "type": "Polygon",
        "coordinates": [
          [
            [
              121.49,
              31.07
            ],
            [
              121.49,
              31.08
            ],
            [
              121.5,
              31.08
            ],
            [
              121.5,
              31.07
            ],
            [
              121.49,
              31.07
            ]
          ]
        ]
      }
    },
    {
      "id": "381",
      "type": "Feature",
      "properties": {
        "grid_id": "r082_c069",
        "green_fraction": 0.1228511917577579,
        "water_fraction": 0.0046924957086117,
        "building_fraction": 0.0280413687319539,
        "road_km_per_km2": 7.656915203756063,
        "air_temperature_c": 25.09,
        "relative_humidity_pct": 64.6,
        "wind_speed_10m_ms": 4.85,
        "valid_time_beijing": "2026-09-17 12:00",
        "lead_hours": 2,
        "forecast_issued_at": "2026-09-17T03:56:15.209336+00:00",
        "net_solar_radiation_wm2": 439.1,
        "utci_c": 29.11,
        "p_base": 0.2941,
        "p_enhanced": 0.3404,
        "delta_p": 0.0463,
        "risk_level": "moderate"
      },
      "geometry": {
        "type": "Polygon",
        "coordinates": [
          [
            [
              121.54,
              31.07
            ],
            [
              121.54,
              31.08
            ],
            [
              121.55,
              31.08
            ],
            [
              121.55,
              31.07
            ],
            [
              121.54,
              31.07
            ]
          ]
        ]
      }
    },
    {
      "id": "382",
      "type": "Feature",
      "properties": {
        "grid_id": "r083_c006",
        "green_fraction": 0.0,
        "water_fraction": 0.1843789002163806,
        "building_fraction": 0.0004102953205943,
        "road_km_per_km2": 10.966253858970903,
        "air_temperature_c": 25.09,
        "relative_humidity_pct": 64.6,
        "wind_speed_10m_ms": 4.85,
        "valid_time_beijing": "2026-09-17 12:00",
        "lead_hours": 2,
        "forecast_issued_at": "2026-09-17T03:56:15.209336+00:00",
        "net_solar_radiation_wm2": 439.1,
        "utci_c": 29.11,
        "p_base": 0.2941,
        "p_enhanced": 0.2613,
        "delta_p": -0.0329,
        "risk_level": "moderate"
      },
      "geometry": {
        "type": "Polygon",
        "coordinates": [
          [
            [
              120.91,
              31.06
            ],
            [
              120.91,
              31.07
            ],
            [
              120.92,
              31.07
            ],
            [
              120.92,
              31.06
            ],
            [
              120.91,
              31.06
            ]
          ]
        ]
      }
    },
    {
      "id": "383",
      "type": "Feature",
      "properties": {
        "grid_id": "r083_c008",
        "green_fraction": 0.0,
        "water_fraction": 0.0604930490286667,
        "building_fraction": 0.021591308583637,
        "road_km_per_km2": 9.44389507449673,
        "air_temperature_c": 25.09,
        "relative_humidity_pct": 64.6,
        "wind_speed_10m_ms": 4.85,
        "valid_time_beijing": "2026-09-17 12:00",
        "lead_hours": 2,
        "forecast_issued_at": "2026-09-17T03:56:15.209336+00:00",
        "net_solar_radiation_wm2": 439.1,
        "utci_c": 29.11,
        "p_base": 0.2941,
        "p_enhanced": 0.3022,
        "delta_p": 0.008,
        "risk_level": "moderate"
      },
      "geometry": {
        "type": "Polygon",
        "coordinates": [
          [
            [
              120.93,
              31.06
            ],
            [
              120.93,
              31.07
            ],
            [
              120.94,
              31.07
            ],
            [
              120.94,
              31.06
            ],
            [
              120.93,
              31.06
            ]
          ]
        ]
      }
    },
    {
      "id": "384",
      "type": "Feature",
      "properties": {
        "grid_id": "r083_c012",
        "green_fraction": 0.7323447089797762,
        "water_fraction": 0.315749730883909,
        "building_fraction": 0.0,
        "road_km_per_km2": 7.104106956012534,
        "air_temperature_c": 25.09,
        "relative_humidity_pct": 64.6,
        "wind_speed_10m_ms": 4.85,
        "valid_time_beijing": "2026-09-17 12:00",
        "lead_hours": 2,
        "forecast_issued_at": "2026-09-17T03:56:15.209336+00:00",
        "net_solar_radiation_wm2": 439.1,
        "utci_c": 29.11,
        "p_base": 0.2941,
        "p_enhanced": 0.3151,
        "delta_p": 0.021,
        "risk_level": "moderate"
      },
      "geometry": {
        "type": "Polygon",
        "coordinates": [
          [
            [
              120.97,
              31.06
            ],
            [
              120.97,
              31.07
            ],
            [
              120.98,
              31.07
            ],
            [
              120.98,
              31.06
            ],
            [
              120.97,
              31.06
            ]
          ]
        ]
      }
    },
    {
      "id": "385",
      "type": "Feature",
      "properties": {
        "grid_id": "r083_c029",
        "green_fraction": 0.0190406040107499,
        "water_fraction": 0.0798622746539252,
        "building_fraction": 0.004858909108454,
        "road_km_per_km2": 5.768718038239406,
        "air_temperature_c": 25.09,
        "relative_humidity_pct": 64.6,
        "wind_speed_10m_ms": 4.85,
        "valid_time_beijing": "2026-09-17 12:00",
        "lead_hours": 2,
        "forecast_issued_at": "2026-09-17T03:56:15.209336+00:00",
        "net_solar_radiation_wm2": 439.1,
        "utci_c": 29.11,
        "p_base": 0.2941,
        "p_enhanced": 0.2999,
        "delta_p": 0.0058,
        "risk_level": "moderate"
      },
      "geometry": {
        "type": "Polygon",
        "coordinates": [
          [
            [
              121.14,
              31.06
            ],
            [
              121.14,
              31.07
            ],
            [
              121.15,
              31.07
            ],
            [
              121.15,
              31.06
            ],
            [
              121.14,
              31.06
            ]
          ]
        ]
      }
    },
    {
      "id": "386",
      "type": "Feature",
      "properties": {
        "grid_id": "r083_c030",
        "green_fraction": 0.0034796391668713,
        "water_fraction": 0.0394469300756432,
        "building_fraction": 0.0062850278786358,
        "road_km_per_km2": 10.702899703934548,
        "air_temperature_c": 25.09,
        "relative_humidity_pct": 64.6,
        "wind_speed_10m_ms": 4.85,
        "valid_time_beijing": "2026-09-17 12:00",
        "lead_hours": 2,
        "forecast_issued_at": "2026-09-17T03:56:15.209336+00:00",
        "net_solar_radiation_wm2": 439.1,
        "utci_c": 29.11,
        "p_base": 0.2941,
        "p_enhanced": 0.3125,
        "delta_p": 0.0183,
        "risk_level": "moderate"
      },
      "geometry": {
        "type": "Polygon",
        "coordinates": [
          [
            [
              121.15,
              31.06
            ],
            [
              121.15,
              31.07
            ],
            [
              121.16,
              31.07
            ],
            [
              121.16,
              31.06
            ],
            [
              121.15,
              31.06
            ]
          ]
        ]
      }
    },
    {
      "id": "387",
      "type": "Feature",
      "properties": {
        "grid_id": "r083_c032",
        "green_fraction": 0.7865313888409498,
        "water_fraction": 0.0,
        "building_fraction": 0.0,
        "road_km_per_km2": 5.109346595027134,
        "air_temperature_c": 25.09,
        "relative_humidity_pct": 64.6,
        "wind_speed_10m_ms": 4.85,
        "valid_time_beijing": "2026-09-17 12:00",
        "lead_hours": 2,
        "forecast_issued_at": "2026-09-17T03:56:15.209336+00:00",
        "net_solar_radiation_wm2": 439.1,
        "utci_c": 29.11,
        "p_base": 0.2941,
        "p_enhanced": 0.4524,
        "delta_p": 0.1583,
        "risk_level": "moderate"
      },
      "geometry": {
        "type": "Polygon",
        "coordinates": [
          [
            [
              121.17,
              31.06
            ],
            [
              121.17,
              31.07
            ],
            [
              121.18,
              31.07
            ],
            [
              121.18,
              31.06
            ],
            [
              121.17,
              31.06
            ]
          ]
        ]
      }
    },
    {
      "id": "388",
      "type": "Feature",
      "properties": {
        "grid_id": "r083_c034",
        "green_fraction": 0.2694265055222074,
        "water_fraction": 0.1811406111466013,
        "building_fraction": 0.0793147618981095,
        "road_km_per_km2": 12.236309973316857,
        "air_temperature_c": 25.09,
        "relative_humidity_pct": 64.6,
        "wind_speed_10m_ms": 4.85,
        "valid_time_beijing": "2026-09-17 12:00",
        "lead_hours": 2,
        "forecast_issued_at": "2026-09-17T03:56:15.209336+00:00",
        "net_solar_radiation_wm2": 439.1,
        "utci_c": 29.11,
        "p_base": 0.2941,
        "p_enhanced": 0.2887,
        "delta_p": -0.0054,
        "risk_level": "moderate"
      },
      "geometry": {
        "type": "Polygon",
        "coordinates": [
          [
            [
              121.19,
              31.06
            ],
            [
              121.19,
              31.07
            ],
            [
              121.2,
              31.07
            ],
            [
              121.2,
              31.06
            ],
            [
              121.19,
              31.06
            ]
          ]
        ]
      }
    },
    {
      "id": "389",
      "type": "Feature",
      "properties": {
        "grid_id": "r083_c036",
        "green_fraction": 0.0182632056920242,
        "water_fraction": 0.0489966364603475,
        "building_fraction": 0.0214895933503149,
        "road_km_per_km2": 10.018623263331204,
        "air_temperature_c": 25.09,
        "relative_humidity_pct": 64.6,
        "wind_speed_10m_ms": 4.85,
        "valid_time_beijing": "2026-09-17 12:00",
        "lead_hours": 2,
        "forecast_issued_at": "2026-09-17T03:56:15.209336+00:00",
        "net_solar_radiation_wm2": 439.1,
        "utci_c": 29.11,
        "p_base": 0.2941,
        "p_enhanced": 0.309,
        "delta_p": 0.0149,
        "risk_level": "moderate"
      },
      "geometry": {
        "type": "Polygon",
        "coordinates": [
          [
            [
              121.21,
              31.06
            ],
            [
              121.21,
              31.07
            ],
            [
              121.22,
              31.07
            ],
            [
              121.22,
              31.06
            ],
            [
              121.21,
              31.06
            ]
          ]
        ]
      }
    },
    {
      "id": "390",
      "type": "Feature",
      "properties": {
        "grid_id": "r083_c038",
        "green_fraction": 0.0157805425220524,
        "water_fraction": 0.1336478796714525,
        "building_fraction": 0.0549543562778157,
        "road_km_per_km2": 6.20322601328503,
        "air_temperature_c": 25.09,
        "relative_humidity_pct": 64.6,
        "wind_speed_10m_ms": 4.85,
        "valid_time_beijing": "2026-09-17 12:00",
        "lead_hours": 2,
        "forecast_issued_at": "2026-09-17T03:56:15.209336+00:00",
        "net_solar_radiation_wm2": 439.1,
        "utci_c": 29.11,
        "p_base": 0.2941,
        "p_enhanced": 0.2741,
        "delta_p": -0.0201,
        "risk_level": "moderate"
      },
      "geometry": {
        "type": "Polygon",
        "coordinates": [
          [
            [
              121.23,
              31.06
            ],
            [
              121.23,
              31.07
            ],
            [
              121.24,
              31.07
            ],
            [
              121.24,
              31.06
            ],
            [
              121.23,
              31.06
            ]
          ]
        ]
      }
    },
    {
      "id": "391",
      "type": "Feature",
      "properties": {
        "grid_id": "r084_c036",
        "green_fraction": 0.0681785490297745,
        "water_fraction": 0.1169615765516795,
        "building_fraction": 0.0592858361089634,
        "road_km_per_km2": 11.105148956902235,
        "air_temperature_c": 25.09,
        "relative_humidity_pct": 64.6,
        "wind_speed_10m_ms": 4.85,
        "valid_time_beijing": "2026-09-17 12:00",
        "lead_hours": 2,
        "forecast_issued_at": "2026-09-17T03:56:15.209336+00:00",
        "net_solar_radiation_wm2": 439.1,
        "utci_c": 29.11,
        "p_base": 0.2941,
        "p_enhanced": 0.2865,
        "delta_p": -0.0077,
        "risk_level": "moderate"
      },
      "geometry": {
        "type": "Polygon",
        "coordinates": [
          [
            [
              121.21,
              31.05
            ],
            [
              121.21,
              31.06
            ],
            [
              121.22,
              31.06
            ],
            [
              121.22,
              31.05
            ],
            [
              121.21,
              31.05
            ]
          ]
        ]
      }
    },
    {
      "id": "392",
      "type": "Feature",
      "properties": {
        "grid_id": "r084_c065",
        "green_fraction": 0.7490508654858542,
        "water_fraction": 0.0844188625601786,
        "building_fraction": 0.0180084744059433,
        "road_km_per_km2": 19.823750147196986,
        "air_temperature_c": 25.09,
        "relative_humidity_pct": 64.6,
        "wind_speed_10m_ms": 4.85,
        "valid_time_beijing": "2026-09-17 12:00",
        "lead_hours": 2,
        "forecast_issued_at": "2026-09-17T03:56:15.209336+00:00",
        "net_solar_radiation_wm2": 439.1,
        "utci_c": 29.11,
        "p_base": 0.2941,
        "p_enhanced": 0.4076,
        "delta_p": 0.1135,
        "risk_level": "moderate"
      },
      "geometry": {
        "type": "Polygon",
        "coordinates": [
          [
            [
              121.5,
              31.05
            ],
            [
              121.5,
              31.06
            ],
            [
              121.51,
              31.06
            ],
            [
              121.51,
              31.05
            ],
            [
              121.5,
              31.05
            ]
          ]
        ]
      }
    },
    {
      "id": "393",
      "type": "Feature",
      "properties": {
        "grid_id": "r084_c086",
        "green_fraction": 0.0793521750109628,
        "water_fraction": 0.0987513469141232,
        "building_fraction": 0.0292897188918256,
        "road_km_per_km2": 10.054705760672768,
        "air_temperature_c": 25.09,
        "relative_humidity_pct": 64.6,
        "wind_speed_10m_ms": 4.85,
        "valid_time_beijing": "2026-09-17 12:00",
        "lead_hours": 2,
        "forecast_issued_at": "2026-09-17T03:56:15.209336+00:00",
        "net_solar_radiation_wm2": 439.1,
        "utci_c": 29.11,
        "p_base": 0.2941,
        "p_enhanced": 0.2984,
        "delta_p": 0.0042,
        "risk_level": "moderate"
      },
      "geometry": {
        "type": "Polygon",
        "coordinates": [
          [
            [
              121.71,
              31.05
            ],
            [
              121.71,
              31.06
            ],
            [
              121.72,
              31.06
            ],
            [
              121.72,
              31.05
            ],
            [
              121.71,
              31.05
            ]
          ]
        ]
      }
    },
    {
      "id": "394",
      "type": "Feature",
      "properties": {
        "grid_id": "r084_c091",
        "green_fraction": 0.0847801776303344,
        "water_fraction": 0.0,
        "building_fraction": 0.1669513658117876,
        "road_km_per_km2": 12.5078554242403,
        "air_temperature_c": 25.09,
        "relative_humidity_pct": 64.6,
        "wind_speed_10m_ms": 4.85,
        "valid_time_beijing": "2026-09-17 12:00",
        "lead_hours": 2,
        "forecast_issued_at": "2026-09-17T03:56:15.209336+00:00",
        "net_solar_radiation_wm2": 439.1,
        "utci_c": 29.11,
        "p_base": 0.2941,
        "p_enhanced": 0.3177,
        "delta_p": 0.0236,
        "risk_level": "moderate"
      },
      "geometry": {
        "type": "Polygon",
        "coordinates": [
          [
            [
              121.76,
              31.05
            ],
            [
              121.76,
              31.06
            ],
            [
              121.77,
              31.06
            ],
            [
              121.77,
              31.05
            ],
            [
              121.76,
              31.05
            ]
          ]
        ]
      }
    },
    {
      "id": "395",
      "type": "Feature",
      "properties": {
        "grid_id": "r085_c013",
        "green_fraction": 0.0,
        "water_fraction": 0.0925067020173274,
        "building_fraction": 0.0,
        "road_km_per_km2": 4.03776542045116,
        "air_temperature_c": 25.09,
        "relative_humidity_pct": 64.6,
        "wind_speed_10m_ms": 4.85,
        "valid_time_beijing": "2026-09-17 12:00",
        "lead_hours": 2,
        "forecast_issued_at": "2026-09-17T03:56:15.209336+00:00",
        "net_solar_radiation_wm2": 439.1,
        "utci_c": 29.11,
        "p_base": 0.2941,
        "p_enhanced": 0.2933,
        "delta_p": -0.0009,
        "risk_level": "moderate"
      },
      "geometry": {
        "type": "Polygon",
        "coordinates": [
          [
            [
              120.98,
              31.04
            ],
            [
              120.98,
              31.05
            ],
            [
              120.99,
              31.05
            ],
            [
              120.99,
              31.04
            ],
            [
              120.98,
              31.04
            ]
          ]
        ]
      }
    },
    {
      "id": "396",
      "type": "Feature",
      "properties": {
        "grid_id": "r085_c042",
        "green_fraction": 0.0,
        "water_fraction": 0.0,
        "building_fraction": 0.0246241987208757,
        "road_km_per_km2": 6.39876438752327,
        "air_temperature_c": 25.09,
        "relative_humidity_pct": 64.6,
        "wind_speed_10m_ms": 4.85,
        "valid_time_beijing": "2026-09-17 12:00",
        "lead_hours": 2,
        "forecast_issued_at": "2026-09-17T03:56:15.209336+00:00",
        "net_solar_radiation_wm2": 439.1,
        "utci_c": 29.11,
        "p_base": 0.2941,
        "p_enhanced": 0.3244,
        "delta_p": 0.0302,
        "risk_level": "moderate"
      },
      "geometry": {
        "type": "Polygon",
        "coordinates": [
          [
            [
              121.27,
              31.04
            ],
            [
              121.27,
              31.05
            ],
            [
              121.28,
              31.05
            ],
            [
              121.28,
              31.04
            ],
            [
              121.27,
              31.04
            ]
          ]
        ]
      }
    },
    {
      "id": "397",
      "type": "Feature",
      "properties": {
        "grid_id": "r085_c063",
        "green_fraction": 0.2224217422434167,
        "water_fraction": 0.1189813358065517,
        "building_fraction": 0.0009623872334994,
        "road_km_per_km2": 8.978150333463077,
        "air_temperature_c": 25.09,
        "relative_humidity_pct": 64.6,
        "wind_speed_10m_ms": 4.85,
        "valid_time_beijing": "2026-09-17 12:00",
        "lead_hours": 2,
        "forecast_issued_at": "2026-09-17T03:56:15.209336+00:00",
        "net_solar_radiation_wm2": 439.1,
        "utci_c": 29.11,
        "p_base": 0.2941,
        "p_enhanced": 0.315,
        "delta_p": 0.0209,
        "risk_level": "moderate"
      },
      "geometry": {
        "type": "Polygon",
        "coordinates": [
          [
            [
              121.48,
              31.04
            ],
            [
              121.48,
              31.05
            ],
            [
              121.49,
              31.05
            ],
            [
              121.49,
              31.04
            ],
            [
              121.48,
              31.04
            ]
          ]
        ]
      }
    },
    {
      "id": "398",
      "type": "Feature",
      "properties": {
        "grid_id": "r085_c065",
        "green_fraction": 0.1615530955130114,
        "water_fraction": 0.0148420179967375,
        "building_fraction": 0.0026553681380365,
        "road_km_per_km2": 10.031657657905924,
        "air_temperature_c": 25.09,
        "relative_humidity_pct": 64.6,
        "wind_speed_10m_ms": 4.85,
        "valid_time_beijing": "2026-09-17 12:00",
        "lead_hours": 2,
        "forecast_issued_at": "2026-09-17T03:56:15.209336+00:00",
        "net_solar_radiation_wm2": 439.1,
        "utci_c": 29.11,
        "p_base": 0.2941,
        "p_enhanced": 0.3458,
        "delta_p": 0.0516,
        "risk_level": "moderate"
      },
      "geometry": {
        "type": "Polygon",
        "coordinates": [
          [
            [
              121.5,
              31.04
            ],
            [
              121.5,
              31.05
            ],
            [
              121.51,
              31.05
            ],
            [
              121.51,
              31.04
            ],
            [
              121.5,
              31.04
            ]
          ]
        ]
      }
    },
    {
      "id": "399",
      "type": "Feature",
      "properties": {
        "grid_id": "r085_c066",
        "green_fraction": 0.4705484988035312,
        "water_fraction": 0.0192076093841424,
        "building_fraction": 0.0142222241671943,
        "road_km_per_km2": 8.378594857607196,
        "air_temperature_c": 25.09,
        "relative_humidity_pct": 64.6,
        "wind_speed_10m_ms": 4.85,
        "valid_time_beijing": "2026-09-17 12:00",
        "lead_hours": 2,
        "forecast_issued_at": "2026-09-17T03:56:15.209336+00:00",
        "net_solar_radiation_wm2": 439.1,
        "utci_c": 29.11,
        "p_base": 0.2941,
        "p_enhanced": 0.3906,
        "delta_p": 0.0964,
        "risk_level": "moderate"
      },
      "geometry": {
        "type": "Polygon",
        "coordinates": [
          [
            [
              121.51,
              31.04
            ],
            [
              121.51,
              31.05
            ],
            [
              121.52,
              31.05
            ],
            [
              121.52,
              31.04
            ],
            [
              121.51,
              31.04
            ]
          ]
        ]
      }
    },
    {
      "id": "400",
      "type": "Feature",
      "properties": {
        "grid_id": "r085_c087",
        "green_fraction": 0.0,
        "water_fraction": 0.0466734017279064,
        "building_fraction": 0.0216951842784059,
        "road_km_per_km2": 3.1967750958322005,
        "air_temperature_c": 25.09,
        "relative_humidity_pct": 64.6,
        "wind_speed_10m_ms": 4.85,
        "valid_time_beijing": "2026-09-17 12:00",
        "lead_hours": 2,
        "forecast_issued_at": "2026-09-17T03:56:15.209336+00:00",
        "net_solar_radiation_wm2": 439.1,
        "utci_c": 29.11,
        "p_base": 0.2941,
        "p_enhanced": 0.3072,
        "delta_p": 0.0131,
        "risk_level": "moderate"
      },
      "geometry": {
        "type": "Polygon",
        "coordinates": [
          [
            [
              121.72,
              31.04
            ],
            [
              121.72,
              31.05
            ],
            [
              121.73,
              31.05
            ],
            [
              121.73,
              31.04
            ],
            [
              121.72,
              31.04
            ]
          ]
        ]
      }
    },
    {
      "id": "401",
      "type": "Feature",
      "properties": {
        "grid_id": "r086_c006",
        "green_fraction": 0.0,
        "water_fraction": 0.0182944027454937,
        "building_fraction": 0.0015334406615489,
        "road_km_per_km2": 11.388862735446311,
        "air_temperature_c": 25.09,
        "relative_humidity_pct": 64.6,
        "wind_speed_10m_ms": 4.85,
        "valid_time_beijing": "2026-09-17 12:00",
        "lead_hours": 2,
        "forecast_issued_at": "2026-09-17T03:56:15.209336+00:00",
        "net_solar_radiation_wm2": 439.1,
        "utci_c": 29.11,
        "p_base": 0.2941,
        "p_enhanced": 0.3205,
        "delta_p": 0.0264,
        "risk_level": "moderate"
      },
      "geometry": {
        "type": "Polygon",
        "coordinates": [
          [
            [
              120.91,
              31.03
            ],
            [
              120.91,
              31.04
            ],
            [
              120.92,
              31.04
            ],
            [
              120.92,
              31.03
            ],
            [
              120.91,
              31.03
            ]
          ]
        ]
      }
    },
    {
      "id": "402",
      "type": "Feature",
      "properties": {
        "grid_id": "r086_c021",
        "green_fraction": 0.3862811629086002,
        "water_fraction": 0.2318788603357713,
        "building_fraction": 0.0,
        "road_km_per_km2": 1.6862458732485617,
        "air_temperature_c": 25.09,
        "relative_humidity_pct": 64.6,
        "wind_speed_10m_ms": 4.85,
        "valid_time_beijing": "2026-09-17 12:00",
        "lead_hours": 2,
        "forecast_issued_at": "2026-09-17T03:56:15.209336+00:00",
        "net_solar_radiation_wm2": 439.1,
        "utci_c": 29.11,
        "p_base": 0.2941,
        "p_enhanced": 0.2968,
        "delta_p": 0.0026,
        "risk_level": "moderate"
      },
      "geometry": {
        "type": "Polygon",
        "coordinates": [
          [
            [
              121.06,
              31.03
            ],
            [
              121.06,
              31.04
            ],
            [
              121.07,
              31.04
            ],
            [
              121.07,
              31.03
            ],
            [
              121.06,
              31.03
            ]
          ]
        ]
      }
    },
    {
      "id": "403",
      "type": "Feature",
      "properties": {
        "grid_id": "r086_c033",
        "green_fraction": 0.0167434288858535,
        "water_fraction": 0.0432848636297992,
        "building_fraction": 0.0303711409272701,
        "road_km_per_km2": 9.97631472549688,
        "air_temperature_c": 25.09,
        "relative_humidity_pct": 64.6,
        "wind_speed_10m_ms": 4.85,
        "valid_time_beijing": "2026-09-17 12:00",
        "lead_hours": 2,
        "forecast_issued_at": "2026-09-17T03:56:15.209336+00:00",
        "net_solar_radiation_wm2": 439.1,
        "utci_c": 29.11,
        "p_base": 0.2941,
        "p_enhanced": 0.3098,
        "delta_p": 0.0156,
        "risk_level": "moderate"
      },
      "geometry": {
        "type": "Polygon",
        "coordinates": [
          [
            [
              121.18,
              31.03
            ],
            [
              121.18,
              31.04
            ],
            [
              121.19,
              31.04
            ],
            [
              121.19,
              31.03
            ],
            [
              121.18,
              31.03
            ]
          ]
        ]
      }
    },
    {
      "id": "404",
      "type": "Feature",
      "properties": {
        "grid_id": "r086_c034",
        "green_fraction": 0.0164469189314197,
        "water_fraction": 0.2043450127602402,
        "building_fraction": 0.0409619648452133,
        "road_km_per_km2": 15.727522607089808,
        "air_temperature_c": 25.09,
        "relative_humidity_pct": 64.6,
        "wind_speed_10m_ms": 4.85,
        "valid_time_beijing": "2026-09-17 12:00",
        "lead_hours": 2,
        "forecast_issued_at": "2026-09-17T03:56:15.209336+00:00",
        "net_solar_radiation_wm2": 439.1,
        "utci_c": 29.11,
        "p_base": 0.2941,
        "p_enhanced": 0.252,
        "delta_p": -0.0422,
        "risk_level": "moderate"
      },
      "geometry": {
        "type": "Polygon",
        "coordinates": [
          [
            [
              121.19,
              31.03
            ],
            [
              121.19,
              31.04
            ],
            [
              121.2,
              31.04
            ],
            [
              121.2,
              31.03
            ],
            [
              121.19,
              31.03
            ]
          ]
        ]
      }
    },
    {
      "id": "405",
      "type": "Feature",
      "properties": {
        "grid_id": "r086_c035",
        "green_fraction": 0.2037201421687633,
        "water_fraction": 0.0973709917485913,
        "building_fraction": 0.092136662536747,
        "road_km_per_km2": 14.877918936252168,
        "air_temperature_c": 25.09,
        "relative_humidity_pct": 64.6,
        "wind_speed_10m_ms": 4.85,
        "valid_time_beijing": "2026-09-17 12:00",
        "lead_hours": 2,
        "forecast_issued_at": "2026-09-17T03:56:15.209336+00:00",
        "net_solar_radiation_wm2": 439.1,
        "utci_c": 29.11,
        "p_base": 0.2941,
        "p_enhanced": 0.3084,
        "delta_p": 0.0142,
        "risk_level": "moderate"
      },
      "geometry": {
        "type": "Polygon",
        "coordinates": [
          [
            [
              121.2,
              31.03
            ],
            [
              121.2,
              31.04
            ],
            [
              121.21,
              31.04
            ],
            [
              121.21,
              31.03
            ],
            [
              121.2,
              31.03
            ]
          ]
        ]
      }
    },
    {
      "id": "406",
      "type": "Feature",
      "properties": {
        "grid_id": "r086_c036",
        "green_fraction": 0.3348530584901342,
        "water_fraction": 0.0920611231943892,
        "building_fraction": 0.1154782916965965,
        "road_km_per_km2": 13.444730539201329,
        "air_temperature_c": 25.09,
        "relative_humidity_pct": 64.6,
        "wind_speed_10m_ms": 4.85,
        "valid_time_beijing": "2026-09-17 12:00",
        "lead_hours": 2,
        "forecast_issued_at": "2026-09-17T03:56:15.209336+00:00",
        "net_solar_radiation_wm2": 439.1,
        "utci_c": 29.11,
        "p_base": 0.2941,
        "p_enhanced": 0.3263,
        "delta_p": 0.0322,
        "risk_level": "moderate"
      },
      "geometry": {
        "type": "Polygon",
        "coordinates": [
          [
            [
              121.21,
              31.03
            ],
            [
              121.21,
              31.04
            ],
            [
              121.22,
              31.04
            ],
            [
              121.22,
              31.03
            ],
            [
              121.21,
              31.03
            ]
          ]
        ]
      }
    },
    {
      "id": "407",
      "type": "Feature",
      "properties": {
        "grid_id": "r086_c037",
        "green_fraction": 0.2722562520273809,
        "water_fraction": 0.0580643757433106,
        "building_fraction": 0.0978715203649376,
        "road_km_per_km2": 12.209231337471602,
        "air_temperature_c": 25.09,
        "relative_humidity_pct": 64.6,
        "wind_speed_10m_ms": 4.85,
        "valid_time_beijing": "2026-09-17 12:00",
        "lead_hours": 2,
        "forecast_issued_at": "2026-09-17T03:56:15.209336+00:00",
        "net_solar_radiation_wm2": 439.1,
        "utci_c": 29.11,
        "p_base": 0.2941,
        "p_enhanced": 0.3325,
        "delta_p": 0.0383,
        "risk_level": "moderate"
      },
      "geometry": {
        "type": "Polygon",
        "coordinates": [
          [
            [
              121.22,
              31.03
            ],
            [
              121.22,
              31.04
            ],
            [
              121.23,
              31.04
            ],
            [
              121.23,
              31.03
            ],
            [
              121.22,
              31.03
            ]
          ]
        ]
      }
    },
    {
      "id": "408",
      "type": "Feature",
      "properties": {
        "grid_id": "r086_c038",
        "green_fraction": 0.009252834806617,
        "water_fraction": 0.0410674597735235,
        "building_fraction": 0.1494771489500779,
        "road_km_per_km2": 12.1822071431609,
        "air_temperature_c": 25.09,
        "relative_humidity_pct": 64.6,
        "wind_speed_10m_ms": 4.85,
        "valid_time_beijing": "2026-09-17 12:00",
        "lead_hours": 2,
        "forecast_issued_at": "2026-09-17T03:56:15.209336+00:00",
        "net_solar_radiation_wm2": 439.1,
        "utci_c": 29.11,
        "p_base": 0.2941,
        "p_enhanced": 0.2941,
        "delta_p": -0.0,
        "risk_level": "moderate"
      },
      "geometry": {
        "type": "Polygon",
        "coordinates": [
          [
            [
              121.23,
              31.03
            ],
            [
              121.23,
              31.04
            ],
            [
              121.24,
              31.04
            ],
            [
              121.24,
              31.03
            ],
            [
              121.23,
              31.03
            ]
          ]
        ]
      }
    },
    {
      "id": "409",
      "type": "Feature",
      "properties": {
        "grid_id": "r086_c039",
        "green_fraction": 0.0,
        "water_fraction": 0.000286604664615,
        "building_fraction": 0.1042343432434317,
        "road_km_per_km2": 15.482107347926322,
        "air_temperature_c": 25.09,
        "relative_humidity_pct": 64.6,
        "wind_speed_10m_ms": 4.85,
        "valid_time_beijing": "2026-09-17 12:00",
        "lead_hours": 2,
        "forecast_issued_at": "2026-09-17T03:56:15.209336+00:00",
        "net_solar_radiation_wm2": 439.1,
        "utci_c": 29.11,
        "p_base": 0.2941,
        "p_enhanced": 0.3137,
        "delta_p": 0.0195,
        "risk_level": "moderate"
      },
      "geometry": {
        "type": "Polygon",
        "coordinates": [
          [
            [
              121.24,
              31.03
            ],
            [
              121.24,
              31.04
            ],
            [
              121.25,
              31.04
            ],
            [
              121.25,
              31.03
            ],
            [
              121.24,
              31.03
            ]
          ]
        ]
      }
    },
    {
      "id": "410",
      "type": "Feature",
      "properties": {
        "grid_id": "r086_c058",
        "green_fraction": 0.103569494111882,
        "water_fraction": 0.0377308974137496,
        "building_fraction": 0.0681241263057923,
        "road_km_per_km2": 21.763696850865,
        "air_temperature_c": 25.09,
        "relative_humidity_pct": 64.6,
        "wind_speed_10m_ms": 4.85,
        "valid_time_beijing": "2026-09-17 12:00",
        "lead_hours": 2,
        "forecast_issued_at": "2026-09-17T03:56:15.209336+00:00",
        "net_solar_radiation_wm2": 439.1,
        "utci_c": 29.11,
        "p_base": 0.2941,
        "p_enhanced": 0.3194,
        "delta_p": 0.0253,
        "risk_level": "moderate"
      },
      "geometry": {
        "type": "Polygon",
        "coordinates": [
          [
            [
              121.43,
              31.03
            ],
            [
              121.43,
              31.04
            ],
            [
              121.44,
              31.04
            ],
            [
              121.44,
              31.03
            ],
            [
              121.43,
              31.03
            ]
          ]
        ]
      }
    },
    {
      "id": "411",
      "type": "Feature",
      "properties": {
        "grid_id": "r086_c086",
        "green_fraction": 0.0,
        "water_fraction": 5.95594161708289e-05,
        "building_fraction": 0.0196137137090483,
        "road_km_per_km2": 6.458155197388919,
        "air_temperature_c": 25.09,
        "relative_humidity_pct": 64.6,
        "wind_speed_10m_ms": 4.85,
        "valid_time_beijing": "2026-09-17 12:00",
        "lead_hours": 2,
        "forecast_issued_at": "2026-09-17T03:56:15.209336+00:00",
        "net_solar_radiation_wm2": 439.1,
        "utci_c": 29.11,
        "p_base": 0.2941,
        "p_enhanced": 0.325,
        "delta_p": 0.0309,
        "risk_level": "moderate"
      },
      "geometry": {
        "type": "Polygon",
        "coordinates": [
          [
            [
              121.71,
              31.03
            ],
            [
              121.71,
              31.04
            ],
            [
              121.72,
              31.04
            ],
            [
              121.72,
              31.03
            ],
            [
              121.71,
              31.03
            ]
          ]
        ]
      }
    },
    {
      "id": "412",
      "type": "Feature",
      "properties": {
        "grid_id": "r087_c011",
        "green_fraction": 0.011264852104377,
        "water_fraction": 0.3236362943700857,
        "building_fraction": 0.0,
        "road_km_per_km2": 6.498269300877518,
        "air_temperature_c": 25.09,
        "relative_humidity_pct": 64.6,
        "wind_speed_10m_ms": 4.85,
        "valid_time_beijing": "2026-09-17 12:00",
        "lead_hours": 2,
        "forecast_issued_at": "2026-09-17T03:56:15.209336+00:00",
        "net_solar_radiation_wm2": 439.1,
        "utci_c": 29.11,
        "p_base": 0.2941,
        "p_enhanced": 0.2186,
        "delta_p": -0.0755,
        "risk_level": "moderate"
      },
      "geometry": {
        "type": "Polygon",
        "coordinates": [
          [
            [
              120.96,
              31.03
            ],
            [
              120.97,
              31.03
            ],
            [
              120.97,
              31.02
            ],
            [
              120.96081207835229,
              31.02
            ],
            [
              120.96,
              31.020847476326466
            ],
            [
              120.96,
              31.03
            ]
          ]
        ]
      }
    },
    {
      "id": "413",
      "type": "Feature",
      "properties": {
        "grid_id": "r087_c013",
        "green_fraction": 0.0711296664634663,
        "water_fraction": 0.2612415304177244,
        "building_fraction": 0.0,
        "road_km_per_km2": 5.813156530521902,
        "air_temperature_c": 25.09,
        "relative_humidity_pct": 64.6,
        "wind_speed_10m_ms": 4.85,
        "valid_time_beijing": "2026-09-17 12:00",
        "lead_hours": 2,
        "forecast_issued_at": "2026-09-17T03:56:15.209336+00:00",
        "net_solar_radiation_wm2": 439.1,
        "utci_c": 29.11,
        "p_base": 0.2941,
        "p_enhanced": 0.2451,
        "delta_p": -0.0491,
        "risk_level": "moderate"
      },
      "geometry": {
        "type": "Polygon",
        "coordinates": [
          [
            [
              120.98,
              31.02
            ],
            [
              120.98,
              31.03
            ],
            [
              120.99,
              31.03
            ],
            [
              120.99,
              31.02
            ],
            [
              120.98,
              31.02
            ]
          ]
        ]
      }
    },
    {
      "id": "414",
      "type": "Feature",
      "properties": {
        "grid_id": "r087_c018",
        "green_fraction": 0.426580277355242,
        "water_fraction": 0.1794408126133627,
        "building_fraction": 0.0,
        "road_km_per_km2": 10.31848099230164,
        "air_temperature_c": 25.09,
        "relative_humidity_pct": 64.6,
        "wind_speed_10m_ms": 4.85,
        "valid_time_beijing": "2026-09-17 12:00",
        "lead_hours": 2,
        "forecast_issued_at": "2026-09-17T03:56:15.209336+00:00",
        "net_solar_radiation_wm2": 439.1,
        "utci_c": 29.11,
        "p_base": 0.2941,
        "p_enhanced": 0.322,
        "delta_p": 0.0279,
        "risk_level": "moderate"
      },
      "geometry": {
        "type": "Polygon",
        "coordinates": [
          [
            [
              121.03,
              31.02
            ],
            [
              121.03,
              31.03
            ],
            [
              121.04,
              31.03
            ],
            [
              121.04,
              31.02
            ],
            [
              121.03,
              31.02
            ]
          ]
        ]
      }
    },
    {
      "id": "415",
      "type": "Feature",
      "properties": {
        "grid_id": "r087_c040",
        "green_fraction": 0.0,
        "water_fraction": 0.0343660922422504,
        "building_fraction": 0.0666691692459424,
        "road_km_per_km2": 4.796602478361757,
        "air_temperature_c": 25.09,
        "relative_humidity_pct": 64.6,
        "wind_speed_10m_ms": 4.85,
        "valid_time_beijing": "2026-09-17 12:00",
        "lead_hours": 2,
        "forecast_issued_at": "2026-09-17T03:56:15.209336+00:00",
        "net_solar_radiation_wm2": 439.1,
        "utci_c": 29.11,
        "p_base": 0.2941,
        "p_enhanced": 0.3059,
        "delta_p": 0.0118,
        "risk_level": "moderate"
      },
      "geometry": {
        "type": "Polygon",
        "coordinates": [
          [
            [
              121.25,
              31.02
            ],
            [
              121.25,
              31.03
            ],
            [
              121.26,
              31.03
            ],
            [
              121.26,
              31.02
            ],
            [
              121.25,
              31.02
            ]
          ]
        ]
      }
    },
    {
      "id": "416",
      "type": "Feature",
      "properties": {
        "grid_id": "r087_c055",
        "green_fraction": 0.1195877002966205,
        "water_fraction": 0.0241043307397692,
        "building_fraction": 0.0582812805175873,
        "road_km_per_km2": 10.85417266310174,
        "air_temperature_c": 25.09,
        "relative_humidity_pct": 64.6,
        "wind_speed_10m_ms": 4.85,
        "valid_time_beijing": "2026-09-17 12:00",
        "lead_hours": 2,
        "forecast_issued_at": "2026-09-17T03:56:15.209336+00:00",
        "net_solar_radiation_wm2": 439.1,
        "utci_c": 29.11,
        "p_base": 0.2941,
        "p_enhanced": 0.3283,
        "delta_p": 0.0341,
        "risk_level": "moderate"
      },
      "geometry": {
        "type": "Polygon",
        "coordinates": [
          [
            [
              121.4,
              31.02
            ],
            [
              121.4,
              31.03
            ],
            [
              121.41,
              31.03
            ],
            [
              121.41,
              31.02
            ],
            [
              121.4,
              31.02
            ]
          ]
        ]
      }
    },
    {
      "id": "417",
      "type": "Feature",
      "properties": {
        "grid_id": "r087_c057",
        "green_fraction": 0.1218305685324919,
        "water_fraction": 0.0429163502764741,
        "building_fraction": 0.1523079036359966,
        "road_km_per_km2": 27.81341494014048,
        "air_temperature_c": 25.09,
        "relative_humidity_pct": 64.6,
        "wind_speed_10m_ms": 4.85,
        "valid_time_beijing": "2026-09-17 12:00",
        "lead_hours": 2,
        "forecast_issued_at": "2026-09-17T03:56:15.209336+00:00",
        "net_solar_radiation_wm2": 439.1,
        "utci_c": 29.11,
        "p_base": 0.2941,
        "p_enhanced": 0.309,
        "delta_p": 0.0148,
        "risk_level": "moderate"
      },
      "geometry": {
        "type": "Polygon",
        "coordinates": [
          [
            [
              121.42,
              31.02
            ],
            [
              121.42,
              31.03
            ],
            [
              121.43,
              31.03
            ],
            [
              121.43,
              31.02
            ],
            [
              121.42,
              31.02
            ]
          ]
        ]
      }
    },
    {
      "id": "418",
      "type": "Feature",
      "properties": {
        "grid_id": "r087_c058",
        "green_fraction": 0.1581855157471103,
        "water_fraction": 0.0556217534563663,
        "building_fraction": 0.1082385071748271,
        "road_km_per_km2": 25.270024926384234,
        "air_temperature_c": 25.09,
        "relative_humidity_pct": 64.6,
        "wind_speed_10m_ms": 4.85,
        "valid_time_beijing": "2026-09-17 12:00",
        "lead_hours": 2,
        "forecast_issued_at": "2026-09-17T03:56:15.209336+00:00",
        "net_solar_radiation_wm2": 439.1,
        "utci_c": 29.11,
        "p_base": 0.2941,
        "p_enhanced": 0.3153,
        "delta_p": 0.0211,
        "risk_level": "moderate"
      },
      "geometry": {
        "type": "Polygon",
        "coordinates": [
          [
            [
              121.43,
              31.02
            ],
            [
              121.43,
              31.03
            ],
            [
              121.44,
              31.03
            ],
            [
              121.44,
              31.02
            ],
            [
              121.43,
              31.02
            ]
          ]
        ]
      }
    },
    {
      "id": "419",
      "type": "Feature",
      "properties": {
        "grid_id": "r087_c059",
        "green_fraction": 0.1073979618057655,
        "water_fraction": 0.018195047448701,
        "building_fraction": 0.1747052994317666,
        "road_km_per_km2": 15.790197505649669,
        "air_temperature_c": 25.09,
        "relative_humidity_pct": 64.6,
        "wind_speed_10m_ms": 4.85,
        "valid_time_beijing": "2026-09-17 12:00",
        "lead_hours": 2,
        "forecast_issued_at": "2026-09-17T03:56:15.209336+00:00",
        "net_solar_radiation_wm2": 439.1,
        "utci_c": 29.11,
        "p_base": 0.2941,
        "p_enhanced": 0.3132,
        "delta_p": 0.019,
        "risk_level": "moderate"
      },
      "geometry": {
        "type": "Polygon",
        "coordinates": [
          [
            [
              121.44,
              31.02
            ],
            [
              121.44,
              31.03
            ],
            [
              121.45,
              31.03
            ],
            [
              121.45,
              31.02
            ],
            [
              121.44,
              31.02
            ]
          ]
        ]
      }
    },
    {
      "id": "420",
      "type": "Feature",
      "properties": {
        "grid_id": "r087_c061",
        "green_fraction": 0.0075492815223883,
        "water_fraction": 0.2433249606928395,
        "building_fraction": 0.0362418688396974,
        "road_km_per_km2": 11.057813806786616,
        "air_temperature_c": 25.09,
        "relative_humidity_pct": 64.6,
        "wind_speed_10m_ms": 4.85,
        "valid_time_beijing": "2026-09-17 12:00",
        "lead_hours": 2,
        "forecast_issued_at": "2026-09-17T03:56:15.209336+00:00",
        "net_solar_radiation_wm2": 439.1,
        "utci_c": 29.11,
        "p_base": 0.2941,
        "p_enhanced": 0.2389,
        "delta_p": -0.0553,
        "risk_level": "moderate"
      },
      "geometry": {
        "type": "Polygon",
        "coordinates": [
          [
            [
              121.46,
              31.02
            ],
            [
              121.46,
              31.03
            ],
            [
              121.47,
              31.03
            ],
            [
              121.47,
              31.02
            ],
            [
              121.46,
              31.02
            ]
          ]
        ]
      }
    },
    {
      "id": "421",
      "type": "Feature",
      "properties": {
        "grid_id": "r087_c079",
        "green_fraction": 0.0,
        "water_fraction": 0.0,
        "building_fraction": 0.0480235317238781,
        "road_km_per_km2": 11.571858649780232,
        "air_temperature_c": 25.09,
        "relative_humidity_pct": 64.6,
        "wind_speed_10m_ms": 4.85,
        "valid_time_beijing": "2026-09-17 12:00",
        "lead_hours": 2,
        "forecast_issued_at": "2026-09-17T03:56:15.209336+00:00",
        "net_solar_radiation_wm2": 439.1,
        "utci_c": 29.11,
        "p_base": 0.2941,
        "p_enhanced": 0.3213,
        "delta_p": 0.0271,
        "risk_level": "moderate"
      },
      "geometry": {
        "type": "Polygon",
        "coordinates": [
          [
            [
              121.64,
              31.02
            ],
            [
              121.64,
              31.03
            ],
            [
              121.65,
              31.03
            ],
            [
              121.65,
              31.02
            ],
            [
              121.64,
              31.02
            ]
          ]
        ]
      }
    },
    {
      "id": "422",
      "type": "Feature",
      "properties": {
        "grid_id": "r087_c084",
        "green_fraction": 0.0116427400938667,
        "water_fraction": 0.0,
        "building_fraction": 0.1003971143529344,
        "road_km_per_km2": 7.949526539456555,
        "air_temperature_c": 25.09,
        "relative_humidity_pct": 64.6,
        "wind_speed_10m_ms": 4.85,
        "valid_time_beijing": "2026-09-17 12:00",
        "lead_hours": 2,
        "forecast_issued_at": "2026-09-17T03:56:15.209336+00:00",
        "net_solar_radiation_wm2": 439.1,
        "utci_c": 29.11,
        "p_base": 0.2941,
        "p_enhanced": 0.316,
        "delta_p": 0.0218,
        "risk_level": "moderate"
      },
      "geometry": {
        "type": "Polygon",
        "coordinates": [
          [
            [
              121.69,
              31.02
            ],
            [
              121.69,
              31.03
            ],
            [
              121.7,
              31.03
            ],
            [
              121.7,
              31.02
            ],
            [
              121.69,
              31.02
            ]
          ]
        ]
      }
    },
    {
      "id": "423",
      "type": "Feature",
      "properties": {
        "grid_id": "r088_c019",
        "green_fraction": 0.3547961702647492,
        "water_fraction": 0.0019226463136877,
        "building_fraction": 0.1121112772695403,
        "road_km_per_km2": 10.273894199100344,
        "air_temperature_c": 25.09,
        "relative_humidity_pct": 64.6,
        "wind_speed_10m_ms": 4.85,
        "valid_time_beijing": "2026-09-17 12:00",
        "lead_hours": 2,
        "forecast_issued_at": "2026-09-17T03:56:15.209336+00:00",
        "net_solar_radiation_wm2": 439.1,
        "utci_c": 29.11,
        "p_base": 0.2941,
        "p_enhanced": 0.3652,
        "delta_p": 0.0711,
        "risk_level": "moderate"
      },
      "geometry": {
        "type": "Polygon",
        "coordinates": [
          [
            [
              121.04,
              31.01
            ],
            [
              121.04,
              31.02
            ],
            [
              121.05,
              31.02
            ],
            [
              121.05,
              31.01
            ],
            [
              121.04,
              31.01
            ]
          ]
        ]
      }
    },
    {
      "id": "424",
      "type": "Feature",
      "properties": {
        "grid_id": "r088_c041",
        "green_fraction": 0.0461392589498682,
        "water_fraction": 0.0271224818747812,
        "building_fraction": 0.1387861515783839,
        "road_km_per_km2": 7.464381652174758,
        "air_temperature_c": 25.09,
        "relative_humidity_pct": 64.6,
        "wind_speed_10m_ms": 4.85,
        "valid_time_beijing": "2026-09-17 12:00",
        "lead_hours": 2,
        "forecast_issued_at": "2026-09-17T03:56:15.209336+00:00",
        "net_solar_radiation_wm2": 439.1,
        "utci_c": 29.11,
        "p_base": 0.2941,
        "p_enhanced": 0.3058,
        "delta_p": 0.0116,
        "risk_level": "moderate"
      },
      "geometry": {
        "type": "Polygon",
        "coordinates": [
          [
            [
              121.26,
              31.01
            ],
            [
              121.26,
              31.02
            ],
            [
              121.27,
              31.02
            ],
            [
              121.27,
              31.01
            ],
            [
              121.26,
              31.01
            ]
          ]
        ]
      }
    },
    {
      "id": "425",
      "type": "Feature",
      "properties": {
        "grid_id": "r088_c045",
        "green_fraction": 0.0,
        "water_fraction": 7.554261399578395e-06,
        "building_fraction": 0.018789012333003,
        "road_km_per_km2": 13.686718771045284,
        "air_temperature_c": 25.09,
        "relative_humidity_pct": 64.6,
        "wind_speed_10m_ms": 4.85,
        "valid_time_beijing": "2026-09-17 12:00",
        "lead_hours": 2,
        "forecast_issued_at": "2026-09-17T03:56:15.209336+00:00",
        "net_solar_radiation_wm2": 439.1,
        "utci_c": 29.11,
        "p_base": 0.2941,
        "p_enhanced": 0.3252,
        "delta_p": 0.031,
        "risk_level": "moderate"
      },
      "geometry": {
        "type": "Polygon",
        "coordinates": [
          [
            [
              121.3,
              31.01
            ],
            [
              121.3,
              31.02
            ],
            [
              121.31,
              31.02
            ],
            [
              121.31,
              31.01
            ],
            [
              121.3,
              31.01
            ]
          ]
        ]
      }
    },
    {
      "id": "426",
      "type": "Feature",
      "properties": {
        "grid_id": "r088_c079",
        "green_fraction": 0.1107366628971311,
        "water_fraction": 0.0933280051083396,
        "building_fraction": 0.0062047598996821,
        "road_km_per_km2": 12.886433499604998,
        "air_temperature_c": 25.09,
        "relative_humidity_pct": 64.6,
        "wind_speed_10m_ms": 4.85,
        "valid_time_beijing": "2026-09-17 12:00",
        "lead_hours": 2,
        "forecast_issued_at": "2026-09-17T03:56:15.209336+00:00",
        "net_solar_radiation_wm2": 439.1,
        "utci_c": 29.11,
        "p_base": 0.2941,
        "p_enhanced": 0.3078,
        "delta_p": 0.0137,
        "risk_level": "moderate"
      },
      "geometry": {
        "type": "Polygon",
        "coordinates": [
          [
            [
              121.64,
              31.01
            ],
            [
              121.64,
              31.02
            ],
            [
              121.65,
              31.02
            ],
            [
              121.65,
              31.01
            ],
            [
              121.64,
              31.01
            ]
          ]
        ]
      }
    },
    {
      "id": "427",
      "type": "Feature",
      "properties": {
        "grid_id": "r089_c035",
        "green_fraction": 0.0,
        "water_fraction": 0.0,
        "building_fraction": 0.0011852932725492,
        "road_km_per_km2": 5.867568614479764,
        "air_temperature_c": 25.09,
        "relative_humidity_pct": 64.6,
        "wind_speed_10m_ms": 4.85,
        "valid_time_beijing": "2026-09-17 12:00",
        "lead_hours": 2,
        "forecast_issued_at": "2026-09-17T03:56:15.209336+00:00",
        "net_solar_radiation_wm2": 439.1,
        "utci_c": 29.11,
        "p_base": 0.2941,
        "p_enhanced": 0.3276,
        "delta_p": 0.0334,
        "risk_level": "moderate"
      },
      "geometry": {
        "type": "Polygon",
        "coordinates": [
          [
            [
              121.2,
              31.0
            ],
            [
              121.2,
              31.01
            ],
            [
              121.21,
              31.01
            ],
            [
              121.21,
              31.0
            ],
            [
              121.2,
              31.0
            ]
          ]
        ]
      }
    },
    {
      "id": "428",
      "type": "Feature",
      "properties": {
        "grid_id": "r089_c036",
        "green_fraction": 0.0072051619146565,
        "water_fraction": 0.0031792921253688,
        "building_fraction": 0.0148589680357127,
        "road_km_per_km2": 4.855641181294668,
        "air_temperature_c": 25.09,
        "relative_humidity_pct": 64.6,
        "wind_speed_10m_ms": 4.85,
        "valid_time_beijing": "2026-09-17 12:00",
        "lead_hours": 2,
        "forecast_issued_at": "2026-09-17T03:56:15.209336+00:00",
        "net_solar_radiation_wm2": 439.1,
        "utci_c": 29.11,
        "p_base": 0.2941,
        "p_enhanced": 0.3256,
        "delta_p": 0.0314,
        "risk_level": "moderate"
      },
      "geometry": {
        "type": "Polygon",
        "coordinates": [
          [
            [
              121.21,
              31.0
            ],
            [
              121.21,
              31.01
            ],
            [
              121.22,
              31.01
            ],
            [
              121.22,
              31.0
            ],
            [
              121.21,
              31.0
            ]
          ]
        ]
      }
    },
    {
      "id": "429",
      "type": "Feature",
      "properties": {
        "grid_id": "r089_c037",
        "green_fraction": 0.0541168735729915,
        "water_fraction": 0.0022247213364453,
        "building_fraction": 0.0270780359064289,
        "road_km_per_km2": 8.00972654649497,
        "air_temperature_c": 25.09,
        "relative_humidity_pct": 64.6,
        "wind_speed_10m_ms": 4.85,
        "valid_time_beijing": "2026-09-17 12:00",
        "lead_hours": 2,
        "forecast_issued_at": "2026-09-17T03:56:15.209336+00:00",
        "net_solar_radiation_wm2": 439.1,
        "utci_c": 29.11,
        "p_base": 0.2941,
        "p_enhanced": 0.3312,
        "delta_p": 0.0371,
        "risk_level": "moderate"
      },
      "geometry": {
        "type": "Polygon",
        "coordinates": [
          [
            [
              121.22,
              31.0
            ],
            [
              121.22,
              31.01
            ],
            [
              121.23,
              31.01
            ],
            [
              121.23,
              31.0
            ],
            [
              121.22,
              31.0
            ]
          ]
        ]
      }
    },
    {
      "id": "430",
      "type": "Feature",
      "properties": {
        "grid_id": "r089_c038",
        "green_fraction": 0.0081116636916961,
        "water_fraction": 0.0422735894703895,
        "building_fraction": 0.0283889462449003,
        "road_km_per_km2": 6.659883947291407,
        "air_temperature_c": 25.09,
        "relative_humidity_pct": 64.6,
        "wind_speed_10m_ms": 4.85,
        "valid_time_beijing": "2026-09-17 12:00",
        "lead_hours": 2,
        "forecast_issued_at": "2026-09-17T03:56:15.209336+00:00",
        "net_solar_radiation_wm2": 439.1,
        "utci_c": 29.11,
        "p_base": 0.2941,
        "p_enhanced": 0.3092,
        "delta_p": 0.015,
        "risk_level": "moderate"
      },
      "geometry": {
        "type": "Polygon",
        "coordinates": [
          [
            [
              121.23,
              31.0
            ],
            [
              121.23,
              31.01
            ],
            [
              121.24,
              31.01
            ],
            [
              121.24,
              31.0
            ],
            [
              121.23,
              31.0
            ]
          ]
        ]
      }
    },
    {
      "id": "431",
      "type": "Feature",
      "properties": {
        "grid_id": "r089_c039",
        "green_fraction": 0.142686665971272,
        "water_fraction": 0.0153312324375392,
        "building_fraction": 0.0393959760997396,
        "road_km_per_km2": 5.9809087502458365,
        "air_temperature_c": 25.09,
        "relative_humidity_pct": 64.6,
        "wind_speed_10m_ms": 4.85,
        "valid_time_beijing": "2026-09-17 12:00",
        "lead_hours": 2,
        "forecast_issued_at": "2026-09-17T03:56:15.209336+00:00",
        "net_solar_radiation_wm2": 439.1,
        "utci_c": 29.11,
        "p_base": 0.2941,
        "p_enhanced": 0.3377,
        "delta_p": 0.0435,
        "risk_level": "moderate"
      },
      "geometry": {
        "type": "Polygon",
        "coordinates": [
          [
            [
              121.24,
              31.0
            ],
            [
              121.24,
              31.01
            ],
            [
              121.25,
              31.01
            ],
            [
              121.25,
              31.0
            ],
            [
              121.24,
              31.0
            ]
          ]
        ]
      }
    },
    {
      "id": "432",
      "type": "Feature",
      "properties": {
        "grid_id": "r089_c045",
        "green_fraction": 0.0,
        "water_fraction": 0.0066373908955133,
        "building_fraction": 0.0,
        "road_km_per_km2": 7.652922773810328,
        "air_temperature_c": 25.09,
        "relative_humidity_pct": 64.6,
        "wind_speed_10m_ms": 4.85,
        "valid_time_beijing": "2026-09-17 12:00",
        "lead_hours": 2,
        "forecast_issued_at": "2026-09-17T03:56:15.209336+00:00",
        "net_solar_radiation_wm2": 439.1,
        "utci_c": 29.11,
        "p_base": 0.2941,
        "p_enhanced": 0.3252,
        "delta_p": 0.031,
        "risk_level": "moderate"
      },
      "geometry": {
        "type": "Polygon",
        "coordinates": [
          [
            [
              121.3,
              31.0
            ],
            [
              121.3,
              31.01
            ],
            [
              121.31,
              31.01
            ],
            [
              121.31,
              31.0
            ],
            [
              121.3,
              31.0
            ]
          ]
        ]
      }
    },
    {
      "id": "433",
      "type": "Feature",
      "properties": {
        "grid_id": "r089_c056",
        "green_fraction": 0.0354354265378547,
        "water_fraction": 0.0,
        "building_fraction": 0.2237143426505747,
        "road_km_per_km2": 8.552551354098242,
        "air_temperature_c": 25.09,
        "relative_humidity_pct": 64.6,
        "wind_speed_10m_ms": 4.85,
        "valid_time_beijing": "2026-09-17 12:00",
        "lead_hours": 2,
        "forecast_issued_at": "2026-09-17T03:56:15.209336+00:00",
        "net_solar_radiation_wm2": 439.1,
        "utci_c": 29.11,
        "p_base": 0.2941,
        "p_enhanced": 0.3032,
        "delta_p": 0.009,
        "risk_level": "moderate"
      },
      "geometry": {
        "type": "Polygon",
        "coordinates": [
          [
            [
              121.41,
              31.0
            ],
            [
              121.41,
              31.01
            ],
            [
              121.42,
              31.01
            ],
            [
              121.42,
              31.0
            ],
            [
              121.41,
              31.0
            ]
          ]
        ]
      }
    },
    {
      "id": "434",
      "type": "Feature",
      "properties": {
        "grid_id": "r089_c077",
        "green_fraction": 0.0,
        "water_fraction": 0.0,
        "building_fraction": 0.0,
        "road_km_per_km2": 6.687719895987681,
        "air_temperature_c": 25.09,
        "relative_humidity_pct": 64.6,
        "wind_speed_10m_ms": 4.85,
        "valid_time_beijing": "2026-09-17 12:00",
        "lead_hours": 2,
        "forecast_issued_at": "2026-09-17T03:56:15.209336+00:00",
        "net_solar_radiation_wm2": 439.1,
        "utci_c": 29.11,
        "p_base": 0.2941,
        "p_enhanced": 0.3277,
        "delta_p": 0.0336,
        "risk_level": "moderate"
      },
      "geometry": {
        "type": "Polygon",
        "coordinates": [
          [
            [
              121.62,
              31.0
            ],
            [
              121.62,
              31.01
            ],
            [
              121.63,
              31.01
            ],
            [
              121.63,
              31.0
            ],
            [
              121.62,
              31.0
            ]
          ]
        ]
      }
    },
    {
      "id": "435",
      "type": "Feature",
      "properties": {
        "grid_id": "r091_c047",
        "green_fraction": 0.1725208707593315,
        "water_fraction": 0.3284647109924498,
        "building_fraction": 0.0,
        "road_km_per_km2": 7.889608182538379,
        "air_temperature_c": 25.09,
        "relative_humidity_pct": 64.6,
        "wind_speed_10m_ms": 4.85,
        "valid_time_beijing": "2026-09-17 12:00",
        "lead_hours": 2,
        "forecast_issued_at": "2026-09-17T03:56:15.209336+00:00",
        "net_solar_radiation_wm2": 439.1,
        "utci_c": 29.11,
        "p_base": 0.2941,
        "p_enhanced": 0.2361,
        "delta_p": -0.058,
        "risk_level": "moderate"
      },
      "geometry": {
        "type": "Polygon",
        "coordinates": [
          [
            [
              121.32,
              30.98
            ],
            [
              121.32,
              30.99
            ],
            [
              121.33,
              30.99
            ],
            [
              121.33,
              30.98
            ],
            [
              121.32,
              30.98
            ]
          ]
        ]
      }
    },
    {
      "id": "436",
      "type": "Feature",
      "properties": {
        "grid_id": "r091_c063",
        "green_fraction": 0.0,
        "water_fraction": 0.0,
        "building_fraction": 0.0,
        "road_km_per_km2": 8.77839019248791,
        "air_temperature_c": 25.09,
        "relative_humidity_pct": 64.6,
        "wind_speed_10m_ms": 4.85,
        "valid_time_beijing": "2026-09-17 12:00",
        "lead_hours": 2,
        "forecast_issued_at": "2026-09-17T03:56:15.209336+00:00",
        "net_solar_radiation_wm2": 439.1,
        "utci_c": 29.11,
        "p_base": 0.2941,
        "p_enhanced": 0.3277,
        "delta_p": 0.0336,
        "risk_level": "moderate"
      },
      "geometry": {
        "type": "Polygon",
        "coordinates": [
          [
            [
              121.48,
              30.98
            ],
            [
              121.48,
              30.99
            ],
            [
              121.49,
              30.99
            ],
            [
              121.49,
              30.98
            ],
            [
              121.48,
              30.98
            ]
          ]
        ]
      }
    },
    {
      "id": "437",
      "type": "Feature",
      "properties": {
        "grid_id": "r093_c044",
        "green_fraction": 0.1582270808812403,
        "water_fraction": 0.457815986849978,
        "building_fraction": 0.0,
        "road_km_per_km2": 7.730309679877106,
        "air_temperature_c": 25.09,
        "relative_humidity_pct": 64.6,
        "wind_speed_10m_ms": 4.85,
        "valid_time_beijing": "2026-09-17 12:00",
        "lead_hours": 2,
        "forecast_issued_at": "2026-09-17T03:56:15.209336+00:00",
        "net_solar_radiation_wm2": 439.1,
        "utci_c": 29.11,
        "p_base": 0.2941,
        "p_enhanced": 0.1965,
        "delta_p": -0.0977,
        "risk_level": "moderate"
      },
      "geometry": {
        "type": "Polygon",
        "coordinates": [
          [
            [
              121.29,
              30.96
            ],
            [
              121.29,
              30.97
            ],
            [
              121.3,
              30.97
            ],
            [
              121.3,
              30.96
            ],
            [
              121.29,
              30.96
            ]
          ]
        ]
      }
    },
    {
      "id": "438",
      "type": "Feature",
      "properties": {
        "grid_id": "r093_c105",
        "green_fraction": 0.7220279919739616,
        "water_fraction": 0.1691774048516535,
        "building_fraction": 0.0,
        "road_km_per_km2": 6.967942874494277,
        "air_temperature_c": 25.09,
        "relative_humidity_pct": 64.6,
        "wind_speed_10m_ms": 4.85,
        "valid_time_beijing": "2026-09-17 12:00",
        "lead_hours": 2,
        "forecast_issued_at": "2026-09-17T03:56:15.209336+00:00",
        "net_solar_radiation_wm2": 439.1,
        "utci_c": 29.11,
        "p_base": 0.2941,
        "p_enhanced": 0.3709,
        "delta_p": 0.0768,
        "risk_level": "moderate"
      },
      "geometry": {
        "type": "Polygon",
        "coordinates": [
          [
            [
              121.9,
              30.96
            ],
            [
              121.9,
              30.97
            ],
            [
              121.91,
              30.97
            ],
            [
              121.91,
              30.96
            ],
            [
              121.9,
              30.96
            ]
          ]
        ]
      }
    },
    {
      "id": "439",
      "type": "Feature",
      "properties": {
        "grid_id": "r094_c040",
        "green_fraction": 0.0,
        "water_fraction": 0.0,
        "building_fraction": 0.0,
        "road_km_per_km2": 9.02499877867316,
        "air_temperature_c": 25.09,
        "relative_humidity_pct": 64.6,
        "wind_speed_10m_ms": 4.85,
        "valid_time_beijing": "2026-09-17 12:00",
        "lead_hours": 2,
        "forecast_issued_at": "2026-09-17T03:56:15.209336+00:00",
        "net_solar_radiation_wm2": 439.1,
        "utci_c": 29.11,
        "p_base": 0.2941,
        "p_enhanced": 0.3277,
        "delta_p": 0.0336,
        "risk_level": "moderate"
      },
      "geometry": {
        "type": "Polygon",
        "coordinates": [
          [
            [
              121.25,
              30.95
            ],
            [
              121.25,
              30.96
            ],
            [
              121.26,
              30.96
            ],
            [
              121.26,
              30.95
            ],
            [
              121.25,
              30.95
            ]
          ]
        ]
      }
    },
    {
      "id": "440",
      "type": "Feature",
      "properties": {
        "grid_id": "r095_c023",
        "green_fraction": 0.0,
        "water_fraction": 0.0002024362955357,
        "building_fraction": 0.0077292932464135,
        "road_km_per_km2": 8.816686006833056,
        "air_temperature_c": 25.09,
        "relative_humidity_pct": 64.6,
        "wind_speed_10m_ms": 4.85,
        "valid_time_beijing": "2026-09-17 12:00",
        "lead_hours": 2,
        "forecast_issued_at": "2026-09-17T03:56:15.209336+00:00",
        "net_solar_radiation_wm2": 439.1,
        "utci_c": 29.11,
        "p_base": 0.2941,
        "p_enhanced": 0.3266,
        "delta_p": 0.0324,
        "risk_level": "moderate"
      },
      "geometry": {
        "type": "Polygon",
        "coordinates": [
          [
            [
              121.08,
              30.94
            ],
            [
              121.08,
              30.95
            ],
            [
              121.09,
              30.95
            ],
            [
              121.09,
              30.94
            ],
            [
              121.08,
              30.94
            ]
          ]
        ]
      }
    },
    {
      "id": "441",
      "type": "Feature",
      "properties": {
        "grid_id": "r095_c064",
        "green_fraction": 0.0074453053909141,
        "water_fraction": 0.0339591677046895,
        "building_fraction": 0.0018217470219903,
        "road_km_per_km2": 4.989121245347319,
        "air_temperature_c": 25.09,
        "relative_humidity_pct": 64.6,
        "wind_speed_10m_ms": 4.85,
        "valid_time_beijing": "2026-09-17 12:00",
        "lead_hours": 2,
        "forecast_issued_at": "2026-09-17T03:56:15.209336+00:00",
        "net_solar_radiation_wm2": 439.1,
        "utci_c": 29.11,
        "p_base": 0.2941,
        "p_enhanced": 0.3157,
        "delta_p": 0.0215,
        "risk_level": "moderate"
      },
      "geometry": {
        "type": "Polygon",
        "coordinates": [
          [
            [
              121.49,
              30.94
            ],
            [
              121.49,
              30.95
            ],
            [
              121.5,
              30.95
            ],
            [
              121.5,
              30.94
            ],
            [
              121.49,
              30.94
            ]
          ]
        ]
      }
    },
    {
      "id": "442",
      "type": "Feature",
      "properties": {
        "grid_id": "r095_c078",
        "green_fraction": 0.0,
        "water_fraction": 0.0,
        "building_fraction": 0.0,
        "road_km_per_km2": 5.119933567330904,
        "air_temperature_c": 25.09,
        "relative_humidity_pct": 64.6,
        "wind_speed_10m_ms": 4.85,
        "valid_time_beijing": "2026-09-17 12:00",
        "lead_hours": 2,
        "forecast_issued_at": "2026-09-17T03:56:15.209336+00:00",
        "net_solar_radiation_wm2": 439.1,
        "utci_c": 29.11,
        "p_base": 0.2941,
        "p_enhanced": 0.3277,
        "delta_p": 0.0336,
        "risk_level": "moderate"
      },
      "geometry": {
        "type": "Polygon",
        "coordinates": [
          [
            [
              121.63,
              30.94
            ],
            [
              121.63,
              30.95
            ],
            [
              121.64,
              30.95
            ],
            [
              121.64,
              30.94
            ],
            [
              121.63,
              30.94
            ]
          ]
        ]
      }
    },
    {
      "id": "443",
      "type": "Feature",
      "properties": {
        "grid_id": "r095_c105",
        "green_fraction": 0.1815643055190818,
        "water_fraction": 0.0973855622033681,
        "building_fraction": 0.052247660668167,
        "road_km_per_km2": 5.894634308295982,
        "air_temperature_c": 25.09,
        "relative_humidity_pct": 64.6,
        "wind_speed_10m_ms": 4.85,
        "valid_time_beijing": "2026-09-17 12:00",
        "lead_hours": 2,
        "forecast_issued_at": "2026-09-17T03:56:15.209336+00:00",
        "net_solar_radiation_wm2": 439.1,
        "utci_c": 29.11,
        "p_base": 0.2941,
        "p_enhanced": 0.3104,
        "delta_p": 0.0163,
        "risk_level": "moderate"
      },
      "geometry": {
        "type": "Polygon",
        "coordinates": [
          [
            [
              121.9,
              30.94
            ],
            [
              121.9,
              30.95
            ],
            [
              121.91,
              30.95
            ],
            [
              121.91,
              30.94
            ],
            [
              121.9,
              30.94
            ]
          ]
        ]
      }
    },
    {
      "id": "444",
      "type": "Feature",
      "properties": {
        "grid_id": "r096_c063",
        "green_fraction": 0.0073703202567434,
        "water_fraction": 0.0077004313337989,
        "building_fraction": 0.0022227990486624,
        "road_km_per_km2": 12.27599748328163,
        "air_temperature_c": 25.09,
        "relative_humidity_pct": 64.6,
        "wind_speed_10m_ms": 4.85,
        "valid_time_beijing": "2026-09-17 12:00",
        "lead_hours": 2,
        "forecast_issued_at": "2026-09-17T03:56:15.209336+00:00",
        "net_solar_radiation_wm2": 439.1,
        "utci_c": 29.11,
        "p_base": 0.2941,
        "p_enhanced": 0.3256,
        "delta_p": 0.0314,
        "risk_level": "moderate"
      },
      "geometry": {
        "type": "Polygon",
        "coordinates": [
          [
            [
              121.48,
              30.93
            ],
            [
              121.48,
              30.94
            ],
            [
              121.49,
              30.94
            ],
            [
              121.49,
              30.93
            ],
            [
              121.48,
              30.93
            ]
          ]
        ]
      }
    },
    {
      "id": "445",
      "type": "Feature",
      "properties": {
        "grid_id": "r096_c064",
        "green_fraction": 0.3479953366698706,
        "water_fraction": 0.4587235988664836,
        "building_fraction": 0.0281862818912289,
        "road_km_per_km2": 14.58006819279514,
        "air_temperature_c": 25.09,
        "relative_humidity_pct": 64.6,
        "wind_speed_10m_ms": 4.85,
        "valid_time_beijing": "2026-09-17 12:00",
        "lead_hours": 2,
        "forecast_issued_at": "2026-09-17T03:56:15.209336+00:00",
        "net_solar_radiation_wm2": 439.1,
        "utci_c": 29.11,
        "p_base": 0.2941,
        "p_enhanced": 0.2141,
        "delta_p": -0.08,
        "risk_level": "moderate"
      },
      "geometry": {
        "type": "Polygon",
        "coordinates": [
          [
            [
              121.49,
              30.93
            ],
            [
              121.49,
              30.94
            ],
            [
              121.5,
              30.94
            ],
            [
              121.5,
              30.93
            ],
            [
              121.49,
              30.93
            ]
          ]
        ]
      }
    },
    {
      "id": "446",
      "type": "Feature",
      "properties": {
        "grid_id": "r097_c016",
        "green_fraction": 0.0,
        "water_fraction": 0.0,
        "building_fraction": 0.0,
        "road_km_per_km2": 2.01093633694008,
        "air_temperature_c": 25.09,
        "relative_humidity_pct": 64.6,
        "wind_speed_10m_ms": 4.85,
        "valid_time_beijing": "2026-09-17 12:00",
        "lead_hours": 2,
        "forecast_issued_at": "2026-09-17T03:56:15.209336+00:00",
        "net_solar_radiation_wm2": 439.1,
        "utci_c": 29.11,
        "p_base": 0.2941,
        "p_enhanced": 0.3277,
        "delta_p": 0.0336,
        "risk_level": "moderate"
      },
      "geometry": {
        "type": "Polygon",
        "coordinates": [
          [
            [
              121.01,
              30.92
            ],
            [
              121.01,
              30.93
            ],
            [
              121.02,
              30.93
            ],
            [
              121.02,
              30.92
            ],
            [
              121.01,
              30.92
            ]
          ]
        ]
      }
    },
    {
      "id": "447",
      "type": "Feature",
      "properties": {
        "grid_id": "r097_c042",
        "green_fraction": 0.0,
        "water_fraction": 0.0,
        "building_fraction": 0.0,
        "road_km_per_km2": 5.792896684885182,
        "air_temperature_c": 25.09,
        "relative_humidity_pct": 64.6,
        "wind_speed_10m_ms": 4.85,
        "valid_time_beijing": "2026-09-17 12:00",
        "lead_hours": 2,
        "forecast_issued_at": "2026-09-17T03:56:15.209336+00:00",
        "net_solar_radiation_wm2": 439.1,
        "utci_c": 29.11,
        "p_base": 0.2941,
        "p_enhanced": 0.3277,
        "delta_p": 0.0336,
        "risk_level": "moderate"
      },
      "geometry": {
        "type": "Polygon",
        "coordinates": [
          [
            [
              121.27,
              30.92
            ],
            [
              121.27,
              30.93
            ],
            [
              121.28,
              30.93
            ],
            [
              121.28,
              30.92
            ],
            [
              121.27,
              30.92
            ]
          ]
        ]
      }
    },
    {
      "id": "448",
      "type": "Feature",
      "properties": {
        "grid_id": "r097_c061",
        "green_fraction": 0.0955900726710113,
        "water_fraction": 0.0,
        "building_fraction": 0.1149277282237351,
        "road_km_per_km2": 8.866229612654934,
        "air_temperature_c": 25.09,
        "relative_humidity_pct": 64.6,
        "wind_speed_10m_ms": 4.85,
        "valid_time_beijing": "2026-09-17 12:00",
        "lead_hours": 2,
        "forecast_issued_at": "2026-09-17T03:56:15.209336+00:00",
        "net_solar_radiation_wm2": 439.1,
        "utci_c": 29.11,
        "p_base": 0.2941,
        "p_enhanced": 0.3263,
        "delta_p": 0.0322,
        "risk_level": "moderate"
      },
      "geometry": {
        "type": "Polygon",
        "coordinates": [
          [
            [
              121.46,
              30.92
            ],
            [
              121.46,
              30.93
            ],
            [
              121.47,
              30.93
            ],
            [
              121.47,
              30.92
            ],
            [
              121.46,
              30.92
            ]
          ]
        ]
      }
    },
    {
      "id": "449",
      "type": "Feature",
      "properties": {
        "grid_id": "r097_c063",
        "green_fraction": 0.0046471885827446,
        "water_fraction": 0.0466078456214597,
        "building_fraction": 0.0529775910440398,
        "road_km_per_km2": 11.044046583040634,
        "air_temperature_c": 25.09,
        "relative_humidity_pct": 64.6,
        "wind_speed_10m_ms": 4.85,
        "valid_time_beijing": "2026-09-17 12:00",
        "lead_hours": 2,
        "forecast_issued_at": "2026-09-17T03:56:15.209336+00:00",
        "net_solar_radiation_wm2": 439.1,
        "utci_c": 29.11,
        "p_base": 0.2941,
        "p_enhanced": 0.3039,
        "delta_p": 0.0097,
        "risk_level": "moderate"
      },
      "geometry": {
        "type": "Polygon",
        "coordinates": [
          [
            [
              121.48,
              30.92
            ],
            [
              121.48,
              30.93
            ],
            [
              121.49,
              30.93
            ],
            [
              121.49,
              30.92
            ],
            [
              121.48,
              30.92
            ]
          ]
        ]
      }
    },
    {
      "id": "450",
      "type": "Feature",
      "properties": {
        "grid_id": "r097_c064",
        "green_fraction": 0.1910923792504864,
        "water_fraction": 0.0840993812314468,
        "building_fraction": 0.0041483046571602,
        "road_km_per_km2": 15.626187727301556,
        "air_temperature_c": 25.09,
        "relative_humidity_pct": 64.6,
        "wind_speed_10m_ms": 4.85,
        "valid_time_beijing": "2026-09-17 12:00",
        "lead_hours": 2,
        "forecast_issued_at": "2026-09-17T03:56:15.209336+00:00",
        "net_solar_radiation_wm2": 439.1,
        "utci_c": 29.11,
        "p_base": 0.2941,
        "p_enhanced": 0.3232,
        "delta_p": 0.029,
        "risk_level": "moderate"
      },
      "geometry": {
        "type": "Polygon",
        "coordinates": [
          [
            [
              121.49,
              30.92
            ],
            [
              121.49,
              30.93
            ],
            [
              121.5,
              30.93
            ],
            [
              121.5,
              30.92
            ],
            [
              121.49,
              30.92
            ]
          ]
        ]
      }
    },
    {
      "id": "451",
      "type": "Feature",
      "properties": {
        "grid_id": "r097_c072",
        "green_fraction": 0.0,
        "water_fraction": 0.0043171407730644,
        "building_fraction": 0.0748343388172959,
        "road_km_per_km2": 8.810894908783515,
        "air_temperature_c": 25.09,
        "relative_humidity_pct": 64.6,
        "wind_speed_10m_ms": 4.85,
        "valid_time_beijing": "2026-09-17 12:00",
        "lead_hours": 2,
        "forecast_issued_at": "2026-09-17T03:56:15.209336+00:00",
        "net_solar_radiation_wm2": 439.1,
        "utci_c": 29.11,
        "p_base": 0.2941,
        "p_enhanced": 0.316,
        "delta_p": 0.0219,
        "risk_level": "moderate"
      },
      "geometry": {
        "type": "Polygon",
        "coordinates": [
          [
            [
              121.57,
              30.92
            ],
            [
              121.57,
              30.93
            ],
            [
              121.58,
              30.93
            ],
            [
              121.58,
              30.92
            ],
            [
              121.57,
              30.92
            ]
          ]
        ]
      }
    },
    {
      "id": "452",
      "type": "Feature",
      "properties": {
        "grid_id": "r097_c079",
        "green_fraction": 0.0,
        "water_fraction": 0.036558227082197,
        "building_fraction": 0.0,
        "road_km_per_km2": 4.144950812501015,
        "air_temperature_c": 25.09,
        "relative_humidity_pct": 64.6,
        "wind_speed_10m_ms": 4.85,
        "valid_time_beijing": "2026-09-17 12:00",
        "lead_hours": 2,
        "forecast_issued_at": "2026-09-17T03:56:15.209336+00:00",
        "net_solar_radiation_wm2": 439.1,
        "utci_c": 29.11,
        "p_base": 0.2941,
        "p_enhanced": 0.3139,
        "delta_p": 0.0197,
        "risk_level": "moderate"
      },
      "geometry": {
        "type": "Polygon",
        "coordinates": [
          [
            [
              121.64,
              30.92
            ],
            [
              121.64,
              30.93
            ],
            [
              121.65,
              30.93
            ],
            [
              121.65,
              30.92
            ],
            [
              121.64,
              30.92
            ]
          ]
        ]
      }
    },
    {
      "id": "453",
      "type": "Feature",
      "properties": {
        "grid_id": "r097_c083",
        "green_fraction": 0.0,
        "water_fraction": 0.0333777975801368,
        "building_fraction": 0.1099919754592999,
        "road_km_per_km2": 12.114977148439804,
        "air_temperature_c": 25.09,
        "relative_humidity_pct": 64.6,
        "wind_speed_10m_ms": 4.85,
        "valid_time_beijing": "2026-09-17 12:00",
        "lead_hours": 2,
        "forecast_issued_at": "2026-09-17T03:56:15.209336+00:00",
        "net_solar_radiation_wm2": 439.1,
        "utci_c": 29.11,
        "p_base": 0.2941,
        "p_enhanced": 0.3007,
        "delta_p": 0.0065,
        "risk_level": "moderate"
      },
      "geometry": {
        "type": "Polygon",
        "coordinates": [
          [
            [
              121.68,
              30.92
            ],
            [
              121.68,
              30.93
            ],
            [
              121.69,
              30.93
            ],
            [
              121.69,
              30.92
            ],
            [
              121.68,
              30.92
            ]
          ]
        ]
      }
    },
    {
      "id": "454",
      "type": "Feature",
      "properties": {
        "grid_id": "r097_c105",
        "green_fraction": 0.0653129894487433,
        "water_fraction": 0.0495447733166425,
        "building_fraction": 0.0621928094961972,
        "road_km_per_km2": 9.06507984146801,
        "air_temperature_c": 25.09,
        "relative_humidity_pct": 64.6,
        "wind_speed_10m_ms": 4.85,
        "valid_time_beijing": "2026-09-17 12:00",
        "lead_hours": 2,
        "forecast_issued_at": "2026-09-17T03:56:15.209336+00:00",
        "net_solar_radiation_wm2": 439.1,
        "utci_c": 29.11,
        "p_base": 0.2941,
        "p_enhanced": 0.3102,
        "delta_p": 0.0161,
        "risk_level": "moderate"
      },
      "geometry": {
        "type": "Polygon",
        "coordinates": [
          [
            [
              121.9,
              30.92
            ],
            [
              121.9,
              30.93
            ],
            [
              121.91,
              30.93
            ],
            [
              121.91,
              30.92
            ],
            [
              121.9,
              30.92
            ]
          ]
        ]
      }
    },
    {
      "id": "455",
      "type": "Feature",
      "properties": {
        "grid_id": "r098_c058",
        "green_fraction": 0.0,
        "water_fraction": 0.0,
        "building_fraction": 0.0,
        "road_km_per_km2": 6.994044357678911,
        "air_temperature_c": 25.09,
        "relative_humidity_pct": 64.6,
        "wind_speed_10m_ms": 4.85,
        "valid_time_beijing": "2026-09-17 12:00",
        "lead_hours": 2,
        "forecast_issued_at": "2026-09-17T03:56:15.209336+00:00",
        "net_solar_radiation_wm2": 439.1,
        "utci_c": 29.11,
        "p_base": 0.2941,
        "p_enhanced": 0.3277,
        "delta_p": 0.0336,
        "risk_level": "moderate"
      },
      "geometry": {
        "type": "Polygon",
        "coordinates": [
          [
            [
              121.43,
              30.91
            ],
            [
              121.43,
              30.92
            ],
            [
              121.44,
              30.92
            ],
            [
              121.44,
              30.91
            ],
            [
              121.43,
              30.91
            ]
          ]
        ]
      }
    },
    {
      "id": "456",
      "type": "Feature",
      "properties": {
        "grid_id": "r098_c060",
        "green_fraction": 0.0399551857654556,
        "water_fraction": 0.0,
        "building_fraction": 0.059265439160857,
        "road_km_per_km2": 9.769147300364224,
        "air_temperature_c": 25.09,
        "relative_humidity_pct": 64.6,
        "wind_speed_10m_ms": 4.85,
        "valid_time_beijing": "2026-09-17 12:00",
        "lead_hours": 2,
        "forecast_issued_at": "2026-09-17T03:56:15.209336+00:00",
        "net_solar_radiation_wm2": 439.1,
        "utci_c": 29.11,
        "p_base": 0.2941,
        "p_enhanced": 0.3256,
        "delta_p": 0.0315,
        "risk_level": "moderate"
      },
      "geometry": {
        "type": "Polygon",
        "coordinates": [
          [
            [
              121.45,
              30.91
            ],
            [
              121.45,
              30.92
            ],
            [
              121.46,
              30.92
            ],
            [
              121.46,
              30.91
            ],
            [
              121.45,
              30.91
            ]
          ]
        ]
      }
    },
    {
      "id": "457",
      "type": "Feature",
      "properties": {
        "grid_id": "r098_c079",
        "green_fraction": 0.0023192725800079,
        "water_fraction": 0.0,
        "building_fraction": 0.0203856233934569,
        "road_km_per_km2": 6.030426110533456,
        "air_temperature_c": 25.09,
        "relative_humidity_pct": 64.6,
        "wind_speed_10m_ms": 4.85,
        "valid_time_beijing": "2026-09-17 12:00",
        "lead_hours": 2,
        "forecast_issued_at": "2026-09-17T03:56:15.209336+00:00",
        "net_solar_radiation_wm2": 439.1,
        "utci_c": 29.11,
        "p_base": 0.2941,
        "p_enhanced": 0.3253,
        "delta_p": 0.0312,
        "risk_level": "moderate"
      },
      "geometry": {
        "type": "Polygon",
        "coordinates": [
          [
            [
              121.64,
              30.91
            ],
            [
              121.64,
              30.92
            ],
            [
              121.65,
              30.92
            ],
            [
              121.65,
              30.91
            ],
            [
              121.64,
              30.91
            ]
          ]
        ]
      }
    },
    {
      "id": "458",
      "type": "Feature",
      "properties": {
        "grid_id": "r098_c096",
        "green_fraction": 0.003632906145684,
        "water_fraction": 0.0236253980306048,
        "building_fraction": 0.0153708648938175,
        "road_km_per_km2": 12.88255941978808,
        "air_temperature_c": 25.09,
        "relative_humidity_pct": 64.6,
        "wind_speed_10m_ms": 4.85,
        "valid_time_beijing": "2026-09-17 12:00",
        "lead_hours": 2,
        "forecast_issued_at": "2026-09-17T03:56:15.209336+00:00",
        "net_solar_radiation_wm2": 439.1,
        "utci_c": 29.11,
        "p_base": 0.2941,
        "p_enhanced": 0.3172,
        "delta_p": 0.0231,
        "risk_level": "moderate"
      },
      "geometry": {
        "type": "Polygon",
        "coordinates": [
          [
            [
              121.81,
              30.91
            ],
            [
              121.81,
              30.92
            ],
            [
              121.82,
              30.92
            ],
            [
              121.82,
              30.91
            ],
            [
              121.81,
              30.91
            ]
          ]
        ]
      }
    },
    {
      "id": "459",
      "type": "Feature",
      "properties": {
        "grid_id": "r098_c105",
        "green_fraction": 0.1446973152702743,
        "water_fraction": 0.1260296764415153,
        "building_fraction": 0.0633571854429531,
        "road_km_per_km2": 14.518975452798378,
        "air_temperature_c": 25.09,
        "relative_humidity_pct": 64.6,
        "wind_speed_10m_ms": 4.85,
        "valid_time_beijing": "2026-09-17 12:00",
        "lead_hours": 2,
        "forecast_issued_at": "2026-09-17T03:56:15.209336+00:00",
        "net_solar_radiation_wm2": 439.1,
        "utci_c": 29.11,
        "p_base": 0.2941,
        "p_enhanced": 0.2933,
        "delta_p": -0.0009,
        "risk_level": "moderate"
      },
      "geometry": {
        "type": "Polygon",
        "coordinates": [
          [
            [
              121.9,
              30.91
            ],
            [
              121.9,
              30.92
            ],
            [
              121.91,
              30.92
            ],
            [
              121.91,
              30.91
            ],
            [
              121.9,
              30.91
            ]
          ]
        ]
      }
    },
    {
      "id": "460",
      "type": "Feature",
      "properties": {
        "grid_id": "r098_c107",
        "green_fraction": 0.3539744387327698,
        "water_fraction": 0.114513884524004,
        "building_fraction": 0.0622812424829923,
        "road_km_per_km2": 20.531770643356232,
        "air_temperature_c": 25.09,
        "relative_humidity_pct": 64.6,
        "wind_speed_10m_ms": 4.85,
        "valid_time_beijing": "2026-09-17 12:00",
        "lead_hours": 2,
        "forecast_issued_at": "2026-09-17T03:56:15.209336+00:00",
        "net_solar_radiation_wm2": 439.1,
        "utci_c": 29.11,
        "p_base": 0.2941,
        "p_enhanced": 0.3277,
        "delta_p": 0.0336,
        "risk_level": "moderate"
      },
      "geometry": {
        "type": "Polygon",
        "coordinates": [
          [
            [
              121.92,
              30.91
            ],
            [
              121.92,
              30.92
            ],
            [
              121.93,
              30.92
            ],
            [
              121.93,
              30.91
            ],
            [
              121.92,
              30.91
            ]
          ]
        ]
      }
    },
    {
      "id": "461",
      "type": "Feature",
      "properties": {
        "grid_id": "r099_c105",
        "green_fraction": 0.1270690612109023,
        "water_fraction": 0.0405703631633915,
        "building_fraction": 0.0672112747609128,
        "road_km_per_km2": 13.25704766002958,
        "air_temperature_c": 25.09,
        "relative_humidity_pct": 64.6,
        "wind_speed_10m_ms": 4.85,
        "valid_time_beijing": "2026-09-17 12:00",
        "lead_hours": 2,
        "forecast_issued_at": "2026-09-17T03:56:15.209336+00:00",
        "net_solar_radiation_wm2": 439.1,
        "utci_c": 29.11,
        "p_base": 0.2941,
        "p_enhanced": 0.3219,
        "delta_p": 0.0277,
        "risk_level": "moderate"
      },
      "geometry": {
        "type": "Polygon",
        "coordinates": [
          [
            [
              121.9,
              30.9
            ],
            [
              121.9,
              30.91
            ],
            [
              121.91,
              30.91
            ],
            [
              121.91,
              30.9
            ],
            [
              121.9,
              30.9
            ]
          ]
        ]
      }
    },
    {
      "id": "462",
      "type": "Feature",
      "properties": {
        "grid_id": "r099_c106",
        "green_fraction": 0.3219995497986574,
        "water_fraction": 0.1281935261848029,
        "building_fraction": 0.0583981676133538,
        "road_km_per_km2": 18.302586347801235,
        "air_temperature_c": 25.09,
        "relative_humidity_pct": 64.6,
        "wind_speed_10m_ms": 4.85,
        "valid_time_beijing": "2026-09-17 12:00",
        "lead_hours": 2,
        "forecast_issued_at": "2026-09-17T03:56:15.209336+00:00",
        "net_solar_radiation_wm2": 439.1,
        "utci_c": 29.11,
        "p_base": 0.2941,
        "p_enhanced": 0.3184,
        "delta_p": 0.0242,
        "risk_level": "moderate"
      },
      "geometry": {
        "type": "Polygon",
        "coordinates": [
          [
            [
              121.91,
              30.9
            ],
            [
              121.91,
              30.91
            ],
            [
              121.92,
              30.91
            ],
            [
              121.92,
              30.9
            ],
            [
              121.91,
              30.9
            ]
          ]
        ]
      }
    },
    {
      "id": "463",
      "type": "Feature",
      "properties": {
        "grid_id": "r099_c107",
        "green_fraction": 0.1800315786846282,
        "water_fraction": 0.3833231854172205,
        "building_fraction": 0.0249288190625516,
        "road_km_per_km2": 20.330947779849375,
        "air_temperature_c": 25.09,
        "relative_humidity_pct": 64.6,
        "wind_speed_10m_ms": 4.85,
        "valid_time_beijing": "2026-09-17 12:00",
        "lead_hours": 2,
        "forecast_issued_at": "2026-09-17T03:56:15.209336+00:00",
        "net_solar_radiation_wm2": 439.1,
        "utci_c": 29.11,
        "p_base": 0.2941,
        "p_enhanced": 0.2176,
        "delta_p": -0.0765,
        "risk_level": "moderate"
      },
      "geometry": {
        "type": "Polygon",
        "coordinates": [
          [
            [
              121.92,
              30.9
            ],
            [
              121.92,
              30.91
            ],
            [
              121.93,
              30.91
            ],
            [
              121.93,
              30.9
            ],
            [
              121.92,
              30.9
            ]
          ]
        ]
      }
    },
    {
      "id": "464",
      "type": "Feature",
      "properties": {
        "grid_id": "r100_c026",
        "green_fraction": 0.2075887684097688,
        "water_fraction": 0.0616299940539554,
        "building_fraction": 0.0,
        "road_km_per_km2": 10.372268559580313,
        "air_temperature_c": 25.09,
        "relative_humidity_pct": 64.6,
        "wind_speed_10m_ms": 4.85,
        "valid_time_beijing": "2026-09-17 12:00",
        "lead_hours": 2,
        "forecast_issued_at": "2026-09-17T03:56:15.209336+00:00",
        "net_solar_radiation_wm2": 439.1,
        "utci_c": 29.11,
        "p_base": 0.2941,
        "p_enhanced": 0.3348,
        "delta_p": 0.0407,
        "risk_level": "moderate"
      },
      "geometry": {
        "type": "Polygon",
        "coordinates": [
          [
            [
              121.11,
              30.89
            ],
            [
              121.11,
              30.9
            ],
            [
              121.12,
              30.9
            ],
            [
              121.12,
              30.89
            ],
            [
              121.11,
              30.89
            ]
          ]
        ]
      }
    },
    {
      "id": "465",
      "type": "Feature",
      "properties": {
        "grid_id": "r100_c031",
        "green_fraction": 0.0,
        "water_fraction": 0.0,
        "building_fraction": 0.0032686750625693,
        "road_km_per_km2": 12.286650893037852,
        "air_temperature_c": 25.09,
        "relative_humidity_pct": 64.6,
        "wind_speed_10m_ms": 4.85,
        "valid_time_beijing": "2026-09-17 12:00",
        "lead_hours": 2,
        "forecast_issued_at": "2026-09-17T03:56:15.209336+00:00",
        "net_solar_radiation_wm2": 439.1,
        "utci_c": 29.11,
        "p_base": 0.2941,
        "p_enhanced": 0.3273,
        "delta_p": 0.0331,
        "risk_level": "moderate"
      },
      "geometry": {
        "type": "Polygon",
        "coordinates": [
          [
            [
              121.16,
              30.89
            ],
            [
              121.16,
              30.9
            ],
            [
              121.17,
              30.9
            ],
            [
              121.17,
              30.89
            ],
            [
              121.16,
              30.89
            ]
          ]
        ]
      }
    },
    {
      "id": "466",
      "type": "Feature",
      "properties": {
        "grid_id": "r100_c105",
        "green_fraction": 0.0088163486835167,
        "water_fraction": 0.0303679083545172,
        "building_fraction": 0.0183772169237057,
        "road_km_per_km2": 17.38282384817644,
        "air_temperature_c": 25.09,
        "relative_humidity_pct": 64.6,
        "wind_speed_10m_ms": 4.85,
        "valid_time_beijing": "2026-09-17 12:00",
        "lead_hours": 2,
        "forecast_issued_at": "2026-09-17T03:56:15.209336+00:00",
        "net_solar_radiation_wm2": 439.1,
        "utci_c": 29.11,
        "p_base": 0.2941,
        "p_enhanced": 0.315,
        "delta_p": 0.0209,
        "risk_level": "moderate"
      },
      "geometry": {
        "type": "Polygon",
        "coordinates": [
          [
            [
              121.9,
              30.89
            ],
            [
              121.9,
              30.9
            ],
            [
              121.91,
              30.9
            ],
            [
              121.91,
              30.89
            ],
            [
              121.9,
              30.89
            ]
          ]
        ]
      }
    },
    {
      "id": "467",
      "type": "Feature",
      "properties": {
        "grid_id": "r100_c106",
        "green_fraction": 0.2960351263133571,
        "water_fraction": 0.1572883729249141,
        "building_fraction": 0.0543953375901404,
        "road_km_per_km2": 17.074947560894792,
        "air_temperature_c": 25.09,
        "relative_humidity_pct": 64.6,
        "wind_speed_10m_ms": 4.85,
        "valid_time_beijing": "2026-09-17 12:00",
        "lead_hours": 2,
        "forecast_issued_at": "2026-09-17T03:56:15.209336+00:00",
        "net_solar_radiation_wm2": 439.1,
        "utci_c": 29.11,
        "p_base": 0.2941,
        "p_enhanced": 0.3043,
        "delta_p": 0.0102,
        "risk_level": "moderate"
      },
      "geometry": {
        "type": "Polygon",
        "coordinates": [
          [
            [
              121.91,
              30.89
            ],
            [
              121.91,
              30.9
            ],
            [
              121.92,
              30.9
            ],
            [
              121.92,
              30.89
            ],
            [
              121.91,
              30.89
            ]
          ]
        ]
      }
    },
    {
      "id": "468",
      "type": "Feature",
      "properties": {
        "grid_id": "r100_c107",
        "green_fraction": 0.1719028713543981,
        "water_fraction": 0.3784124249096217,
        "building_fraction": 0.058827318714532,
        "road_km_per_km2": 18.05149683312216,
        "air_temperature_c": 25.09,
        "relative_humidity_pct": 64.6,
        "wind_speed_10m_ms": 4.85,
        "valid_time_beijing": "2026-09-17 12:00",
        "lead_hours": 2,
        "forecast_issued_at": "2026-09-17T03:56:15.209336+00:00",
        "net_solar_radiation_wm2": 439.1,
        "utci_c": 29.11,
        "p_base": 0.2941,
        "p_enhanced": 0.2146,
        "delta_p": -0.0796,
        "risk_level": "moderate"
      },
      "geometry": {
        "type": "Polygon",
        "coordinates": [
          [
            [
              121.92,
              30.89
            ],
            [
              121.92,
              30.9
            ],
            [
              121.93,
              30.9
            ],
            [
              121.93,
              30.89
            ],
            [
              121.92,
              30.89
            ]
          ]
        ]
      }
    },
    {
      "id": "469",
      "type": "Feature",
      "properties": {
        "grid_id": "r101_c015",
        "green_fraction": 0.0941718465566714,
        "water_fraction": 0.0060978830412173,
        "building_fraction": 0.0521632890953392,
        "road_km_per_km2": 7.721055050900866,
        "air_temperature_c": 25.09,
        "relative_humidity_pct": 64.6,
        "wind_speed_10m_ms": 4.85,
        "valid_time_beijing": "2026-09-17 12:00",
        "lead_hours": 2,
        "forecast_issued_at": "2026-09-17T03:56:15.209336+00:00",
        "net_solar_radiation_wm2": 439.1,
        "utci_c": 29.11,
        "p_base": 0.2941,
        "p_enhanced": 0.3323,
        "delta_p": 0.0381,
        "risk_level": "moderate"
      },
      "geometry": {
        "type": "Polygon",
        "coordinates": [
          [
            [
              121.0,
              30.89
            ],
            [
              121.01,
              30.89
            ],
            [
              121.01,
              30.88
            ],
            [
              121.00963666149919,
              30.88
            ],
            [
              121.000885,
              30.888693
            ],
            [
              121.0,
              30.88899443945634
            ],
            [
              121.0,
              30.89
            ]
          ]
        ]
      }
    },
    {
      "id": "470",
      "type": "Feature",
      "properties": {
        "grid_id": "r101_c016",
        "green_fraction": 0.1147089920432942,
        "water_fraction": 0.0417033139453578,
        "building_fraction": 0.0010644050408768,
        "road_km_per_km2": 10.207714002474564,
        "air_temperature_c": 25.09,
        "relative_humidity_pct": 64.6,
        "wind_speed_10m_ms": 4.85,
        "valid_time_beijing": "2026-09-17 12:00",
        "lead_hours": 2,
        "forecast_issued_at": "2026-09-17T03:56:15.209336+00:00",
        "net_solar_radiation_wm2": 439.1,
        "utci_c": 29.11,
        "p_base": 0.2941,
        "p_enhanced": 0.3285,
        "delta_p": 0.0344,
        "risk_level": "moderate"
      },
      "geometry": {
        "type": "Polygon",
        "coordinates": [
          [
            [
              121.01,
              30.88
            ],
            [
              121.01,
              30.89
            ],
            [
              121.02,
              30.89
            ],
            [
              121.02,
              30.88
            ],
            [
              121.01,
              30.88
            ]
          ]
        ]
      }
    },
    {
      "id": "471",
      "type": "Feature",
      "properties": {
        "grid_id": "r101_c024",
        "green_fraction": 0.0,
        "water_fraction": 0.0474708148318339,
        "building_fraction": 0.0337488187698162,
        "road_km_per_km2": 10.226474576231508,
        "air_temperature_c": 25.09,
        "relative_humidity_pct": 64.6,
        "wind_speed_10m_ms": 4.85,
        "valid_time_beijing": "2026-09-17 12:00",
        "lead_hours": 2,
        "forecast_issued_at": "2026-09-17T03:56:15.209336+00:00",
        "net_solar_radiation_wm2": 439.1,
        "utci_c": 29.11,
        "p_base": 0.2941,
        "p_enhanced": 0.3054,
        "delta_p": 0.0112,
        "risk_level": "moderate"
      },
      "geometry": {
        "type": "Polygon",
        "coordinates": [
          [
            [
              121.09,
              30.88
            ],
            [
              121.09,
              30.89
            ],
            [
              121.1,
              30.89
            ],
            [
              121.1,
              30.88
            ],
            [
              121.09,
              30.88
            ]
          ]
        ]
      }
    },
    {
      "id": "472",
      "type": "Feature",
      "properties": {
        "grid_id": "r101_c031",
        "green_fraction": 0.0028896597728567,
        "water_fraction": 0.0,
        "building_fraction": 0.0081345343521787,
        "road_km_per_km2": 9.194242248274849,
        "air_temperature_c": 25.09,
        "relative_humidity_pct": 64.6,
        "wind_speed_10m_ms": 4.85,
        "valid_time_beijing": "2026-09-17 12:00",
        "lead_hours": 2,
        "forecast_issued_at": "2026-09-17T03:56:15.209336+00:00",
        "net_solar_radiation_wm2": 439.1,
        "utci_c": 29.11,
        "p_base": 0.2941,
        "p_enhanced": 0.327,
        "delta_p": 0.0329,
        "risk_level": "moderate"
      },
      "geometry": {
        "type": "Polygon",
        "coordinates": [
          [
            [
              121.16,
              30.88
            ],
            [
              121.16,
              30.89
            ],
            [
              121.17,
              30.89
            ],
            [
              121.17,
              30.88
            ],
            [
              121.16,
              30.88
            ]
          ]
        ]
      }
    },
    {
      "id": "473",
      "type": "Feature",
      "properties": {
        "grid_id": "r101_c054",
        "green_fraction": 0.0,
        "water_fraction": 0.0,
        "building_fraction": 0.0,
        "road_km_per_km2": 6.669584548787076,
        "air_temperature_c": 25.09,
        "relative_humidity_pct": 64.6,
        "wind_speed_10m_ms": 4.85,
        "valid_time_beijing": "2026-09-17 12:00",
        "lead_hours": 2,
        "forecast_issued_at": "2026-09-17T03:56:15.209336+00:00",
        "net_solar_radiation_wm2": 439.1,
        "utci_c": 29.11,
        "p_base": 0.2941,
        "p_enhanced": 0.3277,
        "delta_p": 0.0336,
        "risk_level": "moderate"
      },
      "geometry": {
        "type": "Polygon",
        "coordinates": [
          [
            [
              121.39,
              30.88
            ],
            [
              121.39,
              30.89
            ],
            [
              121.4,
              30.89
            ],
            [
              121.4,
              30.88
            ],
            [
              121.39,
              30.88
            ]
          ]
        ]
      }
    },
    {
      "id": "474",
      "type": "Feature",
      "properties": {
        "grid_id": "r101_c105",
        "green_fraction": 0.0201769304992531,
        "water_fraction": 0.5461823967712833,
        "building_fraction": 0.0155253041734563,
        "road_km_per_km2": 10.47875983226709,
        "air_temperature_c": 25.09,
        "relative_humidity_pct": 64.6,
        "wind_speed_10m_ms": 4.85,
        "valid_time_beijing": "2026-09-17 12:00",
        "lead_hours": 2,
        "forecast_issued_at": "2026-09-17T03:56:15.209336+00:00",
        "net_solar_radiation_wm2": 439.1,
        "utci_c": 29.11,
        "p_base": 0.2941,
        "p_enhanced": 0.1592,
        "delta_p": -0.135,
        "risk_level": "moderate"
      },
      "geometry": {
        "type": "Polygon",
        "coordinates": [
          [
            [
              121.9,
              30.88
            ],
            [
              121.9,
              30.89
            ],
            [
              121.91,
              30.89
            ],
            [
              121.91,
              30.88
            ],
            [
              121.9,
              30.88
            ]
          ]
        ]
      }
    },
    {
      "id": "475",
      "type": "Feature",
      "properties": {
        "grid_id": "r101_c106",
        "green_fraction": 0.0470194302795345,
        "water_fraction": 0.0741328437759702,
        "building_fraction": 0.0210399388557343,
        "road_km_per_km2": 15.294798117479711,
        "air_temperature_c": 25.09,
        "relative_humidity_pct": 64.6,
        "wind_speed_10m_ms": 4.85,
        "valid_time_beijing": "2026-09-17 12:00",
        "lead_hours": 2,
        "forecast_issued_at": "2026-09-17T03:56:15.209336+00:00",
        "net_solar_radiation_wm2": 439.1,
        "utci_c": 29.11,
        "p_base": 0.2941,
        "p_enhanced": 0.3039,
        "delta_p": 0.0097,
        "risk_level": "moderate"
      },
      "geometry": {
        "type": "Polygon",
        "coordinates": [
          [
            [
              121.91,
              30.88
            ],
            [
              121.91,
              30.89
            ],
            [
              121.92,
              30.89
            ],
            [
              121.92,
              30.88
            ],
            [
              121.91,
              30.88
            ]
          ]
        ]
      }
    },
    {
      "id": "476",
      "type": "Feature",
      "properties": {
        "grid_id": "r102_c100",
        "green_fraction": 0.0009482860333176,
        "water_fraction": 0.0589272789450895,
        "building_fraction": 0.0535773440296466,
        "road_km_per_km2": 9.312317281797847,
        "air_temperature_c": 25.09,
        "relative_humidity_pct": 64.6,
        "wind_speed_10m_ms": 4.85,
        "valid_time_beijing": "2026-09-17 12:00",
        "lead_hours": 2,
        "forecast_issued_at": "2026-09-17T03:56:15.209336+00:00",
        "net_solar_radiation_wm2": 439.1,
        "utci_c": 29.11,
        "p_base": 0.2941,
        "p_enhanced": 0.2987,
        "delta_p": 0.0046,
        "risk_level": "moderate"
      },
      "geometry": {
        "type": "Polygon",
        "coordinates": [
          [
            [
              121.85,
              30.87
            ],
            [
              121.85,
              30.88
            ],
            [
              121.86,
              30.88
            ],
            [
              121.86,
              30.87
            ],
            [
              121.85,
              30.87
            ]
          ]
        ]
      }
    },
    {
      "id": "477",
      "type": "Feature",
      "properties": {
        "grid_id": "r102_c105",
        "green_fraction": 0.0260254970920154,
        "water_fraction": 0.1079159791950162,
        "building_fraction": 0.1105679474340262,
        "road_km_per_km2": 17.21124763081483,
        "air_temperature_c": 25.09,
        "relative_humidity_pct": 64.6,
        "wind_speed_10m_ms": 4.85,
        "valid_time_beijing": "2026-09-17 12:00",
        "lead_hours": 2,
        "forecast_issued_at": "2026-09-17T03:56:15.209336+00:00",
        "net_solar_radiation_wm2": 439.1,
        "utci_c": 29.11,
        "p_base": 0.2941,
        "p_enhanced": 0.2776,
        "delta_p": -0.0166,
        "risk_level": "moderate"
      },
      "geometry": {
        "type": "Polygon",
        "coordinates": [
          [
            [
              121.9,
              30.87
            ],
            [
              121.9,
              30.88
            ],
            [
              121.91,
              30.88
            ],
            [
              121.91,
              30.87
            ],
            [
              121.9,
              30.87
            ]
          ]
        ]
      }
    },
    {
      "id": "478",
      "type": "Feature",
      "properties": {
        "grid_id": "r103_c073",
        "green_fraction": 0.3657619449913776,
        "water_fraction": 0.036821679385143,
        "building_fraction": 0.0247125542715569,
        "road_km_per_km2": 3.128037199027696,
        "air_temperature_c": 25.09,
        "relative_humidity_pct": 64.6,
        "wind_speed_10m_ms": 4.85,
        "valid_time_beijing": "2026-09-17 12:00",
        "lead_hours": 2,
        "forecast_issued_at": "2026-09-17T03:56:15.209336+00:00",
        "net_solar_radiation_wm2": 439.1,
        "utci_c": 29.11,
        "p_base": 0.2941,
        "p_enhanced": 0.3653,
        "delta_p": 0.0712,
        "risk_level": "moderate"
      },
      "geometry": {
        "type": "Polygon",
        "coordinates": [
          [
            [
              121.58,
              30.86
            ],
            [
              121.58,
              30.87
            ],
            [
              121.59,
              30.87
            ],
            [
              121.59,
              30.86
            ],
            [
              121.58,
              30.86
            ]
          ]
        ]
      }
    },
    {
      "id": "479",
      "type": "Feature",
      "properties": {
        "grid_id": "r103_c083",
        "green_fraction": 0.924379678468751,
        "water_fraction": 0.2253598849573783,
        "building_fraction": 0.0,
        "road_km_per_km2": 8.641451085793669,
        "air_temperature_c": 25.09,
        "relative_humidity_pct": 64.6,
        "wind_speed_10m_ms": 4.85,
        "valid_time_beijing": "2026-09-17 12:00",
        "lead_hours": 2,
        "forecast_issued_at": "2026-09-17T03:56:15.209336+00:00",
        "net_solar_radiation_wm2": 439.1,
        "utci_c": 29.11,
        "p_base": 0.2941,
        "p_enhanced": 0.3798,
        "delta_p": 0.0857,
        "risk_level": "moderate"
      },
      "geometry": {
        "type": "Polygon",
        "coordinates": [
          [
            [
              121.68,
              30.86
            ],
            [
              121.68,
              30.87
            ],
            [
              121.69,
              30.87
            ],
            [
              121.69,
              30.86
            ],
            [
              121.68,
              30.86
            ]
          ]
        ]
      }
    },
    {
      "id": "480",
      "type": "Feature",
      "properties": {
        "grid_id": "r103_c105",
        "green_fraction": 0.0,
        "water_fraction": 0.0846394700200671,
        "building_fraction": 0.0136729269204375,
        "road_km_per_km2": 11.60167733817867,
        "air_temperature_c": 25.09,
        "relative_humidity_pct": 64.6,
        "wind_speed_10m_ms": 4.85,
        "valid_time_beijing": "2026-09-17 12:00",
        "lead_hours": 2,
        "forecast_issued_at": "2026-09-17T03:56:15.209336+00:00",
        "net_solar_radiation_wm2": 439.1,
        "utci_c": 29.11,
        "p_base": 0.2941,
        "p_enhanced": 0.2944,
        "delta_p": 0.0002,
        "risk_level": "moderate"
      },
      "geometry": {
        "type": "Polygon",
        "coordinates": [
          [
            [
              121.9,
              30.86
            ],
            [
              121.9,
              30.87
            ],
            [
              121.91,
              30.87
            ],
            [
              121.91,
              30.86
            ],
            [
              121.9,
              30.86
            ]
          ]
        ]
      }
    },
    {
      "id": "481",
      "type": "Feature",
      "properties": {
        "grid_id": "r104_c104",
        "green_fraction": 0.0,
        "water_fraction": 0.0,
        "building_fraction": 0.0730276828338037,
        "road_km_per_km2": 6.105966997944729,
        "air_temperature_c": 25.09,
        "relative_humidity_pct": 64.6,
        "wind_speed_10m_ms": 4.85,
        "valid_time_beijing": "2026-09-17 12:00",
        "lead_hours": 2,
        "forecast_issued_at": "2026-09-17T03:56:15.209336+00:00",
        "net_solar_radiation_wm2": 439.1,
        "utci_c": 29.11,
        "p_base": 0.2941,
        "p_enhanced": 0.3179,
        "delta_p": 0.0238,
        "risk_level": "moderate"
      },
      "geometry": {
        "type": "Polygon",
        "coordinates": [
          [
            [
              121.89,
              30.85
            ],
            [
              121.89,
              30.86
            ],
            [
              121.9,
              30.86
            ],
            [
              121.9,
              30.853630144188088
            ],
            [
              121.89091521431273,
              30.85
            ],
            [
              121.89,
              30.85
            ]
          ]
        ]
      }
    },
    {
      "id": "482",
      "type": "Feature",
      "properties": {
        "grid_id": "r106_c036",
        "green_fraction": 0.0,
        "water_fraction": 0.0,
        "building_fraction": 0.0,
        "road_km_per_km2": 4.4385208547039605,
        "air_temperature_c": 25.09,
        "relative_humidity_pct": 64.6,
        "wind_speed_10m_ms": 4.85,
        "valid_time_beijing": "2026-09-17 12:00",
        "lead_hours": 2,
        "forecast_issued_at": "2026-09-17T03:56:15.209336+00:00",
        "net_solar_radiation_wm2": 439.1,
        "utci_c": 29.11,
        "p_base": 0.2941,
        "p_enhanced": 0.3277,
        "delta_p": 0.0336,
        "risk_level": "moderate"
      },
      "geometry": {
        "type": "Polygon",
        "coordinates": [
          [
            [
              121.21,
              30.83
            ],
            [
              121.21,
              30.84
            ],
            [
              121.22,
              30.84
            ],
            [
              121.22,
              30.83
            ],
            [
              121.21,
              30.83
            ]
          ]
        ]
      }
    },
    {
      "id": "483",
      "type": "Feature",
      "properties": {
        "grid_id": "r107_c067",
        "green_fraction": 0.0959207396345206,
        "water_fraction": 0.1101119877649008,
        "building_fraction": 0.0014623970083433,
        "road_km_per_km2": 5.354431981744893,
        "air_temperature_c": 25.09,
        "relative_humidity_pct": 64.6,
        "wind_speed_10m_ms": 4.85,
        "valid_time_beijing": "2026-09-17 12:00",
        "lead_hours": 2,
        "forecast_issued_at": "2026-09-17T03:56:15.209336+00:00",
        "net_solar_radiation_wm2": 439.1,
        "utci_c": 29.11,
        "p_base": 0.2941,
        "p_enhanced": 0.3001,
        "delta_p": 0.006,
        "risk_level": "moderate"
      },
      "geometry": {
        "type": "Polygon",
        "coordinates": [
          [
            [
              121.52,
              30.82
            ],
            [
              121.52,
              30.83
            ],
            [
              121.53,
              30.83
            ],
            [
              121.53,
              30.82
            ],
            [
              121.52,
              30.82
            ]
          ]
        ]
      }
    },
    {
      "id": "484",
      "type": "Feature",
      "properties": {
        "grid_id": "r107_c069",
        "green_fraction": 0.0,
        "water_fraction": 0.2086624708557575,
        "building_fraction": 0.0,
        "road_km_per_km2": 3.91095494247468,
        "air_temperature_c": 25.09,
        "relative_humidity_pct": 64.6,
        "wind_speed_10m_ms": 4.85,
        "valid_time_beijing": "2026-09-17 12:00",
        "lead_hours": 2,
        "forecast_issued_at": "2026-09-17T03:56:15.209336+00:00",
        "net_solar_radiation_wm2": 439.1,
        "utci_c": 29.11,
        "p_base": 0.2941,
        "p_enhanced": 0.2532,
        "delta_p": -0.0409,
        "risk_level": "moderate"
      },
      "geometry": {
        "type": "Polygon",
        "coordinates": [
          [
            [
              121.54,
              30.82
            ],
            [
              121.54,
              30.83
            ],
            [
              121.55,
              30.83
            ],
            [
              121.55,
              30.82
            ],
            [
              121.54,
              30.82
            ]
          ]
        ]
      }
    },
    {
      "id": "485",
      "type": "Feature",
      "properties": {
        "grid_id": "r107_c071",
        "green_fraction": 0.0,
        "water_fraction": 0.398601864949629,
        "building_fraction": 0.0,
        "road_km_per_km2": 1.1792127621162662,
        "air_temperature_c": 25.09,
        "relative_humidity_pct": 64.6,
        "wind_speed_10m_ms": 4.85,
        "valid_time_beijing": "2026-09-17 12:00",
        "lead_hours": 2,
        "forecast_issued_at": "2026-09-17T03:56:15.209336+00:00",
        "net_solar_radiation_wm2": 439.1,
        "utci_c": 29.11,
        "p_base": 0.2941,
        "p_enhanced": 0.196,
        "delta_p": -0.0982,
        "risk_level": "moderate"
      },
      "geometry": {
        "type": "Polygon",
        "coordinates": [
          [
            [
              121.56,
              30.83
            ],
            [
              121.57,
              30.83
            ],
            [
              121.57,
              30.822688356210076
            ],
            [
              121.56,
              30.82001140366525
            ],
            [
              121.56,
              30.83
            ]
          ]
        ]
      }
    },
    {
      "id": "486",
      "type": "Feature",
      "properties": {
        "grid_id": "r108_c066",
        "green_fraction": 0.0019533217261531,
        "water_fraction": 0.0,
        "building_fraction": 0.0045611309391456,
        "road_km_per_km2": 4.350047846677279,
        "air_temperature_c": 25.09,
        "relative_humidity_pct": 64.6,
        "wind_speed_10m_ms": 4.85,
        "valid_time_beijing": "2026-09-17 12:00",
        "lead_hours": 2,
        "forecast_issued_at": "2026-09-17T03:56:15.209336+00:00",
        "net_solar_radiation_wm2": 439.1,
        "utci_c": 29.11,
        "p_base": 0.2941,
        "p_enhanced": 0.3274,
        "delta_p": 0.0332,
        "risk_level": "moderate"
      },
      "geometry": {
        "type": "Polygon",
        "coordinates": [
          [
            [
              121.51,
              30.81
            ],
            [
              121.51,
              30.82
            ],
            [
              121.52,
              30.82
            ],
            [
              121.52,
              30.81
            ],
            [
              121.51,
              30.81
            ]
          ]
        ]
      }
    },
    {
      "id": "487",
      "type": "Feature",
      "properties": {
        "grid_id": "r109_c043",
        "green_fraction": 0.000180003183097,
        "water_fraction": 0.022112597451014,
        "building_fraction": 0.0022243796792992,
        "road_km_per_km2": 8.904288804560624,
        "air_temperature_c": 25.09,
        "relative_humidity_pct": 64.6,
        "wind_speed_10m_ms": 4.85,
        "valid_time_beijing": "2026-09-17 12:00",
        "lead_hours": 2,
        "forecast_issued_at": "2026-09-17T03:56:15.209336+00:00",
        "net_solar_radiation_wm2": 439.1,
        "utci_c": 29.11,
        "p_base": 0.2941,
        "p_enhanced": 0.319,
        "delta_p": 0.0249,
        "risk_level": "moderate"
      },
      "geometry": {
        "type": "Polygon",
        "coordinates": [
          [
            [
              121.28,
              30.8
            ],
            [
              121.28,
              30.81
            ],
            [
              121.29,
              30.81
            ],
            [
              121.29,
              30.8
            ],
            [
              121.28,
              30.8
            ]
          ]
        ]
      }
    },
    {
      "id": "488",
      "type": "Feature",
      "properties": {
        "grid_id": "r110_c049",
        "green_fraction": 0.0,
        "water_fraction": 0.0,
        "building_fraction": 0.0043939995693881,
        "road_km_per_km2": 6.74170567358112,
        "air_temperature_c": 25.09,
        "relative_humidity_pct": 64.6,
        "wind_speed_10m_ms": 4.85,
        "valid_time_beijing": "2026-09-17 12:00",
        "lead_hours": 2,
        "forecast_issued_at": "2026-09-17T03:56:15.209336+00:00",
        "net_solar_radiation_wm2": 439.1,
        "utci_c": 29.11,
        "p_base": 0.2941,
        "p_enhanced": 0.3271,
        "delta_p": 0.033,
        "risk_level": "moderate"
      },
      "geometry": {
        "type": "Polygon",
        "coordinates": [
          [
            [
              121.34,
              30.79
            ],
            [
              121.34,
              30.8
            ],
            [
              121.35,
              30.8
            ],
            [
              121.35,
              30.79
            ],
            [
              121.34,
              30.79
            ]
          ]
        ]
      }
    },
    {
      "id": "489",
      "type": "Feature",
      "properties": {
        "grid_id": "r111_c030",
        "green_fraction": 0.4175900464110695,
        "water_fraction": 0.0388984954303481,
        "building_fraction": 0.0002680152945108,
        "road_km_per_km2": 6.0865154332672216,
        "air_temperature_c": 25.09,
        "relative_humidity_pct": 64.6,
        "wind_speed_10m_ms": 4.85,
        "valid_time_beijing": "2026-09-17 12:00",
        "lead_hours": 2,
        "forecast_issued_at": "2026-09-17T03:56:15.209336+00:00",
        "net_solar_radiation_wm2": 439.1,
        "utci_c": 29.11,
        "p_base": 0.2941,
        "p_enhanced": 0.3761,
        "delta_p": 0.0819,
        "risk_level": "moderate"
      },
      "geometry": {
        "type": "Polygon",
        "coordinates": [
          [
            [
              121.15,
              30.79
            ],
            [
              121.16,
              30.79
            ],
            [
              121.16,
              30.784387277932964
            ],
            [
              121.154579,
              30.786594
            ],
            [
              121.15,
              30.785769805516857
            ],
            [
              121.15,
              30.79
            ]
          ]
        ]
      }
    },
    {
      "id": "490",
      "type": "Feature",
      "properties": {
        "grid_id": "r115_c049",
        "green_fraction": 0.2120338877870631,
        "water_fraction": 0.0511726868426211,
        "building_fraction": 0.0343367506213061,
        "road_km_per_km2": 9.755824857230808,
        "air_temperature_c": 25.09,
        "relative_humidity_pct": 64.6,
        "wind_speed_10m_ms": 4.85,
        "valid_time_beijing": "2026-09-17 12:00",
        "lead_hours": 2,
        "forecast_issued_at": "2026-09-17T03:56:15.209336+00:00",
        "net_solar_radiation_wm2": 439.1,
        "utci_c": 29.11,
        "p_base": 0.2941,
        "p_enhanced": 0.3348,
        "delta_p": 0.0407,
        "risk_level": "moderate"
      },
      "geometry": {
        "type": "Polygon",
        "coordinates": [
          [
            [
              121.34,
              30.74
            ],
            [
              121.34,
              30.75
            ],
            [
              121.35,
              30.75
            ],
            [
              121.35,
              30.74
            ],
            [
              121.34,
              30.74
            ]
          ]
        ]
      }
    },
    {
      "id": "491",
      "type": "Feature",
      "properties": {
        "grid_id": "r116_c049",
        "green_fraction": 0.0626363589097154,
        "water_fraction": 0.0231233317538151,
        "building_fraction": 0.0167045188119995,
        "road_km_per_km2": 7.408828230184988,
        "air_temperature_c": 25.09,
        "relative_humidity_pct": 64.6,
        "wind_speed_10m_ms": 4.85,
        "valid_time_beijing": "2026-09-17 12:00",
        "lead_hours": 2,
        "forecast_issued_at": "2026-09-17T03:56:15.209336+00:00",
        "net_solar_radiation_wm2": 439.1,
        "utci_c": 29.11,
        "p_base": 0.2941,
        "p_enhanced": 0.3259,
        "delta_p": 0.0317,
        "risk_level": "moderate"
      },
      "geometry": {
        "type": "Polygon",
        "coordinates": [
          [
            [
              121.34,
              30.73
            ],
            [
              121.34,
              30.74
            ],
            [
              121.35,
              30.74
            ],
            [
              121.35,
              30.73
            ],
            [
              121.34,
              30.73
            ]
          ]
        ]
      }
    },
    {
      "id": "492",
      "type": "Feature",
      "properties": {
        "grid_id": "r116_c050",
        "green_fraction": 0.0,
        "water_fraction": 0.0,
        "building_fraction": 0.0148997192860212,
        "road_km_per_km2": 10.123946274263757,
        "air_temperature_c": 25.09,
        "relative_humidity_pct": 64.6,
        "wind_speed_10m_ms": 4.85,
        "valid_time_beijing": "2026-09-17 12:00",
        "lead_hours": 2,
        "forecast_issued_at": "2026-09-17T03:56:15.209336+00:00",
        "net_solar_radiation_wm2": 439.1,
        "utci_c": 29.11,
        "p_base": 0.2941,
        "p_enhanced": 0.3257,
        "delta_p": 0.0316,
        "risk_level": "moderate"
      },
      "geometry": {
        "type": "Polygon",
        "coordinates": [
          [
            [
              121.35,
              30.73
            ],
            [
              121.35,
              30.74
            ],
            [
              121.36,
              30.74
            ],
            [
              121.36,
              30.73
            ],
            [
              121.35,
              30.73
            ]
          ]
        ]
      }
    },
    {
      "id": "493",
      "type": "Feature",
      "properties": {
        "grid_id": "r116_c051",
        "green_fraction": 0.1675466644458284,
        "water_fraction": 0.0327098519484753,
        "building_fraction": 0.0397313703076947,
        "road_km_per_km2": 9.23875752079147,
        "air_temperature_c": 25.09,
        "relative_humidity_pct": 64.6,
        "wind_speed_10m_ms": 4.85,
        "valid_time_beijing": "2026-09-17 12:00",
        "lead_hours": 2,
        "forecast_issued_at": "2026-09-17T03:56:15.209336+00:00",
        "net_solar_radiation_wm2": 439.1,
        "utci_c": 29.11,
        "p_base": 0.2941,
        "p_enhanced": 0.3346,
        "delta_p": 0.0405,
        "risk_level": "moderate"
      },
      "geometry": {
        "type": "Polygon",
        "coordinates": [
          [
            [
              121.36,
              30.73
            ],
            [
              121.36,
              30.74
            ],
            [
              121.37,
              30.74
            ],
            [
              121.37,
              30.73
            ],
            [
              121.36,
              30.73
            ]
          ]
        ]
      }
    },
    {
      "id": "494",
      "type": "Feature",
      "properties": {
        "grid_id": "r118_c049",
        "green_fraction": 0.0252550682127198,
        "water_fraction": 0.0875598520368028,
        "building_fraction": 0.0036049645039748,
        "road_km_per_km2": 6.609047565726296,
        "air_temperature_c": 25.09,
        "relative_humidity_pct": 64.6,
        "wind_speed_10m_ms": 4.85,
        "valid_time_beijing": "2026-09-17 12:00",
        "lead_hours": 2,
        "forecast_issued_at": "2026-09-17T03:56:15.209336+00:00",
        "net_solar_radiation_wm2": 439.1,
        "utci_c": 29.11,
        "p_base": 0.2941,
        "p_enhanced": 0.2982,
        "delta_p": 0.004,
        "risk_level": "moderate"
      },
      "geometry": {
        "type": "Polygon",
        "coordinates": [
          [
            [
              121.34,
              30.71
            ],
            [
              121.34,
              30.72
            ],
            [
              121.35,
              30.72
            ],
            [
              121.35,
              30.71051391093382
            ],
            [
              121.34920207878972,
              30.71
            ],
            [
              121.34,
              30.71
            ]
          ]
        ]
      }
    },
    {
      "id": "495",
      "type": "Feature",
      "properties": {
        "grid_id": "r119_c048",
        "green_fraction": 0.0070953264780155,
        "water_fraction": 0.3781813407395453,
        "building_fraction": 0.0033434898808159,
        "road_km_per_km2": 11.361452761800235,
        "air_temperature_c": 25.09,
        "relative_humidity_pct": 64.6,
        "wind_speed_10m_ms": 4.85,
        "valid_time_beijing": "2026-09-17 12:00",
        "lead_hours": 2,
        "forecast_issued_at": "2026-09-17T03:56:15.209336+00:00",
        "net_solar_radiation_wm2": 439.1,
        "utci_c": 29.11,
        "p_base": 0.2941,
        "p_enhanced": 0.202,
        "delta_p": -0.0921,
        "risk_level": "moderate"
      },
      "geometry": {
        "type": "Polygon",
        "coordinates": [
          [
            [
              121.33,
              30.7
            ],
            [
              121.33,
              30.71
            ],
            [
              121.34,
              30.71
            ],
            [
              121.34,
              30.704073288386077
            ],
            [
              121.333675629404,
              30.7
            ],
            [
              121.33,
              30.7
            ]
          ]
        ]
      }
    },
    {
      "id": "496",
      "type": "Feature",
      "properties": {
        "grid_id": "r119_c049",
        "green_fraction": 0.1880778394977854,
        "water_fraction": 0.4222344682819807,
        "building_fraction": 0.0,
        "road_km_per_km2": 4.206616330352288,
        "air_temperature_c": 25.09,
        "relative_humidity_pct": 64.6,
        "wind_speed_10m_ms": 4.85,
        "valid_time_beijing": "2026-09-17 12:00",
        "lead_hours": 2,
        "forecast_issued_at": "2026-09-17T03:56:15.209336+00:00",
        "net_solar_radiation_wm2": 439.1,
        "utci_c": 29.11,
        "p_base": 0.2941,
        "p_enhanced": 0.2097,
        "delta_p": -0.0844,
        "risk_level": "moderate"
      },
      "geometry": {
        "type": "Polygon",
        "coordinates": [
          [
            [
              121.34,
              30.71
            ],
            [
              121.34920207878972,
              30.71
            ],
            [
              121.34,
              30.704073288386077
            ],
            [
              121.34,
              30.71
            ]
          ]
        ]
      }
    }
  ]
}