{
"type": "FeatureCollection",
"name": "forecast_24h_spatial_grids",
"crs": { "type": "name", "properties": { "name": "urn:ogc:def:crs:OGC:1.3:CRS84" } },
"features": [
{ "type": "Feature", "properties": { "grid_id": "r015_c040", "district_name": "崇明区", "green_fraction": 0.91977037931060956, "water_fraction": 0.65619230919907201, "building_fraction": 0.0, "road_km_per_km2": 4.132996577081431, "utci_c": 35.19, "p_base": 0.617, "p_enhanced": 0.5429, "delta_p": -0.0741, "rel_mitigation_pct": 12.01, "risk_level": "high", "quadrant": "Q3_双低安全区" }, "geometry": { "type": "Polygon", "coordinates": [ [ [ 121.25, 31.74 ], [ 121.25, 31.75 ], [ 121.26, 31.75 ], [ 121.26, 31.74 ], [ 121.25, 31.74 ] ] ] } },
{ "type": "Feature", "properties": { "grid_id": "r016_c036", "district_name": "崇明区", "green_fraction": 0.0, "water_fraction": 0.0256558872032954, "building_fraction": 0.0, "road_km_per_km2": 7.6362477794932753, "utci_c": 38.43, "p_base": 0.7832, "p_enhanced": 0.8157, "delta_p": 0.0324, "rel_mitigation_pct": -4.14, "risk_level": "extreme", "quadrant": "Q3_双低安全区" }, "geometry": { "type": "Polygon", "coordinates": [ [ [ 121.21, 31.74 ], [ 121.22, 31.74 ], [ 121.22, 31.732401036233281 ], [ 121.213275, 31.733689 ], [ 121.21, 31.737859405547258 ], [ 121.21, 31.74 ] ] ] } },
{ "type": "Feature", "properties": { "grid_id": "r016_c038", "district_name": "崇明区", "green_fraction": 0.1157658791520699, "water_fraction": 0.0012961299139329001, "building_fraction": 0.0023058881028440999, "road_km_per_km2": 5.3965110392421822, "utci_c": 38.31, "p_base": 0.7782, "p_enhanced": 0.8286, "delta_p": 0.0504, "rel_mitigation_pct": -6.47, "risk_level": "extreme", "quadrant": "Q4_脆弱敏感区" }, "geometry": { "type": "Polygon", "coordinates": [ [ [ 121.23, 31.74 ], [ 121.24, 31.74 ], [ 121.24, 31.73 ], [ 121.23253681903644, 31.73 ], [ 121.23, 31.730485848476079 ], [ 121.23, 31.74 ] ] ] } },
{ "type": "Feature", "properties": { "grid_id": "r019_c048", "district_name": "崇明区", "green_fraction": 0.0, "water_fraction": 0.0, "building_fraction": 0.0, "road_km_per_km2": 5.7265229429703792, "utci_c": 38.5, "p_base": 0.7864, "p_enhanced": 0.8251, "delta_p": 0.0387, "rel_mitigation_pct": -4.92, "risk_level": "extreme", "quadrant": "Q1_双高极危区" }, "geometry": { "type": "Polygon", "coordinates": [ [ [ 121.33, 31.7 ], [ 121.33, 31.71 ], [ 121.34, 31.71 ], [ 121.34, 31.7 ], [ 121.33, 31.7 ] ] ] } },
{ "type": "Feature", "properties": { "grid_id": "r021_c057", "district_name": "崇明区", "green_fraction": 0.0, "water_fraction": 0.0065437788402119001, "building_fraction": 0.0, "road_km_per_km2": 3.3183180717291898, "utci_c": 38.48, "p_base": 0.7856, "p_enhanced": 0.8227, "delta_p": 0.0372, "rel_mitigation_pct": -4.73, "risk_level": "extreme", "quadrant": "Q1_双高极危区" }, "geometry": { "type": "Polygon", "coordinates": [ [ [ 121.42, 31.68 ], [ 121.42, 31.69 ], [ 121.43, 31.69 ], [ 121.43, 31.68 ], [ 121.42, 31.68 ] ] ] } },
{ "type": "Feature", "properties": { "grid_id": "r021_c062", "district_name": "崇明区", "green_fraction": 0.72405970492104965, "water_fraction": 0.046061368608356502, "building_fraction": 0.00095446402027710001, "road_km_per_km2": 2.2075483080678864, "utci_c": 37.21, "p_base": 0.726, "p_enhanced": 0.8342, "delta_p": 0.1083, "rel_mitigation_pct": -14.91, "risk_level": "extreme", "quadrant": "Q4_脆弱敏感区" }, "geometry": { "type": "Polygon", "coordinates": [ [ [ 121.47, 31.68 ], [ 121.47, 31.69 ], [ 121.48, 31.69 ], [ 121.48, 31.68 ], [ 121.47, 31.68 ] ] ] } },
{ "type": "Feature", "properties": { "grid_id": "r022_c062", "district_name": "崇明区", "green_fraction": 0.13907624683878581, "water_fraction": 0.034348450493969403, "building_fraction": 0.0080637569392901006, "road_km_per_km2": 6.5052095418783296, "utci_c": 38.19, "p_base": 0.7727, "p_enhanced": 0.8172, "delta_p": 0.0445, "rel_mitigation_pct": -5.76, "risk_level": "extreme", "quadrant": "Q3_双低安全区" }, "geometry": { "type": "Polygon", "coordinates": [ [ [ 121.47, 31.67 ], [ 121.47, 31.68 ], [ 121.48, 31.68 ], [ 121.48, 31.67 ], [ 121.47, 31.67 ] ] ] } },
{ "type": "Feature", "properties": { "grid_id": "r023_c061", "district_name": "崇明区", "green_fraction": 0.0, "water_fraction": 0.0, "building_fraction": 0.0011056195178453, "road_km_per_km2": 4.2080079224528335, "utci_c": 38.5, "p_base": 0.7865, "p_enhanced": 0.8251, "delta_p": 0.0386, "rel_mitigation_pct": -4.91, "risk_level": "extreme", "quadrant": "Q1_双高极危区" }, "geometry": { "type": "Polygon", "coordinates": [ [ [ 121.46, 31.66 ], [ 121.46, 31.67 ], [ 121.47, 31.67 ], [ 121.47, 31.66 ], [ 121.46, 31.66 ] ] ] } },
{ "type": "Feature", "properties": { "grid_id": "r024_c064", "district_name": "崇明区", "green_fraction": 0.0, "water_fraction": 0.0, "building_fraction": 0.0, "road_km_per_km2": 2.2543579714698572, "utci_c": 38.5, "p_base": 0.7864, "p_enhanced": 0.8251, "delta_p": 0.0387, "rel_mitigation_pct": -4.92, "risk_level": "extreme", "quadrant": "Q1_双高极危区" }, "geometry": { "type": "Polygon", "coordinates": [ [ [ 121.49, 31.65 ], [ 121.49, 31.66 ], [ 121.5, 31.66 ], [ 121.5, 31.65 ], [ 121.49, 31.65 ] ] ] } },
{ "type": "Feature", "properties": { "grid_id": "r025_c071", "district_name": "崇明区", "green_fraction": 0.0, "water_fraction": 0.0, "building_fraction": 0.0, "road_km_per_km2": 1.7790953442305024, "utci_c": 38.5, "p_base": 0.7864, "p_enhanced": 0.8251, "delta_p": 0.0387, "rel_mitigation_pct": -4.92, "risk_level": "extreme", "quadrant": "Q1_双高极危区" }, "geometry": { "type": "Polygon", "coordinates": [ [ [ 121.56, 31.64 ], [ 121.56, 31.65 ], [ 121.57, 31.65 ], [ 121.57, 31.64 ], [ 121.56, 31.64 ] ] ] } },
{ "type": "Feature", "properties": { "grid_id": "r027_c054", "district_name": "崇明区", "green_fraction": 0.0, "water_fraction": 0.0, "building_fraction": 0.1029706460655839, "road_km_per_km2": 7.2284852051132429, "utci_c": 38.65, "p_base": 0.7931, "p_enhanced": 0.8219, "delta_p": 0.0289, "rel_mitigation_pct": -3.64, "risk_level": "extreme", "quadrant": "Q1_双高极危区" }, "geometry": { "type": "Polygon", "coordinates": [ [ [ 121.39, 31.63 ], [ 121.4, 31.63 ], [ 121.4, 31.62 ], [ 121.396860609493828, 31.62 ], [ 121.39, 31.623211543520505 ], [ 121.39, 31.63 ] ] ] } },
{ "type": "Feature", "properties": { "grid_id": "r027_c056", "district_name": "崇明区", "green_fraction": 0.098642990044458895, "water_fraction": 0.12907489487860299, "building_fraction": 0.0, "road_km_per_km2": 5.8121906141581645, "utci_c": 37.98, "p_base": 0.763, "p_enhanced": 0.778, "delta_p": 0.015, "rel_mitigation_pct": -1.97, "risk_level": "extreme", "quadrant": "Q3_双低安全区" }, "geometry": { "type": "Polygon", "coordinates": [ [ [ 121.41, 31.62 ], [ 121.41, 31.63 ], [ 121.42, 31.63 ], [ 121.42, 31.62 ], [ 121.41, 31.62 ] ] ] } },
{ "type": "Feature", "properties": { "grid_id": "r027_c057", "district_name": "崇明区", "green_fraction": 0.053076547781346101, "water_fraction": 0.0118617832023578, "building_fraction": 0.031577157583012598, "road_km_per_km2": 9.3192204959317557, "utci_c": 38.43, "p_base": 0.7833, "p_enhanced": 0.8217, "delta_p": 0.0384, "rel_mitigation_pct": -4.9, "risk_level": "extreme", "quadrant": "Q4_脆弱敏感区" }, "geometry": { "type": "Polygon", "coordinates": [ [ [ 121.42, 31.62 ], [ 121.42, 31.63 ], [ 121.43, 31.63 ], [ 121.43, 31.62 ], [ 121.42, 31.62 ] ] ] } },
{ "type": "Feature", "properties": { "grid_id": "r029_c066", "district_name": "崇明区", "green_fraction": 0.0, "water_fraction": 0.0227596516790699, "building_fraction": 0.0, "road_km_per_km2": 5.8055142254610894, "utci_c": 38.44, "p_base": 0.7836, "p_enhanced": 0.8168, "delta_p": 0.0332, "rel_mitigation_pct": -4.23, "risk_level": "extreme", "quadrant": "Q2_生态缓冲区" }, "geometry": { "type": "Polygon", "coordinates": [ [ [ 121.51, 31.6 ], [ 121.51, 31.61 ], [ 121.52, 31.61 ], [ 121.52, 31.6 ], [ 121.51, 31.6 ] ] ] } },
{ "type": "Feature", "properties": { "grid_id": "r032_c078", "district_name": "崇明区", "green_fraction": 0.0, "water_fraction": 0.045994214163386699, "building_fraction": 0.00035266737331000002, "road_km_per_km2": 4.1049593167571103, "utci_c": 38.37, "p_base": 0.7807, "p_enhanced": 0.8079, "delta_p": 0.0272, "rel_mitigation_pct": -3.48, "risk_level": "extreme", "quadrant": "Q3_双低安全区" }, "geometry": { "type": "Polygon", "coordinates": [ [ [ 121.63, 31.57 ], [ 121.63, 31.58 ], [ 121.64, 31.58 ], [ 121.64, 31.57 ], [ 121.63, 31.57 ] ] ] } },
{ "type": "Feature", "properties": { "grid_id": "r036_c100", "district_name": "崇明区", "green_fraction": 0.094474151408948701, "water_fraction": 0.0053789156209009996, "building_fraction": 0.0, "road_km_per_km2": 2.4473080060367987, "utci_c": 38.33, "p_base": 0.7791, "p_enhanced": 0.8265, "delta_p": 0.0474, "rel_mitigation_pct": -6.08, "risk_level": "extreme", "quadrant": "Q4_脆弱敏感区" }, "geometry": { "type": "Polygon", "coordinates": [ [ [ 121.85, 31.53 ], [ 121.85, 31.54 ], [ 121.86, 31.54 ], [ 121.86, 31.53 ], [ 121.85, 31.53 ] ] ] } },
{ "type": "Feature", "properties": { "grid_id": "r037_c098", "district_name": "崇明区", "green_fraction": 0.0, "water_fraction": 0.0281910207323476, "building_fraction": 0.0, "road_km_per_km2": 12.63776756956848, "utci_c": 38.42, "p_base": 0.7829, "p_enhanced": 0.8147, "delta_p": 0.0318, "rel_mitigation_pct": -4.06, "risk_level": "extreme", "quadrant": "Q3_双低安全区" }, "geometry": { "type": "Polygon", "coordinates": [ [ [ 121.83, 31.52 ], [ 121.83, 31.53 ], [ 121.84, 31.53 ], [ 121.84, 31.52 ], [ 121.83, 31.52 ] ] ] } },
{ "type": "Feature", "properties": { "grid_id": "r038_c109", "district_name": "崇明区", "green_fraction": 0.56842021030739798, "water_fraction": 0.1190880063193188, "building_fraction": 0.00092882947693410001, "road_km_per_km2": 4.3450607973258473, "utci_c": 37.26, "p_base": 0.7282, "p_enhanced": 0.8016, "delta_p": 0.0734, "rel_mitigation_pct": -10.08, "risk_level": "extreme", "quadrant": "Q3_双低安全区" }, "geometry": { "type": "Polygon", "coordinates": [ [ [ 121.94, 31.51 ], [ 121.94, 31.52 ], [ 121.95, 31.52 ], [ 121.95, 31.51 ], [ 121.94, 31.51 ] ] ] } },
{ "type": "Feature", "properties": { "grid_id": "r038_c110", "district_name": "崇明区", "green_fraction": 0.78344600355947303, "water_fraction": 0.49417133751526809, "building_fraction": 0.0011416482663217, "road_km_per_km2": 3.8302811293724153, "utci_c": 35.86, "p_base": 0.6547, "p_enhanced": 0.6295, "delta_p": -0.0252, "rel_mitigation_pct": 3.84, "risk_level": "high", "quadrant": "Q3_双低安全区" }, "geometry": { "type": "Polygon", "coordinates": [ [ [ 121.95, 31.51 ], [ 121.95, 31.52 ], [ 121.96, 31.52 ], [ 121.96, 31.51 ], [ 121.95, 31.51 ] ] ] } },
{ "type": "Feature", "properties": { "grid_id": "r040_c045", "district_name": "宝山区", "green_fraction": 0.0, "water_fraction": 0.0, "building_fraction": 0.0, "road_km_per_km2": 8.2115013710899838, "utci_c": 38.5, "p_base": 0.7864, "p_enhanced": 0.8251, "delta_p": 0.0387, "rel_mitigation_pct": -4.92, "risk_level": "extreme", "quadrant": "Q1_双高极危区" }, "geometry": { "type": "Polygon", "coordinates": [ [ [ 121.3, 31.49 ], [ 121.3, 31.5 ], [ 121.31, 31.5 ], [ 121.31, 31.49 ], [ 121.3, 31.49 ] ] ] } },
{ "type": "Feature", "properties": { "grid_id": "r041_c043", "district_name": "嘉定区", "green_fraction": 0.0, "water_fraction": 0.0, "building_fraction": 0.0, "road_km_per_km2": 2.7718419490059141, "utci_c": 38.5, "p_base": 0.7864, "p_enhanced": 0.8251, "delta_p": 0.0387, "rel_mitigation_pct": -4.92, "risk_level": "extreme", "quadrant": "Q1_双高极危区" }, "geometry": { "type": "Polygon", "coordinates": [ [ [ 121.29, 31.49 ], [ 121.29, 31.48 ], [ 121.28, 31.48 ], [ 121.28, 31.48745662042014 ], [ 121.287596611606148, 31.49 ], [ 121.29, 31.49 ] ] ] } },
{ "type": "Feature", "properties": { "grid_id": "r041_c097", "district_name": "崇明区", "green_fraction": 0.0, "water_fraction": 0.1117887916812422, "building_fraction": 0.041371091675356297, "road_km_per_km2": 6.4437564372460967, "utci_c": 38.25, "p_base": 0.7753, "p_enhanced": 0.7797, "delta_p": 0.0045, "rel_mitigation_pct": -0.58, "risk_level": "extreme", "quadrant": "Q3_双低安全区" }, "geometry": { "type": "Polygon", "coordinates": [ [ [ 121.82, 31.48 ], [ 121.82, 31.49 ], [ 121.83, 31.49 ], [ 121.83, 31.48 ], [ 121.82, 31.48 ] ] ] } },
{ "type": "Feature", "properties": { "grid_id": "r043_c094", "district_name": "崇明区", "green_fraction": 0.0511511423034011, "water_fraction": 0.0409496687572471, "building_fraction": 0.0061785785311613004, "road_km_per_km2": 2.8976129351890143, "utci_c": 38.31, "p_base": 0.7781, "p_enhanced": 0.8116, "delta_p": 0.0335, "rel_mitigation_pct": -4.3, "risk_level": "extreme", "quadrant": "Q3_双低安全区" }, "geometry": { "type": "Polygon", "coordinates": [ [ [ 121.79, 31.46 ], [ 121.79, 31.47 ], [ 121.8, 31.47 ], [ 121.8, 31.46 ], [ 121.79, 31.46 ] ] ] } },
{ "type": "Feature", "properties": { "grid_id": "r043_c096", "district_name": "崇明区", "green_fraction": 0.0, "water_fraction": 0.057184634735295697, "building_fraction": 0.0, "road_km_per_km2": 8.3658570089000044, "utci_c": 38.34, "p_base": 0.7793, "p_enhanced": 0.8036, "delta_p": 0.0243, "rel_mitigation_pct": -3.11, "risk_level": "extreme", "quadrant": "Q3_双低安全区" }, "geometry": { "type": "Polygon", "coordinates": [ [ [ 121.81, 31.46 ], [ 121.81, 31.47 ], [ 121.82, 31.47 ], [ 121.82, 31.46 ], [ 121.81, 31.46 ] ] ] } },
{ "type": "Feature", "properties": { "grid_id": "r046_c049", "district_name": "宝山区", "green_fraction": 0.23775838354527251, "water_fraction": 0.0, "building_fraction": 0.0, "road_km_per_km2": 2.8132752689403522, "utci_c": 38.12, "p_base": 0.7694, "p_enhanced": 0.8333, "delta_p": 0.0639, "rel_mitigation_pct": -8.3, "risk_level": "extreme", "quadrant": "Q4_脆弱敏感区" }, "geometry": { "type": "Polygon", "coordinates": [ [ [ 121.34, 31.43 ], [ 121.34, 31.44 ], [ 121.35, 31.44 ], [ 121.35, 31.43 ], [ 121.34, 31.43 ] ] ] } },
{ "type": "Feature", "properties": { "grid_id": "r047_c048", "district_name": "宝山区", "green_fraction": 0.0, "water_fraction": 0.0, "building_fraction": 0.0, "road_km_per_km2": 6.9723620449326846, "utci_c": 38.5, "p_base": 0.7864, "p_enhanced": 0.8251, "delta_p": 0.0387, "rel_mitigation_pct": -4.92, "risk_level": "extreme", "quadrant": "Q1_双高极危区" }, "geometry": { "type": "Polygon", "coordinates": [ [ [ 121.33, 31.42 ], [ 121.33, 31.43 ], [ 121.34, 31.43 ], [ 121.34, 31.42 ], [ 121.33, 31.42 ] ] ] } },
{ "type": "Feature", "properties": { "grid_id": "r048_c048", "district_name": "宝山区", "green_fraction": 0.0, "water_fraction": 0.0370042706210073, "building_fraction": 0.0, "road_km_per_km2": 9.6398343604554739, "utci_c": 38.4, "p_base": 0.7818, "p_enhanced": 0.8114, "delta_p": 0.0296, "rel_mitigation_pct": -3.78, "risk_level": "extreme", "quadrant": "Q3_双低安全区" }, "geometry": { "type": "Polygon", "coordinates": [ [ [ 121.33, 31.41 ], [ 121.33, 31.42 ], [ 121.34, 31.42 ], [ 121.34, 31.41 ], [ 121.33, 31.41 ] ] ] } },
{ "type": "Feature", "properties": { "grid_id": "r048_c062", "district_name": "宝山区", "green_fraction": 0.1275871631702192, "water_fraction": 0.0, "building_fraction": 0.0076345939327773001, "road_km_per_km2": 11.353358822502026, "utci_c": 38.31, "p_base": 0.7779, "p_enhanced": 0.8293, "delta_p": 0.0514, "rel_mitigation_pct": -6.61, "risk_level": "extreme", "quadrant": "Q4_脆弱敏感区" }, "geometry": { "type": "Polygon", "coordinates": [ [ [ 121.47, 31.41 ], [ 121.47, 31.42 ], [ 121.48, 31.42 ], [ 121.48, 31.41 ], [ 121.47, 31.41 ] ] ] } },
{ "type": "Feature", "properties": { "grid_id": "r048_c063", "district_name": "宝山区", "green_fraction": 0.12812855955198421, "water_fraction": 0.012614274745367301, "building_fraction": 0.0116221502143083, "road_km_per_km2": 12.270001392801133, "utci_c": 38.28, "p_base": 0.7765, "p_enhanced": 0.8247, "delta_p": 0.0482, "rel_mitigation_pct": -6.2, "risk_level": "extreme", "quadrant": "Q4_脆弱敏感区" }, "geometry": { "type": "Polygon", "coordinates": [ [ [ 121.49, 31.41 ], [ 121.48, 31.41 ], [ 121.48, 31.42 ], [ 121.483752987972039, 31.42 ], [ 121.489165, 31.416353 ], [ 121.49, 31.41530457020918 ], [ 121.49, 31.41 ] ] ] } },
{ "type": "Feature", "properties": { "grid_id": "r049_c038", "district_name": "嘉定区", "green_fraction": 0.1277239870812564, "water_fraction": 0.060622348976371497, "building_fraction": 0.0, "road_km_per_km2": 3.5871571835745311, "utci_c": 38.13, "p_base": 0.7697, "p_enhanced": 0.8071, "delta_p": 0.0374, "rel_mitigation_pct": -4.87, "risk_level": "extreme", "quadrant": "Q3_双低安全区" }, "geometry": { "type": "Polygon", "coordinates": [ [ [ 121.23, 31.4 ], [ 121.23, 31.41 ], [ 121.24, 31.41 ], [ 121.24, 31.4 ], [ 121.23, 31.4 ] ] ] } },
{ "type": "Feature", "properties": { "grid_id": "r049_c050", "district_name": "宝山区", "green_fraction": 0.047043831137384001, "water_fraction": 0.064111498828787902, "building_fraction": 0.0, "road_km_per_km2": 6.7229773726095381, "utci_c": 38.25, "p_base": 0.7751, "p_enhanced": 0.8027, "delta_p": 0.0276, "rel_mitigation_pct": -3.56, "risk_level": "extreme", "quadrant": "Q3_双低安全区" }, "geometry": { "type": "Polygon", "coordinates": [ [ [ 121.35, 31.4 ], [ 121.35, 31.41 ], [ 121.36, 31.41 ], [ 121.36, 31.4 ], [ 121.35, 31.4 ] ] ] } },
{ "type": "Feature", "properties": { "grid_id": "r049_c084", "district_name": "崇明区", "green_fraction": 0.64367524804543963, "water_fraction": 0.0133950808947587, "building_fraction": 0.0, "road_km_per_km2": 11.548256936106474, "utci_c": 37.43, "p_base": 0.7368, "p_enhanced": 0.8425, "delta_p": 0.1056, "rel_mitigation_pct": -14.34, "risk_level": "extreme", "quadrant": "Q4_脆弱敏感区" }, "geometry": { "type": "Polygon", "coordinates": [ [ [ 121.69, 31.4 ], [ 121.69, 31.41 ], [ 121.7, 31.41 ], [ 121.7, 31.4 ], [ 121.69, 31.4 ] ] ] } },
{ "type": "Feature", "properties": { "grid_id": "r049_c085", "district_name": "崇明区", "green_fraction": 0.98984463728197958, "water_fraction": 0.061897797987141102, "building_fraction": 0.0, "road_km_per_km2": 12.777342307587084, "utci_c": 36.74, "p_base": 0.7019, "p_enhanced": 0.8383, "delta_p": 0.1364, "rel_mitigation_pct": -19.43, "risk_level": "extreme", "quadrant": "Q4_脆弱敏感区" }, "geometry": { "type": "Polygon", "coordinates": [ [ [ 121.7, 31.4 ], [ 121.7, 31.41 ], [ 121.71, 31.41 ], [ 121.71, 31.4 ], [ 121.7, 31.4 ] ] ] } },
{ "type": "Feature", "properties": { "grid_id": "r049_c086", "district_name": "崇明区", "green_fraction": 0.76006620430701843, "water_fraction": 0.14945825750702599, "building_fraction": 0.00039911781621390001, "road_km_per_km2": 11.419946435223167, "utci_c": 36.87, "p_base": 0.7083, "p_enhanced": 0.7974, "delta_p": 0.0892, "rel_mitigation_pct": -12.59, "risk_level": "extreme", "quadrant": "Q3_双低安全区" }, "geometry": { "type": "Polygon", "coordinates": [ [ [ 121.72, 31.4 ], [ 121.71, 31.4 ], [ 121.71, 31.41 ], [ 121.718528955829314, 31.41 ], [ 121.72, 31.409345531571713 ], [ 121.72, 31.4 ] ] ] } },
{ "type": "Feature", "properties": { "grid_id": "r050_c062", "district_name": "宝山区", "green_fraction": 0.034960103412146899, "water_fraction": 0.0, "building_fraction": 0.075152575292161197, "road_km_per_km2": 12.611662480559881, "utci_c": 38.56, "p_base": 0.7888, "p_enhanced": 0.824, "delta_p": 0.0352, "rel_mitigation_pct": -4.46, "risk_level": "extreme", "quadrant": "Q1_双高极危区" }, "geometry": { "type": "Polygon", "coordinates": [ [ [ 121.47, 31.39 ], [ 121.47, 31.4 ], [ 121.48, 31.4 ], [ 121.48, 31.39 ], [ 121.47, 31.39 ] ] ] } },
{ "type": "Feature", "properties": { "grid_id": "r050_c085", "district_name": "崇明区", "green_fraction": 0.18065372832500559, "water_fraction": 0.030900028293385701, "building_fraction": 0.020957116869117099, "road_km_per_km2": 9.6969069760364004, "utci_c": 38.16, "p_base": 0.771, "p_enhanced": 0.8196, "delta_p": 0.0486, "rel_mitigation_pct": -6.3, "risk_level": "extreme", "quadrant": "Q4_脆弱敏感区" }, "geometry": { "type": "Polygon", "coordinates": [ [ [ 121.7, 31.39 ], [ 121.7, 31.4 ], [ 121.71, 31.4 ], [ 121.71, 31.39 ], [ 121.7, 31.39 ] ] ] } },
{ "type": "Feature", "properties": { "grid_id": "r051_c038", "district_name": "嘉定区", "green_fraction": 0.0077639619998754999, "water_fraction": 0.034014971334804599, "building_fraction": 0.0050450434931490996, "road_km_per_km2": 8.6023286143426763, "utci_c": 38.4, "p_base": 0.782, "p_enhanced": 0.8127, "delta_p": 0.0307, "rel_mitigation_pct": -3.92, "risk_level": "extreme", "quadrant": "Q3_双低安全区" }, "geometry": { "type": "Polygon", "coordinates": [ [ [ 121.23, 31.38 ], [ 121.23, 31.39 ], [ 121.24, 31.39 ], [ 121.24, 31.38 ], [ 121.23, 31.38 ] ] ] } },
{ "type": "Feature", "properties": { "grid_id": "r051_c039", "district_name": "嘉定区", "green_fraction": 0.0507841899170711, "water_fraction": 0.0039149415183191002, "building_fraction": 0.0524306460715099, "road_km_per_km2": 16.797647004547763, "utci_c": 38.49, "p_base": 0.7858, "p_enhanced": 0.8239, "delta_p": 0.0381, "rel_mitigation_pct": -4.84, "risk_level": "extreme", "quadrant": "Q1_双高极危区" }, "geometry": { "type": "Polygon", "coordinates": [ [ [ 121.24, 31.38 ], [ 121.24, 31.39 ], [ 121.25, 31.39 ], [ 121.25, 31.38 ], [ 121.24, 31.38 ] ] ] } },
{ "type": "Feature", "properties": { "grid_id": "r051_c046", "district_name": "嘉定区", "green_fraction": 0.0, "water_fraction": 0.0, "building_fraction": 0.0, "road_km_per_km2": 4.9068752099525206, "utci_c": 38.5, "p_base": 0.7864, "p_enhanced": 0.8251, "delta_p": 0.0387, "rel_mitigation_pct": -4.92, "risk_level": "extreme", "quadrant": "Q1_双高极危区" }, "geometry": { "type": "Polygon", "coordinates": [ [ [ 121.31, 31.38 ], [ 121.31, 31.39 ], [ 121.32, 31.39 ], [ 121.32, 31.38 ], [ 121.31, 31.38 ] ] ] } },
{ "type": "Feature", "properties": { "grid_id": "r051_c066", "district_name": "浦东新区", "green_fraction": 0.34597394457291009, "water_fraction": 0.1923049335210216, "building_fraction": 0.022674909605311801, "road_km_per_km2": 8.2469228377618364, "utci_c": 37.44, "p_base": 0.7373, "p_enhanced": 0.7603, "delta_p": 0.023, "rel_mitigation_pct": -3.12, "risk_level": "extreme", "quadrant": "Q3_双低安全区" }, "geometry": { "type": "Polygon", "coordinates": [ [ [ 121.52, 31.38 ], [ 121.51, 31.38 ], [ 121.51, 31.39 ], [ 121.51015329620499, 31.39 ], [ 121.510487, 31.389581 ], [ 121.52, 31.389588318943407 ], [ 121.52, 31.38 ] ] ] } },
{ "type": "Feature", "properties": { "grid_id": "r051_c067", "district_name": "浦东新区", "green_fraction": 0.96142865676605405, "water_fraction": 0.045188978540219998, "building_fraction": 0.0035844336904032, "road_km_per_km2": 16.612439521185699, "utci_c": 36.84, "p_base": 0.7069, "p_enhanced": 0.8427, "delta_p": 0.1357, "rel_mitigation_pct": -19.2, "risk_level": "extreme", "quadrant": "Q4_脆弱敏感区" }, "geometry": { "type": "Polygon", "coordinates": [ [ [ 121.53, 31.38 ], [ 121.52, 31.38 ], [ 121.52, 31.389588318943407 ], [ 121.522185, 31.38959 ], [ 121.53, 31.387382108905328 ], [ 121.53, 31.38 ] ] ] } },
{ "type": "Feature", "properties": { "grid_id": "r051_c068", "district_name": "浦东新区", "green_fraction": 0.45537941756103889, "water_fraction": 0.0084232733174523997, "building_fraction": 0.00068884202394539997, "road_km_per_km2": 7.9531762024323172, "utci_c": 37.75, "p_base": 0.7521, "p_enhanced": 0.8378, "delta_p": 0.0857, "rel_mitigation_pct": -11.39, "risk_level": "extreme", "quadrant": "Q4_脆弱敏感区" }, "geometry": { "type": "Polygon", "coordinates": [ [ [ 121.54, 31.38 ], [ 121.53, 31.38 ], [ 121.53, 31.387382108905328 ], [ 121.54, 31.384556912367049 ], [ 121.54, 31.38 ] ] ] } },
{ "type": "Feature", "properties": { "grid_id": "r051_c085", "district_name": "崇明区", "green_fraction": 0.089736070156410705, "water_fraction": 0.034313392301733601, "building_fraction": 0.0433575033817378, "road_km_per_km2": 18.94144726800808, "utci_c": 38.33, "p_base": 0.7787, "p_enhanced": 0.8143, "delta_p": 0.0356, "rel_mitigation_pct": -4.58, "risk_level": "extreme", "quadrant": "Q3_双低安全区" }, "geometry": { "type": "Polygon", "coordinates": [ [ [ 121.7, 31.38 ], [ 121.7, 31.39 ], [ 121.71, 31.39 ], [ 121.71, 31.38 ], [ 121.7, 31.38 ] ] ] } },
{ "type": "Feature", "properties": { "grid_id": "r052_c067", "district_name": "浦东新区", "green_fraction": 0.28471110552047491, "water_fraction": 0.0, "building_fraction": 0.014173839676734599, "road_km_per_km2": 14.394065040375491, "utci_c": 38.07, "p_base": 0.7669, "p_enhanced": 0.8344, "delta_p": 0.0675, "rel_mitigation_pct": -8.8, "risk_level": "extreme", "quadrant": "Q4_脆弱敏感区" }, "geometry": { "type": "Polygon", "coordinates": [ [ [ 121.52, 31.37 ], [ 121.52, 31.38 ], [ 121.53, 31.38 ], [ 121.53, 31.37 ], [ 121.52, 31.37 ] ] ] } },
{ "type": "Feature", "properties": { "grid_id": "r053_c040", "district_name": "嘉定区", "green_fraction": 0.051839547674844499, "water_fraction": 0.0203713922487119, "building_fraction": 0.0090462054555803008, "road_km_per_km2": 10.759502976120716, "utci_c": 38.37, "p_base": 0.7808, "p_enhanced": 0.8192, "delta_p": 0.0384, "rel_mitigation_pct": -4.92, "risk_level": "extreme", "quadrant": "Q4_脆弱敏感区" }, "geometry": { "type": "Polygon", "coordinates": [ [ [ 121.25, 31.36 ], [ 121.25, 31.37 ], [ 121.26, 31.37 ], [ 121.26, 31.36 ], [ 121.25, 31.36 ] ] ] } },
{ "type": "Feature", "properties": { "grid_id": "r053_c057", "district_name": "宝山区", "green_fraction": 0.0230607830842482, "water_fraction": 0.0, "building_fraction": 0.030803010744741299, "road_km_per_km2": 11.657856551531482, "utci_c": 38.51, "p_base": 0.7868, "p_enhanced": 0.825, "delta_p": 0.0382, "rel_mitigation_pct": -4.85, "risk_level": "extreme", "quadrant": "Q1_双高极危区" }, "geometry": { "type": "Polygon", "coordinates": [ [ [ 121.42, 31.36 ], [ 121.42, 31.37 ], [ 121.43, 31.37 ], [ 121.43, 31.36 ], [ 121.42, 31.36 ] ] ] } },
{ "type": "Feature", "properties": { "grid_id": "r054_c051", "district_name": "宝山区", "green_fraction": 0.0, "water_fraction": 0.0, "building_fraction": 0.0, "road_km_per_km2": 8.1432916153260475, "utci_c": 38.5, "p_base": 0.7864, "p_enhanced": 0.8251, "delta_p": 0.0387, "rel_mitigation_pct": -4.92, "risk_level": "extreme", "quadrant": "Q1_双高极危区" }, "geometry": { "type": "Polygon", "coordinates": [ [ [ 121.36, 31.35 ], [ 121.36, 31.36 ], [ 121.37, 31.36 ], [ 121.37, 31.35 ], [ 121.36, 31.35 ] ] ] } },
{ "type": "Feature", "properties": { "grid_id": "r054_c057", "district_name": "宝山区", "green_fraction": 0.30320243657083901, "water_fraction": 0.0, "building_fraction": 0.0082633048002858991, "road_km_per_km2": 12.797544852663629, "utci_c": 38.03, "p_base": 0.7652, "p_enhanced": 0.8353, "delta_p": 0.0701, "rel_mitigation_pct": -9.16, "risk_level": "extreme", "quadrant": "Q4_脆弱敏感区" }, "geometry": { "type": "Polygon", "coordinates": [ [ [ 121.42, 31.35 ], [ 121.42, 31.36 ], [ 121.43, 31.36 ], [ 121.43, 31.35 ], [ 121.42, 31.35 ] ] ] } },
{ "type": "Feature", "properties": { "grid_id": "r054_c093", "district_name": "崇明区", "green_fraction": 0.051251741031250603, "water_fraction": 0.061996848781434202, "building_fraction": 0.015434197751676501, "road_km_per_km2": 8.5109227738349649, "utci_c": 38.27, "p_base": 0.7761, "p_enhanced": 0.8031, "delta_p": 0.0271, "rel_mitigation_pct": -3.49, "risk_level": "extreme", "quadrant": "Q3_双低安全区" }, "geometry": { "type": "Polygon", "coordinates": [ [ [ 121.78, 31.35 ], [ 121.78, 31.36 ], [ 121.786673071802056, 31.36 ], [ 121.786709, 31.359951 ], [ 121.78777437729488, 31.35 ], [ 121.78, 31.35 ] ] ] } },
{ "type": "Feature", "properties": { "grid_id": "r055_c051", "district_name": "宝山区", "green_fraction": 0.44991407304916042, "water_fraction": 0.059994326594657102, "building_fraction": 0.0484639547145507, "road_km_per_km2": 12.588521874873807, "utci_c": 37.68, "p_base": 0.7491, "p_enhanced": 0.8179, "delta_p": 0.0688, "rel_mitigation_pct": -9.19, "risk_level": "extreme", "quadrant": "Q4_脆弱敏感区" }, "geometry": { "type": "Polygon", "coordinates": [ [ [ 121.36, 31.34 ], [ 121.36, 31.35 ], [ 121.37, 31.35 ], [ 121.37, 31.34 ], [ 121.36, 31.34 ] ] ] } },
{ "type": "Feature", "properties": { "grid_id": "r055_c057", "district_name": "宝山区", "green_fraction": 0.047913805032602799, "water_fraction": 0.084945342756522199, "building_fraction": 0.031101455195919, "road_km_per_km2": 7.0177882804166725, "utci_c": 38.23, "p_base": 0.7745, "p_enhanced": 0.7933, "delta_p": 0.0188, "rel_mitigation_pct": -2.43, "risk_level": "extreme", "quadrant": "Q3_双低安全区" }, "geometry": { "type": "Polygon", "coordinates": [ [ [ 121.42, 31.34 ], [ 121.42, 31.35 ], [ 121.43, 31.35 ], [ 121.43, 31.34 ], [ 121.42, 31.34 ] ] ] } },
{ "type": "Feature", "properties": { "grid_id": "r055_c058", "district_name": "宝山区", "green_fraction": 0.0099838537383204994, "water_fraction": 0.087642141704267304, "building_fraction": 0.036111080636146702, "road_km_per_km2": 10.048615978196322, "utci_c": 38.29, "p_base": 0.7772, "p_enhanced": 0.7905, "delta_p": 0.0133, "rel_mitigation_pct": -1.71, "risk_level": "extreme", "quadrant": "Q3_双低安全区" }, "geometry": { "type": "Polygon", "coordinates": [ [ [ 121.43, 31.34 ], [ 121.43, 31.35 ], [ 121.44, 31.35 ], [ 121.44, 31.34 ], [ 121.43, 31.34 ] ] ] } },
{ "type": "Feature", "properties": { "grid_id": "r055_c059", "district_name": "宝山区", "green_fraction": 0.087873979605440605, "water_fraction": 0.038645463795027098, "building_fraction": 0.0181564784022001, "road_km_per_km2": 5.1882930515502004, "utci_c": 38.28, "p_base": 0.7766, "p_enhanced": 0.8134, "delta_p": 0.0369, "rel_mitigation_pct": -4.75, "risk_level": "extreme", "quadrant": "Q3_双低安全区" }, "geometry": { "type": "Polygon", "coordinates": [ [ [ 121.44, 31.34 ], [ 121.44, 31.35 ], [ 121.45, 31.35 ], [ 121.45, 31.34 ], [ 121.44, 31.34 ] ] ] } },
{ "type": "Feature", "properties": { "grid_id": "r055_c061", "district_name": "宝山区", "green_fraction": 0.055973427196506699, "water_fraction": 0.0, "building_fraction": 0.024820223391765199, "road_km_per_km2": 6.477600994918042, "utci_c": 38.45, "p_base": 0.7841, "p_enhanced": 0.8263, "delta_p": 0.0422, "rel_mitigation_pct": -5.38, "risk_level": "extreme", "quadrant": "Q1_双高极危区" }, "geometry": { "type": "Polygon", "coordinates": [ [ [ 121.46, 31.34 ], [ 121.46, 31.35 ], [ 121.47, 31.35 ], [ 121.47, 31.34 ], [ 121.46, 31.34 ] ] ] } },
{ "type": "Feature", "properties": { "grid_id": "r055_c063", "district_name": "宝山区", "green_fraction": 0.085726459884423595, "water_fraction": 0.0186216015072415, "building_fraction": 0.17606337874482911, "road_km_per_km2": 11.248184268459964, "utci_c": 38.57, "p_base": 0.7896, "p_enhanced": 0.8158, "delta_p": 0.0262, "rel_mitigation_pct": -3.32, "risk_level": "extreme", "quadrant": "Q2_生态缓冲区" }, "geometry": { "type": "Polygon", "coordinates": [ [ [ 121.48, 31.34 ], [ 121.48, 31.35 ], [ 121.49, 31.35 ], [ 121.49, 31.34 ], [ 121.48, 31.34 ] ] ] } },
{ "type": "Feature", "properties": { "grid_id": "r055_c064", "district_name": "宝山区", "green_fraction": 0.0038369678013821002, "water_fraction": 0.026172697774271399, "building_fraction": 0.0742780868270808, "road_km_per_km2": 13.371397109058304, "utci_c": 38.53, "p_base": 0.7878, "p_enhanced": 0.8133, "delta_p": 0.0255, "rel_mitigation_pct": -3.23, "risk_level": "extreme", "quadrant": "Q2_生态缓冲区" }, "geometry": { "type": "Polygon", "coordinates": [ [ [ 121.49, 31.34 ], [ 121.49, 31.35 ], [ 121.5, 31.35 ], [ 121.5, 31.34 ], [ 121.49, 31.34 ] ] ] } },
{ "type": "Feature", "properties": { "grid_id": "r055_c072", "district_name": "浦东新区", "green_fraction": 0.022725485146234702, "water_fraction": 0.034532185301593202, "building_fraction": 0.095039354423120795, "road_km_per_km2": 13.067432314472274, "utci_c": 38.51, "p_base": 0.7868, "p_enhanced": 0.8101, "delta_p": 0.0233, "rel_mitigation_pct": -2.96, "risk_level": "extreme", "quadrant": "Q2_生态缓冲区" }, "geometry": { "type": "Polygon", "coordinates": [ [ [ 121.57, 31.34 ], [ 121.57, 31.35 ], [ 121.58, 31.35 ], [ 121.58, 31.34 ], [ 121.57, 31.34 ] ] ] } },
{ "type": "Feature", "properties": { "grid_id": "r056_c037", "district_name": "嘉定区", "green_fraction": 0.030075192772555, "water_fraction": 0.0466542587785755, "building_fraction": 0.066373722018419498, "road_km_per_km2": 26.824280679519731, "utci_c": 38.42, "p_base": 0.7829, "p_enhanced": 0.8066, "delta_p": 0.0237, "rel_mitigation_pct": -3.03, "risk_level": "extreme", "quadrant": "Q3_双低安全区" }, "geometry": { "type": "Polygon", "coordinates": [ [ [ 121.22, 31.33 ], [ 121.22, 31.34 ], [ 121.23, 31.34 ], [ 121.23, 31.33 ], [ 121.22, 31.33 ] ] ] } },
{ "type": "Feature", "properties": { "grid_id": "r056_c041", "district_name": "嘉定区", "green_fraction": 0.00097787218272340007, "water_fraction": 0.0034307713687208, "building_fraction": 0.0181270666472707, "road_km_per_km2": 8.3385250128369677, "utci_c": 38.52, "p_base": 0.7871, "p_enhanced": 0.8233, "delta_p": 0.0363, "rel_mitigation_pct": -4.61, "risk_level": "extreme", "quadrant": "Q1_双高极危区" }, "geometry": { "type": "Polygon", "coordinates": [ [ [ 121.26, 31.33 ], [ 121.26, 31.34 ], [ 121.27, 31.34 ], [ 121.27, 31.33 ], [ 121.26, 31.33 ] ] ] } },
{ "type": "Feature", "properties": { "grid_id": "r056_c103", "district_name": "崇明区", "green_fraction": 0.0, "water_fraction": 0.093926927973231294, "building_fraction": 0.0001832956853078, "road_km_per_km2": 3.2665540664752024, "utci_c": 38.24, "p_base": 0.7747, "p_enhanced": 0.7888, "delta_p": 0.014, "rel_mitigation_pct": -1.81, "risk_level": "extreme", "quadrant": "Q3_双低安全区" }, "geometry": { "type": "Polygon", "coordinates": [ [ [ 121.88, 31.33 ], [ 121.88, 31.34 ], [ 121.89, 31.34 ], [ 121.89, 31.33 ], [ 121.88, 31.33 ] ] ] } },
{ "type": "Feature", "properties": { "grid_id": "r057_c054", "district_name": "宝山区", "green_fraction": 0.030839108917050301, "water_fraction": 0.0684939433022137, "building_fraction": 0.0300212516415739, "road_km_per_km2": 8.331005272348774, "utci_c": 38.3, "p_base": 0.7777, "p_enhanced": 0.7993, "delta_p": 0.0216, "rel_mitigation_pct": -2.77, "risk_level": "extreme", "quadrant": "Q3_双低安全区" }, "geometry": { "type": "Polygon", "coordinates": [ [ [ 121.39, 31.32 ], [ 121.39, 31.33 ], [ 121.4, 31.33 ], [ 121.4, 31.32 ], [ 121.39, 31.32 ] ] ] } },
{ "type": "Feature", "properties": { "grid_id": "r057_c058", "district_name": "宝山区", "green_fraction": 0.016412869125499802, "water_fraction": 0.0, "building_fraction": 0.0096595385144051995, "road_km_per_km2": 6.9060221669126269, "utci_c": 38.49, "p_base": 0.7859, "p_enhanced": 0.8254, "delta_p": 0.0395, "rel_mitigation_pct": -5.03, "risk_level": "extreme", "quadrant": "Q1_双高极危区" }, "geometry": { "type": "Polygon", "coordinates": [ [ [ 121.43, 31.32 ], [ 121.43, 31.33 ], [ 121.44, 31.33 ], [ 121.44, 31.32 ], [ 121.43, 31.32 ] ] ] } },
{ "type": "Feature", "properties": { "grid_id": "r057_c061", "district_name": "宝山区", "green_fraction": 0.0, "water_fraction": 0.030988980741791999, "building_fraction": 0.024857377698981099, "road_km_per_km2": 7.0770463571730886, "utci_c": 38.45, "p_base": 0.7842, "p_enhanced": 0.8129, "delta_p": 0.0287, "rel_mitigation_pct": -3.65, "risk_level": "extreme", "quadrant": "Q2_生态缓冲区" }, "geometry": { "type": "Polygon", "coordinates": [ [ [ 121.46, 31.32 ], [ 121.46, 31.33 ], [ 121.47, 31.33 ], [ 121.47, 31.32 ], [ 121.46, 31.32 ] ] ] } },
{ "type": "Feature", "properties": { "grid_id": "r057_c065", "district_name": "杨浦区", "green_fraction": 0.114915437423218, "water_fraction": 0.061836621309020297, "building_fraction": 0.044768372095544497, "road_km_per_km2": 30.228088614350963, "utci_c": 38.21, "p_base": 0.7735, "p_enhanced": 0.8047, "delta_p": 0.0312, "rel_mitigation_pct": -4.03, "risk_level": "extreme", "quadrant": "Q3_双低安全区" }, "geometry": { "type": "Polygon", "coordinates": [ [ [ 121.5, 31.32 ], [ 121.5, 31.33 ], [ 121.51, 31.33 ], [ 121.51, 31.32 ], [ 121.5, 31.32 ] ] ] } },
{ "type": "Feature", "properties": { "grid_id": "r057_c069", "district_name": "杨浦区", "green_fraction": 0.61194363226862292, "water_fraction": 0.046714012884714599, "building_fraction": 0.0022521502870250999, "road_km_per_km2": 16.55220932627622, "utci_c": 37.39, "p_base": 0.7349, "p_enhanced": 0.83, "delta_p": 0.0951, "rel_mitigation_pct": -12.94, "risk_level": "extreme", "quadrant": "Q4_脆弱敏感区" }, "geometry": { "type": "Polygon", "coordinates": [ [ [ 121.54, 31.32 ], [ 121.54, 31.33 ], [ 121.55, 31.33 ], [ 121.55, 31.32 ], [ 121.54, 31.32 ] ] ] } },
{ "type": "Feature", "properties": { "grid_id": "r057_c074", "district_name": "浦东新区", "green_fraction": 0.43189157897129171, "water_fraction": 0.015125518949807499, "building_fraction": 0.034586454498778799, "road_km_per_km2": 15.602416091888657, "utci_c": 37.82, "p_base": 0.7554, "p_enhanced": 0.8337, "delta_p": 0.0783, "rel_mitigation_pct": -10.36, "risk_level": "extreme", "quadrant": "Q4_脆弱敏感区" }, "geometry": { "type": "Polygon", "coordinates": [ [ [ 121.59, 31.32 ], [ 121.59, 31.33 ], [ 121.6, 31.33 ], [ 121.6, 31.32 ], [ 121.59, 31.32 ] ] ] } },
{ "type": "Feature", "properties": { "grid_id": "r058_c045", "district_name": "嘉定区", "green_fraction": 0.10727921707395981, "water_fraction": 0.099527659220503301, "building_fraction": 0.0, "road_km_per_km2": 10.026075459155241, "utci_c": 38.05, "p_base": 0.7662, "p_enhanced": 0.7908, "delta_p": 0.0246, "rel_mitigation_pct": -3.21, "risk_level": "extreme", "quadrant": "Q3_双低安全区" }, "geometry": { "type": "Polygon", "coordinates": [ [ [ 121.3, 31.31 ], [ 121.3, 31.32 ], [ 121.31, 31.32 ], [ 121.31, 31.31 ], [ 121.3, 31.31 ] ] ] } },
{ "type": "Feature", "properties": { "grid_id": "r058_c055", "district_name": "宝山区", "green_fraction": 0.024240673619926899, "water_fraction": 0.0, "building_fraction": 0.0073238218310969, "road_km_per_km2": 9.2853007506159688, "utci_c": 38.47, "p_base": 0.7852, "p_enhanced": 0.8257, "delta_p": 0.0406, "rel_mitigation_pct": -5.16, "risk_level": "extreme", "quadrant": "Q1_双高极危区" }, "geometry": { "type": "Polygon", "coordinates": [ [ [ 121.4, 31.31 ], [ 121.4, 31.32 ], [ 121.41, 31.32 ], [ 121.41, 31.31 ], [ 121.4, 31.31 ] ] ] } },
{ "type": "Feature", "properties": { "grid_id": "r058_c060", "district_name": "静安区", "green_fraction": 0.035484251881454702, "water_fraction": 0.019868011094000101, "building_fraction": 0.0, "road_km_per_km2": 10.039212013276762, "utci_c": 38.39, "p_base": 0.7814, "p_enhanced": 0.8191, "delta_p": 0.0377, "rel_mitigation_pct": -4.82, "risk_level": "extreme", "quadrant": "Q4_脆弱敏感区" }, "geometry": { "type": "Polygon", "coordinates": [ [ [ 121.45, 31.31 ], [ 121.45, 31.32 ], [ 121.46, 31.32 ], [ 121.46, 31.31 ], [ 121.45, 31.31 ] ] ] } },
{ "type": "Feature", "properties": { "grid_id": "r058_c062", "district_name": "虹口区", "green_fraction": 0.028182388183360999, "water_fraction": 0.0202688381670647, "building_fraction": 0.016790652159878301, "road_km_per_km2": 6.3067460745517687, "utci_c": 38.42, "p_base": 0.783, "p_enhanced": 0.8182, "delta_p": 0.0352, "rel_mitigation_pct": -4.49, "risk_level": "extreme", "quadrant": "Q4_脆弱敏感区" }, "geometry": { "type": "Polygon", "coordinates": [ [ [ 121.47, 31.31 ], [ 121.47, 31.32 ], [ 121.48, 31.32 ], [ 121.48, 31.31 ], [ 121.47, 31.31 ] ] ] } },
{ "type": "Feature", "properties": { "grid_id": "r058_c067", "district_name": "杨浦区", "green_fraction": 0.0520926890949895, "water_fraction": 0.0039509638815909002, "building_fraction": 0.083784460606280101, "road_km_per_km2": 16.630455020953253, "utci_c": 38.53, "p_base": 0.7877, "p_enhanced": 0.8229, "delta_p": 0.0352, "rel_mitigation_pct": -4.47, "risk_level": "extreme", "quadrant": "Q1_双高极危区" }, "geometry": { "type": "Polygon", "coordinates": [ [ [ 121.52, 31.31 ], [ 121.52, 31.32 ], [ 121.53, 31.32 ], [ 121.53, 31.31 ], [ 121.52, 31.31 ] ] ] } },
{ "type": "Feature", "properties": { "grid_id": "r058_c070", "district_name": "杨浦区", "green_fraction": 0.2111298301623333, "water_fraction": 0.55609901738392364, "building_fraction": 0.028131991090003701, "road_km_per_km2": 4.5973647430456097, "utci_c": 36.65, "p_base": 0.6969, "p_enhanced": 0.5551, "delta_p": -0.1417, "rel_mitigation_pct": 20.34, "risk_level": "high", "quadrant": "Q3_双低安全区" }, "geometry": { "type": "Polygon", "coordinates": [ [ [ 121.55, 31.31 ], [ 121.55, 31.32 ], [ 121.56, 31.32 ], [ 121.56, 31.31 ], [ 121.55, 31.31 ] ] ] } },
{ "type": "Feature", "properties": { "grid_id": "r058_c073", "district_name": "浦东新区", "green_fraction": 0.046989942123079297, "water_fraction": 0.0010283197695795999, "building_fraction": 0.045859727074883901, "road_km_per_km2": 11.286961639937608, "utci_c": 38.49, "p_base": 0.786, "p_enhanced": 0.825, "delta_p": 0.039, "rel_mitigation_pct": -4.96, "risk_level": "extreme", "quadrant": "Q1_双高极危区" }, "geometry": { "type": "Polygon", "coordinates": [ [ [ 121.58, 31.31 ], [ 121.58, 31.32 ], [ 121.59, 31.32 ], [ 121.59, 31.31 ], [ 121.58, 31.31 ] ] ] } },
{ "type": "Feature", "properties": { "grid_id": "r058_c100", "district_name": "崇明区", "green_fraction": 0.0, "water_fraction": 0.0, "building_fraction": 0.0, "road_km_per_km2": 5.0022269333405731, "utci_c": 38.5, "p_base": 0.7864, "p_enhanced": 0.8251, "delta_p": 0.0387, "rel_mitigation_pct": -4.92, "risk_level": "extreme", "quadrant": "Q1_双高极危区" }, "geometry": { "type": "Polygon", "coordinates": [ [ [ 121.85, 31.31 ], [ 121.85, 31.32 ], [ 121.86, 31.32 ], [ 121.86, 31.31 ], [ 121.85, 31.31 ] ] ] } },
{ "type": "Feature", "properties": { "grid_id": "r059_c029", "district_name": "嘉定区", "green_fraction": 0.0, "water_fraction": 0.0, "building_fraction": 0.016781657203722499, "road_km_per_km2": 6.2027575459104458, "utci_c": 38.53, "p_base": 0.7875, "p_enhanced": 0.8246, "delta_p": 0.0371, "rel_mitigation_pct": -4.71, "risk_level": "extreme", "quadrant": "Q1_双高极危区" }, "geometry": { "type": "Polygon", "coordinates": [ [ [ 121.14, 31.31 ], [ 121.15, 31.31 ], [ 121.15, 31.3 ], [ 121.145540228184771, 31.3 ], [ 121.145554, 31.302572 ], [ 121.14, 31.30333631912589 ], [ 121.14, 31.31 ] ] ] } },
{ "type": "Feature", "properties": { "grid_id": "r059_c031", "district_name": "嘉定区", "green_fraction": 0.0301775263262648, "water_fraction": 0.0, "building_fraction": 0.15551693167519709, "road_km_per_km2": 3.2109963468906617, "utci_c": 38.68, "p_base": 0.7944, "p_enhanced": 0.8214, "delta_p": 0.027, "rel_mitigation_pct": -3.4, "risk_level": "extreme", "quadrant": "Q1_双高极危区" }, "geometry": { "type": "Polygon", "coordinates": [ [ [ 121.16, 31.3 ], [ 121.16, 31.31 ], [ 121.17, 31.31 ], [ 121.17, 31.3 ], [ 121.16, 31.3 ] ] ] } },
{ "type": "Feature", "properties": { "grid_id": "r059_c059", "district_name": "静安区", "green_fraction": 0.0391763710889938, "water_fraction": 0.019857068657368901, "building_fraction": 0.056141622223988302, "road_km_per_km2": 18.293173187241127, "utci_c": 38.47, "p_base": 0.7849, "p_enhanced": 0.8175, "delta_p": 0.0326, "rel_mitigation_pct": -4.15, "risk_level": "extreme", "quadrant": "Q1_双高极危区" }, "geometry": { "type": "Polygon", "coordinates": [ [ [ 121.44, 31.3 ], [ 121.44, 31.31 ], [ 121.45, 31.31 ], [ 121.45, 31.3 ], [ 121.44, 31.3 ] ] ] } },
{ "type": "Feature", "properties": { "grid_id": "r059_c061", "district_name": "虹口区", "green_fraction": 0.0056405543322990996, "water_fraction": 0.0125373554075976, "building_fraction": 0.029895835326969499, "road_km_per_km2": 14.651771937118625, "utci_c": 38.5, "p_base": 0.7864, "p_enhanced": 0.8198, "delta_p": 0.0334, "rel_mitigation_pct": -4.25, "risk_level": "extreme", "quadrant": "Q1_双高极危区" }, "geometry": { "type": "Polygon", "coordinates": [ [ [ 121.46, 31.3 ], [ 121.46, 31.31 ], [ 121.47, 31.31 ], [ 121.47, 31.3 ], [ 121.46, 31.3 ] ] ] } },
{ "type": "Feature", "properties": { "grid_id": "r059_c062", "district_name": "虹口区", "green_fraction": 0.021228319065591101, "water_fraction": 0.0224355422203153, "building_fraction": 0.030224929462423701, "road_km_per_km2": 15.91841583592454, "utci_c": 38.45, "p_base": 0.7841, "p_enhanced": 0.8167, "delta_p": 0.0326, "rel_mitigation_pct": -4.15, "risk_level": "extreme", "quadrant": "Q2_生态缓冲区" }, "geometry": { "type": "Polygon", "coordinates": [ [ [ 121.47, 31.3 ], [ 121.47, 31.31 ], [ 121.48, 31.31 ], [ 121.48, 31.3 ], [ 121.47, 31.3 ] ] ] } },
{ "type": "Feature", "properties": { "grid_id": "r059_c064", "district_name": "杨浦区", "green_fraction": 0.071540492670808697, "water_fraction": 0.0085043942677403995, "building_fraction": 0.1053878496425312, "road_km_per_km2": 17.871529193652911, "utci_c": 38.52, "p_base": 0.7872, "p_enhanced": 0.8213, "delta_p": 0.034, "rel_mitigation_pct": -4.32, "risk_level": "extreme", "quadrant": "Q1_双高极危区" }, "geometry": { "type": "Polygon", "coordinates": [ [ [ 121.49, 31.3 ], [ 121.49, 31.31 ], [ 121.5, 31.31 ], [ 121.5, 31.3 ], [ 121.49, 31.3 ] ] ] } },
{ "type": "Feature", "properties": { "grid_id": "r059_c065", "district_name": "杨浦区", "green_fraction": 0.030933249636373499, "water_fraction": 0.0, "building_fraction": 0.20698434031314539, "road_km_per_km2": 21.242194711894275, "utci_c": 38.76, "p_base": 0.7976, "p_enhanced": 0.8198, "delta_p": 0.0223, "rel_mitigation_pct": -2.79, "risk_level": "extreme", "quadrant": "Q1_双高极危区" }, "geometry": { "type": "Polygon", "coordinates": [ [ [ 121.5, 31.3 ], [ 121.5, 31.31 ], [ 121.51, 31.31 ], [ 121.51, 31.3 ], [ 121.5, 31.3 ] ] ] } },
{ "type": "Feature", "properties": { "grid_id": "r059_c066", "district_name": "杨浦区", "green_fraction": 0.016960747525346299, "water_fraction": 0.0030955461198780001, "building_fraction": 0.14247889499215621, "road_km_per_km2": 22.756868155402771, "utci_c": 38.68, "p_base": 0.7941, "p_enhanced": 0.8202, "delta_p": 0.0261, "rel_mitigation_pct": -3.29, "risk_level": "extreme", "quadrant": "Q1_双高极危区" }, "geometry": { "type": "Polygon", "coordinates": [ [ [ 121.51, 31.3 ], [ 121.51, 31.31 ], [ 121.52, 31.31 ], [ 121.52, 31.3 ], [ 121.51, 31.3 ] ] ] } },
{ "type": "Feature", "properties": { "grid_id": "r060_c030", "district_name": "嘉定区", "green_fraction": 0.0016719035527769, "water_fraction": 0.00063326340752859996, "building_fraction": 0.14546276119041071, "road_km_per_km2": 16.086031790805734, "utci_c": 38.71, "p_base": 0.7956, "p_enhanced": 0.8205, "delta_p": 0.0249, "rel_mitigation_pct": -3.13, "risk_level": "extreme", "quadrant": "Q1_双高极危区" }, "geometry": { "type": "Polygon", "coordinates": [ [ [ 121.15, 31.29 ], [ 121.15, 31.3 ], [ 121.16, 31.3 ], [ 121.16, 31.29 ], [ 121.15, 31.29 ] ] ] } },
{ "type": "Feature", "properties": { "grid_id": "r060_c045", "district_name": "嘉定区", "green_fraction": 0.0058060849372157004, "water_fraction": 0.0036610531413178, "building_fraction": 0.010185741791910801, "road_km_per_km2": 11.157298154086604, "utci_c": 38.5, "p_base": 0.7862, "p_enhanced": 0.8237, "delta_p": 0.0375, "rel_mitigation_pct": -4.77, "risk_level": "extreme", "quadrant": "Q1_双高极危区" }, "geometry": { "type": "Polygon", "coordinates": [ [ [ 121.3, 31.29 ], [ 121.3, 31.3 ], [ 121.31, 31.3 ], [ 121.31, 31.29 ], [ 121.3, 31.29 ] ] ] } },
{ "type": "Feature", "properties": { "grid_id": "r060_c046", "district_name": "嘉定区", "green_fraction": 0.080834514017548306, "water_fraction": 0.0092256265993584993, "building_fraction": 0.048992915402049197, "road_km_per_km2": 13.029957219149397, "utci_c": 38.42, "p_base": 0.7828, "p_enhanced": 0.8231, "delta_p": 0.0403, "rel_mitigation_pct": -5.15, "risk_level": "extreme", "quadrant": "Q4_脆弱敏感区" }, "geometry": { "type": "Polygon", "coordinates": [ [ [ 121.31, 31.29 ], [ 121.31, 31.3 ], [ 121.32, 31.3 ], [ 121.32, 31.29 ], [ 121.31, 31.29 ] ] ] } },
{ "type": "Feature", "properties": { "grid_id": "r060_c058", "district_name": "静安区", "green_fraction": 0.023780417498568001, "water_fraction": 0.025530207709022701, "building_fraction": 0.1166882266818476, "road_km_per_km2": 23.045592335697648, "utci_c": 38.57, "p_base": 0.7892, "p_enhanced": 0.8129, "delta_p": 0.0236, "rel_mitigation_pct": -3.0, "risk_level": "extreme", "quadrant": "Q2_生态缓冲区" }, "geometry": { "type": "Polygon", "coordinates": [ [ [ 121.43, 31.29 ], [ 121.43, 31.3 ], [ 121.44, 31.3 ], [ 121.44, 31.29 ], [ 121.43, 31.29 ] ] ] } },
{ "type": "Feature", "properties": { "grid_id": "r060_c064", "district_name": "虹口区", "green_fraction": 0.0474713657532084, "water_fraction": 0.0037576452595162002, "building_fraction": 0.20383229759513299, "road_km_per_km2": 15.197266250433726, "utci_c": 38.72, "p_base": 0.7958, "p_enhanced": 0.8191, "delta_p": 0.0233, "rel_mitigation_pct": -2.93, "risk_level": "extreme", "quadrant": "Q1_双高极危区" }, "geometry": { "type": "Polygon", "coordinates": [ [ [ 121.49, 31.29 ], [ 121.49, 31.3 ], [ 121.5, 31.3 ], [ 121.5, 31.29 ], [ 121.49, 31.29 ] ] ] } },
{ "type": "Feature", "properties": { "grid_id": "r061_c031", "district_name": "嘉定区", "green_fraction": 0.24082578628783549, "water_fraction": 0.073164028040479695, "building_fraction": 0.11961569100533059, "road_km_per_km2": 14.59666703993026, "utci_c": 38.09, "p_base": 0.768, "p_enhanced": 0.8026, "delta_p": 0.0345, "rel_mitigation_pct": -4.5, "risk_level": "extreme", "quadrant": "Q3_双低安全区" }, "geometry": { "type": "Polygon", "coordinates": [ [ [ 121.16, 31.28 ], [ 121.16, 31.29 ], [ 121.17, 31.29 ], [ 121.17, 31.28 ], [ 121.16, 31.28 ] ] ] } },
{ "type": "Feature", "properties": { "grid_id": "r061_c056", "district_name": "宝山区", "green_fraction": 0.0077488991753053996, "water_fraction": 0.0011901182959916999, "building_fraction": 0.1233017762186279, "road_km_per_km2": 16.768649870420472, "utci_c": 38.67, "p_base": 0.7937, "p_enhanced": 0.8212, "delta_p": 0.0275, "rel_mitigation_pct": -3.46, "risk_level": "extreme", "quadrant": "Q1_双高极危区" }, "geometry": { "type": "Polygon", "coordinates": [ [ [ 121.41, 31.28 ], [ 121.41, 31.29 ], [ 121.42, 31.29 ], [ 121.42, 31.28 ], [ 121.41, 31.28 ] ] ] } },
{ "type": "Feature", "properties": { "grid_id": "r061_c057", "district_name": "静安区", "green_fraction": 0.0230024615121803, "water_fraction": 0.020842357822305101, "building_fraction": 0.19305972128852869, "road_km_per_km2": 24.251474659270208, "utci_c": 38.69, "p_base": 0.7948, "p_enhanced": 0.8122, "delta_p": 0.0174, "rel_mitigation_pct": -2.19, "risk_level": "extreme", "quadrant": "Q2_生态缓冲区" }, "geometry": { "type": "Polygon", "coordinates": [ [ [ 121.42, 31.28 ], [ 121.42, 31.29 ], [ 121.43, 31.29 ], [ 121.43, 31.28 ], [ 121.42, 31.28 ] ] ] } },
{ "type": "Feature", "properties": { "grid_id": "r061_c059", "district_name": "静安区", "green_fraction": 0.067765217476189799, "water_fraction": 0.0014665023147972, "building_fraction": 0.061315879651082303, "road_km_per_km2": 15.48316206199666, "utci_c": 38.48, "p_base": 0.7855, "p_enhanced": 0.8251, "delta_p": 0.0396, "rel_mitigation_pct": -5.04, "risk_level": "extreme", "quadrant": "Q1_双高极危区" }, "geometry": { "type": "Polygon", "coordinates": [ [ [ 121.44, 31.28 ], [ 121.44, 31.29 ], [ 121.45, 31.29 ], [ 121.45, 31.28 ], [ 121.44, 31.28 ] ] ] } },
{ "type": "Feature", "properties": { "grid_id": "r061_c062", "district_name": "虹口区", "green_fraction": 0.0079990587112331001, "water_fraction": 0.025736229845672899, "building_fraction": 0.22958490279016411, "road_km_per_km2": 19.438655139476221, "utci_c": 38.76, "p_base": 0.7975, "p_enhanced": 0.8086, "delta_p": 0.0111, "rel_mitigation_pct": -1.39, "risk_level": "extreme", "quadrant": "Q2_生态缓冲区" }, "geometry": { "type": "Polygon", "coordinates": [ [ [ 121.47, 31.28 ], [ 121.47, 31.29 ], [ 121.48, 31.29 ], [ 121.48, 31.28 ], [ 121.47, 31.28 ] ] ] } },
{ "type": "Feature", "properties": { "grid_id": "r061_c064", "district_name": "杨浦区", "green_fraction": 0.047542378334546602, "water_fraction": 0.0010199373681718, "building_fraction": 0.22724939943719841, "road_km_per_km2": 24.895555668041531, "utci_c": 38.76, "p_base": 0.7976, "p_enhanced": 0.8194, "delta_p": 0.0218, "rel_mitigation_pct": -2.73, "risk_level": "extreme", "quadrant": "Q1_双高极危区" }, "geometry": { "type": "Polygon", "coordinates": [ [ [ 121.49, 31.28 ], [ 121.49, 31.29 ], [ 121.5, 31.29 ], [ 121.5, 31.28 ], [ 121.49, 31.28 ] ] ] } },
{ "type": "Feature", "properties": { "grid_id": "r061_c068", "district_name": "杨浦区", "green_fraction": 0.14779812437367859, "water_fraction": 0.021319918165572101, "building_fraction": 0.033492358128312298, "road_km_per_km2": 10.926250032507889, "utci_c": 38.25, "p_base": 0.7755, "p_enhanced": 0.8216, "delta_p": 0.0461, "rel_mitigation_pct": -5.94, "risk_level": "extreme", "quadrant": "Q4_脆弱敏感区" }, "geometry": { "type": "Polygon", "coordinates": [ [ [ 121.53, 31.28 ], [ 121.53, 31.29 ], [ 121.54, 31.29 ], [ 121.54, 31.28 ], [ 121.53, 31.28 ] ] ] } },
{ "type": "Feature", "properties": { "grid_id": "r061_c082", "district_name": "浦东新区", "green_fraction": 0.0, "water_fraction": 0.0, "building_fraction": 0.0306651787012183, "road_km_per_km2": 11.522042040874958, "utci_c": 38.55, "p_base": 0.7884, "p_enhanced": 0.8242, "delta_p": 0.0358, "rel_mitigation_pct": -4.54, "risk_level": "extreme", "quadrant": "Q1_双高极危区" }, "geometry": { "type": "Polygon", "coordinates": [ [ [ 121.67, 31.28 ], [ 121.67, 31.29 ], [ 121.68, 31.29 ], [ 121.68, 31.28 ], [ 121.67, 31.28 ] ] ] } },
{ "type": "Feature", "properties": { "grid_id": "r062_c055", "district_name": "宝山区", "green_fraction": 0.065397589336570694, "water_fraction": 0.0040951244174480999, "building_fraction": 0.060419619224653401, "road_km_per_km2": 7.1417885873088478, "utci_c": 38.47, "p_base": 0.7853, "p_enhanced": 0.8241, "delta_p": 0.0388, "rel_mitigation_pct": -4.94, "risk_level": "extreme", "quadrant": "Q1_双高极危区" }, "geometry": { "type": "Polygon", "coordinates": [ [ [ 121.4, 31.27 ], [ 121.4, 31.28 ], [ 121.41, 31.28 ], [ 121.41, 31.27 ], [ 121.4, 31.27 ] ] ] } },
{ "type": "Feature", "properties": { "grid_id": "r062_c057", "district_name": "普陀区", "green_fraction": 0.0035471856104433998, "water_fraction": 0.0, "building_fraction": 0.14518934674368261, "road_km_per_km2": 10.777492144811122, "utci_c": 38.71, "p_base": 0.7955, "p_enhanced": 0.8208, "delta_p": 0.0253, "rel_mitigation_pct": -3.18, "risk_level": "extreme", "quadrant": "Q1_双高极危区" }, "geometry": { "type": "Polygon", "coordinates": [ [ [ 121.42, 31.27 ], [ 121.42, 31.28 ], [ 121.43, 31.28 ], [ 121.43, 31.27 ], [ 121.42, 31.27 ] ] ] } },
{ "type": "Feature", "properties": { "grid_id": "r062_c058", "district_name": "静安区", "green_fraction": 0.33661129113807059, "water_fraction": 0.044954272058086803, "building_fraction": 0.10965479992584019, "road_km_per_km2": 17.259569551571534, "utci_c": 38.0, "p_base": 0.7639, "p_enhanced": 0.8173, "delta_p": 0.0534, "rel_mitigation_pct": -6.99, "risk_level": "extreme", "quadrant": "Q3_双低安全区" }, "geometry": { "type": "Polygon", "coordinates": [ [ [ 121.43, 31.27 ], [ 121.43, 31.28 ], [ 121.44, 31.28 ], [ 121.44, 31.27 ], [ 121.43, 31.27 ] ] ] } },
{ "type": "Feature", "properties": { "grid_id": "r062_c059", "district_name": "静安区", "green_fraction": 0.15296969243179531, "water_fraction": 0.047050383516010402, "building_fraction": 0.23225011255775629, "road_km_per_km2": 11.600987335724692, "utci_c": 38.47, "p_base": 0.7851, "p_enhanced": 0.8056, "delta_p": 0.0205, "rel_mitigation_pct": -2.61, "risk_level": "extreme", "quadrant": "Q2_生态缓冲区" }, "geometry": { "type": "Polygon", "coordinates": [ [ [ 121.44, 31.27 ], [ 121.44, 31.28 ], [ 121.45, 31.28 ], [ 121.45, 31.27 ], [ 121.44, 31.27 ] ] ] } },
{ "type": "Feature", "properties": { "grid_id": "r062_c060", "district_name": "静安区", "green_fraction": 0.12672421079504431, "water_fraction": 0.020165094927692501, "building_fraction": 0.1882517715789104, "road_km_per_km2": 14.39012037265389, "utci_c": 38.52, "p_base": 0.7874, "p_enhanced": 0.8164, "delta_p": 0.029, "rel_mitigation_pct": -3.68, "risk_level": "extreme", "quadrant": "Q2_生态缓冲区" }, "geometry": { "type": "Polygon", "coordinates": [ [ [ 121.45, 31.27 ], [ 121.45, 31.28 ], [ 121.46, 31.28 ], [ 121.46, 31.27 ], [ 121.45, 31.27 ] ] ] } },
{ "type": "Feature", "properties": { "grid_id": "r062_c062", "district_name": "虹口区", "green_fraction": 0.1333967248266747, "water_fraction": 0.024336098907823501, "building_fraction": 0.24305787859379061, "road_km_per_km2": 28.348892492521365, "utci_c": 38.58, "p_base": 0.79, "p_enhanced": 0.8133, "delta_p": 0.0233, "rel_mitigation_pct": -2.95, "risk_level": "extreme", "quadrant": "Q2_生态缓冲区" }, "geometry": { "type": "Polygon", "coordinates": [ [ [ 121.47, 31.27 ], [ 121.47, 31.28 ], [ 121.48, 31.28 ], [ 121.48, 31.27 ], [ 121.47, 31.27 ] ] ] } },
{ "type": "Feature", "properties": { "grid_id": "r062_c064", "district_name": "虹口区", "green_fraction": 0.1205166836666256, "water_fraction": 0.0158138829158232, "building_fraction": 0.17884491745250131, "road_km_per_km2": 21.666354007658079, "utci_c": 38.53, "p_base": 0.7877, "p_enhanced": 0.818, "delta_p": 0.0303, "rel_mitigation_pct": -3.85, "risk_level": "extreme", "quadrant": "Q1_双高极危区" }, "geometry": { "type": "Polygon", "coordinates": [ [ [ 121.49, 31.27 ], [ 121.49, 31.28 ], [ 121.5, 31.28 ], [ 121.5, 31.27 ], [ 121.49, 31.27 ] ] ] } },
{ "type": "Feature", "properties": { "grid_id": "r062_c066", "district_name": "杨浦区", "green_fraction": 0.0, "water_fraction": 0.0193905048701912, "building_fraction": 0.17701108736531329, "road_km_per_km2": 12.751540882039848, "utci_c": 38.71, "p_base": 0.7955, "p_enhanced": 0.8124, "delta_p": 0.0169, "rel_mitigation_pct": -2.13, "risk_level": "extreme", "quadrant": "Q2_生态缓冲区" }, "geometry": { "type": "Polygon", "coordinates": [ [ [ 121.51, 31.27 ], [ 121.51, 31.28 ], [ 121.52, 31.28 ], [ 121.52, 31.27 ], [ 121.51, 31.27 ] ] ] } },
{ "type": "Feature", "properties": { "grid_id": "r062_c068", "district_name": "杨浦区", "green_fraction": 0.0024290374499682001, "water_fraction": 0.0, "building_fraction": 0.046627857740984498, "road_km_per_km2": 19.190360015135759, "utci_c": 38.57, "p_base": 0.7892, "p_enhanced": 0.8238, "delta_p": 0.0345, "rel_mitigation_pct": -4.37, "risk_level": "extreme", "quadrant": "Q1_双高极危区" }, "geometry": { "type": "Polygon", "coordinates": [ [ [ 121.53, 31.27 ], [ 121.53, 31.28 ], [ 121.54, 31.28 ], [ 121.54, 31.27 ], [ 121.53, 31.27 ] ] ] } },
{ "type": "Feature", "properties": { "grid_id": "r062_c069", "district_name": "杨浦区", "green_fraction": 0.0075711975117616999, "water_fraction": 0.0, "building_fraction": 0.0146926238014002, "road_km_per_km2": 9.0753498160118635, "utci_c": 38.51, "p_base": 0.7868, "p_enhanced": 0.8249, "delta_p": 0.0381, "rel_mitigation_pct": -4.84, "risk_level": "extreme", "quadrant": "Q1_双高极危区" }, "geometry": { "type": "Polygon", "coordinates": [ [ [ 121.54, 31.27 ], [ 121.54, 31.28 ], [ 121.55, 31.28 ], [ 121.55, 31.27 ], [ 121.54, 31.27 ] ] ] } },
{ "type": "Feature", "properties": { "grid_id": "r063_c062", "district_name": "虹口区", "green_fraction": 0.0133810790399773, "water_fraction": 0.0263667591920408, "building_fraction": 0.15257809497137381, "road_km_per_km2": 15.499550392946285, "utci_c": 38.63, "p_base": 0.7922, "p_enhanced": 0.811, "delta_p": 0.0189, "rel_mitigation_pct": -2.38, "risk_level": "extreme", "quadrant": "Q2_生态缓冲区" }, "geometry": { "type": "Polygon", "coordinates": [ [ [ 121.47, 31.26 ], [ 121.47, 31.27 ], [ 121.48, 31.27 ], [ 121.48, 31.26 ], [ 121.47, 31.26 ] ] ] } },
{ "type": "Feature", "properties": { "grid_id": "r063_c063", "district_name": "虹口区", "green_fraction": 0.011848651598141699, "water_fraction": 0.0221231986219876, "building_fraction": 0.174068465221348, "road_km_per_km2": 16.257393552129429, "utci_c": 38.68, "p_base": 0.7941, "p_enhanced": 0.8119, "delta_p": 0.0177, "rel_mitigation_pct": -2.23, "risk_level": "extreme", "quadrant": "Q2_生态缓冲区" }, "geometry": { "type": "Polygon", "coordinates": [ [ [ 121.48, 31.26 ], [ 121.48, 31.27 ], [ 121.49, 31.27 ], [ 121.49, 31.26 ], [ 121.48, 31.26 ] ] ] } },
{ "type": "Feature", "properties": { "grid_id": "r063_c064", "district_name": "虹口区", "green_fraction": 0.0021845536549081998, "water_fraction": 0.00016046470943150001, "building_fraction": 0.21926045623146961, "road_km_per_km2": 19.02240943434408, "utci_c": 38.82, "p_base": 0.8003, "p_enhanced": 0.8184, "delta_p": 0.0181, "rel_mitigation_pct": -2.26, "risk_level": "extreme", "quadrant": "Q1_双高极危区" }, "geometry": { "type": "Polygon", "coordinates": [ [ [ 121.49, 31.26 ], [ 121.49, 31.27 ], [ 121.5, 31.27 ], [ 121.5, 31.26 ], [ 121.49, 31.26 ] ] ] } },
{ "type": "Feature", "properties": { "grid_id": "r063_c066", "district_name": "杨浦区", "green_fraction": 0.032942237938183502, "water_fraction": 0.0, "building_fraction": 0.2128435493644798, "road_km_per_km2": 14.358344535291421, "utci_c": 38.77, "p_base": 0.7978, "p_enhanced": 0.8197, "delta_p": 0.0219, "rel_mitigation_pct": -2.75, "risk_level": "extreme", "quadrant": "Q1_双高极危区" }, "geometry": { "type": "Polygon", "coordinates": [ [ [ 121.51, 31.26 ], [ 121.51, 31.27 ], [ 121.52, 31.27 ], [ 121.52, 31.26 ], [ 121.51, 31.26 ] ] ] } },
{ "type": "Feature", "properties": { "grid_id": "r063_c068", "district_name": "杨浦区", "green_fraction": 0.022472586527907699, "water_fraction": 0.0, "building_fraction": 0.0635628494875429, "road_km_per_km2": 13.300031171948577, "utci_c": 38.56, "p_base": 0.789, "p_enhanced": 0.8239, "delta_p": 0.035, "rel_mitigation_pct": -4.43, "risk_level": "extreme", "quadrant": "Q1_双高极危区" }, "geometry": { "type": "Polygon", "coordinates": [ [ [ 121.53, 31.26 ], [ 121.53, 31.27 ], [ 121.54, 31.27 ], [ 121.54, 31.26 ], [ 121.53, 31.26 ] ] ] } },
{ "type": "Feature", "properties": { "grid_id": "r063_c071", "district_name": "浦东新区", "green_fraction": 0.0042667750775458998, "water_fraction": 0.020894240942057801, "building_fraction": 0.0530409581267198, "road_km_per_km2": 14.593881464845287, "utci_c": 38.51, "p_base": 0.787, "p_enhanced": 0.8159, "delta_p": 0.0289, "rel_mitigation_pct": -3.68, "risk_level": "extreme", "quadrant": "Q2_生态缓冲区" }, "geometry": { "type": "Polygon", "coordinates": [ [ [ 121.56, 31.26 ], [ 121.56, 31.27 ], [ 121.57, 31.27 ], [ 121.57, 31.26 ], [ 121.56, 31.26 ] ] ] } },
{ "type": "Feature", "properties": { "grid_id": "r064_c054", "district_name": "普陀区", "green_fraction": 0.099528503135586505, "water_fraction": 0.0066528749367073996, "building_fraction": 0.078898149201156606, "road_km_per_km2": 13.4042292448114, "utci_c": 38.44, "p_base": 0.7838, "p_enhanced": 0.8238, "delta_p": 0.04, "rel_mitigation_pct": -5.1, "risk_level": "extreme", "quadrant": "Q1_双高极危区" }, "geometry": { "type": "Polygon", "coordinates": [ [ [ 121.39, 31.25 ], [ 121.39, 31.26 ], [ 121.4, 31.26 ], [ 121.4, 31.25 ], [ 121.39, 31.25 ] ] ] } },
{ "type": "Feature", "properties": { "grid_id": "r064_c055", "district_name": "普陀区", "green_fraction": 0.028378739467221401, "water_fraction": 0.014308527387966501, "building_fraction": 0.13566383231797119, "road_km_per_km2": 13.245037570486936, "utci_c": 38.62, "p_base": 0.7915, "p_enhanced": 0.8167, "delta_p": 0.0252, "rel_mitigation_pct": -3.18, "risk_level": "extreme", "quadrant": "Q2_生态缓冲区" }, "geometry": { "type": "Polygon", "coordinates": [ [ [ 121.4, 31.25 ], [ 121.4, 31.26 ], [ 121.41, 31.26 ], [ 121.41, 31.25 ], [ 121.4, 31.25 ] ] ] } },
{ "type": "Feature", "properties": { "grid_id": "r064_c056", "district_name": "普陀区", "green_fraction": 0.072429239025918801, "water_fraction": 0.0053015286538548, "building_fraction": 0.17564866122207851, "road_km_per_km2": 19.140152591225569, "utci_c": 38.63, "p_base": 0.7921, "p_enhanced": 0.8203, "delta_p": 0.0282, "rel_mitigation_pct": -3.56, "risk_level": "extreme", "quadrant": "Q1_双高极危区" }, "geometry": { "type": "Polygon", "coordinates": [ [ [ 121.41, 31.25 ], [ 121.41, 31.26 ], [ 121.42, 31.26 ], [ 121.42, 31.25 ], [ 121.41, 31.25 ] ] ] } },
{ "type": "Feature", "properties": { "grid_id": "r064_c057", "district_name": "普陀区", "green_fraction": 0.014692434289100199, "water_fraction": 0.0117143216689054, "building_fraction": 0.187961506662391, "road_km_per_km2": 18.70065038703688, "utci_c": 38.73, "p_base": 0.7961, "p_enhanced": 0.8155, "delta_p": 0.0194, "rel_mitigation_pct": -2.44, "risk_level": "extreme", "quadrant": "Q2_生态缓冲区" }, "geometry": { "type": "Polygon", "coordinates": [ [ [ 121.42, 31.25 ], [ 121.42, 31.26 ], [ 121.43, 31.26 ], [ 121.43, 31.25 ], [ 121.42, 31.25 ] ] ] } },
{ "type": "Feature", "properties": { "grid_id": "r064_c058", "district_name": "普陀区", "green_fraction": 0.1100165810647365, "water_fraction": 0.073092163948076203, "building_fraction": 0.0821650464546754, "road_km_per_km2": 23.529533399961533, "utci_c": 38.24, "p_base": 0.775, "p_enhanced": 0.7988, "delta_p": 0.0238, "rel_mitigation_pct": -3.07, "risk_level": "extreme", "quadrant": "Q3_双低安全区" }, "geometry": { "type": "Polygon", "coordinates": [ [ [ 121.43, 31.25 ], [ 121.43, 31.26 ], [ 121.44, 31.26 ], [ 121.44, 31.25 ], [ 121.43, 31.25 ] ] ] } },
{ "type": "Feature", "properties": { "grid_id": "r064_c059", "district_name": "静安区", "green_fraction": 0.0053979252922676003, "water_fraction": 0.068800790013333293, "building_fraction": 0.17264413056305569, "road_km_per_km2": 24.367923694875422, "utci_c": 38.56, "p_base": 0.7889, "p_enhanced": 0.7933, "delta_p": 0.0044, "rel_mitigation_pct": -0.56, "risk_level": "extreme", "quadrant": "Q2_生态缓冲区" }, "geometry": { "type": "Polygon", "coordinates": [ [ [ 121.44, 31.25 ], [ 121.44, 31.26 ], [ 121.45, 31.26 ], [ 121.45, 31.25 ], [ 121.44, 31.25 ] ] ] } },
{ "type": "Feature", "properties": { "grid_id": "r064_c061", "district_name": "静安区", "green_fraction": 0.033439958276708301, "water_fraction": 0.0, "building_fraction": 0.040757327828778001, "road_km_per_km2": 12.219461479271349, "utci_c": 38.51, "p_base": 0.7867, "p_enhanced": 0.825, "delta_p": 0.0383, "rel_mitigation_pct": -4.87, "risk_level": "extreme", "quadrant": "Q1_双高极危区" }, "geometry": { "type": "Polygon", "coordinates": [ [ [ 121.46, 31.25 ], [ 121.46, 31.26 ], [ 121.47, 31.26 ], [ 121.47, 31.25 ], [ 121.46, 31.25 ] ] ] } },
{ "type": "Feature", "properties": { "grid_id": "r064_c062", "district_name": "静安区", "green_fraction": 0.028818589185350098, "water_fraction": 0.0002883299536897, "building_fraction": 0.085626979586073002, "road_km_per_km2": 17.346223728234264, "utci_c": 38.58, "p_base": 0.7899, "p_enhanced": 0.8234, "delta_p": 0.0335, "rel_mitigation_pct": -4.24, "risk_level": "extreme", "quadrant": "Q1_双高极危区" }, "geometry": { "type": "Polygon", "coordinates": [ [ [ 121.47, 31.25 ], [ 121.47, 31.26 ], [ 121.48, 31.26 ], [ 121.48, 31.25 ], [ 121.47, 31.25 ] ] ] } },
{ "type": "Feature", "properties": { "grid_id": "r064_c063", "district_name": "虹口区", "green_fraction": 0.066379633701698595, "water_fraction": 0.037156610014775299, "building_fraction": 0.2498987636162778, "road_km_per_km2": 27.449365861733089, "utci_c": 38.66, "p_base": 0.7935, "p_enhanced": 0.8057, "delta_p": 0.0122, "rel_mitigation_pct": -1.53, "risk_level": "extreme", "quadrant": "Q2_生态缓冲区" }, "geometry": { "type": "Polygon", "coordinates": [ [ [ 121.48, 31.25 ], [ 121.48, 31.26 ], [ 121.49, 31.26 ], [ 121.49, 31.25 ], [ 121.48, 31.25 ] ] ] } },
{ "type": "Feature", "properties": { "grid_id": "r064_c064", "district_name": "虹口区", "green_fraction": 0.027560497651178802, "water_fraction": 0.0044348695298680003, "building_fraction": 0.1429950845262096, "road_km_per_km2": 23.254071360234398, "utci_c": 38.66, "p_base": 0.7932, "p_enhanced": 0.8201, "delta_p": 0.0269, "rel_mitigation_pct": -3.39, "risk_level": "extreme", "quadrant": "Q1_双高极危区" }, "geometry": { "type": "Polygon", "coordinates": [ [ [ 121.49, 31.25 ], [ 121.49, 31.26 ], [ 121.5, 31.26 ], [ 121.5, 31.25 ], [ 121.49, 31.25 ] ] ] } },
{ "type": "Feature", "properties": { "grid_id": "r064_c065", "district_name": "虹口区", "green_fraction": 0.042741966500695998, "water_fraction": 0.1262166534450137, "building_fraction": 0.111330538900722, "road_km_per_km2": 12.566490002278094, "utci_c": 38.25, "p_base": 0.7751, "p_enhanced": 0.7727, "delta_p": -0.0024, "rel_mitigation_pct": 0.3, "risk_level": "extreme", "quadrant": "Q3_双低安全区" }, "geometry": { "type": "Polygon", "coordinates": [ [ [ 121.5, 31.25 ], [ 121.5, 31.26 ], [ 121.51, 31.26 ], [ 121.51, 31.25 ], [ 121.5, 31.25 ] ] ] } },
{ "type": "Feature", "properties": { "grid_id": "r064_c066", "district_name": "杨浦区", "green_fraction": 0.026694615277243601, "water_fraction": 0.1125268797196211, "building_fraction": 0.055962033668277698, "road_km_per_km2": 12.994391808354379, "utci_c": 38.23, "p_base": 0.7742, "p_enhanced": 0.78, "delta_p": 0.0058, "rel_mitigation_pct": -0.75, "risk_level": "extreme", "quadrant": "Q3_双低安全区" }, "geometry": { "type": "Polygon", "coordinates": [ [ [ 121.51, 31.25 ], [ 121.51, 31.26 ], [ 121.52, 31.26 ], [ 121.52, 31.25 ], [ 121.51, 31.25 ] ] ] } },
{ "type": "Feature", "properties": { "grid_id": "r064_c067", "district_name": "杨浦区", "green_fraction": 0.0082332377611501993, "water_fraction": 0.19304781268678201, "building_fraction": 0.061570297409517701, "road_km_per_km2": 11.19789468727646, "utci_c": 38.04, "p_base": 0.7657, "p_enhanced": 0.7427, "delta_p": -0.023, "rel_mitigation_pct": 3.0, "risk_level": "extreme", "quadrant": "Q3_双低安全区" }, "geometry": { "type": "Polygon", "coordinates": [ [ [ 121.52, 31.25 ], [ 121.52, 31.26 ], [ 121.53, 31.26 ], [ 121.53, 31.25 ], [ 121.52, 31.25 ] ] ] } },
{ "type": "Feature", "properties": { "grid_id": "r064_c068", "district_name": "杨浦区", "green_fraction": 0.031560863117002097, "water_fraction": 0.50178949030630449, "building_fraction": 0.058544275762896399, "road_km_per_km2": 8.9682576187679359, "utci_c": 37.13, "p_base": 0.7219, "p_enhanced": 0.575, "delta_p": -0.1469, "rel_mitigation_pct": 20.35, "risk_level": "high", "quadrant": "Q3_双低安全区" }, "geometry": { "type": "Polygon", "coordinates": [ [ [ 121.53, 31.25 ], [ 121.53, 31.26 ], [ 121.54, 31.26 ], [ 121.54, 31.25 ], [ 121.53, 31.25 ] ] ] } },
{ "type": "Feature", "properties": { "grid_id": "r064_c072", "district_name": "浦东新区", "green_fraction": 0.033082222129692501, "water_fraction": 0.0012856986081712001, "building_fraction": 0.073536440828650906, "road_km_per_km2": 20.933601242650223, "utci_c": 38.55, "p_base": 0.7887, "p_enhanced": 0.8235, "delta_p": 0.0348, "rel_mitigation_pct": -4.42, "risk_level": "extreme", "quadrant": "Q1_双高极危区" }, "geometry": { "type": "Polygon", "coordinates": [ [ [ 121.57, 31.25 ], [ 121.57, 31.26 ], [ 121.58, 31.26 ], [ 121.58, 31.25 ], [ 121.57, 31.25 ] ] ] } },
{ "type": "Feature", "properties": { "grid_id": "r064_c074", "district_name": "浦东新区", "green_fraction": 0.014784520633123801, "water_fraction": 0.0036970458593010001, "building_fraction": 0.085476544642052094, "road_km_per_km2": 27.511159770120049, "utci_c": 38.59, "p_base": 0.7905, "p_enhanced": 0.8217, "delta_p": 0.0312, "rel_mitigation_pct": -3.95, "risk_level": "extreme", "quadrant": "Q1_双高极危区" }, "geometry": { "type": "Polygon", "coordinates": [ [ [ 121.59, 31.25 ], [ 121.59, 31.26 ], [ 121.6, 31.26 ], [ 121.6, 31.25 ], [ 121.59, 31.25 ] ] ] } },
{ "type": "Feature", "properties": { "grid_id": "r064_c081", "district_name": "浦东新区", "green_fraction": 0.0, "water_fraction": 0.0, "building_fraction": 0.0048678809875738003, "road_km_per_km2": 12.848407958617679, "utci_c": 38.51, "p_base": 0.7867, "p_enhanced": 0.8249, "delta_p": 0.0382, "rel_mitigation_pct": -4.86, "risk_level": "extreme", "quadrant": "Q1_双高极危区" }, "geometry": { "type": "Polygon", "coordinates": [ [ [ 121.66, 31.25 ], [ 121.66, 31.26 ], [ 121.67, 31.26 ], [ 121.67, 31.25 ], [ 121.66, 31.25 ] ] ] } },
{ "type": "Feature", "properties": { "grid_id": "r065_c031", "district_name": "青浦区", "green_fraction": 0.0, "water_fraction": 0.0, "building_fraction": 0.0, "road_km_per_km2": 10.268903958490103, "utci_c": 38.5, "p_base": 0.7864, "p_enhanced": 0.8251, "delta_p": 0.0387, "rel_mitigation_pct": -4.92, "risk_level": "extreme", "quadrant": "Q1_双高极危区" }, "geometry": { "type": "Polygon", "coordinates": [ [ [ 121.16, 31.24 ], [ 121.16, 31.25 ], [ 121.17, 31.25 ], [ 121.17, 31.24 ], [ 121.16, 31.24 ] ] ] } },
{ "type": "Feature", "properties": { "grid_id": "r065_c046", "district_name": "嘉定区", "green_fraction": 0.0149224543769169, "water_fraction": 0.0027457114616097999, "building_fraction": 0.061919580712405803, "road_km_per_km2": 9.6057482108945766, "utci_c": 38.56, "p_base": 0.789, "p_enhanced": 0.8227, "delta_p": 0.0337, "rel_mitigation_pct": -4.27, "risk_level": "extreme", "quadrant": "Q1_双高极危区" }, "geometry": { "type": "Polygon", "coordinates": [ [ [ 121.31, 31.24 ], [ 121.31, 31.25 ], [ 121.32, 31.25 ], [ 121.32, 31.24 ], [ 121.31, 31.24 ] ] ] } },
{ "type": "Feature", "properties": { "grid_id": "r065_c048", "district_name": "嘉定区", "green_fraction": 0.0074616732269910998, "water_fraction": 0.046304933292550199, "building_fraction": 0.019206964004976099, "road_km_per_km2": 8.9103619530172686, "utci_c": 38.39, "p_base": 0.7814, "p_enhanced": 0.8075, "delta_p": 0.026, "rel_mitigation_pct": -3.33, "risk_level": "extreme", "quadrant": "Q3_双低安全区" }, "geometry": { "type": "Polygon", "coordinates": [ [ [ 121.33, 31.24 ], [ 121.33, 31.25 ], [ 121.34, 31.25 ], [ 121.34, 31.24 ], [ 121.33, 31.24 ] ] ] } },
{ "type": "Feature", "properties": { "grid_id": "r065_c052", "district_name": "普陀区", "green_fraction": 0.0264229279737218, "water_fraction": 0.0, "building_fraction": 0.057174537295444999, "road_km_per_km2": 13.10689203968086, "utci_c": 38.54, "p_base": 0.7883, "p_enhanced": 0.8243, "delta_p": 0.036, "rel_mitigation_pct": -4.57, "risk_level": "extreme", "quadrant": "Q1_双高极危区" }, "geometry": { "type": "Polygon", "coordinates": [ [ [ 121.37, 31.24 ], [ 121.37, 31.25 ], [ 121.38, 31.25 ], [ 121.38, 31.24 ], [ 121.37, 31.24 ] ] ] } },
{ "type": "Feature", "properties": { "grid_id": "r065_c057", "district_name": "普陀区", "green_fraction": 0.022615753641740701, "water_fraction": 0.061919948190909298, "building_fraction": 0.17238134220087339, "road_km_per_km2": 20.137739487787151, "utci_c": 38.55, "p_base": 0.7885, "p_enhanced": 0.7967, "delta_p": 0.0082, "rel_mitigation_pct": -1.04, "risk_level": "extreme", "quadrant": "Q2_生态缓冲区" }, "geometry": { "type": "Polygon", "coordinates": [ [ [ 121.42, 31.24 ], [ 121.42, 31.25 ], [ 121.43, 31.25 ], [ 121.43, 31.24 ], [ 121.42, 31.24 ] ] ] } },
{ "type": "Feature", "properties": { "grid_id": "r065_c058", "district_name": "普陀区", "green_fraction": 0.0364310673742375, "water_fraction": 0.0054059469054543998, "building_fraction": 0.1763540384289248, "road_km_per_km2": 17.829125306716779, "utci_c": 38.69, "p_base": 0.7946, "p_enhanced": 0.819, "delta_p": 0.0244, "rel_mitigation_pct": -3.07, "risk_level": "extreme", "quadrant": "Q1_双高极危区" }, "geometry": { "type": "Polygon", "coordinates": [ [ [ 121.43, 31.24 ], [ 121.43, 31.25 ], [ 121.44, 31.25 ], [ 121.44, 31.24 ], [ 121.43, 31.24 ] ] ] } },
{ "type": "Feature", "properties": { "grid_id": "r065_c059", "district_name": "普陀区", "green_fraction": 0.0105441129810359, "water_fraction": 0.064693093198709195, "building_fraction": 0.15794106193294299, "road_km_per_km2": 23.425520872549804, "utci_c": 38.54, "p_base": 0.7881, "p_enhanced": 0.7956, "delta_p": 0.0076, "rel_mitigation_pct": -0.96, "risk_level": "extreme", "quadrant": "Q2_生态缓冲区" }, "geometry": { "type": "Polygon", "coordinates": [ [ [ 121.44, 31.24 ], [ 121.44, 31.25 ], [ 121.45, 31.25 ], [ 121.45, 31.24 ], [ 121.44, 31.24 ] ] ] } },
{ "type": "Feature", "properties": { "grid_id": "r065_c060", "district_name": "静安区", "green_fraction": 0.050914103406287901, "water_fraction": 0.047558116903484902, "building_fraction": 0.1211185332928288, "road_km_per_km2": 34.263311009944552, "utci_c": 38.47, "p_base": 0.7849, "p_enhanced": 0.8053, "delta_p": 0.0203, "rel_mitigation_pct": -2.59, "risk_level": "extreme", "quadrant": "Q2_生态缓冲区" }, "geometry": { "type": "Polygon", "coordinates": [ [ [ 121.45, 31.24 ], [ 121.45, 31.25 ], [ 121.46, 31.25 ], [ 121.46, 31.24 ], [ 121.45, 31.24 ] ] ] } },
{ "type": "Feature", "properties": { "grid_id": "r065_c061", "district_name": "静安区", "green_fraction": 0.019279493295066501, "water_fraction": 0.051526221809334603, "building_fraction": 0.15363111329396509, "road_km_per_km2": 23.417501046904238, "utci_c": 38.56, "p_base": 0.7888, "p_enhanced": 0.8014, "delta_p": 0.0126, "rel_mitigation_pct": -1.6, "risk_level": "extreme", "quadrant": "Q2_生态缓冲区" }, "geometry": { "type": "Polygon", "coordinates": [ [ [ 121.46, 31.24 ], [ 121.46, 31.25 ], [ 121.47, 31.25 ], [ 121.47, 31.24 ], [ 121.46, 31.24 ] ] ] } },
{ "type": "Feature", "properties": { "grid_id": "r065_c062", "district_name": "静安区", "green_fraction": 0.023572602191939199, "water_fraction": 0.054514672692485298, "building_fraction": 0.25347021322615571, "road_km_per_km2": 26.271742288344289, "utci_c": 38.69, "p_base": 0.7946, "p_enhanced": 0.797, "delta_p": 0.0025, "rel_mitigation_pct": -0.31, "risk_level": "extreme", "quadrant": "Q2_生态缓冲区" }, "geometry": { "type": "Polygon", "coordinates": [ [ [ 121.47, 31.24 ], [ 121.47, 31.25 ], [ 121.48, 31.25 ], [ 121.48, 31.24 ], [ 121.47, 31.24 ] ] ] } },
{ "type": "Feature", "properties": { "grid_id": "r065_c063", "district_name": "黄浦区", "green_fraction": 0.0778604459903941, "water_fraction": 0.240444767756258, "building_fraction": 0.26297988485737261, "road_km_per_km2": 26.278636096657131, "utci_c": 38.1, "p_base": 0.7683, "p_enhanced": 0.7142, "delta_p": -0.0541, "rel_mitigation_pct": 7.04, "risk_level": "extreme", "quadrant": "Q3_双低安全区" }, "geometry": { "type": "Polygon", "coordinates": [ [ [ 121.48, 31.24 ], [ 121.48, 31.25 ], [ 121.49, 31.25 ], [ 121.49, 31.24 ], [ 121.48, 31.24 ] ] ] } },
{ "type": "Feature", "properties": { "grid_id": "r065_c064", "district_name": "浦东新区", "green_fraction": 0.14971619033277, "water_fraction": 0.48500707883051641, "building_fraction": 0.096590529717061696, "road_km_per_km2": 23.901224674447665, "utci_c": 37.05, "p_base": 0.7176, "p_enhanced": 0.5903, "delta_p": -0.1273, "rel_mitigation_pct": 17.74, "risk_level": "high", "quadrant": "Q3_双低安全区" }, "geometry": { "type": "Polygon", "coordinates": [ [ [ 121.49, 31.24 ], [ 121.49, 31.25 ], [ 121.5, 31.25 ], [ 121.5, 31.24 ], [ 121.49, 31.24 ] ] ] } },
{ "type": "Feature", "properties": { "grid_id": "r065_c065", "district_name": "浦东新区", "green_fraction": 0.16950449505863391, "water_fraction": 0.32792899431043931, "building_fraction": 0.1297767788830323, "road_km_per_km2": 30.45376345102888, "utci_c": 37.51, "p_base": 0.7404, "p_enhanced": 0.6794, "delta_p": -0.061, "rel_mitigation_pct": 8.24, "risk_level": "high", "quadrant": "Q3_双低安全区" }, "geometry": { "type": "Polygon", "coordinates": [ [ [ 121.5, 31.24 ], [ 121.5, 31.25 ], [ 121.51, 31.25 ], [ 121.51, 31.24 ], [ 121.5, 31.24 ] ] ] } },
{ "type": "Feature", "properties": { "grid_id": "r065_c066", "district_name": "浦东新区", "green_fraction": 0.1084921119225359, "water_fraction": 0.31271672028969111, "building_fraction": 0.1185061479353865, "road_km_per_km2": 24.780513582387474, "utci_c": 37.63, "p_base": 0.7463, "p_enhanced": 0.6847, "delta_p": -0.0616, "rel_mitigation_pct": 8.25, "risk_level": "high", "quadrant": "Q3_双低安全区" }, "geometry": { "type": "Polygon", "coordinates": [ [ [ 121.51, 31.24 ], [ 121.51, 31.25 ], [ 121.52, 31.25 ], [ 121.52, 31.24 ], [ 121.51, 31.24 ] ] ] } },
{ "type": "Feature", "properties": { "grid_id": "r065_c067", "district_name": "浦东新区", "green_fraction": 0.1300294814245658, "water_fraction": 0.24536554607482791, "building_fraction": 0.1013781657490211, "road_km_per_km2": 20.953204416165104, "utci_c": 37.76, "p_base": 0.7525, "p_enhanced": 0.7214, "delta_p": -0.0311, "rel_mitigation_pct": 4.13, "risk_level": "extreme", "quadrant": "Q3_双低安全区" }, "geometry": { "type": "Polygon", "coordinates": [ [ [ 121.52, 31.24 ], [ 121.52, 31.25 ], [ 121.53, 31.25 ], [ 121.53, 31.24 ], [ 121.52, 31.24 ] ] ] } },
{ "type": "Feature", "properties": { "grid_id": "r065_c068", "district_name": "浦东新区", "green_fraction": 0.0237453255990622, "water_fraction": 0.0285888856882477, "building_fraction": 0.026568699691135001, "road_km_per_km2": 18.197810642802651, "utci_c": 38.42, "p_base": 0.783, "p_enhanced": 0.8146, "delta_p": 0.0316, "rel_mitigation_pct": -4.04, "risk_level": "extreme", "quadrant": "Q3_双低安全区" }, "geometry": { "type": "Polygon", "coordinates": [ [ [ 121.53, 31.24 ], [ 121.53, 31.25 ], [ 121.54, 31.25 ], [ 121.54, 31.24 ], [ 121.53, 31.24 ] ] ] } },
{ "type": "Feature", "properties": { "grid_id": "r065_c069", "district_name": "浦东新区", "green_fraction": 0.014019692468380401, "water_fraction": 0.029227351935663701, "building_fraction": 0.055986381708591597, "road_km_per_km2": 13.08834844241772, "utci_c": 38.48, "p_base": 0.7855, "p_enhanced": 0.8131, "delta_p": 0.0276, "rel_mitigation_pct": -3.51, "risk_level": "extreme", "quadrant": "Q2_生态缓冲区" }, "geometry": { "type": "Polygon", "coordinates": [ [ [ 121.54, 31.24 ], [ 121.54, 31.25 ], [ 121.55, 31.25 ], [ 121.55, 31.24 ], [ 121.54, 31.24 ] ] ] } },
{ "type": "Feature", "properties": { "grid_id": "r065_c070", "district_name": "浦东新区", "green_fraction": 0.042165923884244602, "water_fraction": 0.0183188082993745, "building_fraction": 0.110387245605893, "road_km_per_km2": 14.05893712587709, "utci_c": 38.55, "p_base": 0.7884, "p_enhanced": 0.8165, "delta_p": 0.028, "rel_mitigation_pct": -3.56, "risk_level": "extreme", "quadrant": "Q2_生态缓冲区" }, "geometry": { "type": "Polygon", "coordinates": [ [ [ 121.55, 31.24 ], [ 121.55, 31.25 ], [ 121.56, 31.25 ], [ 121.56, 31.24 ], [ 121.55, 31.24 ] ] ] } },
{ "type": "Feature", "properties": { "grid_id": "r065_c073", "district_name": "浦东新区", "green_fraction": 0.032392199641531803, "water_fraction": 0.034006416759347, "building_fraction": 0.1011477878372074, "road_km_per_km2": 27.9878479332484, "utci_c": 38.5, "p_base": 0.7866, "p_enhanced": 0.8105, "delta_p": 0.0239, "rel_mitigation_pct": -3.04, "risk_level": "extreme", "quadrant": "Q2_生态缓冲区" }, "geometry": { "type": "Polygon", "coordinates": [ [ [ 121.58, 31.24 ], [ 121.58, 31.25 ], [ 121.59, 31.25 ], [ 121.59, 31.24 ], [ 121.58, 31.24 ] ] ] } },
{ "type": "Feature", "properties": { "grid_id": "r066_c028", "district_name": "青浦区", "green_fraction": 0.0, "water_fraction": 0.0112178819434427, "building_fraction": 0.015795658882274501, "road_km_per_km2": 6.2385990511555454, "utci_c": 38.49, "p_base": 0.786, "p_enhanced": 0.8205, "delta_p": 0.0345, "rel_mitigation_pct": -4.39, "risk_level": "extreme", "quadrant": "Q1_双高极危区" }, "geometry": { "type": "Polygon", "coordinates": [ [ [ 121.13, 31.23 ], [ 121.13, 31.24 ], [ 121.14, 31.24 ], [ 121.14, 31.23 ], [ 121.13, 31.23 ] ] ] } },
{ "type": "Feature", "properties": { "grid_id": "r066_c048", "district_name": "闵行区", "green_fraction": 0.024799650512661899, "water_fraction": 0.082914420998431104, "building_fraction": 0.1019958493858214, "road_km_per_km2": 8.4228417586922344, "utci_c": 38.38, "p_base": 0.7812, "p_enhanced": 0.7907, "delta_p": 0.0096, "rel_mitigation_pct": -1.22, "risk_level": "extreme", "quadrant": "Q3_双低安全区" }, "geometry": { "type": "Polygon", "coordinates": [ [ [ 121.33, 31.23 ], [ 121.33, 31.24 ], [ 121.34, 31.24 ], [ 121.34, 31.23 ], [ 121.33, 31.23 ] ] ] } },
{ "type": "Feature", "properties": { "grid_id": "r066_c051", "district_name": "普陀区", "green_fraction": 0.0, "water_fraction": 0.0, "building_fraction": 0.0, "road_km_per_km2": 8.758610214914107, "utci_c": 38.5, "p_base": 0.7864, "p_enhanced": 0.8251, "delta_p": 0.0387, "rel_mitigation_pct": -4.92, "risk_level": "extreme", "quadrant": "Q1_双高极危区" }, "geometry": { "type": "Polygon", "coordinates": [ [ [ 121.36, 31.23 ], [ 121.36, 31.24 ], [ 121.37, 31.24 ], [ 121.37, 31.23 ], [ 121.36, 31.23 ] ] ] } },
{ "type": "Feature", "properties": { "grid_id": "r066_c052", "district_name": "普陀区", "green_fraction": 0.0031214017349725999, "water_fraction": 0.0, "building_fraction": 0.098465027655114196, "road_km_per_km2": 13.03231913399976, "utci_c": 38.64, "p_base": 0.7925, "p_enhanced": 0.8222, "delta_p": 0.0296, "rel_mitigation_pct": -3.74, "risk_level": "extreme", "quadrant": "Q1_双高极危区" }, "geometry": { "type": "Polygon", "coordinates": [ [ [ 121.37, 31.23 ], [ 121.37, 31.24 ], [ 121.38, 31.24 ], [ 121.38, 31.23 ], [ 121.37, 31.23 ] ] ] } },
{ "type": "Feature", "properties": { "grid_id": "r066_c055", "district_name": "普陀区", "green_fraction": 0.043514439825019201, "water_fraction": 0.0148919387354438, "building_fraction": 0.23988823999324291, "road_km_per_km2": 23.126749223990171, "utci_c": 38.75, "p_base": 0.797, "p_enhanced": 0.8137, "delta_p": 0.0167, "rel_mitigation_pct": -2.09, "risk_level": "extreme", "quadrant": "Q2_生态缓冲区" }, "geometry": { "type": "Polygon", "coordinates": [ [ [ 121.4, 31.23 ], [ 121.4, 31.24 ], [ 121.41, 31.24 ], [ 121.41, 31.23 ], [ 121.4, 31.23 ] ] ] } },
{ "type": "Feature", "properties": { "grid_id": "r066_c056", "district_name": "普陀区", "green_fraction": 0.0024003683265519001, "water_fraction": 0.0179080702007808, "building_fraction": 0.17843690708792551, "road_km_per_km2": 13.155187776891246, "utci_c": 38.71, "p_base": 0.7956, "p_enhanced": 0.813, "delta_p": 0.0174, "rel_mitigation_pct": -2.19, "risk_level": "extreme", "quadrant": "Q2_生态缓冲区" }, "geometry": { "type": "Polygon", "coordinates": [ [ [ 121.41, 31.23 ], [ 121.41, 31.24 ], [ 121.42, 31.24 ], [ 121.42, 31.23 ], [ 121.41, 31.23 ] ] ] } },
{ "type": "Feature", "properties": { "grid_id": "r066_c057", "district_name": "静安区", "green_fraction": 0.0058481038105989, "water_fraction": 0.046834386640733, "building_fraction": 0.14429735446618339, "road_km_per_km2": 17.251047555974342, "utci_c": 38.58, "p_base": 0.7897, "p_enhanced": 0.8031, "delta_p": 0.0134, "rel_mitigation_pct": -1.7, "risk_level": "extreme", "quadrant": "Q2_生态缓冲区" }, "geometry": { "type": "Polygon", "coordinates": [ [ [ 121.42, 31.23 ], [ 121.42, 31.24 ], [ 121.43, 31.24 ], [ 121.43, 31.23 ], [ 121.42, 31.23 ] ] ] } },
{ "type": "Feature", "properties": { "grid_id": "r066_c058", "district_name": "静安区", "green_fraction": 0.0060524866531976003, "water_fraction": 0.0, "building_fraction": 0.1545466100484206, "road_km_per_km2": 14.325682879044878, "utci_c": 38.72, "p_base": 0.7959, "p_enhanced": 0.8206, "delta_p": 0.0246, "rel_mitigation_pct": -3.1, "risk_level": "extreme", "quadrant": "Q1_双高极危区" }, "geometry": { "type": "Polygon", "coordinates": [ [ [ 121.43, 31.23 ], [ 121.43, 31.24 ], [ 121.44, 31.24 ], [ 121.44, 31.23 ], [ 121.43, 31.23 ] ] ] } },
{ "type": "Feature", "properties": { "grid_id": "r066_c059", "district_name": "静安区", "green_fraction": 0.0068125085070931003, "water_fraction": 0.0, "building_fraction": 0.1697600406074945, "road_km_per_km2": 14.508975621176855, "utci_c": 38.74, "p_base": 0.7968, "p_enhanced": 0.8201, "delta_p": 0.0233, "rel_mitigation_pct": -2.92, "risk_level": "extreme", "quadrant": "Q1_双高极危区" }, "geometry": { "type": "Polygon", "coordinates": [ [ [ 121.44, 31.23 ], [ 121.44, 31.24 ], [ 121.45, 31.24 ], [ 121.45, 31.23 ], [ 121.44, 31.23 ] ] ] } },
{ "type": "Feature", "properties": { "grid_id": "r066_c060", "district_name": "静安区", "green_fraction": 0.075098520363161697, "water_fraction": 0.0068376743117412996, "building_fraction": 0.23341694927326409, "road_km_per_km2": 18.704139923240348, "utci_c": 38.71, "p_base": 0.7955, "p_enhanced": 0.8181, "delta_p": 0.0226, "rel_mitigation_pct": -2.84, "risk_level": "extreme", "quadrant": "Q1_双高极危区" }, "geometry": { "type": "Polygon", "coordinates": [ [ [ 121.45, 31.23 ], [ 121.45, 31.24 ], [ 121.46, 31.24 ], [ 121.46, 31.23 ], [ 121.45, 31.23 ] ] ] } },
{ "type": "Feature", "properties": { "grid_id": "r066_c061", "district_name": "黄浦区", "green_fraction": 0.15240004923208389, "water_fraction": 0.0021904670281891999, "building_fraction": 0.28339089222178998, "road_km_per_km2": 32.475268065949429, "utci_c": 38.68, "p_base": 0.7939, "p_enhanced": 0.821, "delta_p": 0.027, "rel_mitigation_pct": -3.4, "risk_level": "extreme", "quadrant": "Q1_双高极危区" }, "geometry": { "type": "Polygon", "coordinates": [ [ [ 121.46, 31.23 ], [ 121.46, 31.24 ], [ 121.47, 31.24 ], [ 121.47, 31.23 ], [ 121.46, 31.23 ] ] ] } },
{ "type": "Feature", "properties": { "grid_id": "r066_c062", "district_name": "黄浦区", "green_fraction": 0.11543578314602571, "water_fraction": 0.0, "building_fraction": 0.39260831082638098, "road_km_per_km2": 36.973923234680392, "utci_c": 38.9, "p_base": 0.8036, "p_enhanced": 0.8171, "delta_p": 0.0135, "rel_mitigation_pct": -1.68, "risk_level": "extreme", "quadrant": "Q2_生态缓冲区" }, "geometry": { "type": "Polygon", "coordinates": [ [ [ 121.47, 31.23 ], [ 121.47, 31.24 ], [ 121.48, 31.24 ], [ 121.48, 31.23 ], [ 121.47, 31.23 ] ] ] } },
{ "type": "Feature", "properties": { "grid_id": "r066_c063", "district_name": "黄浦区", "green_fraction": 0.046288696019044499, "water_fraction": 0.16595176319812069, "building_fraction": 0.28982158205141029, "road_km_per_km2": 34.778175348942447, "utci_c": 38.4, "p_base": 0.7818, "p_enhanced": 0.748, "delta_p": -0.0338, "rel_mitigation_pct": 4.33, "risk_level": "extreme", "quadrant": "Q3_双低安全区" }, "geometry": { "type": "Polygon", "coordinates": [ [ [ 121.48, 31.23 ], [ 121.48, 31.24 ], [ 121.49, 31.24 ], [ 121.49, 31.23 ], [ 121.48, 31.23 ] ] ] } },
{ "type": "Feature", "properties": { "grid_id": "r066_c064", "district_name": "浦东新区", "green_fraction": 0.11299710313328221, "water_fraction": 0.44370606191327322, "building_fraction": 0.1179948809452277, "road_km_per_km2": 29.429666316919988, "utci_c": 37.25, "p_base": 0.728, "p_enhanced": 0.6113, "delta_p": -0.1166, "rel_mitigation_pct": 16.02, "risk_level": "high", "quadrant": "Q3_双低安全区" }, "geometry": { "type": "Polygon", "coordinates": [ [ [ 121.49, 31.23 ], [ 121.49, 31.24 ], [ 121.5, 31.24 ], [ 121.5, 31.23 ], [ 121.49, 31.23 ] ] ] } },
{ "type": "Feature", "properties": { "grid_id": "r066_c065", "district_name": "浦东新区", "green_fraction": 0.1009826563167389, "water_fraction": 0.0051897942706230996, "building_fraction": 0.19606526568565719, "road_km_per_km2": 42.71745108311908, "utci_c": 38.62, "p_base": 0.7915, "p_enhanced": 0.8207, "delta_p": 0.0293, "rel_mitigation_pct": -3.7, "risk_level": "extreme", "quadrant": "Q1_双高极危区" }, "geometry": { "type": "Polygon", "coordinates": [ [ [ 121.5, 31.23 ], [ 121.5, 31.24 ], [ 121.51, 31.24 ], [ 121.51, 31.23 ], [ 121.5, 31.23 ] ] ] } },
{ "type": "Feature", "properties": { "grid_id": "r066_c066", "district_name": "浦东新区", "green_fraction": 0.057538945892462098, "water_fraction": 0.0, "building_fraction": 0.27688068289009932, "road_km_per_km2": 36.528497424376447, "utci_c": 38.82, "p_base": 0.8002, "p_enhanced": 0.8186, "delta_p": 0.0184, "rel_mitigation_pct": -2.3, "risk_level": "extreme", "quadrant": "Q1_双高极危区" }, "geometry": { "type": "Polygon", "coordinates": [ [ [ 121.51, 31.23 ], [ 121.51, 31.24 ], [ 121.52, 31.24 ], [ 121.52, 31.23 ], [ 121.51, 31.23 ] ] ] } },
{ "type": "Feature", "properties": { "grid_id": "r066_c067", "district_name": "浦东新区", "green_fraction": 0.066038280906463798, "water_fraction": 0.00050712448538169997, "building_fraction": 0.240521739681997, "road_km_per_km2": 28.754038647737342, "utci_c": 38.75, "p_base": 0.7973, "p_enhanced": 0.8199, "delta_p": 0.0226, "rel_mitigation_pct": -2.83, "risk_level": "extreme", "quadrant": "Q1_双高极危区" }, "geometry": { "type": "Polygon", "coordinates": [ [ [ 121.52, 31.23 ], [ 121.52, 31.24 ], [ 121.53, 31.24 ], [ 121.53, 31.23 ], [ 121.52, 31.23 ] ] ] } },
{ "type": "Feature", "properties": { "grid_id": "r066_c070", "district_name": "浦东新区", "green_fraction": 0.068061671172132701, "water_fraction": 0.044959772561079699, "building_fraction": 0.16627954840158449, "road_km_per_km2": 29.531900136823701, "utci_c": 38.51, "p_base": 0.787, "p_enhanced": 0.8054, "delta_p": 0.0184, "rel_mitigation_pct": -2.34, "risk_level": "extreme", "quadrant": "Q2_生态缓冲区" }, "geometry": { "type": "Polygon", "coordinates": [ [ [ 121.55, 31.23 ], [ 121.55, 31.24 ], [ 121.56, 31.24 ], [ 121.56, 31.23 ], [ 121.55, 31.23 ] ] ] } },
{ "type": "Feature", "properties": { "grid_id": "r066_c074", "district_name": "浦东新区", "green_fraction": 0.37185604393937299, "water_fraction": 0.049609619583944498, "building_fraction": 0.019904572135724601, "road_km_per_km2": 16.673425595456223, "utci_c": 37.8, "p_base": 0.7543, "p_enhanced": 0.8198, "delta_p": 0.0654, "rel_mitigation_pct": -8.67, "risk_level": "extreme", "quadrant": "Q4_脆弱敏感区" }, "geometry": { "type": "Polygon", "coordinates": [ [ [ 121.59, 31.23 ], [ 121.59, 31.24 ], [ 121.6, 31.24 ], [ 121.6, 31.23 ], [ 121.59, 31.23 ] ] ] } },
{ "type": "Feature", "properties": { "grid_id": "r067_c045", "district_name": "闵行区", "green_fraction": 0.066032073964263804, "water_fraction": 0.1074067357413938, "building_fraction": 0.0, "road_km_per_km2": 7.3782625248000286, "utci_c": 38.09, "p_base": 0.7682, "p_enhanced": 0.7859, "delta_p": 0.0176, "rel_mitigation_pct": -2.3, "risk_level": "extreme", "quadrant": "Q3_双低安全区" }, "geometry": { "type": "Polygon", "coordinates": [ [ [ 121.3, 31.22 ], [ 121.3, 31.23 ], [ 121.31, 31.23 ], [ 121.31, 31.22 ], [ 121.3, 31.22 ] ] ] } },
{ "type": "Feature", "properties": { "grid_id": "r067_c051", "district_name": "普陀区", "green_fraction": 0.069465939393986806, "water_fraction": 0.069332398905900705, "building_fraction": 0.022441048596995701, "road_km_per_km2": 20.378475674589279, "utci_c": 38.23, "p_base": 0.7743, "p_enhanced": 0.8007, "delta_p": 0.0264, "rel_mitigation_pct": -3.41, "risk_level": "extreme", "quadrant": "Q3_双低安全区" }, "geometry": { "type": "Polygon", "coordinates": [ [ [ 121.36, 31.22 ], [ 121.36, 31.23 ], [ 121.37, 31.23 ], [ 121.37, 31.22 ], [ 121.36, 31.22 ] ] ] } },
{ "type": "Feature", "properties": { "grid_id": "r067_c052", "district_name": "普陀区", "green_fraction": 0.18175947794397859, "water_fraction": 0.056347949030780699, "building_fraction": 0.0091778353802953998, "road_km_per_km2": 22.573985868943087, "utci_c": 38.07, "p_base": 0.7669, "p_enhanced": 0.8105, "delta_p": 0.0436, "rel_mitigation_pct": -5.69, "risk_level": "extreme", "quadrant": "Q3_双低安全区" }, "geometry": { "type": "Polygon", "coordinates": [ [ [ 121.37, 31.22 ], [ 121.37, 31.23 ], [ 121.38, 31.23 ], [ 121.38, 31.22 ], [ 121.37, 31.22 ] ] ] } },
{ "type": "Feature", "properties": { "grid_id": "r067_c053", "district_name": "普陀区", "green_fraction": 0.1050304042279096, "water_fraction": 0.045263083415199502, "building_fraction": 0.0581260888150575, "road_km_per_km2": 17.159856050140494, "utci_c": 38.29, "p_base": 0.7772, "p_enhanced": 0.8103, "delta_p": 0.0331, "rel_mitigation_pct": -4.25, "risk_level": "extreme", "quadrant": "Q3_双低安全区" }, "geometry": { "type": "Polygon", "coordinates": [ [ [ 121.38, 31.22 ], [ 121.38, 31.23 ], [ 121.39, 31.23 ], [ 121.39, 31.22 ], [ 121.38, 31.22 ] ] ] } },
{ "type": "Feature", "properties": { "grid_id": "r067_c054", "district_name": "普陀区", "green_fraction": 0.42971594379167372, "water_fraction": 0.1747062981259444, "building_fraction": 0.13673559239762439, "road_km_per_km2": 24.1883603740078, "utci_c": 37.53, "p_base": 0.7415, "p_enhanced": 0.7674, "delta_p": 0.0259, "rel_mitigation_pct": -3.49, "risk_level": "extreme", "quadrant": "Q3_双低安全区" }, "geometry": { "type": "Polygon", "coordinates": [ [ [ 121.39, 31.22 ], [ 121.39, 31.23 ], [ 121.4, 31.23 ], [ 121.4, 31.22 ], [ 121.39, 31.22 ] ] ] } },
{ "type": "Feature", "properties": { "grid_id": "r067_c055", "district_name": "普陀区", "green_fraction": 0.084091973795985195, "water_fraction": 0.058035850478620997, "building_fraction": 0.17648984914710861, "road_km_per_km2": 25.818720738077481, "utci_c": 38.47, "p_base": 0.785, "p_enhanced": 0.8005, "delta_p": 0.0156, "rel_mitigation_pct": -1.98, "risk_level": "extreme", "quadrant": "Q2_生态缓冲区" }, "geometry": { "type": "Polygon", "coordinates": [ [ [ 121.4, 31.22 ], [ 121.4, 31.23 ], [ 121.41, 31.23 ], [ 121.41, 31.22 ], [ 121.4, 31.22 ] ] ] } },
{ "type": "Feature", "properties": { "grid_id": "r067_c056", "district_name": "长宁区", "green_fraction": 0.21616869978084979, "water_fraction": 0.075057748950948397, "building_fraction": 0.17082392968340199, "road_km_per_km2": 22.823893931370961, "utci_c": 38.2, "p_base": 0.7731, "p_enhanced": 0.7991, "delta_p": 0.026, "rel_mitigation_pct": -3.37, "risk_level": "extreme", "quadrant": "Q3_双低安全区" }, "geometry": { "type": "Polygon", "coordinates": [ [ [ 121.41, 31.22 ], [ 121.41, 31.23 ], [ 121.42, 31.23 ], [ 121.42, 31.22 ], [ 121.41, 31.22 ] ] ] } },
{ "type": "Feature", "properties": { "grid_id": "r067_c057", "district_name": "长宁区", "green_fraction": 0.015184600287024499, "water_fraction": 0.0, "building_fraction": 0.22480769332449499, "road_km_per_km2": 19.86286637730948, "utci_c": 38.81, "p_base": 0.7998, "p_enhanced": 0.8187, "delta_p": 0.019, "rel_mitigation_pct": -2.37, "risk_level": "extreme", "quadrant": "Q1_双高极危区" }, "geometry": { "type": "Polygon", "coordinates": [ [ [ 121.42, 31.22 ], [ 121.42, 31.23 ], [ 121.43, 31.23 ], [ 121.43, 31.22 ], [ 121.42, 31.22 ] ] ] } },
{ "type": "Feature", "properties": { "grid_id": "r067_c058", "district_name": "静安区", "green_fraction": 0.010325185027649401, "water_fraction": 6.3585070722030874e-05, "building_fraction": 0.131415078119866, "road_km_per_km2": 17.546973505241997, "utci_c": 38.68, "p_base": 0.7942, "p_enhanced": 0.8214, "delta_p": 0.0273, "rel_mitigation_pct": -3.43, "risk_level": "extreme", "quadrant": "Q1_双高极危区" }, "geometry": { "type": "Polygon", "coordinates": [ [ [ 121.43, 31.22 ], [ 121.43, 31.23 ], [ 121.44, 31.23 ], [ 121.44, 31.22 ], [ 121.43, 31.22 ] ] ] } },
{ "type": "Feature", "properties": { "grid_id": "r067_c059", "district_name": "静安区", "green_fraction": 0.030888967194349099, "water_fraction": 0.0017299564688838, "building_fraction": 0.2303543931250108, "road_km_per_km2": 19.848525949811162, "utci_c": 38.79, "p_base": 0.7989, "p_enhanced": 0.8185, "delta_p": 0.0196, "rel_mitigation_pct": -2.46, "risk_level": "extreme", "quadrant": "Q1_双高极危区" }, "geometry": { "type": "Polygon", "coordinates": [ [ [ 121.44, 31.22 ], [ 121.44, 31.23 ], [ 121.45, 31.23 ], [ 121.45, 31.22 ], [ 121.44, 31.22 ] ] ] } },
{ "type": "Feature", "properties": { "grid_id": "r067_c060", "district_name": "黄浦区", "green_fraction": 0.031139788840133902, "water_fraction": 0.00036535991792020002, "building_fraction": 0.28390607013020758, "road_km_per_km2": 19.821469128757041, "utci_c": 38.88, "p_base": 0.8023, "p_enhanced": 0.8173, "delta_p": 0.015, "rel_mitigation_pct": -1.87, "risk_level": "extreme", "quadrant": "Q2_生态缓冲区" }, "geometry": { "type": "Polygon", "coordinates": [ [ [ 121.45, 31.22 ], [ 121.45, 31.23 ], [ 121.46, 31.23 ], [ 121.46, 31.22 ], [ 121.45, 31.22 ] ] ] } },
{ "type": "Feature", "properties": { "grid_id": "r067_c061", "district_name": "黄浦区", "green_fraction": 0.18344012309216021, "water_fraction": 0.0057757657164892, "building_fraction": 0.23405579351249489, "road_km_per_km2": 34.597872558276251, "utci_c": 38.54, "p_base": 0.7882, "p_enhanced": 0.8223, "delta_p": 0.0341, "rel_mitigation_pct": -4.32, "risk_level": "extreme", "quadrant": "Q1_双高极危区" }, "geometry": { "type": "Polygon", "coordinates": [ [ [ 121.46, 31.22 ], [ 121.46, 31.23 ], [ 121.47, 31.23 ], [ 121.47, 31.22 ], [ 121.46, 31.22 ] ] ] } },
{ "type": "Feature", "properties": { "grid_id": "r067_c062", "district_name": "黄浦区", "green_fraction": 0.14455483305701361, "water_fraction": 0.0113500620714761, "building_fraction": 0.23510483860961329, "road_km_per_km2": 27.00833820138832, "utci_c": 38.59, "p_base": 0.7903, "p_enhanced": 0.8188, "delta_p": 0.0285, "rel_mitigation_pct": -3.61, "risk_level": "extreme", "quadrant": "Q1_双高极危区" }, "geometry": { "type": "Polygon", "coordinates": [ [ [ 121.47, 31.22 ], [ 121.47, 31.23 ], [ 121.48, 31.23 ], [ 121.48, 31.22 ], [ 121.47, 31.22 ] ] ] } },
{ "type": "Feature", "properties": { "grid_id": "r067_c063", "district_name": "黄浦区", "green_fraction": 0.022513902497904501, "water_fraction": 0.0043229981498349003, "building_fraction": 0.15120278384038929, "road_km_per_km2": 35.007657456257903, "utci_c": 38.68, "p_base": 0.7941, "p_enhanced": 0.8197, "delta_p": 0.0256, "rel_mitigation_pct": -3.22, "risk_level": "extreme", "quadrant": "Q1_双高极危区" }, "geometry": { "type": "Polygon", "coordinates": [ [ [ 121.48, 31.22 ], [ 121.48, 31.23 ], [ 121.49, 31.23 ], [ 121.49, 31.22 ], [ 121.48, 31.22 ] ] ] } },
{ "type": "Feature", "properties": { "grid_id": "r067_c064", "district_name": "黄浦区", "green_fraction": 0.011836611905135, "water_fraction": 0.1417698072617305, "building_fraction": 0.13987527338621669, "road_km_per_km2": 32.685975603389885, "utci_c": 38.29, "p_base": 0.7773, "p_enhanced": 0.7634, "delta_p": -0.0139, "rel_mitigation_pct": 1.78, "risk_level": "extreme", "quadrant": "Q3_双低安全区" }, "geometry": { "type": "Polygon", "coordinates": [ [ [ 121.49, 31.22 ], [ 121.49, 31.23 ], [ 121.5, 31.23 ], [ 121.5, 31.22 ], [ 121.49, 31.22 ] ] ] } },
{ "type": "Feature", "properties": { "grid_id": "r067_c066", "district_name": "浦东新区", "green_fraction": 0.045075469937864598, "water_fraction": 0.0017399688401153999, "building_fraction": 0.27849345732203401, "road_km_per_km2": 28.757460854988167, "utci_c": 38.84, "p_base": 0.8009, "p_enhanced": 0.8175, "delta_p": 0.0166, "rel_mitigation_pct": -2.07, "risk_level": "extreme", "quadrant": "Q1_双高极危区" }, "geometry": { "type": "Polygon", "coordinates": [ [ [ 121.51, 31.22 ], [ 121.51, 31.23 ], [ 121.52, 31.23 ], [ 121.52, 31.22 ], [ 121.51, 31.22 ] ] ] } },
{ "type": "Feature", "properties": { "grid_id": "r067_c067", "district_name": "浦东新区", "green_fraction": 0.16924217085863061, "water_fraction": 0.022966896869699702, "building_fraction": 0.2244690880787007, "road_km_per_km2": 31.527619961469942, "utci_c": 38.5, "p_base": 0.7864, "p_enhanced": 0.8157, "delta_p": 0.0293, "rel_mitigation_pct": -3.72, "risk_level": "extreme", "quadrant": "Q2_生态缓冲区" }, "geometry": { "type": "Polygon", "coordinates": [ [ [ 121.52, 31.22 ], [ 121.52, 31.23 ], [ 121.53, 31.23 ], [ 121.53, 31.22 ], [ 121.52, 31.22 ] ] ] } },
{ "type": "Feature", "properties": { "grid_id": "r067_c068", "district_name": "浦东新区", "green_fraction": 0.2378526290617517, "water_fraction": 0.0151480768660186, "building_fraction": 0.1742588312079511, "road_km_per_km2": 34.984147966638531, "utci_c": 38.34, "p_base": 0.7793, "p_enhanced": 0.8226, "delta_p": 0.0434, "rel_mitigation_pct": -5.56, "risk_level": "extreme", "quadrant": "Q4_脆弱敏感区" }, "geometry": { "type": "Polygon", "coordinates": [ [ [ 121.53, 31.22 ], [ 121.53, 31.23 ], [ 121.54, 31.23 ], [ 121.54, 31.22 ], [ 121.53, 31.22 ] ] ] } },
{ "type": "Feature", "properties": { "grid_id": "r067_c069", "district_name": "浦东新区", "green_fraction": 0.27141950047892471, "water_fraction": 0.0014047562995530001, "building_fraction": 0.15170176340749311, "road_km_per_km2": 36.157084897408311, "utci_c": 38.29, "p_base": 0.7771, "p_enhanced": 0.8294, "delta_p": 0.0523, "rel_mitigation_pct": -6.73, "risk_level": "extreme", "quadrant": "Q4_脆弱敏感区" }, "geometry": { "type": "Polygon", "coordinates": [ [ [ 121.54, 31.22 ], [ 121.54, 31.23 ], [ 121.55, 31.23 ], [ 121.55, 31.22 ], [ 121.54, 31.22 ] ] ] } },
{ "type": "Feature", "properties": { "grid_id": "r067_c070", "district_name": "浦东新区", "green_fraction": 0.22714619495106089, "water_fraction": 0.045382296727204202, "building_fraction": 0.13191022801879801, "road_km_per_km2": 29.06229405456649, "utci_c": 38.21, "p_base": 0.7734, "p_enhanced": 0.8124, "delta_p": 0.039, "rel_mitigation_pct": -5.04, "risk_level": "extreme", "quadrant": "Q3_双低安全区" }, "geometry": { "type": "Polygon", "coordinates": [ [ [ 121.55, 31.22 ], [ 121.55, 31.23 ], [ 121.56, 31.23 ], [ 121.56, 31.22 ], [ 121.55, 31.22 ] ] ] } },
{ "type": "Feature", "properties": { "grid_id": "r067_c077", "district_name": "浦东新区", "green_fraction": 0.2441669405587974, "water_fraction": 0.0158875421450454, "building_fraction": 0.043589958063149199, "road_km_per_km2": 27.407600468426125, "utci_c": 38.13, "p_base": 0.7699, "p_enhanced": 0.8266, "delta_p": 0.0567, "rel_mitigation_pct": -7.37, "risk_level": "extreme", "quadrant": "Q4_脆弱敏感区" }, "geometry": { "type": "Polygon", "coordinates": [ [ [ 121.62, 31.22 ], [ 121.62, 31.23 ], [ 121.63, 31.23 ], [ 121.63, 31.22 ], [ 121.62, 31.22 ] ] ] } },
{ "type": "Feature", "properties": { "grid_id": "r068_c046", "district_name": "闵行区", "green_fraction": 0.084256555062627997, "water_fraction": 0.049942744409069199, "building_fraction": 0.079226173687532098, "road_km_per_km2": 11.988194942035395, "utci_c": 38.34, "p_base": 0.7795, "p_enhanced": 0.807, "delta_p": 0.0275, "rel_mitigation_pct": -3.52, "risk_level": "extreme", "quadrant": "Q3_双低安全区" }, "geometry": { "type": "Polygon", "coordinates": [ [ [ 121.31, 31.21 ], [ 121.31, 31.22 ], [ 121.32, 31.22 ], [ 121.32, 31.21 ], [ 121.31, 31.21 ] ] ] } },
{ "type": "Feature", "properties": { "grid_id": "r068_c049", "district_name": "长宁区", "green_fraction": 0.15686343970966521, "water_fraction": 0.0089514564630466999, "building_fraction": 0.048450061372352499, "road_km_per_km2": 13.30976753829391, "utci_c": 38.3, "p_base": 0.7774, "p_enhanced": 0.8259, "delta_p": 0.0485, "rel_mitigation_pct": -6.24, "risk_level": "extreme", "quadrant": "Q4_脆弱敏感区" }, "geometry": { "type": "Polygon", "coordinates": [ [ [ 121.34, 31.21 ], [ 121.34, 31.22 ], [ 121.35, 31.22 ], [ 121.35, 31.21 ], [ 121.34, 31.21 ] ] ] } },
{ "type": "Feature", "properties": { "grid_id": "r068_c050", "district_name": "长宁区", "green_fraction": 0.024049712836915101, "water_fraction": 0.00014298440055180001, "building_fraction": 0.0286797558275615, "road_km_per_km2": 12.711423340093274, "utci_c": 38.5, "p_base": 0.7866, "p_enhanced": 0.825, "delta_p": 0.0384, "rel_mitigation_pct": -4.89, "risk_level": "extreme", "quadrant": "Q1_双高极危区" }, "geometry": { "type": "Polygon", "coordinates": [ [ [ 121.35, 31.21 ], [ 121.35, 31.22 ], [ 121.36, 31.22 ], [ 121.36, 31.21 ], [ 121.35, 31.21 ] ] ] } },
{ "type": "Feature", "properties": { "grid_id": "r068_c053", "district_name": "长宁区", "green_fraction": 0.045550555453306503, "water_fraction": 0.0, "building_fraction": 0.18016777069070911, "road_km_per_km2": 18.082684993197859, "utci_c": 38.7, "p_base": 0.7949, "p_enhanced": 0.8212, "delta_p": 0.0263, "rel_mitigation_pct": -3.31, "risk_level": "extreme", "quadrant": "Q1_双高极危区" }, "geometry": { "type": "Polygon", "coordinates": [ [ [ 121.38, 31.21 ], [ 121.38, 31.22 ], [ 121.39, 31.22 ], [ 121.39, 31.21 ], [ 121.38, 31.21 ] ] ] } },
{ "type": "Feature", "properties": { "grid_id": "r068_c054", "district_name": "长宁区", "green_fraction": 0.0086961177545422999, "water_fraction": 0.0004406444424528, "building_fraction": 0.24309304207105939, "road_km_per_km2": 14.237803851195279, "utci_c": 38.85, "p_base": 0.8013, "p_enhanced": 0.8178, "delta_p": 0.0165, "rel_mitigation_pct": -2.06, "risk_level": "extreme", "quadrant": "Q1_双高极危区" }, "geometry": { "type": "Polygon", "coordinates": [ [ [ 121.39, 31.21 ], [ 121.39, 31.22 ], [ 121.4, 31.22 ], [ 121.4, 31.21 ], [ 121.39, 31.21 ] ] ] } },
{ "type": "Feature", "properties": { "grid_id": "r068_c055", "district_name": "长宁区", "green_fraction": 0.033736830742768703, "water_fraction": 0.0, "building_fraction": 0.25247169559947408, "road_km_per_km2": 21.263595053305668, "utci_c": 38.82, "p_base": 0.8003, "p_enhanced": 0.8185, "delta_p": 0.0183, "rel_mitigation_pct": -2.28, "risk_level": "extreme", "quadrant": "Q1_双高极危区" }, "geometry": { "type": "Polygon", "coordinates": [ [ [ 121.4, 31.21 ], [ 121.4, 31.22 ], [ 121.41, 31.22 ], [ 121.41, 31.21 ], [ 121.4, 31.21 ] ] ] } },
{ "type": "Feature", "properties": { "grid_id": "r068_c056", "district_name": "长宁区", "green_fraction": 0.1128931099434347, "water_fraction": 0.0133490319982583, "building_fraction": 0.24419115287973189, "road_km_per_km2": 24.757546033151453, "utci_c": 38.65, "p_base": 0.7928, "p_enhanced": 0.8166, "delta_p": 0.0239, "rel_mitigation_pct": -3.01, "risk_level": "extreme", "quadrant": "Q2_生态缓冲区" }, "geometry": { "type": "Polygon", "coordinates": [ [ [ 121.41, 31.21 ], [ 121.41, 31.22 ], [ 121.42, 31.22 ], [ 121.42, 31.21 ], [ 121.41, 31.21 ] ] ] } },
{ "type": "Feature", "properties": { "grid_id": "r068_c057", "district_name": "长宁区", "green_fraction": 0.012358336798304399, "water_fraction": 0.0, "building_fraction": 0.2418442824737273, "road_km_per_km2": 23.268927538494388, "utci_c": 38.84, "p_base": 0.801, "p_enhanced": 0.8181, "delta_p": 0.0171, "rel_mitigation_pct": -2.13, "risk_level": "extreme", "quadrant": "Q1_双高极危区" }, "geometry": { "type": "Polygon", "coordinates": [ [ [ 121.42, 31.21 ], [ 121.42, 31.22 ], [ 121.43, 31.22 ], [ 121.43, 31.21 ], [ 121.42, 31.21 ] ] ] } },
{ "type": "Feature", "properties": { "grid_id": "r068_c058", "district_name": "徐汇区", "green_fraction": 0.044407593083283202, "water_fraction": 0.0, "building_fraction": 0.16304258674021391, "road_km_per_km2": 15.819356209505898, "utci_c": 38.67, "p_base": 0.7939, "p_enhanced": 0.8217, "delta_p": 0.0278, "rel_mitigation_pct": -3.5, "risk_level": "extreme", "quadrant": "Q1_双高极危区" }, "geometry": { "type": "Polygon", "coordinates": [ [ [ 121.43, 31.21 ], [ 121.43, 31.22 ], [ 121.44, 31.22 ], [ 121.44, 31.21 ], [ 121.43, 31.21 ] ] ] } },
{ "type": "Feature", "properties": { "grid_id": "r068_c059", "district_name": "徐汇区", "green_fraction": 0.053228240465322901, "water_fraction": 0.0, "building_fraction": 0.2395862657177196, "road_km_per_km2": 16.555728989839491, "utci_c": 38.77, "p_base": 0.7981, "p_enhanced": 0.8196, "delta_p": 0.0215, "rel_mitigation_pct": -2.69, "risk_level": "extreme", "quadrant": "Q1_双高极危区" }, "geometry": { "type": "Polygon", "coordinates": [ [ [ 121.44, 31.21 ], [ 121.44, 31.22 ], [ 121.45, 31.22 ], [ 121.45, 31.21 ], [ 121.44, 31.21 ] ] ] } },
{ "type": "Feature", "properties": { "grid_id": "r068_c060", "district_name": "徐汇区", "green_fraction": 0.092910420196504306, "water_fraction": 9.3744045141729224e-05, "building_fraction": 0.30058104863452478, "road_km_per_km2": 20.017994241050893, "utci_c": 38.8, "p_base": 0.7993, "p_enhanced": 0.8191, "delta_p": 0.0198, "rel_mitigation_pct": -2.48, "risk_level": "extreme", "quadrant": "Q1_双高极危区" }, "geometry": { "type": "Polygon", "coordinates": [ [ [ 121.45, 31.21 ], [ 121.45, 31.22 ], [ 121.46, 31.22 ], [ 121.46, 31.21 ], [ 121.45, 31.21 ] ] ] } },
{ "type": "Feature", "properties": { "grid_id": "r068_c061", "district_name": "黄浦区", "green_fraction": 0.0914697648068723, "water_fraction": 0.0014121632549045, "building_fraction": 0.20981975014214529, "road_km_per_km2": 23.299059657465385, "utci_c": 38.66, "p_base": 0.7935, "p_enhanced": 0.8214, "delta_p": 0.0279, "rel_mitigation_pct": -3.51, "risk_level": "extreme", "quadrant": "Q1_双高极危区" }, "geometry": { "type": "Polygon", "coordinates": [ [ [ 121.46, 31.21 ], [ 121.46, 31.22 ], [ 121.47, 31.22 ], [ 121.47, 31.21 ], [ 121.46, 31.21 ] ] ] } },
{ "type": "Feature", "properties": { "grid_id": "r068_c062", "district_name": "黄浦区", "green_fraction": 0.020533777150040299, "water_fraction": 0.0, "building_fraction": 0.19813111668926189, "road_km_per_km2": 14.816074694063341, "utci_c": 38.76, "p_base": 0.7977, "p_enhanced": 0.8197, "delta_p": 0.022, "rel_mitigation_pct": -2.76, "risk_level": "extreme", "quadrant": "Q1_双高极危区" }, "geometry": { "type": "Polygon", "coordinates": [ [ [ 121.47, 31.21 ], [ 121.47, 31.22 ], [ 121.48, 31.22 ], [ 121.48, 31.21 ], [ 121.47, 31.21 ] ] ] } },
{ "type": "Feature", "properties": { "grid_id": "r068_c063", "district_name": "黄浦区", "green_fraction": 0.0089267400422166996, "water_fraction": 0.00026589602409749999, "building_fraction": 0.2216454314535532, "road_km_per_km2": 25.628306908879427, "utci_c": 38.82, "p_base": 0.7999, "p_enhanced": 0.8185, "delta_p": 0.0186, "rel_mitigation_pct": -2.32, "risk_level": "extreme", "quadrant": "Q1_双高极危区" }, "geometry": { "type": "Polygon", "coordinates": [ [ [ 121.48, 31.21 ], [ 121.48, 31.22 ], [ 121.49, 31.22 ], [ 121.49, 31.21 ], [ 121.48, 31.21 ] ] ] } },
{ "type": "Feature", "properties": { "grid_id": "r068_c064", "district_name": "黄浦区", "green_fraction": 0.039776052560330101, "water_fraction": 0.0, "building_fraction": 0.16157974882257281, "road_km_per_km2": 24.801595228963841, "utci_c": 38.68, "p_base": 0.7941, "p_enhanced": 0.8215, "delta_p": 0.0275, "rel_mitigation_pct": -3.46, "risk_level": "extreme", "quadrant": "Q1_双高极危区" }, "geometry": { "type": "Polygon", "coordinates": [ [ [ 121.49, 31.21 ], [ 121.49, 31.22 ], [ 121.5, 31.22 ], [ 121.5, 31.21 ], [ 121.49, 31.21 ] ] ] } },
{ "type": "Feature", "properties": { "grid_id": "r068_c065", "district_name": "黄浦区", "green_fraction": 0.062481390163840703, "water_fraction": 0.38353976521651822, "building_fraction": 0.1115109863983466, "road_km_per_km2": 17.09368693668775, "utci_c": 37.49, "p_base": 0.7398, "p_enhanced": 0.6435, "delta_p": -0.0963, "rel_mitigation_pct": 13.02, "risk_level": "high", "quadrant": "Q3_双低安全区" }, "geometry": { "type": "Polygon", "coordinates": [ [ [ 121.5, 31.21 ], [ 121.5, 31.22 ], [ 121.51, 31.22 ], [ 121.51, 31.21 ], [ 121.5, 31.21 ] ] ] } },
{ "type": "Feature", "properties": { "grid_id": "r068_c069", "district_name": "浦东新区", "green_fraction": 0.63412549808736807, "water_fraction": 0.17948656658848899, "building_fraction": 0.076943956824040496, "road_km_per_km2": 22.809401446483665, "utci_c": 37.1, "p_base": 0.7201, "p_enhanced": 0.7768, "delta_p": 0.0566, "rel_mitigation_pct": -7.86, "risk_level": "extreme", "quadrant": "Q3_双低安全区" }, "geometry": { "type": "Polygon", "coordinates": [ [ [ 121.54, 31.21 ], [ 121.54, 31.22 ], [ 121.55, 31.22 ], [ 121.55, 31.21 ], [ 121.54, 31.21 ] ] ] } },
{ "type": "Feature", "properties": { "grid_id": "r068_c070", "district_name": "浦东新区", "green_fraction": 0.31720431158865903, "water_fraction": 0.044194400458734497, "building_fraction": 0.076927435178171494, "road_km_per_km2": 18.591628656598321, "utci_c": 37.98, "p_base": 0.7632, "p_enhanced": 0.8179, "delta_p": 0.0547, "rel_mitigation_pct": -7.17, "risk_level": "extreme", "quadrant": "Q4_脆弱敏感区" }, "geometry": { "type": "Polygon", "coordinates": [ [ [ 121.55, 31.21 ], [ 121.55, 31.22 ], [ 121.56, 31.22 ], [ 121.56, 31.21 ], [ 121.55, 31.21 ] ] ] } },
{ "type": "Feature", "properties": { "grid_id": "r068_c071", "district_name": "浦东新区", "green_fraction": 0.0042225968921158, "water_fraction": 0.0, "building_fraction": 0.20223539631867221, "road_km_per_km2": 17.12215885965416, "utci_c": 38.8, "p_base": 0.7991, "p_enhanced": 0.819, "delta_p": 0.02, "rel_mitigation_pct": -2.5, "risk_level": "extreme", "quadrant": "Q1_双高极危区" }, "geometry": { "type": "Polygon", "coordinates": [ [ [ 121.56, 31.21 ], [ 121.56, 31.22 ], [ 121.57, 31.22 ], [ 121.57, 31.21 ], [ 121.56, 31.21 ] ] ] } },
{ "type": "Feature", "properties": { "grid_id": "r068_c076", "district_name": "浦东新区", "green_fraction": 0.032272527656753598, "water_fraction": 0.0023283905781156002, "building_fraction": 0.025464136551035001, "road_km_per_km2": 14.956909810691061, "utci_c": 38.48, "p_base": 0.7855, "p_enhanced": 0.8246, "delta_p": 0.0391, "rel_mitigation_pct": -4.98, "risk_level": "extreme", "quadrant": "Q1_双高极危区" }, "geometry": { "type": "Polygon", "coordinates": [ [ [ 121.61, 31.21 ], [ 121.61, 31.22 ], [ 121.62, 31.22 ], [ 121.62, 31.21 ], [ 121.61, 31.21 ] ] ] } },
{ "type": "Feature", "properties": { "grid_id": "r068_c077", "district_name": "浦东新区", "green_fraction": 0.037671540749220501, "water_fraction": 0.0, "building_fraction": 0.026670192109304401, "road_km_per_km2": 16.380936109074501, "utci_c": 38.48, "p_base": 0.7855, "p_enhanced": 0.8256, "delta_p": 0.0401, "rel_mitigation_pct": -5.1, "risk_level": "extreme", "quadrant": "Q1_双高极危区" }, "geometry": { "type": "Polygon", "coordinates": [ [ [ 121.62, 31.21 ], [ 121.62, 31.22 ], [ 121.63, 31.22 ], [ 121.63, 31.21 ], [ 121.62, 31.21 ] ] ] } },
{ "type": "Feature", "properties": { "grid_id": "r068_c080", "district_name": "浦东新区", "green_fraction": 0.0031564267217738, "water_fraction": 0.019599527389912899, "building_fraction": 0.0284790870190029, "road_km_per_km2": 9.0827590604635695, "utci_c": 38.48, "p_base": 0.7856, "p_enhanced": 0.8172, "delta_p": 0.0315, "rel_mitigation_pct": -4.01, "risk_level": "extreme", "quadrant": "Q2_生态缓冲区" }, "geometry": { "type": "Polygon", "coordinates": [ [ [ 121.65, 31.21 ], [ 121.65, 31.22 ], [ 121.66, 31.22 ], [ 121.66, 31.21 ], [ 121.65, 31.21 ] ] ] } },
{ "type": "Feature", "properties": { "grid_id": "r068_c084", "district_name": "浦东新区", "green_fraction": 0.0, "water_fraction": 0.0, "building_fraction": 0.0, "road_km_per_km2": 8.9749814534956105, "utci_c": 38.5, "p_base": 0.7864, "p_enhanced": 0.8251, "delta_p": 0.0387, "rel_mitigation_pct": -4.92, "risk_level": "extreme", "quadrant": "Q1_双高极危区" }, "geometry": { "type": "Polygon", "coordinates": [ [ [ 121.69, 31.21 ], [ 121.69, 31.22 ], [ 121.7, 31.22 ], [ 121.7, 31.21 ], [ 121.69, 31.21 ] ] ] } },
{ "type": "Feature", "properties": { "grid_id": "r069_c042", "district_name": "闵行区", "green_fraction": 0.0, "water_fraction": 0.0, "building_fraction": 0.0556017956007481, "road_km_per_km2": 13.613700584155207, "utci_c": 38.58, "p_base": 0.79, "p_enhanced": 0.8234, "delta_p": 0.0334, "rel_mitigation_pct": -4.23, "risk_level": "extreme", "quadrant": "Q1_双高极危区" }, "geometry": { "type": "Polygon", "coordinates": [ [ [ 121.27, 31.2 ], [ 121.27, 31.21 ], [ 121.28, 31.21 ], [ 121.28, 31.2 ], [ 121.27, 31.2 ] ] ] } },
{ "type": "Feature", "properties": { "grid_id": "r069_c051", "district_name": "长宁区", "green_fraction": 0.048914970339928802, "water_fraction": 0.00090255457357130001, "building_fraction": 0.0148974409405892, "road_km_per_km2": 9.3998400187086162, "utci_c": 38.44, "p_base": 0.7838, "p_enhanced": 0.826, "delta_p": 0.0422, "rel_mitigation_pct": -5.38, "risk_level": "extreme", "quadrant": "Q1_双高极危区" }, "geometry": { "type": "Polygon", "coordinates": [ [ [ 121.36, 31.2 ], [ 121.36, 31.21 ], [ 121.37, 31.21 ], [ 121.37, 31.2 ], [ 121.36, 31.2 ] ] ] } },
{ "type": "Feature", "properties": { "grid_id": "r069_c052", "district_name": "长宁区", "green_fraction": 0.41906701182018241, "water_fraction": 0.061882513325501702, "building_fraction": 0.0433807582622735, "road_km_per_km2": 9.9973357980906457, "utci_c": 37.72, "p_base": 0.7508, "p_enhanced": 0.8162, "delta_p": 0.0654, "rel_mitigation_pct": -8.71, "risk_level": "extreme", "quadrant": "Q3_双低安全区" }, "geometry": { "type": "Polygon", "coordinates": [ [ [ 121.37, 31.2 ], [ 121.37, 31.21 ], [ 121.38, 31.21 ], [ 121.38, 31.2 ], [ 121.37, 31.2 ] ] ] } },
{ "type": "Feature", "properties": { "grid_id": "r069_c053", "district_name": "长宁区", "green_fraction": 0.0280574170774117, "water_fraction": 0.0028408667526221001, "building_fraction": 0.23534311013378151, "road_km_per_km2": 9.9549998217869575, "utci_c": 38.8, "p_base": 0.7992, "p_enhanced": 0.8178, "delta_p": 0.0186, "rel_mitigation_pct": -2.33, "risk_level": "extreme", "quadrant": "Q1_双高极危区" }, "geometry": { "type": "Polygon", "coordinates": [ [ [ 121.38, 31.2 ], [ 121.38, 31.21 ], [ 121.39, 31.21 ], [ 121.39, 31.2 ], [ 121.38, 31.2 ] ] ] } },
{ "type": "Feature", "properties": { "grid_id": "r069_c054", "district_name": "长宁区", "green_fraction": 0.083499254681039706, "water_fraction": 0.0016360654608142001, "building_fraction": 0.15048509190373041, "road_km_per_km2": 18.781593909319923, "utci_c": 38.59, "p_base": 0.7902, "p_enhanced": 0.8228, "delta_p": 0.0326, "rel_mitigation_pct": -4.13, "risk_level": "extreme", "quadrant": "Q1_双高极危区" }, "geometry": { "type": "Polygon", "coordinates": [ [ [ 121.39, 31.2 ], [ 121.39, 31.21 ], [ 121.4, 31.21 ], [ 121.4, 31.2 ], [ 121.39, 31.2 ] ] ] } },
{ "type": "Feature", "properties": { "grid_id": "r069_c055", "district_name": "长宁区", "green_fraction": 0.136351576098552, "water_fraction": 0.0067069081468335004, "building_fraction": 0.20400614797891131, "road_km_per_km2": 30.493029325757963, "utci_c": 38.57, "p_base": 0.7894, "p_enhanced": 0.8212, "delta_p": 0.0318, "rel_mitigation_pct": -4.03, "risk_level": "extreme", "quadrant": "Q1_双高极危区" }, "geometry": { "type": "Polygon", "coordinates": [ [ [ 121.4, 31.2 ], [ 121.4, 31.21 ], [ 121.41, 31.21 ], [ 121.41, 31.2 ], [ 121.4, 31.2 ] ] ] } },
{ "type": "Feature", "properties": { "grid_id": "r069_c056", "district_name": "长宁区", "green_fraction": 0.015912697537398799, "water_fraction": 0.0, "building_fraction": 0.2408171737197321, "road_km_per_km2": 21.167107106482085, "utci_c": 38.84, "p_base": 0.8007, "p_enhanced": 0.8183, "delta_p": 0.0176, "rel_mitigation_pct": -2.19, "risk_level": "extreme", "quadrant": "Q1_双高极危区" }, "geometry": { "type": "Polygon", "coordinates": [ [ [ 121.41, 31.2 ], [ 121.41, 31.21 ], [ 121.42, 31.21 ], [ 121.42, 31.2 ], [ 121.41, 31.2 ] ] ] } },
{ "type": "Feature", "properties": { "grid_id": "r069_c057", "district_name": "长宁区", "green_fraction": 0.048962357775816201, "water_fraction": 0.0, "building_fraction": 0.24216258987656331, "road_km_per_km2": 23.692824929909481, "utci_c": 38.78, "p_base": 0.7986, "p_enhanced": 0.8194, "delta_p": 0.0208, "rel_mitigation_pct": -2.61, "risk_level": "extreme", "quadrant": "Q1_双高极危区" }, "geometry": { "type": "Polygon", "coordinates": [ [ [ 121.42, 31.2 ], [ 121.42, 31.21 ], [ 121.43, 31.21 ], [ 121.43, 31.2 ], [ 121.42, 31.2 ] ] ] } },
{ "type": "Feature", "properties": { "grid_id": "r069_c058", "district_name": "徐汇区", "green_fraction": 0.041676825116836402, "water_fraction": 0.0, "building_fraction": 0.19211427474658371, "road_km_per_km2": 14.873747428197838, "utci_c": 38.72, "p_base": 0.7959, "p_enhanced": 0.8207, "delta_p": 0.0248, "rel_mitigation_pct": -3.11, "risk_level": "extreme", "quadrant": "Q1_双高极危区" }, "geometry": { "type": "Polygon", "coordinates": [ [ [ 121.43, 31.2 ], [ 121.43, 31.21 ], [ 121.44, 31.21 ], [ 121.44, 31.2 ], [ 121.43, 31.2 ] ] ] } },
{ "type": "Feature", "properties": { "grid_id": "r069_c059", "district_name": "徐汇区", "green_fraction": 0.035957959830489598, "water_fraction": 0.0, "building_fraction": 0.202423540920321, "road_km_per_km2": 13.815134844861896, "utci_c": 38.75, "p_base": 0.7969, "p_enhanced": 0.8202, "delta_p": 0.0232, "rel_mitigation_pct": -2.91, "risk_level": "extreme", "quadrant": "Q1_双高极危区" }, "geometry": { "type": "Polygon", "coordinates": [ [ [ 121.44, 31.2 ], [ 121.44, 31.21 ], [ 121.45, 31.21 ], [ 121.45, 31.2 ], [ 121.44, 31.2 ] ] ] } },
{ "type": "Feature", "properties": { "grid_id": "r069_c060", "district_name": "徐汇区", "green_fraction": 0.020009197179599501, "water_fraction": 0.0, "building_fraction": 0.22629346978906831, "road_km_per_km2": 14.879372870653841, "utci_c": 38.81, "p_base": 0.7995, "p_enhanced": 0.8189, "delta_p": 0.0193, "rel_mitigation_pct": -2.42, "risk_level": "extreme", "quadrant": "Q1_双高极危区" }, "geometry": { "type": "Polygon", "coordinates": [ [ [ 121.45, 31.2 ], [ 121.45, 31.21 ], [ 121.46, 31.21 ], [ 121.46, 31.2 ], [ 121.45, 31.2 ] ] ] } },
{ "type": "Feature", "properties": { "grid_id": "r069_c061", "district_name": "黄浦区", "green_fraction": 0.0128213349923563, "water_fraction": 0.0, "building_fraction": 0.20869234090100861, "road_km_per_km2": 18.124391819680813, "utci_c": 38.79, "p_base": 0.7989, "p_enhanced": 0.8191, "delta_p": 0.0202, "rel_mitigation_pct": -2.53, "risk_level": "extreme", "quadrant": "Q1_双高极危区" }, "geometry": { "type": "Polygon", "coordinates": [ [ [ 121.46, 31.2 ], [ 121.46, 31.21 ], [ 121.47, 31.21 ], [ 121.47, 31.2 ], [ 121.46, 31.2 ] ] ] } },
{ "type": "Feature", "properties": { "grid_id": "r069_c062", "district_name": "黄浦区", "green_fraction": 0.022466569151404599, "water_fraction": 0.0, "building_fraction": 0.28843333909593771, "road_km_per_km2": 17.98475748308455, "utci_c": 38.9, "p_base": 0.8032, "p_enhanced": 0.817, "delta_p": 0.0138, "rel_mitigation_pct": -1.72, "risk_level": "extreme", "quadrant": "Q2_生态缓冲区" }, "geometry": { "type": "Polygon", "coordinates": [ [ [ 121.47, 31.2 ], [ 121.47, 31.21 ], [ 121.48, 31.21 ], [ 121.48, 31.2 ], [ 121.47, 31.2 ] ] ] } },
{ "type": "Feature", "properties": { "grid_id": "r069_c063", "district_name": "黄浦区", "green_fraction": 0.042271472801250903, "water_fraction": 0.000203363689019, "building_fraction": 0.19758486646232079, "road_km_per_km2": 20.625516861300014, "utci_c": 38.73, "p_base": 0.7962, "p_enhanced": 0.8205, "delta_p": 0.0243, "rel_mitigation_pct": -3.05, "risk_level": "extreme", "quadrant": "Q1_双高极危区" }, "geometry": { "type": "Polygon", "coordinates": [ [ [ 121.48, 31.2 ], [ 121.48, 31.21 ], [ 121.49, 31.21 ], [ 121.49, 31.2 ], [ 121.48, 31.2 ] ] ] } },
{ "type": "Feature", "properties": { "grid_id": "r069_c064", "district_name": "黄浦区", "green_fraction": 0.076380243747909804, "water_fraction": 0.28003323189697571, "building_fraction": 0.12775589473344051, "road_km_per_km2": 21.421615467364376, "utci_c": 37.79, "p_base": 0.7538, "p_enhanced": 0.6999, "delta_p": -0.054, "rel_mitigation_pct": 7.16, "risk_level": "high", "quadrant": "Q3_双低安全区" }, "geometry": { "type": "Polygon", "coordinates": [ [ [ 121.49, 31.2 ], [ 121.49, 31.21 ], [ 121.5, 31.21 ], [ 121.5, 31.2 ], [ 121.49, 31.2 ] ] ] } },
{ "type": "Feature", "properties": { "grid_id": "r069_c065", "district_name": "浦东新区", "green_fraction": 0.071668377341972594, "water_fraction": 0.1638787625269518, "building_fraction": 0.034874049330906598, "road_km_per_km2": 22.731321149189142, "utci_c": 37.98, "p_base": 0.7629, "p_enhanced": 0.7602, "delta_p": -0.0027, "rel_mitigation_pct": 0.36, "risk_level": "extreme", "quadrant": "Q3_双低安全区" }, "geometry": { "type": "Polygon", "coordinates": [ [ [ 121.5, 31.2 ], [ 121.5, 31.21 ], [ 121.51, 31.21 ], [ 121.51, 31.2 ], [ 121.5, 31.2 ] ] ] } },
{ "type": "Feature", "properties": { "grid_id": "r069_c066", "district_name": "浦东新区", "green_fraction": 0.029783697561206201, "water_fraction": 0.0, "building_fraction": 0.11156763883509591, "road_km_per_km2": 18.063118813360688, "utci_c": 38.62, "p_base": 0.7916, "p_enhanced": 0.8227, "delta_p": 0.0312, "rel_mitigation_pct": -3.94, "risk_level": "extreme", "quadrant": "Q1_双高极危区" }, "geometry": { "type": "Polygon", "coordinates": [ [ [ 121.51, 31.2 ], [ 121.51, 31.21 ], [ 121.52, 31.21 ], [ 121.52, 31.2 ], [ 121.51, 31.2 ] ] ] } },
{ "type": "Feature", "properties": { "grid_id": "r069_c070", "district_name": "浦东新区", "green_fraction": 0.069940422769939906, "water_fraction": 0.0018031293169906001, "building_fraction": 0.1330078888290567, "road_km_per_km2": 21.265722616021765, "utci_c": 38.58, "p_base": 0.79, "p_enhanced": 0.8228, "delta_p": 0.0329, "rel_mitigation_pct": -4.16, "risk_level": "extreme", "quadrant": "Q1_双高极危区" }, "geometry": { "type": "Polygon", "coordinates": [ [ [ 121.55, 31.2 ], [ 121.55, 31.21 ], [ 121.56, 31.21 ], [ 121.56, 31.2 ], [ 121.55, 31.2 ] ] ] } },
{ "type": "Feature", "properties": { "grid_id": "r069_c073", "district_name": "浦东新区", "green_fraction": 0.073603528234189294, "water_fraction": 0.0, "building_fraction": 0.091762060255546896, "road_km_per_km2": 9.8299628665652445, "utci_c": 38.52, "p_base": 0.7872, "p_enhanced": 0.8249, "delta_p": 0.0376, "rel_mitigation_pct": -4.78, "risk_level": "extreme", "quadrant": "Q1_双高极危区" }, "geometry": { "type": "Polygon", "coordinates": [ [ [ 121.58, 31.2 ], [ 121.58, 31.21 ], [ 121.59, 31.21 ], [ 121.59, 31.2 ], [ 121.58, 31.2 ] ] ] } },
{ "type": "Feature", "properties": { "grid_id": "r069_c074", "district_name": "浦东新区", "green_fraction": 0.013069424835947901, "water_fraction": 0.0058268564282156002, "building_fraction": 0.064108851085872998, "road_km_per_km2": 13.50805328205618, "utci_c": 38.56, "p_base": 0.7889, "p_enhanced": 0.8215, "delta_p": 0.0325, "rel_mitigation_pct": -4.12, "risk_level": "extreme", "quadrant": "Q1_双高极危区" }, "geometry": { "type": "Polygon", "coordinates": [ [ [ 121.59, 31.2 ], [ 121.59, 31.21 ], [ 121.6, 31.21 ], [ 121.6, 31.2 ], [ 121.59, 31.2 ] ] ] } },
{ "type": "Feature", "properties": { "grid_id": "r069_c075", "district_name": "浦东新区", "green_fraction": 0.076542345690676902, "water_fraction": 0.029928065839777598, "building_fraction": 0.0023616557004270001, "road_km_per_km2": 11.239670482707572, "utci_c": 38.3, "p_base": 0.7774, "p_enhanced": 0.8168, "delta_p": 0.0394, "rel_mitigation_pct": -5.06, "risk_level": "extreme", "quadrant": "Q3_双低安全区" }, "geometry": { "type": "Polygon", "coordinates": [ [ [ 121.6, 31.2 ], [ 121.6, 31.21 ], [ 121.61, 31.21 ], [ 121.61, 31.2 ], [ 121.6, 31.2 ] ] ] } },
{ "type": "Feature", "properties": { "grid_id": "r069_c081", "district_name": "浦东新区", "green_fraction": 0.0015848239529546, "water_fraction": 0.056637390169329102, "building_fraction": 0.0, "road_km_per_km2": 5.5684953421969583, "utci_c": 38.34, "p_base": 0.7793, "p_enhanced": 0.8039, "delta_p": 0.0246, "rel_mitigation_pct": -3.15, "risk_level": "extreme", "quadrant": "Q3_双低安全区" }, "geometry": { "type": "Polygon", "coordinates": [ [ [ 121.66, 31.2 ], [ 121.66, 31.21 ], [ 121.67, 31.21 ], [ 121.67, 31.2 ], [ 121.66, 31.2 ] ] ] } },
{ "type": "Feature", "properties": { "grid_id": "r070_c042", "district_name": "青浦区", "green_fraction": 0.036985504476788, "water_fraction": 0.0, "building_fraction": 0.018967221460331099, "road_km_per_km2": 18.351740846069383, "utci_c": 38.47, "p_base": 0.785, "p_enhanced": 0.8258, "delta_p": 0.0408, "rel_mitigation_pct": -5.19, "risk_level": "extreme", "quadrant": "Q1_双高极危区" }, "geometry": { "type": "Polygon", "coordinates": [ [ [ 121.27, 31.19 ], [ 121.27, 31.2 ], [ 121.28, 31.2 ], [ 121.28, 31.19 ], [ 121.27, 31.19 ] ] ] } },
{ "type": "Feature", "properties": { "grid_id": "r070_c045", "district_name": "闵行区", "green_fraction": 0.1067573690494541, "water_fraction": 0.066299281061561494, "building_fraction": 0.17168176917967401, "road_km_per_km2": 21.465529739318761, "utci_c": 38.4, "p_base": 0.782, "p_enhanced": 0.7983, "delta_p": 0.0163, "rel_mitigation_pct": -2.08, "risk_level": "extreme", "quadrant": "Q3_双低安全区" }, "geometry": { "type": "Polygon", "coordinates": [ [ [ 121.3, 31.19 ], [ 121.3, 31.2 ], [ 121.31, 31.2 ], [ 121.31, 31.19 ], [ 121.3, 31.19 ] ] ] } },
{ "type": "Feature", "properties": { "grid_id": "r070_c046", "district_name": "闵行区", "green_fraction": 0.0105222092396233, "water_fraction": 0.0, "building_fraction": 0.27668196198739958, "road_km_per_km2": 24.930527165675468, "utci_c": 38.9, "p_base": 0.8033, "p_enhanced": 0.817, "delta_p": 0.0137, "rel_mitigation_pct": -1.7, "risk_level": "extreme", "quadrant": "Q2_生态缓冲区" }, "geometry": { "type": "Polygon", "coordinates": [ [ [ 121.31, 31.19 ], [ 121.31, 31.2 ], [ 121.32, 31.2 ], [ 121.32, 31.19 ], [ 121.31, 31.19 ] ] ] } },
{ "type": "Feature", "properties": { "grid_id": "r070_c050", "district_name": "长宁区", "green_fraction": 0.15437384059035911, "water_fraction": 0.0141426592483124, "building_fraction": 0.028462920729805202, "road_km_per_km2": 16.101538462833702, "utci_c": 38.26, "p_base": 0.7756, "p_enhanced": 0.8245, "delta_p": 0.049, "rel_mitigation_pct": -6.31, "risk_level": "extreme", "quadrant": "Q4_脆弱敏感区" }, "geometry": { "type": "Polygon", "coordinates": [ [ [ 121.35, 31.19 ], [ 121.35, 31.2 ], [ 121.36, 31.2 ], [ 121.36, 31.19 ], [ 121.35, 31.19 ] ] ] } },
{ "type": "Feature", "properties": { "grid_id": "r070_c051", "district_name": "长宁区", "green_fraction": 0.019703080613491599, "water_fraction": 0.0132863113674548, "building_fraction": 0.036707437995011298, "road_km_per_km2": 11.25030629573784, "utci_c": 38.49, "p_base": 0.7858, "p_enhanced": 0.8198, "delta_p": 0.034, "rel_mitigation_pct": -4.33, "risk_level": "extreme", "quadrant": "Q1_双高极危区" }, "geometry": { "type": "Polygon", "coordinates": [ [ [ 121.36, 31.19 ], [ 121.36, 31.2 ], [ 121.37, 31.2 ], [ 121.37, 31.19 ], [ 121.36, 31.19 ] ] ] } },
{ "type": "Feature", "properties": { "grid_id": "r070_c052", "district_name": "长宁区", "green_fraction": 0.0089504332612318997, "water_fraction": 0.0, "building_fraction": 0.024039774328011399, "road_km_per_km2": 12.871046754802729, "utci_c": 38.52, "p_base": 0.7873, "p_enhanced": 0.8247, "delta_p": 0.0373, "rel_mitigation_pct": -4.74, "risk_level": "extreme", "quadrant": "Q1_双高极危区" }, "geometry": { "type": "Polygon", "coordinates": [ [ [ 121.37, 31.19 ], [ 121.37, 31.2 ], [ 121.38, 31.2 ], [ 121.38, 31.19 ], [ 121.37, 31.19 ] ] ] } },
{ "type": "Feature", "properties": { "grid_id": "r070_c053", "district_name": "长宁区", "green_fraction": 0.0053622906197119003, "water_fraction": 0.0013710466623665001, "building_fraction": 0.060561753040725801, "road_km_per_km2": 19.20847288144472, "utci_c": 38.58, "p_base": 0.7898, "p_enhanced": 0.8229, "delta_p": 0.0332, "rel_mitigation_pct": -4.2, "risk_level": "extreme", "quadrant": "Q1_双高极危区" }, "geometry": { "type": "Polygon", "coordinates": [ [ [ 121.38, 31.19 ], [ 121.38, 31.2 ], [ 121.39, 31.2 ], [ 121.39, 31.19 ], [ 121.38, 31.19 ] ] ] } },
{ "type": "Feature", "properties": { "grid_id": "r070_c055", "district_name": "长宁区", "green_fraction": 0.037620131723512397, "water_fraction": 0.0, "building_fraction": 0.1584765879966657, "road_km_per_km2": 8.9080520563610524, "utci_c": 38.68, "p_base": 0.794, "p_enhanced": 0.8216, "delta_p": 0.0275, "rel_mitigation_pct": -3.47, "risk_level": "extreme", "quadrant": "Q1_双高极危区" }, "geometry": { "type": "Polygon", "coordinates": [ [ [ 121.4, 31.19 ], [ 121.4, 31.2 ], [ 121.41, 31.2 ], [ 121.41, 31.19 ], [ 121.4, 31.19 ] ] ] } },
{ "type": "Feature", "properties": { "grid_id": "r070_c057", "district_name": "徐汇区", "green_fraction": 0.056199095543758501, "water_fraction": 0.00033718077063299998, "building_fraction": 0.17178445403845399, "road_km_per_km2": 23.216449320021407, "utci_c": 38.67, "p_base": 0.7936, "p_enhanced": 0.8217, "delta_p": 0.0281, "rel_mitigation_pct": -3.54, "risk_level": "extreme", "quadrant": "Q1_双高极危区" }, "geometry": { "type": "Polygon", "coordinates": [ [ [ 121.42, 31.19 ], [ 121.42, 31.2 ], [ 121.43, 31.2 ], [ 121.43, 31.19 ], [ 121.42, 31.19 ] ] ] } },
{ "type": "Feature", "properties": { "grid_id": "r070_c058", "district_name": "徐汇区", "green_fraction": 0.081851213242764606, "water_fraction": 0.0039615444228554, "building_fraction": 0.19384476942830861, "road_km_per_km2": 19.476561252630567, "utci_c": 38.65, "p_base": 0.7928, "p_enhanced": 0.8206, "delta_p": 0.0278, "rel_mitigation_pct": -3.5, "risk_level": "extreme", "quadrant": "Q1_双高极危区" }, "geometry": { "type": "Polygon", "coordinates": [ [ [ 121.43, 31.19 ], [ 121.43, 31.2 ], [ 121.44, 31.2 ], [ 121.44, 31.19 ], [ 121.43, 31.19 ] ] ] } },
{ "type": "Feature", "properties": { "grid_id": "r070_c059", "district_name": "徐汇区", "green_fraction": 0.023403987167378699, "water_fraction": 0.000324996443512, "building_fraction": 0.12735833890939161, "road_km_per_km2": 8.6757203469286903, "utci_c": 38.65, "p_base": 0.793, "p_enhanced": 0.8219, "delta_p": 0.0289, "rel_mitigation_pct": -3.65, "risk_level": "extreme", "quadrant": "Q1_双高极危区" }, "geometry": { "type": "Polygon", "coordinates": [ [ [ 121.44, 31.19 ], [ 121.44, 31.2 ], [ 121.45, 31.2 ], [ 121.45, 31.19 ], [ 121.44, 31.19 ] ] ] } },
{ "type": "Feature", "properties": { "grid_id": "r070_c060", "district_name": "徐汇区", "green_fraction": 0.020834146971894198, "water_fraction": 0.0, "building_fraction": 0.2235815965464194, "road_km_per_km2": 14.704416888812499, "utci_c": 38.8, "p_base": 0.7993, "p_enhanced": 0.819, "delta_p": 0.0197, "rel_mitigation_pct": -2.46, "risk_level": "extreme", "quadrant": "Q1_双高极危区" }, "geometry": { "type": "Polygon", "coordinates": [ [ [ 121.45, 31.19 ], [ 121.45, 31.2 ], [ 121.46, 31.2 ], [ 121.46, 31.19 ], [ 121.45, 31.19 ] ] ] } },
{ "type": "Feature", "properties": { "grid_id": "r070_c061", "district_name": "徐汇区", "green_fraction": 0.052784286855371697, "water_fraction": 0.037477289341693497, "building_fraction": 0.1197083772378937, "road_km_per_km2": 22.135692919980418, "utci_c": 38.49, "p_base": 0.7859, "p_enhanced": 0.8093, "delta_p": 0.0233, "rel_mitigation_pct": -2.97, "risk_level": "extreme", "quadrant": "Q2_生态缓冲区" }, "geometry": { "type": "Polygon", "coordinates": [ [ [ 121.46, 31.19 ], [ 121.46, 31.2 ], [ 121.47, 31.2 ], [ 121.47, 31.19 ], [ 121.46, 31.19 ] ] ] } },
{ "type": "Feature", "properties": { "grid_id": "r070_c062", "district_name": "黄浦区", "green_fraction": 0.064348165341716501, "water_fraction": 0.31448026936590839, "building_fraction": 0.065782655587013197, "road_km_per_km2": 17.969139888831002, "utci_c": 37.62, "p_base": 0.7457, "p_enhanced": 0.6839, "delta_p": -0.0618, "rel_mitigation_pct": 8.29, "risk_level": "high", "quadrant": "Q3_双低安全区" }, "geometry": { "type": "Polygon", "coordinates": [ [ [ 121.47, 31.19 ], [ 121.47, 31.2 ], [ 121.48, 31.2 ], [ 121.48, 31.19 ], [ 121.47, 31.19 ] ] ] } },
{ "type": "Feature", "properties": { "grid_id": "r070_c063", "district_name": "黄浦区", "green_fraction": 0.066717379300549398, "water_fraction": 0.43603377677598121, "building_fraction": 0.069919846060185406, "road_km_per_km2": 11.045749267201984, "utci_c": 37.28, "p_base": 0.7291, "p_enhanced": 0.6156, "delta_p": -0.1135, "rel_mitigation_pct": 15.57, "risk_level": "high", "quadrant": "Q3_双低安全区" }, "geometry": { "type": "Polygon", "coordinates": [ [ [ 121.48, 31.19 ], [ 121.48, 31.2 ], [ 121.49, 31.2 ], [ 121.49, 31.19 ], [ 121.48, 31.19 ] ] ] } },
{ "type": "Feature", "properties": { "grid_id": "r070_c064", "district_name": "浦东新区", "green_fraction": 0.097977817299353703, "water_fraction": 0.34563473930134531, "building_fraction": 0.047515479082119901, "road_km_per_km2": 11.602865296797823, "utci_c": 37.45, "p_base": 0.7375, "p_enhanced": 0.6698, "delta_p": -0.0677, "rel_mitigation_pct": 9.18, "risk_level": "high", "quadrant": "Q3_双低安全区" }, "geometry": { "type": "Polygon", "coordinates": [ [ [ 121.49, 31.19 ], [ 121.49, 31.2 ], [ 121.5, 31.2 ], [ 121.5, 31.19 ], [ 121.49, 31.19 ] ] ] } },
{ "type": "Feature", "properties": { "grid_id": "r070_c066", "district_name": "浦东新区", "green_fraction": 0.0, "water_fraction": 0.053138762148337099, "building_fraction": 0.080194767509243203, "road_km_per_km2": 9.7448943336015486, "utci_c": 38.47, "p_base": 0.7851, "p_enhanced": 0.8025, "delta_p": 0.0174, "rel_mitigation_pct": -2.21, "risk_level": "extreme", "quadrant": "Q2_生态缓冲区" }, "geometry": { "type": "Polygon", "coordinates": [ [ [ 121.51, 31.19 ], [ 121.51, 31.2 ], [ 121.52, 31.2 ], [ 121.52, 31.19 ], [ 121.51, 31.19 ] ] ] } },
{ "type": "Feature", "properties": { "grid_id": "r070_c068", "district_name": "浦东新区", "green_fraction": 0.22705781758656771, "water_fraction": 0.056772146904580101, "building_fraction": 0.099010350640357001, "road_km_per_km2": 24.216860123410012, "utci_c": 38.13, "p_base": 0.7697, "p_enhanced": 0.8091, "delta_p": 0.0394, "rel_mitigation_pct": -5.12, "risk_level": "extreme", "quadrant": "Q3_双低安全区" }, "geometry": { "type": "Polygon", "coordinates": [ [ [ 121.53, 31.19 ], [ 121.53, 31.2 ], [ 121.54, 31.2 ], [ 121.54, 31.19 ], [ 121.53, 31.19 ] ] ] } },
{ "type": "Feature", "properties": { "grid_id": "r070_c084", "district_name": "浦东新区", "green_fraction": 0.056008303691483602, "water_fraction": 0.0035520732323274001, "building_fraction": 0.095132829196746593, "road_km_per_km2": 12.765553392222216, "utci_c": 38.54, "p_base": 0.7883, "p_enhanced": 0.8229, "delta_p": 0.0346, "rel_mitigation_pct": -4.39, "risk_level": "extreme", "quadrant": "Q1_双高极危区" }, "geometry": { "type": "Polygon", "coordinates": [ [ [ 121.69, 31.19 ], [ 121.69, 31.2 ], [ 121.7, 31.2 ], [ 121.7, 31.19 ], [ 121.69, 31.19 ] ] ] } },
{ "type": "Feature", "properties": { "grid_id": "r070_c085", "district_name": "浦东新区", "green_fraction": 0.0014130913687060999, "water_fraction": 0.0, "building_fraction": 0.0048753931212315001, "road_km_per_km2": 11.13207297173652, "utci_c": 38.51, "p_base": 0.7866, "p_enhanced": 0.825, "delta_p": 0.0384, "rel_mitigation_pct": -4.88, "risk_level": "extreme", "quadrant": "Q1_双高极危区" }, "geometry": { "type": "Polygon", "coordinates": [ [ [ 121.7, 31.19 ], [ 121.7, 31.2 ], [ 121.71, 31.2 ], [ 121.71, 31.19 ], [ 121.7, 31.19 ] ] ] } },
{ "type": "Feature", "properties": { "grid_id": "r071_c042", "district_name": "青浦区", "green_fraction": 0.1119060139368204, "water_fraction": 0.0, "building_fraction": 0.0167666589731683, "road_km_per_km2": 15.849212887670989, "utci_c": 38.35, "p_base": 0.7796, "p_enhanced": 0.8285, "delta_p": 0.0489, "rel_mitigation_pct": -6.27, "risk_level": "extreme", "quadrant": "Q4_脆弱敏感区" }, "geometry": { "type": "Polygon", "coordinates": [ [ [ 121.27, 31.18 ], [ 121.27, 31.19 ], [ 121.28, 31.19 ], [ 121.28, 31.18 ], [ 121.27, 31.18 ] ] ] } },
{ "type": "Feature", "properties": { "grid_id": "r071_c051", "district_name": "闵行区", "green_fraction": 0.00099346814211659991, "water_fraction": 0.0, "building_fraction": 0.063392514534219596, "road_km_per_km2": 13.458024746063051, "utci_c": 38.59, "p_base": 0.7904, "p_enhanced": 0.8232, "delta_p": 0.0328, "rel_mitigation_pct": -4.14, "risk_level": "extreme", "quadrant": "Q1_双高极危区" }, "geometry": { "type": "Polygon", "coordinates": [ [ [ 121.36, 31.18 ], [ 121.36, 31.19 ], [ 121.37, 31.19 ], [ 121.37, 31.18 ], [ 121.36, 31.18 ] ] ] } },
{ "type": "Feature", "properties": { "grid_id": "r071_c053", "district_name": "闵行区", "green_fraction": 0.0, "water_fraction": 0.011487004795821499, "building_fraction": 0.022797835991085799, "road_km_per_km2": 8.8018445383795143, "utci_c": 38.5, "p_base": 0.7865, "p_enhanced": 0.8202, "delta_p": 0.0338, "rel_mitigation_pct": -4.29, "risk_level": "extreme", "quadrant": "Q1_双高极危区" }, "geometry": { "type": "Polygon", "coordinates": [ [ [ 121.38, 31.18 ], [ 121.38, 31.19 ], [ 121.39, 31.19 ], [ 121.39, 31.18 ], [ 121.38, 31.18 ] ] ] } },
{ "type": "Feature", "properties": { "grid_id": "r071_c057", "district_name": "徐汇区", "green_fraction": 0.01578160830056, "water_fraction": 0.0, "building_fraction": 0.22666723115364729, "road_km_per_km2": 16.753218995737299, "utci_c": 38.81, "p_base": 0.7998, "p_enhanced": 0.8187, "delta_p": 0.0189, "rel_mitigation_pct": -2.36, "risk_level": "extreme", "quadrant": "Q1_双高极危区" }, "geometry": { "type": "Polygon", "coordinates": [ [ [ 121.42, 31.18 ], [ 121.42, 31.19 ], [ 121.43, 31.19 ], [ 121.43, 31.18 ], [ 121.42, 31.18 ] ] ] } },
{ "type": "Feature", "properties": { "grid_id": "r071_c058", "district_name": "徐汇区", "green_fraction": 0.046861739390467901, "water_fraction": 0.0, "building_fraction": 0.1392738407302585, "road_km_per_km2": 22.531301134994656, "utci_c": 38.63, "p_base": 0.7922, "p_enhanced": 0.8225, "delta_p": 0.0303, "rel_mitigation_pct": -3.83, "risk_level": "extreme", "quadrant": "Q1_双高极危区" }, "geometry": { "type": "Polygon", "coordinates": [ [ [ 121.43, 31.18 ], [ 121.43, 31.19 ], [ 121.44, 31.19 ], [ 121.44, 31.18 ], [ 121.43, 31.18 ] ] ] } },
{ "type": "Feature", "properties": { "grid_id": "r071_c059", "district_name": "徐汇区", "green_fraction": 0.027823153429442599, "water_fraction": 0.0, "building_fraction": 0.15051044630301841, "road_km_per_km2": 17.936976880604746, "utci_c": 38.68, "p_base": 0.7942, "p_enhanced": 0.8215, "delta_p": 0.0273, "rel_mitigation_pct": -3.43, "risk_level": "extreme", "quadrant": "Q1_双高极危区" }, "geometry": { "type": "Polygon", "coordinates": [ [ [ 121.44, 31.18 ], [ 121.44, 31.19 ], [ 121.45, 31.19 ], [ 121.45, 31.18 ], [ 121.44, 31.18 ] ] ] } },
{ "type": "Feature", "properties": { "grid_id": "r071_c060", "district_name": "徐汇区", "green_fraction": 0.058248664300215802, "water_fraction": 0.037878142870850402, "building_fraction": 0.14260381752172449, "road_km_per_km2": 18.551139535497619, "utci_c": 38.51, "p_base": 0.787, "p_enhanced": 0.8086, "delta_p": 0.0216, "rel_mitigation_pct": -2.74, "risk_level": "extreme", "quadrant": "Q2_生态缓冲区" }, "geometry": { "type": "Polygon", "coordinates": [ [ [ 121.45, 31.18 ], [ 121.45, 31.19 ], [ 121.46, 31.19 ], [ 121.46, 31.18 ], [ 121.45, 31.18 ] ] ] } },
{ "type": "Feature", "properties": { "grid_id": "r071_c061", "district_name": "浦东新区", "green_fraction": 0.36371381362042499, "water_fraction": 0.49755763682649717, "building_fraction": 0.048630135856082599, "road_km_per_km2": 16.907450683192565, "utci_c": 36.6, "p_base": 0.6943, "p_enhanced": 0.5988, "delta_p": -0.0955, "rel_mitigation_pct": 13.76, "risk_level": "high", "quadrant": "Q3_双低安全区" }, "geometry": { "type": "Polygon", "coordinates": [ [ [ 121.46, 31.18 ], [ 121.46, 31.19 ], [ 121.47, 31.19 ], [ 121.47, 31.18 ], [ 121.46, 31.18 ] ] ] } },
{ "type": "Feature", "properties": { "grid_id": "r071_c062", "district_name": "浦东新区", "green_fraction": 0.74332794742061514, "water_fraction": 0.2394684498668965, "building_fraction": 0.038051079224824202, "road_km_per_km2": 26.953993159662691, "utci_c": 36.7, "p_base": 0.6995, "p_enhanced": 0.7569, "delta_p": 0.0574, "rel_mitigation_pct": -8.21, "risk_level": "extreme", "quadrant": "Q3_双低安全区" }, "geometry": { "type": "Polygon", "coordinates": [ [ [ 121.47, 31.18 ], [ 121.47, 31.19 ], [ 121.48, 31.19 ], [ 121.48, 31.18 ], [ 121.47, 31.18 ] ] ] } },
{ "type": "Feature", "properties": { "grid_id": "r071_c063", "district_name": "浦东新区", "green_fraction": 0.091709458896123003, "water_fraction": 0.0028301823952058, "building_fraction": 0.24371773196448729, "road_km_per_km2": 14.940694953577312, "utci_c": 38.71, "p_base": 0.7955, "p_enhanced": 0.8198, "delta_p": 0.0244, "rel_mitigation_pct": -3.06, "risk_level": "extreme", "quadrant": "Q1_双高极危区" }, "geometry": { "type": "Polygon", "coordinates": [ [ [ 121.48, 31.18 ], [ 121.48, 31.19 ], [ 121.49, 31.19 ], [ 121.49, 31.18 ], [ 121.48, 31.18 ] ] ] } },
{ "type": "Feature", "properties": { "grid_id": "r071_c064", "district_name": "浦东新区", "green_fraction": 0.033446773814082502, "water_fraction": 0.012577106038752599, "building_fraction": 0.1694094762749869, "road_km_per_km2": 17.118845626897031, "utci_c": 38.67, "p_base": 0.7935, "p_enhanced": 0.8164, "delta_p": 0.0229, "rel_mitigation_pct": -2.89, "risk_level": "extreme", "quadrant": "Q2_生态缓冲区" }, "geometry": { "type": "Polygon", "coordinates": [ [ [ 121.49, 31.18 ], [ 121.49, 31.19 ], [ 121.5, 31.19 ], [ 121.5, 31.18 ], [ 121.49, 31.18 ] ] ] } },
{ "type": "Feature", "properties": { "grid_id": "r071_c069", "district_name": "浦东新区", "green_fraction": 0.0177480331935846, "water_fraction": 0.043580467470588302, "building_fraction": 0.13809008330912251, "road_km_per_km2": 8.6647815390011456, "utci_c": 38.56, "p_base": 0.7888, "p_enhanced": 0.805, "delta_p": 0.0162, "rel_mitigation_pct": -2.05, "risk_level": "extreme", "quadrant": "Q2_生态缓冲区" }, "geometry": { "type": "Polygon", "coordinates": [ [ [ 121.54, 31.18 ], [ 121.54, 31.19 ], [ 121.55, 31.19 ], [ 121.55, 31.18 ], [ 121.54, 31.18 ] ] ] } },
{ "type": "Feature", "properties": { "grid_id": "r071_c074", "district_name": "浦东新区", "green_fraction": 0.065308585832947796, "water_fraction": 0.047271428611956302, "building_fraction": 0.14473085535279709, "road_km_per_km2": 18.4489939861678, "utci_c": 38.48, "p_base": 0.7855, "p_enhanced": 0.8051, "delta_p": 0.0196, "rel_mitigation_pct": -2.5, "risk_level": "extreme", "quadrant": "Q2_生态缓冲区" }, "geometry": { "type": "Polygon", "coordinates": [ [ [ 121.59, 31.18 ], [ 121.59, 31.19 ], [ 121.6, 31.19 ], [ 121.6, 31.18 ], [ 121.59, 31.18 ] ] ] } },
{ "type": "Feature", "properties": { "grid_id": "r071_c077", "district_name": "浦东新区", "green_fraction": 0.037346880565636703, "water_fraction": 0.0083058316166530997, "building_fraction": 0.0109303607284135, "road_km_per_km2": 12.278553601846911, "utci_c": 38.43, "p_base": 0.7835, "p_enhanced": 0.8231, "delta_p": 0.0396, "rel_mitigation_pct": -5.06, "risk_level": "extreme", "quadrant": "Q4_脆弱敏感区" }, "geometry": { "type": "Polygon", "coordinates": [ [ [ 121.62, 31.18 ], [ 121.62, 31.19 ], [ 121.63, 31.19 ], [ 121.63, 31.18 ], [ 121.62, 31.18 ] ] ] } },
{ "type": "Feature", "properties": { "grid_id": "r072_c039", "district_name": "青浦区", "green_fraction": 0.0210823226609969, "water_fraction": 0.0, "building_fraction": 0.045258574980151497, "road_km_per_km2": 9.3314282809676516, "utci_c": 38.53, "p_base": 0.7879, "p_enhanced": 0.8244, "delta_p": 0.0366, "rel_mitigation_pct": -4.64, "risk_level": "extreme", "quadrant": "Q1_双高极危区" }, "geometry": { "type": "Polygon", "coordinates": [ [ [ 121.24, 31.17 ], [ 121.24, 31.18 ], [ 121.25, 31.18 ], [ 121.25, 31.17 ], [ 121.24, 31.17 ] ] ] } },
{ "type": "Feature", "properties": { "grid_id": "r072_c043", "district_name": "青浦区", "green_fraction": 0.0, "water_fraction": 0.0063881245397508996, "building_fraction": 0.0086004933851338995, "road_km_per_km2": 8.913752948155377, "utci_c": 38.5, "p_base": 0.7862, "p_enhanced": 0.8225, "delta_p": 0.0364, "rel_mitigation_pct": -4.62, "risk_level": "extreme", "quadrant": "Q1_双高极危区" }, "geometry": { "type": "Polygon", "coordinates": [ [ [ 121.28, 31.17 ], [ 121.28, 31.18 ], [ 121.29, 31.18 ], [ 121.29, 31.17 ], [ 121.28, 31.17 ] ] ] } },
{ "type": "Feature", "properties": { "grid_id": "r072_c050", "district_name": "闵行区", "green_fraction": 0.13629807598631369, "water_fraction": 0.0, "building_fraction": 0.0062971227573153004, "road_km_per_km2": 10.022532238383032, "utci_c": 38.29, "p_base": 0.7772, "p_enhanced": 0.8296, "delta_p": 0.0525, "rel_mitigation_pct": -6.75, "risk_level": "extreme", "quadrant": "Q4_脆弱敏感区" }, "geometry": { "type": "Polygon", "coordinates": [ [ [ 121.35, 31.17 ], [ 121.35, 31.18 ], [ 121.36, 31.18 ], [ 121.36, 31.17 ], [ 121.35, 31.17 ] ] ] } },
{ "type": "Feature", "properties": { "grid_id": "r072_c051", "district_name": "闵行区", "green_fraction": 0.028389814782625901, "water_fraction": 0.0, "building_fraction": 0.14693535631110541, "road_km_per_km2": 11.179087675486976, "utci_c": 38.67, "p_base": 0.7939, "p_enhanced": 0.8216, "delta_p": 0.0277, "rel_mitigation_pct": -3.49, "risk_level": "extreme", "quadrant": "Q1_双高极危区" }, "geometry": { "type": "Polygon", "coordinates": [ [ [ 121.36, 31.17 ], [ 121.36, 31.18 ], [ 121.37, 31.18 ], [ 121.37, 31.17 ], [ 121.36, 31.17 ] ] ] } },
{ "type": "Feature", "properties": { "grid_id": "r072_c052", "district_name": "闵行区", "green_fraction": 0.0395919140173151, "water_fraction": 0.0, "building_fraction": 0.062413840253689297, "road_km_per_km2": 8.2966326442602032, "utci_c": 38.53, "p_base": 0.7877, "p_enhanced": 0.8246, "delta_p": 0.0369, "rel_mitigation_pct": -4.68, "risk_level": "extreme", "quadrant": "Q1_双高极危区" }, "geometry": { "type": "Polygon", "coordinates": [ [ [ 121.37, 31.17 ], [ 121.37, 31.18 ], [ 121.38, 31.18 ], [ 121.38, 31.17 ], [ 121.37, 31.17 ] ] ] } },
{ "type": "Feature", "properties": { "grid_id": "r072_c053", "district_name": "闵行区", "green_fraction": 0.018670196766786301, "water_fraction": 0.0, "building_fraction": 0.048533037718489901, "road_km_per_km2": 5.2271342419020943, "utci_c": 38.54, "p_base": 0.7882, "p_enhanced": 0.8243, "delta_p": 0.036, "rel_mitigation_pct": -4.57, "risk_level": "extreme", "quadrant": "Q1_双高极危区" }, "geometry": { "type": "Polygon", "coordinates": [ [ [ 121.38, 31.17 ], [ 121.38, 31.18 ], [ 121.39, 31.18 ], [ 121.39, 31.17 ], [ 121.38, 31.17 ] ] ] } },
{ "type": "Feature", "properties": { "grid_id": "r072_c056", "district_name": "徐汇区", "green_fraction": 0.013638002250642, "water_fraction": 0.00071660103508589998, "building_fraction": 0.24768839238365919, "road_km_per_km2": 8.4788984567093344, "utci_c": 38.85, "p_base": 0.8012, "p_enhanced": 0.8177, "delta_p": 0.0165, "rel_mitigation_pct": -2.06, "risk_level": "extreme", "quadrant": "Q1_双高极危区" }, "geometry": { "type": "Polygon", "coordinates": [ [ [ 121.41, 31.17 ], [ 121.41, 31.18 ], [ 121.42, 31.18 ], [ 121.42, 31.17 ], [ 121.41, 31.17 ] ] ] } },
{ "type": "Feature", "properties": { "grid_id": "r072_c057", "district_name": "徐汇区", "green_fraction": 0.032260980274319999, "water_fraction": 0.0, "building_fraction": 0.2433403264195543, "road_km_per_km2": 5.9661899220410746, "utci_c": 38.81, "p_base": 0.7998, "p_enhanced": 0.8188, "delta_p": 0.019, "rel_mitigation_pct": -2.37, "risk_level": "extreme", "quadrant": "Q1_双高极危区" }, "geometry": { "type": "Polygon", "coordinates": [ [ [ 121.42, 31.17 ], [ 121.42, 31.18 ], [ 121.43, 31.18 ], [ 121.43, 31.17 ], [ 121.42, 31.17 ] ] ] } },
{ "type": "Feature", "properties": { "grid_id": "r072_c058", "district_name": "徐汇区", "green_fraction": 0.040044040120560002, "water_fraction": 0.0006906251797885, "building_fraction": 0.21529330982723949, "road_km_per_km2": 18.722463986500081, "utci_c": 38.76, "p_base": 0.7974, "p_enhanced": 0.8196, "delta_p": 0.0222, "rel_mitigation_pct": -2.79, "risk_level": "extreme", "quadrant": "Q1_双高极危区" }, "geometry": { "type": "Polygon", "coordinates": [ [ [ 121.43, 31.17 ], [ 121.43, 31.18 ], [ 121.44, 31.18 ], [ 121.44, 31.17 ], [ 121.43, 31.17 ] ] ] } },
{ "type": "Feature", "properties": { "grid_id": "r072_c059", "district_name": "徐汇区", "green_fraction": 0.1606619531920217, "water_fraction": 5.0020784409755397e-05, "building_fraction": 0.1677970639628448, "road_km_per_km2": 15.738614540992549, "utci_c": 38.49, "p_base": 0.7861, "p_enhanced": 0.8256, "delta_p": 0.0394, "rel_mitigation_pct": -5.01, "risk_level": "extreme", "quadrant": "Q1_双高极危区" }, "geometry": { "type": "Polygon", "coordinates": [ [ [ 121.44, 31.17 ], [ 121.44, 31.18 ], [ 121.45, 31.18 ], [ 121.45, 31.17 ], [ 121.44, 31.17 ] ] ] } },
{ "type": "Feature", "properties": { "grid_id": "r072_c060", "district_name": "徐汇区", "green_fraction": 0.0272797239767258, "water_fraction": 0.17186558290560541, "building_fraction": 0.096140851918929293, "road_km_per_km2": 17.805476134288146, "utci_c": 38.12, "p_base": 0.7694, "p_enhanced": 0.7521, "delta_p": -0.0173, "rel_mitigation_pct": 2.25, "risk_level": "extreme", "quadrant": "Q3_双低安全区" }, "geometry": { "type": "Polygon", "coordinates": [ [ [ 121.45, 31.17 ], [ 121.45, 31.18 ], [ 121.46, 31.18 ], [ 121.46, 31.17 ], [ 121.45, 31.17 ] ] ] } },
{ "type": "Feature", "properties": { "grid_id": "r072_c061", "district_name": "浦东新区", "green_fraction": 0.26100496907108622, "water_fraction": 0.39501217627883167, "building_fraction": 0.045809466752341002, "road_km_per_km2": 11.37013825650576, "utci_c": 37.05, "p_base": 0.7174, "p_enhanced": 0.6518, "delta_p": -0.0656, "rel_mitigation_pct": 9.15, "risk_level": "high", "quadrant": "Q3_双低安全区" }, "geometry": { "type": "Polygon", "coordinates": [ [ [ 121.46, 31.17 ], [ 121.46, 31.18 ], [ 121.47, 31.18 ], [ 121.47, 31.17 ], [ 121.46, 31.17 ] ] ] } },
{ "type": "Feature", "properties": { "grid_id": "r072_c062", "district_name": "浦东新区", "green_fraction": 0.239117046187108, "water_fraction": 0.0108754644209602, "building_fraction": 0.12298415830697169, "road_km_per_km2": 20.896397087002349, "utci_c": 38.27, "p_base": 0.7763, "p_enhanced": 0.8258, "delta_p": 0.0495, "rel_mitigation_pct": -6.38, "risk_level": "extreme", "quadrant": "Q4_脆弱敏感区" }, "geometry": { "type": "Polygon", "coordinates": [ [ [ 121.47, 31.17 ], [ 121.47, 31.18 ], [ 121.48, 31.18 ], [ 121.48, 31.17 ], [ 121.47, 31.17 ] ] ] } },
{ "type": "Feature", "properties": { "grid_id": "r072_c064", "district_name": "浦东新区", "green_fraction": 0.020497482327240399, "water_fraction": 0.0, "building_fraction": 0.1893075723816568, "road_km_per_km2": 8.9385484747057724, "utci_c": 38.75, "p_base": 0.7972, "p_enhanced": 0.82, "delta_p": 0.0229, "rel_mitigation_pct": -2.87, "risk_level": "extreme", "quadrant": "Q1_双高极危区" }, "geometry": { "type": "Polygon", "coordinates": [ [ [ 121.49, 31.17 ], [ 121.49, 31.18 ], [ 121.5, 31.18 ], [ 121.5, 31.17 ], [ 121.49, 31.17 ] ] ] } },
{ "type": "Feature", "properties": { "grid_id": "r072_c080", "district_name": "浦东新区", "green_fraction": 0.0, "water_fraction": 0.0361155261920054, "building_fraction": 0.0084596512354631007, "road_km_per_km2": 10.93543756737682, "utci_c": 38.41, "p_base": 0.7825, "p_enhanced": 0.8115, "delta_p": 0.029, "rel_mitigation_pct": -3.7, "risk_level": "extreme", "quadrant": "Q3_双低安全区" }, "geometry": { "type": "Polygon", "coordinates": [ [ [ 121.65, 31.17 ], [ 121.65, 31.18 ], [ 121.66, 31.18 ], [ 121.66, 31.17 ], [ 121.65, 31.17 ] ] ] } },
{ "type": "Feature", "properties": { "grid_id": "r072_c084", "district_name": "浦东新区", "green_fraction": 0.4466544772062459, "water_fraction": 0.0088124912472187997, "building_fraction": 0.026010048711345501, "road_km_per_km2": 9.0568849930926323, "utci_c": 37.8, "p_base": 0.7545, "p_enhanced": 0.8366, "delta_p": 0.0821, "rel_mitigation_pct": -10.88, "risk_level": "extreme", "quadrant": "Q4_脆弱敏感区" }, "geometry": { "type": "Polygon", "coordinates": [ [ [ 121.69, 31.17 ], [ 121.69, 31.18 ], [ 121.7, 31.18 ], [ 121.7, 31.17 ], [ 121.69, 31.17 ] ] ] } },
{ "type": "Feature", "properties": { "grid_id": "r073_c050", "district_name": "闵行区", "green_fraction": 0.63247768585422293, "water_fraction": 0.095297183250087694, "building_fraction": 0.0188078415394742, "road_km_per_km2": 12.930820068077631, "utci_c": 37.25, "p_base": 0.7277, "p_enhanced": 0.8126, "delta_p": 0.0849, "rel_mitigation_pct": -11.67, "risk_level": "extreme", "quadrant": "Q3_双低安全区" }, "geometry": { "type": "Polygon", "coordinates": [ [ [ 121.35, 31.16 ], [ 121.35, 31.17 ], [ 121.36, 31.17 ], [ 121.36, 31.16 ], [ 121.35, 31.16 ] ] ] } },
{ "type": "Feature", "properties": { "grid_id": "r073_c055", "district_name": "徐汇区", "green_fraction": 0.0057666657500941004, "water_fraction": 0.0, "building_fraction": 0.18018955578277171, "road_km_per_km2": 8.0764716245551025, "utci_c": 38.76, "p_base": 0.7976, "p_enhanced": 0.8198, "delta_p": 0.0222, "rel_mitigation_pct": -2.78, "risk_level": "extreme", "quadrant": "Q1_双高极危区" }, "geometry": { "type": "Polygon", "coordinates": [ [ [ 121.4, 31.16 ], [ 121.4, 31.17 ], [ 121.41, 31.17 ], [ 121.41, 31.16 ], [ 121.4, 31.16 ] ] ] } },
{ "type": "Feature", "properties": { "grid_id": "r073_c056", "district_name": "徐汇区", "green_fraction": 0.12660300444143949, "water_fraction": 0.030031750569140401, "building_fraction": 0.1600045975471574, "road_km_per_km2": 9.2941933299570696, "utci_c": 38.45, "p_base": 0.7843, "p_enhanced": 0.8135, "delta_p": 0.0292, "rel_mitigation_pct": -3.72, "risk_level": "extreme", "quadrant": "Q2_生态缓冲区" }, "geometry": { "type": "Polygon", "coordinates": [ [ [ 121.41, 31.16 ], [ 121.41, 31.17 ], [ 121.42, 31.17 ], [ 121.42, 31.16 ], [ 121.41, 31.16 ] ] ] } },
{ "type": "Feature", "properties": { "grid_id": "r073_c057", "district_name": "徐汇区", "green_fraction": 0.0048536638828230996, "water_fraction": 0.00071629422596359996, "building_fraction": 0.2052213753910053, "road_km_per_km2": 14.527039635120534, "utci_c": 38.8, "p_base": 0.7991, "p_enhanced": 0.8187, "delta_p": 0.0196, "rel_mitigation_pct": -2.45, "risk_level": "extreme", "quadrant": "Q1_双高极危区" }, "geometry": { "type": "Polygon", "coordinates": [ [ [ 121.42, 31.16 ], [ 121.42, 31.17 ], [ 121.43, 31.17 ], [ 121.43, 31.16 ], [ 121.42, 31.16 ] ] ] } },
{ "type": "Feature", "properties": { "grid_id": "r073_c060", "district_name": "徐汇区", "green_fraction": 0.0092689972335442006, "water_fraction": 0.0011305224954366001, "building_fraction": 0.19696110951987089, "road_km_per_km2": 18.860046213533423, "utci_c": 38.78, "p_base": 0.7983, "p_enhanced": 0.819, "delta_p": 0.0207, "rel_mitigation_pct": -2.59, "risk_level": "extreme", "quadrant": "Q1_双高极危区" }, "geometry": { "type": "Polygon", "coordinates": [ [ [ 121.45, 31.16 ], [ 121.45, 31.17 ], [ 121.46, 31.17 ], [ 121.46, 31.16 ], [ 121.45, 31.16 ] ] ] } },
{ "type": "Feature", "properties": { "grid_id": "r073_c061", "district_name": "徐汇区", "green_fraction": 0.12940652661534349, "water_fraction": 0.5866138655856088, "building_fraction": 0.052159704362681199, "road_km_per_km2": 10.942338072514891, "utci_c": 36.73, "p_base": 0.7011, "p_enhanced": 0.5299, "delta_p": -0.1712, "rel_mitigation_pct": 24.42, "risk_level": "high", "quadrant": "Q3_双低安全区" }, "geometry": { "type": "Polygon", "coordinates": [ [ [ 121.46, 31.16 ], [ 121.46, 31.17 ], [ 121.47, 31.17 ], [ 121.47, 31.16 ], [ 121.46, 31.16 ] ] ] } },
{ "type": "Feature", "properties": { "grid_id": "r073_c062", "district_name": "浦东新区", "green_fraction": 0.023857573721052301, "water_fraction": 0.083029393488414704, "building_fraction": 0.12269201866942139, "road_km_per_km2": 20.883977335474281, "utci_c": 38.41, "p_base": 0.7826, "p_enhanced": 0.7899, "delta_p": 0.0073, "rel_mitigation_pct": -0.93, "risk_level": "extreme", "quadrant": "Q3_双低安全区" }, "geometry": { "type": "Polygon", "coordinates": [ [ [ 121.47, 31.16 ], [ 121.47, 31.17 ], [ 121.48, 31.17 ], [ 121.48, 31.16 ], [ 121.47, 31.16 ] ] ] } },
{ "type": "Feature", "properties": { "grid_id": "r073_c064", "district_name": "浦东新区", "green_fraction": 0.026680792210590699, "water_fraction": 0.052183436397627, "building_fraction": 0.14160559904657319, "road_km_per_km2": 7.1240783779902284, "utci_c": 38.52, "p_base": 0.7874, "p_enhanced": 0.8018, "delta_p": 0.0144, "rel_mitigation_pct": -1.83, "risk_level": "extreme", "quadrant": "Q2_生态缓冲区" }, "geometry": { "type": "Polygon", "coordinates": [ [ [ 121.49, 31.16 ], [ 121.49, 31.17 ], [ 121.5, 31.17 ], [ 121.5, 31.16 ], [ 121.49, 31.16 ] ] ] } },
{ "type": "Feature", "properties": { "grid_id": "r073_c070", "district_name": "浦东新区", "green_fraction": 0.048388134881642897, "water_fraction": 0.030784266722158098, "building_fraction": 0.15011855563493531, "road_km_per_km2": 11.939854848812567, "utci_c": 38.56, "p_base": 0.7891, "p_enhanced": 0.8107, "delta_p": 0.0216, "rel_mitigation_pct": -2.74, "risk_level": "extreme", "quadrant": "Q2_生态缓冲区" }, "geometry": { "type": "Polygon", "coordinates": [ [ [ 121.55, 31.16 ], [ 121.55, 31.17 ], [ 121.56, 31.17 ], [ 121.56, 31.16 ], [ 121.55, 31.16 ] ] ] } },
{ "type": "Feature", "properties": { "grid_id": "r073_c074", "district_name": "浦东新区", "green_fraction": 0.066366901369072195, "water_fraction": 0.058426563029750002, "building_fraction": 0.15844977801611421, "road_km_per_km2": 14.427301783894617, "utci_c": 38.47, "p_base": 0.785, "p_enhanced": 0.8003, "delta_p": 0.0153, "rel_mitigation_pct": -1.95, "risk_level": "extreme", "quadrant": "Q2_生态缓冲区" }, "geometry": { "type": "Polygon", "coordinates": [ [ [ 121.59, 31.16 ], [ 121.59, 31.17 ], [ 121.6, 31.17 ], [ 121.6, 31.16 ], [ 121.59, 31.16 ] ] ] } },
{ "type": "Feature", "properties": { "grid_id": "r074_c028", "district_name": "青浦区", "green_fraction": 0.2569678074283413, "water_fraction": 0.1204255496505412, "building_fraction": 0.059046777018550101, "road_km_per_km2": 10.611007115405265, "utci_c": 37.84, "p_base": 0.7564, "p_enhanced": 0.7862, "delta_p": 0.0298, "rel_mitigation_pct": -3.93, "risk_level": "extreme", "quadrant": "Q3_双低安全区" }, "geometry": { "type": "Polygon", "coordinates": [ [ [ 121.13, 31.15 ], [ 121.13, 31.16 ], [ 121.14, 31.16 ], [ 121.14, 31.15 ], [ 121.13, 31.15 ] ] ] } },
{ "type": "Feature", "properties": { "grid_id": "r074_c037", "district_name": "青浦区", "green_fraction": 0.0, "water_fraction": 0.067476444541491598, "building_fraction": 0.084387005059963799, "road_km_per_km2": 7.0856622466767041, "utci_c": 38.44, "p_base": 0.7836, "p_enhanced": 0.7966, "delta_p": 0.013, "rel_mitigation_pct": -1.66, "risk_level": "extreme", "quadrant": "Q2_生态缓冲区" }, "geometry": { "type": "Polygon", "coordinates": [ [ [ 121.22, 31.15 ], [ 121.22, 31.16 ], [ 121.23, 31.16 ], [ 121.23, 31.15 ], [ 121.22, 31.15 ] ] ] } },
{ "type": "Feature", "properties": { "grid_id": "r074_c049", "district_name": "闵行区", "green_fraction": 0.0, "water_fraction": 0.0, "building_fraction": 0.15619869677075809, "road_km_per_km2": 12.665050357361093, "utci_c": 38.73, "p_base": 0.7964, "p_enhanced": 0.8203, "delta_p": 0.0239, "rel_mitigation_pct": -3.0, "risk_level": "extreme", "quadrant": "Q1_双高极危区" }, "geometry": { "type": "Polygon", "coordinates": [ [ [ 121.34, 31.15 ], [ 121.34, 31.16 ], [ 121.35, 31.16 ], [ 121.35, 31.15 ], [ 121.34, 31.15 ] ] ] } },
{ "type": "Feature", "properties": { "grid_id": "r074_c050", "district_name": "闵行区", "green_fraction": 0.0054307420955815996, "water_fraction": 0.00031171733564699998, "building_fraction": 0.013433522879039201, "road_km_per_km2": 12.016750932578271, "utci_c": 38.51, "p_base": 0.7868, "p_enhanced": 0.8248, "delta_p": 0.0379, "rel_mitigation_pct": -4.82, "risk_level": "extreme", "quadrant": "Q1_双高极危区" }, "geometry": { "type": "Polygon", "coordinates": [ [ [ 121.35, 31.15 ], [ 121.35, 31.16 ], [ 121.36, 31.16 ], [ 121.36, 31.15 ], [ 121.35, 31.15 ] ] ] } },
{ "type": "Feature", "properties": { "grid_id": "r074_c059", "district_name": "徐汇区", "green_fraction": 0.22906256294528421, "water_fraction": 0.0012602512337698, "building_fraction": 0.17790663184348199, "road_km_per_km2": 8.3133231359087656, "utci_c": 38.4, "p_base": 0.7818, "p_enhanced": 0.8272, "delta_p": 0.0453, "rel_mitigation_pct": -5.8, "risk_level": "extreme", "quadrant": "Q4_脆弱敏感区" }, "geometry": { "type": "Polygon", "coordinates": [ [ [ 121.44, 31.15 ], [ 121.44, 31.16 ], [ 121.45, 31.16 ], [ 121.45, 31.15 ], [ 121.44, 31.15 ] ] ] } },
{ "type": "Feature", "properties": { "grid_id": "r074_c061", "district_name": "浦东新区", "green_fraction": 0.26635070826094781, "water_fraction": 0.33688527883519542, "building_fraction": 0.026026461278185201, "road_km_per_km2": 12.3214190437395, "utci_c": 37.17, "p_base": 0.7237, "p_enhanced": 0.6849, "delta_p": -0.0389, "rel_mitigation_pct": 5.37, "risk_level": "high", "quadrant": "Q3_双低安全区" }, "geometry": { "type": "Polygon", "coordinates": [ [ [ 121.46, 31.15 ], [ 121.46, 31.16 ], [ 121.47, 31.16 ], [ 121.47, 31.15 ], [ 121.46, 31.15 ] ] ] } },
{ "type": "Feature", "properties": { "grid_id": "r074_c062", "district_name": "浦东新区", "green_fraction": 0.044814974148465497, "water_fraction": 0.058856499586048001, "building_fraction": 0.1763149690517741, "road_km_per_km2": 16.438225826492239, "utci_c": 38.53, "p_base": 0.7876, "p_enhanced": 0.7987, "delta_p": 0.0111, "rel_mitigation_pct": -1.41, "risk_level": "extreme", "quadrant": "Q2_生态缓冲区" }, "geometry": { "type": "Polygon", "coordinates": [ [ [ 121.47, 31.15 ], [ 121.47, 31.16 ], [ 121.48, 31.16 ], [ 121.48, 31.15 ], [ 121.47, 31.15 ] ] ] } },
{ "type": "Feature", "properties": { "grid_id": "r074_c064", "district_name": "浦东新区", "green_fraction": 0.0, "water_fraction": 0.0, "building_fraction": 0.16027615575366611, "road_km_per_km2": 15.475173956611425, "utci_c": 38.74, "p_base": 0.7967, "p_enhanced": 0.8202, "delta_p": 0.0235, "rel_mitigation_pct": -2.95, "risk_level": "extreme", "quadrant": "Q1_双高极危区" }, "geometry": { "type": "Polygon", "coordinates": [ [ [ 121.49, 31.15 ], [ 121.49, 31.16 ], [ 121.5, 31.16 ], [ 121.5, 31.15 ], [ 121.49, 31.15 ] ] ] } },
{ "type": "Feature", "properties": { "grid_id": "r075_c016", "district_name": "昆山市", "green_fraction": 0.0, "water_fraction": 0.9153610971137236, "building_fraction": 0.0, "road_km_per_km2": 2.4418286541451062, "utci_c": 35.94, "p_base": 0.6587, "p_enhanced": 0.3298, "delta_p": -0.3288, "rel_mitigation_pct": 49.92, "risk_level": "high", "quadrant": "Q3_双低安全区" }, "geometry": { "type": "Polygon", "coordinates": [ [ [ 121.02, 31.14 ], [ 121.01, 31.14 ], [ 121.01, 31.141167947588553 ], [ 121.010307, 31.141247 ], [ 121.02, 31.140881950380734 ], [ 121.02, 31.14 ] ] ] } },
{ "type": "Feature", "properties": { "grid_id": "r075_c025", "district_name": "青浦区", "green_fraction": 0.18308784490606059, "water_fraction": 0.13158401755340079, "building_fraction": 0.0031758815159807999, "road_km_per_km2": 13.656721814911972, "utci_c": 37.84, "p_base": 0.7566, "p_enhanced": 0.7804, "delta_p": 0.0239, "rel_mitigation_pct": -3.15, "risk_level": "extreme", "quadrant": "Q3_双低安全区" }, "geometry": { "type": "Polygon", "coordinates": [ [ [ 121.1, 31.14 ], [ 121.1, 31.15 ], [ 121.11, 31.15 ], [ 121.11, 31.14 ], [ 121.1, 31.14 ] ] ] } },
{ "type": "Feature", "properties": { "grid_id": "r075_c037", "district_name": "青浦区", "green_fraction": 0.067544638662321799, "water_fraction": 0.1084854127469107, "building_fraction": 0.0, "road_km_per_km2": 9.8666600433318941, "utci_c": 38.09, "p_base": 0.768, "p_enhanced": 0.7855, "delta_p": 0.0175, "rel_mitigation_pct": -2.28, "risk_level": "extreme", "quadrant": "Q3_双低安全区" }, "geometry": { "type": "Polygon", "coordinates": [ [ [ 121.22, 31.14 ], [ 121.22, 31.15 ], [ 121.23, 31.15 ], [ 121.23, 31.14 ], [ 121.22, 31.14 ] ] ] } },
{ "type": "Feature", "properties": { "grid_id": "r075_c054", "district_name": "闵行区", "green_fraction": 0.0, "water_fraction": 0.0040585906994967998, "building_fraction": 0.079766807894239095, "road_km_per_km2": 11.265612422740171, "utci_c": 38.61, "p_base": 0.7911, "p_enhanced": 0.8212, "delta_p": 0.0301, "rel_mitigation_pct": -3.81, "risk_level": "extreme", "quadrant": "Q1_双高极危区" }, "geometry": { "type": "Polygon", "coordinates": [ [ [ 121.39, 31.14 ], [ 121.39, 31.15 ], [ 121.4, 31.15 ], [ 121.4, 31.14 ], [ 121.39, 31.14 ] ] ] } },
{ "type": "Feature", "properties": { "grid_id": "r075_c055", "district_name": "闵行区", "green_fraction": 0.089453129785360602, "water_fraction": 0.029597551282493102, "building_fraction": 0.039679084879274198, "road_km_per_km2": 21.300855888348568, "utci_c": 38.33, "p_base": 0.779, "p_enhanced": 0.8162, "delta_p": 0.0372, "rel_mitigation_pct": -4.77, "risk_level": "extreme", "quadrant": "Q3_双低安全区" }, "geometry": { "type": "Polygon", "coordinates": [ [ [ 121.4, 31.14 ], [ 121.4, 31.15 ], [ 121.41, 31.15 ], [ 121.41, 31.14 ], [ 121.4, 31.14 ] ] ] } },
{ "type": "Feature", "properties": { "grid_id": "r075_c058", "district_name": "徐汇区", "green_fraction": 0.3622815960527041, "water_fraction": 0.023027610361647102, "building_fraction": 0.1107274990674138, "road_km_per_km2": 19.53919129272489, "utci_c": 38.02, "p_base": 0.7649, "p_enhanced": 0.8262, "delta_p": 0.0612, "rel_mitigation_pct": -8.01, "risk_level": "extreme", "quadrant": "Q4_脆弱敏感区" }, "geometry": { "type": "Polygon", "coordinates": [ [ [ 121.43, 31.14 ], [ 121.43, 31.15 ], [ 121.44, 31.15 ], [ 121.44, 31.14 ], [ 121.43, 31.14 ] ] ] } },
{ "type": "Feature", "properties": { "grid_id": "r075_c059", "district_name": "徐汇区", "green_fraction": 0.1478222281916024, "water_fraction": 0.039955780239306397, "building_fraction": 0.1343587203517618, "road_km_per_km2": 16.096382199764257, "utci_c": 38.35, "p_base": 0.7799, "p_enhanced": 0.8114, "delta_p": 0.0315, "rel_mitigation_pct": -4.04, "risk_level": "extreme", "quadrant": "Q3_双低安全区" }, "geometry": { "type": "Polygon", "coordinates": [ [ [ 121.44, 31.14 ], [ 121.44, 31.15 ], [ 121.45, 31.15 ], [ 121.45, 31.14 ], [ 121.44, 31.14 ] ] ] } },
{ "type": "Feature", "properties": { "grid_id": "r075_c061", "district_name": "浦东新区", "green_fraction": 0.1030008703820422, "water_fraction": 0.0045023028497530003, "building_fraction": 0.014102712093727199, "road_km_per_km2": 10.511769432688848, "utci_c": 38.34, "p_base": 0.7795, "p_enhanced": 0.8266, "delta_p": 0.0471, "rel_mitigation_pct": -6.05, "risk_level": "extreme", "quadrant": "Q4_脆弱敏感区" }, "geometry": { "type": "Polygon", "coordinates": [ [ [ 121.46, 31.14 ], [ 121.46, 31.15 ], [ 121.47, 31.15 ], [ 121.47, 31.14 ], [ 121.46, 31.14 ] ] ] } },
{ "type": "Feature", "properties": { "grid_id": "r075_c064", "district_name": "浦东新区", "green_fraction": 0.0032266212321669001, "water_fraction": 0.0, "building_fraction": 0.24249664510182889, "road_km_per_km2": 22.828715756660632, "utci_c": 38.86, "p_base": 0.8017, "p_enhanced": 0.8178, "delta_p": 0.0161, "rel_mitigation_pct": -2.01, "risk_level": "extreme", "quadrant": "Q1_双高极危区" }, "geometry": { "type": "Polygon", "coordinates": [ [ [ 121.49, 31.14 ], [ 121.49, 31.15 ], [ 121.5, 31.15 ], [ 121.5, 31.14 ], [ 121.49, 31.14 ] ] ] } },
{ "type": "Feature", "properties": { "grid_id": "r075_c066", "district_name": "浦东新区", "green_fraction": 0.064130360955759802, "water_fraction": 0.033875743570523101, "building_fraction": 0.13038389727797869, "road_km_per_km2": 8.8093701226790309, "utci_c": 38.5, "p_base": 0.7863, "p_enhanced": 0.8107, "delta_p": 0.0244, "rel_mitigation_pct": -3.11, "risk_level": "extreme", "quadrant": "Q2_生态缓冲区" }, "geometry": { "type": "Polygon", "coordinates": [ [ [ 121.51, 31.14 ], [ 121.51, 31.15 ], [ 121.52, 31.15 ], [ 121.52, 31.14 ], [ 121.51, 31.14 ] ] ] } },
{ "type": "Feature", "properties": { "grid_id": "r075_c069", "district_name": "浦东新区", "green_fraction": 0.33660380372182819, "water_fraction": 0.0, "building_fraction": 0.0056286104769286997, "road_km_per_km2": 10.06412328716018, "utci_c": 37.97, "p_base": 0.7625, "p_enhanced": 0.8365, "delta_p": 0.074, "rel_mitigation_pct": -9.7, "risk_level": "extreme", "quadrant": "Q4_脆弱敏感区" }, "geometry": { "type": "Polygon", "coordinates": [ [ [ 121.54, 31.14 ], [ 121.54, 31.15 ], [ 121.55, 31.15 ], [ 121.55, 31.14 ], [ 121.54, 31.14 ] ] ] } },
{ "type": "Feature", "properties": { "grid_id": "r075_c080", "district_name": "浦东新区", "green_fraction": 0.2709871861885742, "water_fraction": 0.0471784597207308, "building_fraction": 0.20074196128342159, "road_km_per_km2": 24.365954392659297, "utci_c": 38.24, "p_base": 0.7746, "p_enhanced": 0.8111, "delta_p": 0.0364, "rel_mitigation_pct": -4.7, "risk_level": "extreme", "quadrant": "Q3_双低安全区" }, "geometry": { "type": "Polygon", "coordinates": [ [ [ 121.65, 31.14 ], [ 121.65, 31.15 ], [ 121.66, 31.15 ], [ 121.66, 31.14 ], [ 121.65, 31.14 ] ] ] } },
{ "type": "Feature", "properties": { "grid_id": "r075_c081", "district_name": "浦东新区", "green_fraction": 0.79077266249859657, "water_fraction": 0.2302362532974499, "building_fraction": 0.054871483319638897, "road_km_per_km2": 15.169130066717411, "utci_c": 36.67, "p_base": 0.6982, "p_enhanced": 0.7626, "delta_p": 0.0644, "rel_mitigation_pct": -9.23, "risk_level": "extreme", "quadrant": "Q3_双低安全区" }, "geometry": { "type": "Polygon", "coordinates": [ [ [ 121.66, 31.14 ], [ 121.66, 31.15 ], [ 121.67, 31.15 ], [ 121.67, 31.14 ], [ 121.66, 31.14 ] ] ] } },
{ "type": "Feature", "properties": { "grid_id": "r075_c086", "district_name": "浦东新区", "green_fraction": 0.0, "water_fraction": 0.0, "building_fraction": 0.0, "road_km_per_km2": 7.2975692377309826, "utci_c": 38.5, "p_base": 0.7864, "p_enhanced": 0.8251, "delta_p": 0.0387, "rel_mitigation_pct": -4.92, "risk_level": "extreme", "quadrant": "Q1_双高极危区" }, "geometry": { "type": "Polygon", "coordinates": [ [ [ 121.71, 31.14 ], [ 121.71, 31.15 ], [ 121.72, 31.15 ], [ 121.72, 31.14 ], [ 121.71, 31.14 ] ] ] } },
{ "type": "Feature", "properties": { "grid_id": "r076_c020", "district_name": "青浦区", "green_fraction": 0.059642022562522601, "water_fraction": 0.0, "building_fraction": 0.0, "road_km_per_km2": 6.164729407087175, "utci_c": 38.4, "p_base": 0.7822, "p_enhanced": 0.8272, "delta_p": 0.045, "rel_mitigation_pct": -5.75, "risk_level": "extreme", "quadrant": "Q4_脆弱敏感区" }, "geometry": { "type": "Polygon", "coordinates": [ [ [ 121.05, 31.13 ], [ 121.05, 31.14 ], [ 121.06, 31.14 ], [ 121.06, 31.13 ], [ 121.05, 31.13 ] ] ] } },
{ "type": "Feature", "properties": { "grid_id": "r076_c024", "district_name": "青浦区", "green_fraction": 0.31545887251700949, "water_fraction": 0.10787747963970371, "building_fraction": 0.0, "road_km_per_km2": 19.116993794183603, "utci_c": 37.69, "p_base": 0.7495, "p_enhanced": 0.7959, "delta_p": 0.0464, "rel_mitigation_pct": -6.19, "risk_level": "extreme", "quadrant": "Q3_双低安全区" }, "geometry": { "type": "Polygon", "coordinates": [ [ [ 121.09, 31.13 ], [ 121.09, 31.14 ], [ 121.1, 31.14 ], [ 121.1, 31.13 ], [ 121.09, 31.13 ] ] ] } },
{ "type": "Feature", "properties": { "grid_id": "r076_c035", "district_name": "松江区", "green_fraction": 0.0153023777707611, "water_fraction": 0.087636151487089198, "building_fraction": 0.0, "road_km_per_km2": 5.7154691533887627, "utci_c": 38.23, "p_base": 0.7744, "p_enhanced": 0.792, "delta_p": 0.0176, "rel_mitigation_pct": -2.27, "risk_level": "extreme", "quadrant": "Q3_双低安全区" }, "geometry": { "type": "Polygon", "coordinates": [ [ [ 121.2, 31.13 ], [ 121.2, 31.14 ], [ 121.21, 31.14 ], [ 121.21, 31.13 ], [ 121.2, 31.13 ] ] ] } },
{ "type": "Feature", "properties": { "grid_id": "r076_c037", "district_name": "青浦区", "green_fraction": 0.0047241260826507998, "water_fraction": 0.044749651906565699, "building_fraction": 0.0024077866494168999, "road_km_per_km2": 4.1696054520364854, "utci_c": 38.37, "p_base": 0.7807, "p_enhanced": 0.8085, "delta_p": 0.0278, "rel_mitigation_pct": -3.56, "risk_level": "extreme", "quadrant": "Q3_双低安全区" }, "geometry": { "type": "Polygon", "coordinates": [ [ [ 121.22, 31.13 ], [ 121.22, 31.14 ], [ 121.23, 31.14 ], [ 121.23, 31.13 ], [ 121.22, 31.13 ] ] ] } },
{ "type": "Feature", "properties": { "grid_id": "r076_c053", "district_name": "闵行区", "green_fraction": 0.055161052212569901, "water_fraction": 0.045799400752314999, "building_fraction": 0.014442942135659401, "road_km_per_km2": 18.691664268740404, "utci_c": 38.31, "p_base": 0.7778, "p_enhanced": 0.8096, "delta_p": 0.0318, "rel_mitigation_pct": -4.09, "risk_level": "extreme", "quadrant": "Q3_双低安全区" }, "geometry": { "type": "Polygon", "coordinates": [ [ [ 121.38, 31.13 ], [ 121.38, 31.14 ], [ 121.39, 31.14 ], [ 121.39, 31.13 ], [ 121.38, 31.13 ] ] ] } },
{ "type": "Feature", "properties": { "grid_id": "r076_c057", "district_name": "徐汇区", "green_fraction": 0.0, "water_fraction": 0.027810439016009301, "building_fraction": 0.051315241269150901, "road_km_per_km2": 14.171727892259794, "utci_c": 38.5, "p_base": 0.7863, "p_enhanced": 0.8132, "delta_p": 0.0269, "rel_mitigation_pct": -3.42, "risk_level": "extreme", "quadrant": "Q2_生态缓冲区" }, "geometry": { "type": "Polygon", "coordinates": [ [ [ 121.42, 31.13 ], [ 121.42, 31.14 ], [ 121.43, 31.14 ], [ 121.43, 31.13 ], [ 121.42, 31.13 ] ] ] } },
{ "type": "Feature", "properties": { "grid_id": "r076_c070", "district_name": "浦东新区", "green_fraction": 0.0, "water_fraction": 0.0, "building_fraction": 0.106411917406717, "road_km_per_km2": 6.251301382542902, "utci_c": 38.66, "p_base": 0.7933, "p_enhanced": 0.8218, "delta_p": 0.0286, "rel_mitigation_pct": -3.6, "risk_level": "extreme", "quadrant": "Q1_双高极危区" }, "geometry": { "type": "Polygon", "coordinates": [ [ [ 121.55, 31.13 ], [ 121.55, 31.14 ], [ 121.56, 31.14 ], [ 121.56, 31.13 ], [ 121.55, 31.13 ] ] ] } },
{ "type": "Feature", "properties": { "grid_id": "r076_c071", "district_name": "浦东新区", "green_fraction": 0.0, "water_fraction": 0.0025927561949412002, "building_fraction": 0.092082312486233706, "road_km_per_km2": 10.14521829960732, "utci_c": 38.63, "p_base": 0.792, "p_enhanced": 0.8213, "delta_p": 0.0293, "rel_mitigation_pct": -3.7, "risk_level": "extreme", "quadrant": "Q1_双高极危区" }, "geometry": { "type": "Polygon", "coordinates": [ [ [ 121.56, 31.13 ], [ 121.56, 31.14 ], [ 121.57, 31.14 ], [ 121.57, 31.13 ], [ 121.56, 31.13 ] ] ] } },
{ "type": "Feature", "properties": { "grid_id": "r076_c081", "district_name": "浦东新区", "green_fraction": 0.1361861546283322, "water_fraction": 0.088189988396384006, "building_fraction": 0.093093418593812399, "road_km_per_km2": 27.929342633784632, "utci_c": 38.17, "p_base": 0.7719, "p_enhanced": 0.7933, "delta_p": 0.0214, "rel_mitigation_pct": -2.77, "risk_level": "extreme", "quadrant": "Q3_双低安全区" }, "geometry": { "type": "Polygon", "coordinates": [ [ [ 121.66, 31.13 ], [ 121.66, 31.14 ], [ 121.67, 31.14 ], [ 121.67, 31.13 ], [ 121.66, 31.13 ] ] ] } },
{ "type": "Feature", "properties": { "grid_id": "r077_c019", "district_name": "青浦区", "green_fraction": 0.033191668461913702, "water_fraction": 0.18037430461588849, "building_fraction": 0.00015327455976749999, "road_km_per_km2": 9.9688840705367294, "utci_c": 37.94, "p_base": 0.7612, "p_enhanced": 0.7523, "delta_p": -0.0089, "rel_mitigation_pct": 1.17, "risk_level": "extreme", "quadrant": "Q3_双低安全区" }, "geometry": { "type": "Polygon", "coordinates": [ [ [ 121.04, 31.12 ], [ 121.04, 31.13 ], [ 121.05, 31.13 ], [ 121.05, 31.12 ], [ 121.04, 31.12 ] ] ] } },
{ "type": "Feature", "properties": { "grid_id": "r077_c026", "district_name": "青浦区", "green_fraction": 0.0, "water_fraction": 0.079185259054032897, "building_fraction": 0.0, "road_km_per_km2": 6.0259675791100049, "utci_c": 38.28, "p_base": 0.7766, "p_enhanced": 0.7948, "delta_p": 0.0182, "rel_mitigation_pct": -2.35, "risk_level": "extreme", "quadrant": "Q3_双低安全区" }, "geometry": { "type": "Polygon", "coordinates": [ [ [ 121.11, 31.12 ], [ 121.11, 31.13 ], [ 121.12, 31.13 ], [ 121.12, 31.12 ], [ 121.11, 31.12 ] ] ] } },
{ "type": "Feature", "properties": { "grid_id": "r077_c035", "district_name": "松江区", "green_fraction": 0.0099592789726101003, "water_fraction": 0.021806428708939202, "building_fraction": 0.018517773680148401, "road_km_per_km2": 10.260918710388014, "utci_c": 38.45, "p_base": 0.7842, "p_enhanced": 0.8169, "delta_p": 0.0327, "rel_mitigation_pct": -4.17, "risk_level": "extreme", "quadrant": "Q2_生态缓冲区" }, "geometry": { "type": "Polygon", "coordinates": [ [ [ 121.2, 31.12 ], [ 121.2, 31.13 ], [ 121.21, 31.13 ], [ 121.21, 31.12 ], [ 121.2, 31.12 ] ] ] } },
{ "type": "Feature", "properties": { "grid_id": "r077_c051", "district_name": "闵行区", "green_fraction": 0.11679263685108091, "water_fraction": 0.060959607027578001, "building_fraction": 0.014636324170234499, "road_km_per_km2": 10.405360870429108, "utci_c": 38.16, "p_base": 0.7714, "p_enhanced": 0.8061, "delta_p": 0.0347, "rel_mitigation_pct": -4.49, "risk_level": "extreme", "quadrant": "Q3_双低安全区" }, "geometry": { "type": "Polygon", "coordinates": [ [ [ 121.36, 31.12 ], [ 121.36, 31.13 ], [ 121.37, 31.13 ], [ 121.37, 31.12 ], [ 121.36, 31.12 ] ] ] } },
{ "type": "Feature", "properties": { "grid_id": "r077_c054", "district_name": "闵行区", "green_fraction": 0.1166820383390826, "water_fraction": 0.0393619422949101, "building_fraction": 0.031277415861009301, "road_km_per_km2": 17.343967029324958, "utci_c": 38.25, "p_base": 0.7753, "p_enhanced": 0.8138, "delta_p": 0.0385, "rel_mitigation_pct": -4.97, "risk_level": "extreme", "quadrant": "Q3_双低安全区" }, "geometry": { "type": "Polygon", "coordinates": [ [ [ 121.39, 31.12 ], [ 121.39, 31.13 ], [ 121.4, 31.13 ], [ 121.4, 31.12 ], [ 121.39, 31.12 ] ] ] } },
{ "type": "Feature", "properties": { "grid_id": "r077_c059", "district_name": "徐汇区", "green_fraction": 0.25942019015290851, "water_fraction": 0.0196114281795947, "building_fraction": 0.143518002534472, "road_km_per_km2": 15.835309854888989, "utci_c": 38.25, "p_base": 0.7751, "p_enhanced": 0.8227, "delta_p": 0.0476, "rel_mitigation_pct": -6.14, "risk_level": "extreme", "quadrant": "Q4_脆弱敏感区" }, "geometry": { "type": "Polygon", "coordinates": [ [ [ 121.44, 31.12 ], [ 121.44, 31.13 ], [ 121.45, 31.13 ], [ 121.45, 31.12 ], [ 121.44, 31.12 ] ] ] } },
{ "type": "Feature", "properties": { "grid_id": "r077_c071", "district_name": "浦东新区", "green_fraction": 0.0063254085458151, "water_fraction": 0.0, "building_fraction": 0.1093048626025955, "road_km_per_km2": 9.2841842480123606, "utci_c": 38.65, "p_base": 0.793, "p_enhanced": 0.822, "delta_p": 0.029, "rel_mitigation_pct": -3.65, "risk_level": "extreme", "quadrant": "Q1_双高极危区" }, "geometry": { "type": "Polygon", "coordinates": [ [ [ 121.56, 31.12 ], [ 121.56, 31.13 ], [ 121.57, 31.13 ], [ 121.57, 31.12 ], [ 121.56, 31.12 ] ] ] } },
{ "type": "Feature", "properties": { "grid_id": "r078_c006", "district_name": "青浦区", "green_fraction": 0.0, "water_fraction": 0.20437303305439589, "building_fraction": 0.00085849661023259995, "road_km_per_km2": 7.3148420578390754, "utci_c": 37.93, "p_base": 0.7606, "p_enhanced": 0.7394, "delta_p": -0.0212, "rel_mitigation_pct": 2.79, "risk_level": "extreme", "quadrant": "Q3_双低安全区" }, "geometry": { "type": "Polygon", "coordinates": [ [ [ 120.91, 31.11 ], [ 120.91, 31.12 ], [ 120.92, 31.12 ], [ 120.92, 31.11 ], [ 120.91, 31.11 ] ] ] } },
{ "type": "Feature", "properties": { "grid_id": "r078_c007", "district_name": "青浦区", "green_fraction": 0.0, "water_fraction": 0.27931880113464252, "building_fraction": 0.0, "road_km_per_km2": 6.1142120622725322, "utci_c": 37.72, "p_base": 0.7506, "p_enhanced": 0.7021, "delta_p": -0.0485, "rel_mitigation_pct": 6.47, "risk_level": "extreme", "quadrant": "Q3_双低安全区" }, "geometry": { "type": "Polygon", "coordinates": [ [ [ 120.92, 31.11 ], [ 120.92, 31.12 ], [ 120.93, 31.12 ], [ 120.93, 31.11 ], [ 120.92, 31.11 ] ] ] } },
{ "type": "Feature", "properties": { "grid_id": "r078_c015", "district_name": "青浦区", "green_fraction": 0.64325180294405726, "water_fraction": 0.39068622421588789, "building_fraction": 0.036769509568422502, "road_km_per_km2": 8.3768446272885395, "utci_c": 36.43, "p_base": 0.6855, "p_enhanced": 0.6767, "delta_p": -0.0088, "rel_mitigation_pct": 1.29, "risk_level": "high", "quadrant": "Q3_双低安全区" }, "geometry": { "type": "Polygon", "coordinates": [ [ [ 121.0, 31.11 ], [ 121.0, 31.12 ], [ 121.01, 31.12 ], [ 121.01, 31.11 ], [ 121.0, 31.11 ] ] ] } },
{ "type": "Feature", "properties": { "grid_id": "r078_c019", "district_name": "青浦区", "green_fraction": 0.104188601756098, "water_fraction": 0.20893251551258091, "building_fraction": 0.0051671850666425998, "road_km_per_km2": 13.792078638605709, "utci_c": 37.76, "p_base": 0.7524, "p_enhanced": 0.742, "delta_p": -0.0104, "rel_mitigation_pct": 1.39, "risk_level": "extreme", "quadrant": "Q3_双低安全区" }, "geometry": { "type": "Polygon", "coordinates": [ [ [ 121.04, 31.11 ], [ 121.04, 31.12 ], [ 121.05, 31.12 ], [ 121.05, 31.11 ], [ 121.04, 31.11 ] ] ] } },
{ "type": "Feature", "properties": { "grid_id": "r078_c020", "district_name": "青浦区", "green_fraction": 0.028821720445076401, "water_fraction": 0.17104565687373591, "building_fraction": 0.0012998418498305, "road_km_per_km2": 11.777354667296462, "utci_c": 37.98, "p_base": 0.7628, "p_enhanced": 0.7563, "delta_p": -0.0065, "rel_mitigation_pct": 0.85, "risk_level": "extreme", "quadrant": "Q3_双低安全区" }, "geometry": { "type": "Polygon", "coordinates": [ [ [ 121.05, 31.11 ], [ 121.05, 31.12 ], [ 121.06, 31.12 ], [ 121.06, 31.11 ], [ 121.05, 31.11 ] ] ] } },
{ "type": "Feature", "properties": { "grid_id": "r078_c035", "district_name": "松江区", "green_fraction": 0.096628819742383396, "water_fraction": 0.056009164268116397, "building_fraction": 0.027360386519085799, "road_km_per_km2": 8.2674792204970977, "utci_c": 38.23, "p_base": 0.7744, "p_enhanced": 0.8068, "delta_p": 0.0324, "rel_mitigation_pct": -4.19, "risk_level": "extreme", "quadrant": "Q3_双低安全区" }, "geometry": { "type": "Polygon", "coordinates": [ [ [ 121.2, 31.11 ], [ 121.2, 31.12 ], [ 121.21, 31.12 ], [ 121.21, 31.11 ], [ 121.2, 31.11 ] ] ] } },
{ "type": "Feature", "properties": { "grid_id": "r078_c036", "district_name": "松江区", "green_fraction": 0.15351190552714489, "water_fraction": 0.020747931456749601, "building_fraction": 0.0097800418882329002, "road_km_per_km2": 4.5895741004933672, "utci_c": 38.21, "p_base": 0.7735, "p_enhanced": 0.8227, "delta_p": 0.0492, "rel_mitigation_pct": -6.36, "risk_level": "extreme", "quadrant": "Q4_脆弱敏感区" }, "geometry": { "type": "Polygon", "coordinates": [ [ [ 121.21, 31.11 ], [ 121.21, 31.12 ], [ 121.22, 31.12 ], [ 121.22, 31.11 ], [ 121.21, 31.11 ] ] ] } },
{ "type": "Feature", "properties": { "grid_id": "r078_c037", "district_name": "松江区", "green_fraction": 0.037076728935600399, "water_fraction": 0.0277722127884374, "building_fraction": 0.0, "road_km_per_km2": 6.0015951500689972, "utci_c": 38.36, "p_base": 0.7803, "p_enhanced": 0.8162, "delta_p": 0.0359, "rel_mitigation_pct": -4.6, "risk_level": "extreme", "quadrant": "Q3_双低安全区" }, "geometry": { "type": "Polygon", "coordinates": [ [ [ 121.22, 31.11 ], [ 121.22, 31.12 ], [ 121.23, 31.12 ], [ 121.23, 31.11 ], [ 121.22, 31.11 ] ] ] } },
{ "type": "Feature", "properties": { "grid_id": "r078_c040", "district_name": "松江区", "green_fraction": 0.0, "water_fraction": 0.1229378025929289, "building_fraction": 0.031657771756140603, "road_km_per_km2": 3.899691780888686, "utci_c": 38.2, "p_base": 0.7732, "p_enhanced": 0.7753, "delta_p": 0.0021, "rel_mitigation_pct": -0.27, "risk_level": "extreme", "quadrant": "Q3_双低安全区" }, "geometry": { "type": "Polygon", "coordinates": [ [ [ 121.25, 31.11 ], [ 121.25, 31.12 ], [ 121.26, 31.12 ], [ 121.26, 31.11 ], [ 121.25, 31.11 ] ] ] } },
{ "type": "Feature", "properties": { "grid_id": "r078_c042", "district_name": "松江区", "green_fraction": 0.043883170799940897, "water_fraction": 0.028700991669068698, "building_fraction": 0.0031563008292067002, "road_km_per_km2": 8.8315213227734031, "utci_c": 38.35, "p_base": 0.78, "p_enhanced": 0.816, "delta_p": 0.0361, "rel_mitigation_pct": -4.63, "risk_level": "extreme", "quadrant": "Q3_双低安全区" }, "geometry": { "type": "Polygon", "coordinates": [ [ [ 121.27, 31.11 ], [ 121.27, 31.12 ], [ 121.28, 31.12 ], [ 121.28, 31.11 ], [ 121.27, 31.11 ] ] ] } },
{ "type": "Feature", "properties": { "grid_id": "r078_c049", "district_name": "松江区", "green_fraction": 0.26943977150847381, "water_fraction": 0.030367201267338498, "building_fraction": 0.0023005063961236, "road_km_per_km2": 6.8821064092364637, "utci_c": 37.99, "p_base": 0.7633, "p_enhanced": 0.8236, "delta_p": 0.0603, "rel_mitigation_pct": -7.9, "risk_level": "extreme", "quadrant": "Q4_脆弱敏感区" }, "geometry": { "type": "Polygon", "coordinates": [ [ [ 121.34, 31.11 ], [ 121.34, 31.12 ], [ 121.35, 31.12 ], [ 121.35, 31.11 ], [ 121.34, 31.11 ] ] ] } },
{ "type": "Feature", "properties": { "grid_id": "r078_c054", "district_name": "闵行区", "green_fraction": 0.24911333062829449, "water_fraction": 0.041177193432645899, "building_fraction": 0.0054076760246695998, "road_km_per_km2": 8.7027418137784451, "utci_c": 37.99, "p_base": 0.7636, "p_enhanced": 0.8188, "delta_p": 0.0552, "rel_mitigation_pct": -7.23, "risk_level": "extreme", "quadrant": "Q4_脆弱敏感区" }, "geometry": { "type": "Polygon", "coordinates": [ [ [ 121.39, 31.11 ], [ 121.39, 31.12 ], [ 121.4, 31.12 ], [ 121.4, 31.11 ], [ 121.39, 31.11 ] ] ] } },
{ "type": "Feature", "properties": { "grid_id": "r078_c061", "district_name": "浦东新区", "green_fraction": 0.043172651982895403, "water_fraction": 0.40816359226850651, "building_fraction": 0.0, "road_km_per_km2": 1.4230346774450562, "utci_c": 37.29, "p_base": 0.7297, "p_enhanced": 0.634, "delta_p": -0.0957, "rel_mitigation_pct": 13.11, "risk_level": "high", "quadrant": "Q3_双低安全区" }, "geometry": { "type": "Polygon", "coordinates": [ [ [ 121.46, 31.11 ], [ 121.46, 31.12 ], [ 121.47, 31.12 ], [ 121.47, 31.11 ], [ 121.46, 31.11 ] ] ] } },
{ "type": "Feature", "properties": { "grid_id": "r078_c073", "district_name": "浦东新区", "green_fraction": 0.0, "water_fraction": 0.0, "building_fraction": 0.20472393666519281, "road_km_per_km2": 5.8253381877419486, "utci_c": 38.81, "p_base": 0.7995, "p_enhanced": 0.8188, "delta_p": 0.0193, "rel_mitigation_pct": -2.41, "risk_level": "extreme", "quadrant": "Q1_双高极危区" }, "geometry": { "type": "Polygon", "coordinates": [ [ [ 121.58, 31.11 ], [ 121.58, 31.12 ], [ 121.59, 31.12 ], [ 121.59, 31.11 ], [ 121.58, 31.11 ] ] ] } },
{ "type": "Feature", "properties": { "grid_id": "r079_c009", "district_name": "青浦区", "green_fraction": 0.0, "water_fraction": 1.0, "building_fraction": 0.0, "road_km_per_km2": 0.0, "utci_c": 35.7, "p_base": 0.6456, "p_enhanced": 0.2858, "delta_p": -0.3598, "rel_mitigation_pct": 55.73, "risk_level": "high", "quadrant": "Q3_双低安全区" }, "geometry": { "type": "Polygon", "coordinates": [ [ [ 120.94, 31.1 ], [ 120.94, 31.11 ], [ 120.95, 31.11 ], [ 120.95, 31.1 ], [ 120.94, 31.1 ] ] ] } },
{ "type": "Feature", "properties": { "grid_id": "r079_c015", "district_name": "青浦区", "green_fraction": 0.80276659671738126, "water_fraction": 0.1830342074295665, "building_fraction": 0.016691559279305299, "road_km_per_km2": 13.35085769249965, "utci_c": 36.73, "p_base": 0.7011, "p_enhanced": 0.785, "delta_p": 0.0839, "rel_mitigation_pct": -11.97, "risk_level": "extreme", "quadrant": "Q3_双低安全区" }, "geometry": { "type": "Polygon", "coordinates": [ [ [ 121.0, 31.1 ], [ 121.0, 31.11 ], [ 121.01, 31.11 ], [ 121.01, 31.1 ], [ 121.0, 31.1 ] ] ] } },
{ "type": "Feature", "properties": { "grid_id": "r079_c033", "district_name": "松江区", "green_fraction": 0.0, "water_fraction": 0.0, "building_fraction": 0.0, "road_km_per_km2": 5.1622388166516124, "utci_c": 38.5, "p_base": 0.7864, "p_enhanced": 0.8251, "delta_p": 0.0387, "rel_mitigation_pct": -4.92, "risk_level": "extreme", "quadrant": "Q1_双高极危区" }, "geometry": { "type": "Polygon", "coordinates": [ [ [ 121.18, 31.1 ], [ 121.18, 31.11 ], [ 121.19, 31.11 ], [ 121.19, 31.1 ], [ 121.18, 31.1 ] ] ] } },
{ "type": "Feature", "properties": { "grid_id": "r079_c035", "district_name": "松江区", "green_fraction": 0.4470231556781753, "water_fraction": 0.2051463897108752, "building_fraction": 0.0, "road_km_per_km2": 5.77782131365284, "utci_c": 37.21, "p_base": 0.7258, "p_enhanced": 0.7601, "delta_p": 0.0343, "rel_mitigation_pct": -4.72, "risk_level": "extreme", "quadrant": "Q3_双低安全区" }, "geometry": { "type": "Polygon", "coordinates": [ [ [ 121.2, 31.1 ], [ 121.2, 31.11 ], [ 121.21, 31.11 ], [ 121.21, 31.1 ], [ 121.2, 31.1 ] ] ] } },
{ "type": "Feature", "properties": { "grid_id": "r079_c037", "district_name": "松江区", "green_fraction": 0.020694063760359899, "water_fraction": 0.044194302703345997, "building_fraction": 0.017810848906245201, "road_km_per_km2": 6.2410147595901186, "utci_c": 38.37, "p_base": 0.7807, "p_enhanced": 0.8088, "delta_p": 0.0282, "rel_mitigation_pct": -3.61, "risk_level": "extreme", "quadrant": "Q3_双低安全区" }, "geometry": { "type": "Polygon", "coordinates": [ [ [ 121.22, 31.1 ], [ 121.22, 31.11 ], [ 121.23, 31.11 ], [ 121.23, 31.1 ], [ 121.22, 31.1 ] ] ] } },
{ "type": "Feature", "properties": { "grid_id": "r079_c040", "district_name": "松江区", "green_fraction": 0.0, "water_fraction": 0.027192687714184101, "building_fraction": 0.00090008405999870002, "road_km_per_km2": 7.5915256325274019, "utci_c": 38.43, "p_base": 0.7831, "p_enhanced": 0.8151, "delta_p": 0.032, "rel_mitigation_pct": -4.08, "risk_level": "extreme", "quadrant": "Q3_双低安全区" }, "geometry": { "type": "Polygon", "coordinates": [ [ [ 121.25, 31.1 ], [ 121.25, 31.11 ], [ 121.26, 31.11 ], [ 121.26, 31.1 ], [ 121.25, 31.1 ] ] ] } },
{ "type": "Feature", "properties": { "grid_id": "r079_c050", "district_name": "闵行区", "green_fraction": 0.036201470916154797, "water_fraction": 0.053335962416962597, "building_fraction": 0.058776317732949397, "road_km_per_km2": 11.10686382740924, "utci_c": 38.38, "p_base": 0.7811, "p_enhanced": 0.8045, "delta_p": 0.0234, "rel_mitigation_pct": -2.99, "risk_level": "extreme", "quadrant": "Q3_双低安全区" }, "geometry": { "type": "Polygon", "coordinates": [ [ [ 121.35, 31.1 ], [ 121.35, 31.11 ], [ 121.36, 31.11 ], [ 121.36, 31.1 ], [ 121.35, 31.1 ] ] ] } },
{ "type": "Feature", "properties": { "grid_id": "r079_c052", "district_name": "闵行区", "green_fraction": 0.0131707493189699, "water_fraction": 0.017245693807288302, "building_fraction": 0.079135777480881797, "road_km_per_km2": 10.778739131954111, "utci_c": 38.55, "p_base": 0.7885, "p_enhanced": 0.8168, "delta_p": 0.0283, "rel_mitigation_pct": -3.59, "risk_level": "extreme", "quadrant": "Q2_生态缓冲区" }, "geometry": { "type": "Polygon", "coordinates": [ [ [ 121.37, 31.1 ], [ 121.37, 31.11 ], [ 121.38, 31.11 ], [ 121.38, 31.1 ], [ 121.37, 31.1 ] ] ] } },
{ "type": "Feature", "properties": { "grid_id": "r079_c055", "district_name": "闵行区", "green_fraction": 0.023125082897703601, "water_fraction": 0.0, "building_fraction": 0.082924803510575004, "road_km_per_km2": 12.267172332047243, "utci_c": 38.59, "p_base": 0.7902, "p_enhanced": 0.8234, "delta_p": 0.0332, "rel_mitigation_pct": -4.2, "risk_level": "extreme", "quadrant": "Q1_双高极危区" }, "geometry": { "type": "Polygon", "coordinates": [ [ [ 121.4, 31.1 ], [ 121.4, 31.11 ], [ 121.41, 31.11 ], [ 121.41, 31.1 ], [ 121.4, 31.1 ] ] ] } },
{ "type": "Feature", "properties": { "grid_id": "r079_c057", "district_name": "闵行区", "green_fraction": 0.0, "water_fraction": 0.0, "building_fraction": 0.0013385942397863, "road_km_per_km2": 7.1057905102773748, "utci_c": 38.5, "p_base": 0.7865, "p_enhanced": 0.8251, "delta_p": 0.0386, "rel_mitigation_pct": -4.91, "risk_level": "extreme", "quadrant": "Q1_双高极危区" }, "geometry": { "type": "Polygon", "coordinates": [ [ [ 121.42, 31.1 ], [ 121.42, 31.11 ], [ 121.43, 31.11 ], [ 121.43, 31.1 ], [ 121.42, 31.1 ] ] ] } },
{ "type": "Feature", "properties": { "grid_id": "r080_c012", "district_name": "青浦区", "green_fraction": 0.049135880065977099, "water_fraction": 0.8098224196875683, "building_fraction": 0.0080010011030250995, "road_km_per_km2": 2.510513652897957, "utci_c": 36.17, "p_base": 0.6712, "p_enhanced": 0.3919, "delta_p": -0.2793, "rel_mitigation_pct": 41.61, "risk_level": "high", "quadrant": "Q3_双低安全区" }, "geometry": { "type": "Polygon", "coordinates": [ [ [ 120.97, 31.09 ], [ 120.97, 31.1 ], [ 120.98, 31.1 ], [ 120.98, 31.09 ], [ 120.97, 31.09 ] ] ] } },
{ "type": "Feature", "properties": { "grid_id": "r080_c030", "district_name": "松江区", "green_fraction": 0.0, "water_fraction": 0.0, "building_fraction": 0.0, "road_km_per_km2": 3.828734136855874, "utci_c": 38.5, "p_base": 0.7864, "p_enhanced": 0.8251, "delta_p": 0.0387, "rel_mitigation_pct": -4.92, "risk_level": "extreme", "quadrant": "Q1_双高极危区" }, "geometry": { "type": "Polygon", "coordinates": [ [ [ 121.15, 31.09 ], [ 121.15, 31.1 ], [ 121.16, 31.1 ], [ 121.16, 31.09 ], [ 121.15, 31.09 ] ] ] } },
{ "type": "Feature", "properties": { "grid_id": "r080_c032", "district_name": "松江区", "green_fraction": 0.0, "water_fraction": 0.044836089581491899, "building_fraction": 0.0402416977421238, "road_km_per_km2": 3.6030821441935657, "utci_c": 38.43, "p_base": 0.7835, "p_enhanced": 0.8071, "delta_p": 0.0235, "rel_mitigation_pct": -3.0, "risk_level": "extreme", "quadrant": "Q3_双低安全区" }, "geometry": { "type": "Polygon", "coordinates": [ [ [ 121.17, 31.09 ], [ 121.17, 31.1 ], [ 121.18, 31.1 ], [ 121.18, 31.09 ], [ 121.17, 31.09 ] ] ] } },
{ "type": "Feature", "properties": { "grid_id": "r080_c033", "district_name": "松江区", "green_fraction": 0.3001044441510875, "water_fraction": 0.0095923869702985998, "building_fraction": 0.0055405806022252001, "road_km_per_km2": 8.472222621169859, "utci_c": 38.0, "p_base": 0.764, "p_enhanced": 0.8319, "delta_p": 0.068, "rel_mitigation_pct": -8.9, "risk_level": "extreme", "quadrant": "Q4_脆弱敏感区" }, "geometry": { "type": "Polygon", "coordinates": [ [ [ 121.18, 31.09 ], [ 121.18, 31.1 ], [ 121.19, 31.1 ], [ 121.19, 31.09 ], [ 121.18, 31.09 ] ] ] } },
{ "type": "Feature", "properties": { "grid_id": "r080_c034", "district_name": "松江区", "green_fraction": 0.27511058216494499, "water_fraction": 0.0055448596088356998, "building_fraction": 0.0086200271370543997, "road_km_per_km2": 7.1112798316510819, "utci_c": 38.06, "p_base": 0.7665, "p_enhanced": 0.8324, "delta_p": 0.0658, "rel_mitigation_pct": -8.59, "risk_level": "extreme", "quadrant": "Q4_脆弱敏感区" }, "geometry": { "type": "Polygon", "coordinates": [ [ [ 121.19, 31.09 ], [ 121.19, 31.1 ], [ 121.2, 31.1 ], [ 121.2, 31.09 ], [ 121.19, 31.09 ] ] ] } },
{ "type": "Feature", "properties": { "grid_id": "r080_c035", "district_name": "松江区", "green_fraction": 0.034726828059508601, "water_fraction": 0.044999390138275398, "building_fraction": 0.0294066347165125, "road_km_per_km2": 8.8228402527483052, "utci_c": 38.36, "p_base": 0.7803, "p_enhanced": 0.8087, "delta_p": 0.0283, "rel_mitigation_pct": -3.63, "risk_level": "extreme", "quadrant": "Q3_双低安全区" }, "geometry": { "type": "Polygon", "coordinates": [ [ [ 121.2, 31.09 ], [ 121.2, 31.1 ], [ 121.21, 31.1 ], [ 121.21, 31.09 ], [ 121.2, 31.09 ] ] ] } },
{ "type": "Feature", "properties": { "grid_id": "r080_c036", "district_name": "松江区", "green_fraction": 0.054889882866484198, "water_fraction": 0.086442454227311102, "building_fraction": 0.0139510781007734, "road_km_per_km2": 9.0239353545202601, "utci_c": 38.19, "p_base": 0.7726, "p_enhanced": 0.7936, "delta_p": 0.0209, "rel_mitigation_pct": -2.71, "risk_level": "extreme", "quadrant": "Q3_双低安全区" }, "geometry": { "type": "Polygon", "coordinates": [ [ [ 121.21, 31.09 ], [ 121.21, 31.1 ], [ 121.22, 31.1 ], [ 121.22, 31.09 ], [ 121.21, 31.09 ] ] ] } },
{ "type": "Feature", "properties": { "grid_id": "r080_c037", "district_name": "松江区", "green_fraction": 0.037011121126376299, "water_fraction": 0.044885795576533702, "building_fraction": 0.0, "road_km_per_km2": 5.3507475443294528, "utci_c": 38.32, "p_base": 0.7782, "p_enhanced": 0.8098, "delta_p": 0.0315, "rel_mitigation_pct": -4.05, "risk_level": "extreme", "quadrant": "Q3_双低安全区" }, "geometry": { "type": "Polygon", "coordinates": [ [ [ 121.22, 31.09 ], [ 121.22, 31.1 ], [ 121.23, 31.1 ], [ 121.23, 31.09 ], [ 121.22, 31.09 ] ] ] } },
{ "type": "Feature", "properties": { "grid_id": "r080_c039", "district_name": "松江区", "green_fraction": 0.0, "water_fraction": 0.053800492487630698, "building_fraction": 0.034515111294281899, "road_km_per_km2": 5.4407358416723817, "utci_c": 38.4, "p_base": 0.782, "p_enhanced": 0.8038, "delta_p": 0.0217, "rel_mitigation_pct": -2.78, "risk_level": "extreme", "quadrant": "Q3_双低安全区" }, "geometry": { "type": "Polygon", "coordinates": [ [ [ 121.24, 31.09 ], [ 121.24, 31.1 ], [ 121.25, 31.1 ], [ 121.25, 31.09 ], [ 121.24, 31.09 ] ] ] } },
{ "type": "Feature", "properties": { "grid_id": "r080_c049", "district_name": "松江区", "green_fraction": 0.0, "water_fraction": 0.0, "building_fraction": 0.0148171181951617, "road_km_per_km2": 4.5883815011769027, "utci_c": 38.52, "p_base": 0.7873, "p_enhanced": 0.8246, "delta_p": 0.0373, "rel_mitigation_pct": -4.74, "risk_level": "extreme", "quadrant": "Q1_双高极危区" }, "geometry": { "type": "Polygon", "coordinates": [ [ [ 121.34, 31.09 ], [ 121.34, 31.1 ], [ 121.35, 31.1 ], [ 121.35, 31.09 ], [ 121.34, 31.09 ] ] ] } },
{ "type": "Feature", "properties": { "grid_id": "r080_c063", "district_name": "闵行区", "green_fraction": 0.0, "water_fraction": 0.0182739704777568, "building_fraction": 0.032095530334814201, "road_km_per_km2": 13.337603068597961, "utci_c": 38.5, "p_base": 0.7862, "p_enhanced": 0.8174, "delta_p": 0.0312, "rel_mitigation_pct": -3.96, "risk_level": "extreme", "quadrant": "Q2_生态缓冲区" }, "geometry": { "type": "Polygon", "coordinates": [ [ [ 121.48, 31.09 ], [ 121.48, 31.1 ], [ 121.49, 31.1 ], [ 121.49, 31.09 ], [ 121.48, 31.09 ] ] ] } },
{ "type": "Feature", "properties": { "grid_id": "r080_c064", "district_name": "闵行区", "green_fraction": 0.0049568826718219003, "water_fraction": 0.077150214260349098, "building_fraction": 0.0200240713219999, "road_km_per_km2": 9.8805614869590368, "utci_c": 38.31, "p_base": 0.7778, "p_enhanced": 0.7951, "delta_p": 0.0173, "rel_mitigation_pct": -2.23, "risk_level": "extreme", "quadrant": "Q3_双低安全区" }, "geometry": { "type": "Polygon", "coordinates": [ [ [ 121.49, 31.09 ], [ 121.49, 31.1 ], [ 121.5, 31.1 ], [ 121.5, 31.09 ], [ 121.49, 31.09 ] ] ] } },
{ "type": "Feature", "properties": { "grid_id": "r081_c033", "district_name": "松江区", "green_fraction": 0.18740081133422179, "water_fraction": 0.036313616308296798, "building_fraction": 0.0109292827524743, "road_km_per_km2": 7.0606320506797884, "utci_c": 38.11, "p_base": 0.7692, "p_enhanced": 0.8182, "delta_p": 0.049, "rel_mitigation_pct": -6.37, "risk_level": "extreme", "quadrant": "Q4_脆弱敏感区" }, "geometry": { "type": "Polygon", "coordinates": [ [ [ 121.18, 31.08 ], [ 121.18, 31.09 ], [ 121.19, 31.09 ], [ 121.19, 31.08 ], [ 121.18, 31.08 ] ] ] } },
{ "type": "Feature", "properties": { "grid_id": "r081_c034", "district_name": "松江区", "green_fraction": 0.041843053491708297, "water_fraction": 0.033466658945856299, "building_fraction": 0.00033821702248789997, "road_km_per_km2": 4.9323008303078151, "utci_c": 38.34, "p_base": 0.7793, "p_enhanced": 0.8143, "delta_p": 0.0349, "rel_mitigation_pct": -4.48, "risk_level": "extreme", "quadrant": "Q3_双低安全区" }, "geometry": { "type": "Polygon", "coordinates": [ [ [ 121.19, 31.08 ], [ 121.19, 31.09 ], [ 121.2, 31.09 ], [ 121.2, 31.08 ], [ 121.19, 31.08 ] ] ] } },
{ "type": "Feature", "properties": { "grid_id": "r081_c035", "district_name": "松江区", "green_fraction": 0.0137038857944048, "water_fraction": 0.044189042969802098, "building_fraction": 0.00024522012550619998, "road_km_per_km2": 4.7276645088392941, "utci_c": 38.35, "p_base": 0.78, "p_enhanced": 0.8091, "delta_p": 0.0292, "rel_mitigation_pct": -3.74, "risk_level": "extreme", "quadrant": "Q3_双低安全区" }, "geometry": { "type": "Polygon", "coordinates": [ [ [ 121.2, 31.08 ], [ 121.2, 31.09 ], [ 121.21, 31.09 ], [ 121.21, 31.08 ], [ 121.2, 31.08 ] ] ] } },
{ "type": "Feature", "properties": { "grid_id": "r081_c037", "district_name": "松江区", "green_fraction": 0.071174950639531498, "water_fraction": 0.0131415275789741, "building_fraction": 0.0084962342203260006, "road_km_per_km2": 7.9957496364387231, "utci_c": 38.36, "p_base": 0.7803, "p_enhanced": 0.8226, "delta_p": 0.0423, "rel_mitigation_pct": -5.42, "risk_level": "extreme", "quadrant": "Q4_脆弱敏感区" }, "geometry": { "type": "Polygon", "coordinates": [ [ [ 121.22, 31.08 ], [ 121.22, 31.09 ], [ 121.23, 31.09 ], [ 121.23, 31.08 ], [ 121.22, 31.08 ] ] ] } },
{ "type": "Feature", "properties": { "grid_id": "r081_c043", "district_name": "松江区", "green_fraction": 0.0073130636121248004, "water_fraction": 0.026882471229903199, "building_fraction": 0.028061036524748902, "road_km_per_km2": 14.722602942063682, "utci_c": 38.46, "p_base": 0.7844, "p_enhanced": 0.8146, "delta_p": 0.0302, "rel_mitigation_pct": -3.85, "risk_level": "extreme", "quadrant": "Q2_生态缓冲区" }, "geometry": { "type": "Polygon", "coordinates": [ [ [ 121.28, 31.08 ], [ 121.28, 31.09 ], [ 121.29, 31.09 ], [ 121.29, 31.08 ], [ 121.28, 31.08 ] ] ] } },
{ "type": "Feature", "properties": { "grid_id": "r081_c054", "district_name": "闵行区", "green_fraction": 0.015995953524304898, "water_fraction": 0.0, "building_fraction": 0.025264975587013301, "road_km_per_km2": 8.0618256033435198, "utci_c": 38.51, "p_base": 0.7869, "p_enhanced": 0.8249, "delta_p": 0.038, "rel_mitigation_pct": -4.82, "risk_level": "extreme", "quadrant": "Q1_双高极危区" }, "geometry": { "type": "Polygon", "coordinates": [ [ [ 121.39, 31.08 ], [ 121.39, 31.09 ], [ 121.4, 31.09 ], [ 121.4, 31.08 ], [ 121.39, 31.08 ] ] ] } },
{ "type": "Feature", "properties": { "grid_id": "r081_c076", "district_name": "浦东新区", "green_fraction": 0.008231512510936, "water_fraction": 0.0074717812933694002, "building_fraction": 0.0193578873107365, "road_km_per_km2": 6.8238973655106383, "utci_c": 38.49, "p_base": 0.7862, "p_enhanced": 0.8221, "delta_p": 0.0359, "rel_mitigation_pct": -4.57, "risk_level": "extreme", "quadrant": "Q1_双高极危区" }, "geometry": { "type": "Polygon", "coordinates": [ [ [ 121.61, 31.08 ], [ 121.61, 31.09 ], [ 121.62, 31.09 ], [ 121.62, 31.08 ], [ 121.61, 31.08 ] ] ] } },
{ "type": "Feature", "properties": { "grid_id": "r082_c005", "district_name": "青浦区", "green_fraction": 0.29360191088763271, "water_fraction": 0.33986635238542728, "building_fraction": 0.0074679877193586002, "road_km_per_km2": 9.8807565541307998, "utci_c": 37.09, "p_base": 0.7197, "p_enhanced": 0.6857, "delta_p": -0.0341, "rel_mitigation_pct": 4.73, "risk_level": "high", "quadrant": "Q3_双低安全区" }, "geometry": { "type": "Polygon", "coordinates": [ [ [ 120.9, 31.07 ], [ 120.9, 31.08 ], [ 120.91, 31.08 ], [ 120.91, 31.07 ], [ 120.9, 31.07 ] ] ] } },
{ "type": "Feature", "properties": { "grid_id": "r082_c008", "district_name": "青浦区", "green_fraction": 0.0, "water_fraction": 0.55776381223019689, "building_fraction": 0.0, "road_km_per_km2": 4.9173758699937986, "utci_c": 36.94, "p_base": 0.712, "p_enhanced": 0.5422, "delta_p": -0.1698, "rel_mitigation_pct": 23.85, "risk_level": "high", "quadrant": "Q3_双低安全区" }, "geometry": { "type": "Polygon", "coordinates": [ [ [ 120.93, 31.07 ], [ 120.93, 31.08 ], [ 120.94, 31.08 ], [ 120.94, 31.07 ], [ 120.93, 31.07 ] ] ] } },
{ "type": "Feature", "properties": { "grid_id": "r082_c009", "district_name": "青浦区", "green_fraction": 0.0, "water_fraction": 0.3169572643387395, "building_fraction": 0.0, "road_km_per_km2": 6.9716869627941565, "utci_c": 37.61, "p_base": 0.7456, "p_enhanced": 0.6822, "delta_p": -0.0633, "rel_mitigation_pct": 8.5, "risk_level": "high", "quadrant": "Q3_双低安全区" }, "geometry": { "type": "Polygon", "coordinates": [ [ [ 120.94, 31.07 ], [ 120.94, 31.08 ], [ 120.95, 31.08 ], [ 120.95, 31.07 ], [ 120.94, 31.07 ] ] ] } },
{ "type": "Feature", "properties": { "grid_id": "r082_c014", "district_name": "青浦区", "green_fraction": 0.73294648311694022, "water_fraction": 0.21438550109098931, "building_fraction": 0.0, "road_km_per_km2": 6.7292773296031125, "utci_c": 36.73, "p_base": 0.701, "p_enhanced": 0.7692, "delta_p": 0.0681, "rel_mitigation_pct": -9.72, "risk_level": "extreme", "quadrant": "Q3_双低安全区" }, "geometry": { "type": "Polygon", "coordinates": [ [ [ 120.99, 31.07 ], [ 120.99, 31.08 ], [ 121.0, 31.08 ], [ 121.0, 31.07 ], [ 120.99, 31.07 ] ] ] } },
{ "type": "Feature", "properties": { "grid_id": "r082_c026", "district_name": "青浦区", "green_fraction": 0.0011479837166411, "water_fraction": 0.0031507273384372, "building_fraction": 0.010360755351180501, "road_km_per_km2": 10.650844360784204, "utci_c": 38.5, "p_base": 0.7866, "p_enhanced": 0.8237, "delta_p": 0.0371, "rel_mitigation_pct": -4.72, "risk_level": "extreme", "quadrant": "Q1_双高极危区" }, "geometry": { "type": "Polygon", "coordinates": [ [ [ 121.11, 31.07 ], [ 121.11, 31.08 ], [ 121.12, 31.08 ], [ 121.12, 31.07 ], [ 121.11, 31.07 ] ] ] } },
{ "type": "Feature", "properties": { "grid_id": "r082_c029", "district_name": "松江区", "green_fraction": 0.243639291084113, "water_fraction": 0.0, "building_fraction": 0.015882803911497, "road_km_per_km2": 10.336891271042994, "utci_c": 38.13, "p_base": 0.7701, "p_enhanced": 0.833, "delta_p": 0.063, "rel_mitigation_pct": -8.18, "risk_level": "extreme", "quadrant": "Q4_脆弱敏感区" }, "geometry": { "type": "Polygon", "coordinates": [ [ [ 121.14, 31.07 ], [ 121.14, 31.08 ], [ 121.15, 31.08 ], [ 121.15, 31.07 ], [ 121.14, 31.07 ] ] ] } },
{ "type": "Feature", "properties": { "grid_id": "r082_c032", "district_name": "松江区", "green_fraction": 0.76458619237574921, "water_fraction": 0.089158445715449605, "building_fraction": 0.013324550854733001, "road_km_per_km2": 13.666482217488394, "utci_c": 37.05, "p_base": 0.7175, "p_enhanced": 0.8201, "delta_p": 0.1026, "rel_mitigation_pct": -14.3, "risk_level": "extreme", "quadrant": "Q4_脆弱敏感区" }, "geometry": { "type": "Polygon", "coordinates": [ [ [ 121.17, 31.07 ], [ 121.17, 31.08 ], [ 121.18, 31.08 ], [ 121.18, 31.07 ], [ 121.17, 31.07 ] ] ] } },
{ "type": "Feature", "properties": { "grid_id": "r082_c064", "district_name": "闵行区", "green_fraction": 0.13732994030438739, "water_fraction": 0.0124522006347012, "building_fraction": 0.032167451514695702, "road_km_per_km2": 17.111941453741832, "utci_c": 38.29, "p_base": 0.7773, "p_enhanced": 0.8244, "delta_p": 0.0472, "rel_mitigation_pct": -6.07, "risk_level": "extreme", "quadrant": "Q4_脆弱敏感区" }, "geometry": { "type": "Polygon", "coordinates": [ [ [ 121.49, 31.07 ], [ 121.49, 31.08 ], [ 121.5, 31.08 ], [ 121.5, 31.07 ], [ 121.49, 31.07 ] ] ] } },
{ "type": "Feature", "properties": { "grid_id": "r082_c069", "district_name": "闵行区", "green_fraction": 0.1228511917577579, "water_fraction": 0.0046924957086117002, "building_fraction": 0.028041368731953901, "road_km_per_km2": 7.6569152037560633, "utci_c": 38.33, "p_base": 0.779, "p_enhanced": 0.8268, "delta_p": 0.0478, "rel_mitigation_pct": -6.14, "risk_level": "extreme", "quadrant": "Q4_脆弱敏感区" }, "geometry": { "type": "Polygon", "coordinates": [ [ [ 121.54, 31.07 ], [ 121.54, 31.08 ], [ 121.55, 31.08 ], [ 121.55, 31.07 ], [ 121.54, 31.07 ] ] ] } },
{ "type": "Feature", "properties": { "grid_id": "r083_c006", "district_name": "青浦区", "green_fraction": 0.0, "water_fraction": 0.18437890021638059, "building_fraction": 0.0004102953205943, "road_km_per_km2": 10.966253858970903, "utci_c": 37.98, "p_base": 0.7632, "p_enhanced": 0.7489, "delta_p": -0.0143, "rel_mitigation_pct": 1.87, "risk_level": "extreme", "quadrant": "Q3_双低安全区" }, "geometry": { "type": "Polygon", "coordinates": [ [ [ 120.91, 31.06 ], [ 120.91, 31.07 ], [ 120.92, 31.07 ], [ 120.92, 31.06 ], [ 120.91, 31.06 ] ] ] } },
{ "type": "Feature", "properties": { "grid_id": "r083_c008", "district_name": "青浦区", "green_fraction": 0.0, "water_fraction": 0.060493049028666701, "building_fraction": 0.021591308583637, "road_km_per_km2": 9.44389507449673, "utci_c": 38.36, "p_base": 0.7804, "p_enhanced": 0.8016, "delta_p": 0.0212, "rel_mitigation_pct": -2.72, "risk_level": "extreme", "quadrant": "Q3_双低安全区" }, "geometry": { "type": "Polygon", "coordinates": [ [ [ 120.93, 31.06 ], [ 120.93, 31.07 ], [ 120.94, 31.07 ], [ 120.94, 31.06 ], [ 120.93, 31.06 ] ] ] } },
{ "type": "Feature", "properties": { "grid_id": "r083_c012", "district_name": "青浦区", "green_fraction": 0.73234470897977622, "water_fraction": 0.31574973088390901, "building_fraction": 0.0, "road_km_per_km2": 7.1041069560125338, "utci_c": 36.44, "p_base": 0.6861, "p_enhanced": 0.722, "delta_p": 0.0358, "rel_mitigation_pct": -5.22, "risk_level": "extreme", "quadrant": "Q3_双低安全区" }, "geometry": { "type": "Polygon", "coordinates": [ [ [ 120.97, 31.06 ], [ 120.97, 31.07 ], [ 120.98, 31.07 ], [ 120.98, 31.06 ], [ 120.97, 31.06 ] ] ] } },
{ "type": "Feature", "properties": { "grid_id": "r083_c029", "district_name": "松江区", "green_fraction": 0.0190406040107499, "water_fraction": 0.079862274653925203, "building_fraction": 0.0048589091084539999, "road_km_per_km2": 5.7687180382394061, "utci_c": 38.25, "p_base": 0.7754, "p_enhanced": 0.7951, "delta_p": 0.0197, "rel_mitigation_pct": -2.54, "risk_level": "extreme", "quadrant": "Q3_双低安全区" }, "geometry": { "type": "Polygon", "coordinates": [ [ [ 121.14, 31.06 ], [ 121.14, 31.07 ], [ 121.15, 31.07 ], [ 121.15, 31.06 ], [ 121.14, 31.06 ] ] ] } },
{ "type": "Feature", "properties": { "grid_id": "r083_c030", "district_name": "松江区", "green_fraction": 0.0034796391668712998, "water_fraction": 0.039446930075643198, "building_fraction": 0.0062850278786357999, "road_km_per_km2": 10.702899703934548, "utci_c": 38.39, "p_base": 0.7817, "p_enhanced": 0.8104, "delta_p": 0.0287, "rel_mitigation_pct": -3.67, "risk_level": "extreme", "quadrant": "Q3_双低安全区" }, "geometry": { "type": "Polygon", "coordinates": [ [ [ 121.15, 31.06 ], [ 121.15, 31.07 ], [ 121.16, 31.07 ], [ 121.16, 31.06 ], [ 121.15, 31.06 ] ] ] } },
{ "type": "Feature", "properties": { "grid_id": "r083_c032", "district_name": "松江区", "green_fraction": 0.78653138884094975, "water_fraction": 0.0, "building_fraction": 0.0, "road_km_per_km2": 5.1093465950271337, "utci_c": 37.24, "p_base": 0.7273, "p_enhanced": 0.8514, "delta_p": 0.1241, "rel_mitigation_pct": -17.06, "risk_level": "extreme", "quadrant": "Q4_脆弱敏感区" }, "geometry": { "type": "Polygon", "coordinates": [ [ [ 121.17, 31.06 ], [ 121.17, 31.07 ], [ 121.18, 31.07 ], [ 121.18, 31.06 ], [ 121.17, 31.06 ] ] ] } },
{ "type": "Feature", "properties": { "grid_id": "r083_c034", "district_name": "松江区", "green_fraction": 0.26942650552220743, "water_fraction": 0.18114061114660129, "building_fraction": 0.079314761898109501, "road_km_per_km2": 12.236309973316857, "utci_c": 37.68, "p_base": 0.7489, "p_enhanced": 0.7596, "delta_p": 0.0107, "rel_mitigation_pct": -1.43, "risk_level": "extreme", "quadrant": "Q3_双低安全区" }, "geometry": { "type": "Polygon", "coordinates": [ [ [ 121.19, 31.06 ], [ 121.19, 31.07 ], [ 121.2, 31.07 ], [ 121.2, 31.06 ], [ 121.19, 31.06 ] ] ] } },
{ "type": "Feature", "properties": { "grid_id": "r083_c036", "district_name": "松江区", "green_fraction": 0.018263205692024199, "water_fraction": 0.048996636460347499, "building_fraction": 0.0214895933503149, "road_km_per_km2": 10.018623263331204, "utci_c": 38.37, "p_base": 0.7805, "p_enhanced": 0.8068, "delta_p": 0.0263, "rel_mitigation_pct": -3.37, "risk_level": "extreme", "quadrant": "Q3_双低安全区" }, "geometry": { "type": "Polygon", "coordinates": [ [ [ 121.21, 31.06 ], [ 121.21, 31.07 ], [ 121.22, 31.07 ], [ 121.22, 31.06 ], [ 121.21, 31.06 ] ] ] } },
{ "type": "Feature", "properties": { "grid_id": "r083_c038", "district_name": "松江区", "green_fraction": 0.015780542522052399, "water_fraction": 0.1336478796714525, "building_fraction": 0.054954356277815697, "road_km_per_km2": 6.2032260132850299, "utci_c": 38.18, "p_base": 0.7723, "p_enhanced": 0.7704, "delta_p": -0.0018, "rel_mitigation_pct": 0.24, "risk_level": "extreme", "quadrant": "Q3_双低安全区" }, "geometry": { "type": "Polygon", "coordinates": [ [ [ 121.23, 31.06 ], [ 121.23, 31.07 ], [ 121.24, 31.07 ], [ 121.24, 31.06 ], [ 121.23, 31.06 ] ] ] } },
{ "type": "Feature", "properties": { "grid_id": "r084_c036", "district_name": "松江区", "green_fraction": 0.068178549029774493, "water_fraction": 0.11696157655167951, "building_fraction": 0.059285836108963402, "road_km_per_km2": 11.105148956902235, "utci_c": 38.15, "p_base": 0.7709, "p_enhanced": 0.7797, "delta_p": 0.0089, "rel_mitigation_pct": -1.15, "risk_level": "extreme", "quadrant": "Q3_双低安全区" }, "geometry": { "type": "Polygon", "coordinates": [ [ [ 121.21, 31.05 ], [ 121.21, 31.06 ], [ 121.22, 31.06 ], [ 121.22, 31.05 ], [ 121.21, 31.05 ] ] ] } },
{ "type": "Feature", "properties": { "grid_id": "r084_c065", "district_name": "闵行区", "green_fraction": 0.7490508654858542, "water_fraction": 0.084418862560178595, "building_fraction": 0.0180084744059433, "road_km_per_km2": 19.823750147196986, "utci_c": 37.09, "p_base": 0.7198, "p_enhanced": 0.8211, "delta_p": 0.1013, "rel_mitigation_pct": -14.07, "risk_level": "extreme", "quadrant": "Q4_脆弱敏感区" }, "geometry": { "type": "Polygon", "coordinates": [ [ [ 121.5, 31.05 ], [ 121.5, 31.06 ], [ 121.51, 31.06 ], [ 121.51, 31.05 ], [ 121.5, 31.05 ] ] ] } },
{ "type": "Feature", "properties": { "grid_id": "r084_c086", "district_name": "浦东新区", "green_fraction": 0.079352175010962797, "water_fraction": 0.098751346914123198, "building_fraction": 0.029289718891825599, "road_km_per_km2": 10.054705760672768, "utci_c": 38.14, "p_base": 0.7703, "p_enhanced": 0.7889, "delta_p": 0.0186, "rel_mitigation_pct": -2.41, "risk_level": "extreme", "quadrant": "Q3_双低安全区" }, "geometry": { "type": "Polygon", "coordinates": [ [ [ 121.71, 31.05 ], [ 121.71, 31.06 ], [ 121.72, 31.06 ], [ 121.72, 31.05 ], [ 121.71, 31.05 ] ] ] } },
{ "type": "Feature", "properties": { "grid_id": "r084_c091", "district_name": "浦东新区", "green_fraction": 0.084780177630334394, "water_fraction": 0.0, "building_fraction": 0.1669513658117876, "road_km_per_km2": 12.507855424240301, "utci_c": 38.61, "p_base": 0.7913, "p_enhanced": 0.823, "delta_p": 0.0316, "rel_mitigation_pct": -3.99, "risk_level": "extreme", "quadrant": "Q1_双高极危区" }, "geometry": { "type": "Polygon", "coordinates": [ [ [ 121.76, 31.05 ], [ 121.76, 31.06 ], [ 121.77, 31.06 ], [ 121.77, 31.05 ], [ 121.76, 31.05 ] ] ] } },
{ "type": "Feature", "properties": { "grid_id": "r085_c013", "district_name": "青浦区", "green_fraction": 0.0, "water_fraction": 0.0925067020173274, "building_fraction": 0.0, "road_km_per_km2": 4.0377654204511604, "utci_c": 38.24, "p_base": 0.7749, "p_enhanced": 0.7893, "delta_p": 0.0144, "rel_mitigation_pct": -1.86, "risk_level": "extreme", "quadrant": "Q3_双低安全区" }, "geometry": { "type": "Polygon", "coordinates": [ [ [ 120.98, 31.04 ], [ 120.98, 31.05 ], [ 120.99, 31.05 ], [ 120.99, 31.04 ], [ 120.98, 31.04 ] ] ] } },
{ "type": "Feature", "properties": { "grid_id": "r085_c042", "district_name": "松江区", "green_fraction": 0.0, "water_fraction": 0.0, "building_fraction": 0.024624198720875699, "road_km_per_km2": 6.3987643875232703, "utci_c": 38.54, "p_base": 0.788, "p_enhanced": 0.8243, "delta_p": 0.0364, "rel_mitigation_pct": -4.61, "risk_level": "extreme", "quadrant": "Q1_双高极危区" }, "geometry": { "type": "Polygon", "coordinates": [ [ [ 121.27, 31.04 ], [ 121.27, 31.05 ], [ 121.28, 31.05 ], [ 121.28, 31.04 ], [ 121.27, 31.04 ] ] ] } },
{ "type": "Feature", "properties": { "grid_id": "r085_c063", "district_name": "闵行区", "green_fraction": 0.22242174224341671, "water_fraction": 0.11898133580655169, "building_fraction": 0.00096238723349940003, "road_km_per_km2": 8.978150333463077, "utci_c": 37.81, "p_base": 0.7551, "p_enhanced": 0.7875, "delta_p": 0.0323, "rel_mitigation_pct": -4.28, "risk_level": "extreme", "quadrant": "Q3_双低安全区" }, "geometry": { "type": "Polygon", "coordinates": [ [ [ 121.48, 31.04 ], [ 121.48, 31.05 ], [ 121.49, 31.05 ], [ 121.49, 31.04 ], [ 121.48, 31.04 ] ] ] } },
{ "type": "Feature", "properties": { "grid_id": "r085_c065", "district_name": "闵行区", "green_fraction": 0.16155309551301139, "water_fraction": 0.014842017996737501, "building_fraction": 0.0026553681380365002, "road_km_per_km2": 10.031657657905924, "utci_c": 38.2, "p_base": 0.7732, "p_enhanced": 0.8253, "delta_p": 0.0521, "rel_mitigation_pct": -6.74, "risk_level": "extreme", "quadrant": "Q4_脆弱敏感区" }, "geometry": { "type": "Polygon", "coordinates": [ [ [ 121.5, 31.04 ], [ 121.5, 31.05 ], [ 121.51, 31.05 ], [ 121.51, 31.04 ], [ 121.5, 31.04 ] ] ] } },
{ "type": "Feature", "properties": { "grid_id": "r085_c066", "district_name": "闵行区", "green_fraction": 0.47054849880353122, "water_fraction": 0.019207609384142399, "building_fraction": 0.0142222241671943, "road_km_per_km2": 8.3785948576071956, "utci_c": 37.71, "p_base": 0.7505, "p_enhanced": 0.8342, "delta_p": 0.0837, "rel_mitigation_pct": -11.16, "risk_level": "extreme", "quadrant": "Q4_脆弱敏感区" }, "geometry": { "type": "Polygon", "coordinates": [ [ [ 121.51, 31.04 ], [ 121.51, 31.05 ], [ 121.52, 31.05 ], [ 121.52, 31.04 ], [ 121.51, 31.04 ] ] ] } },
{ "type": "Feature", "properties": { "grid_id": "r085_c087", "district_name": "浦东新区", "green_fraction": 0.0, "water_fraction": 0.046673401727906398, "building_fraction": 0.021695184278405898, "road_km_per_km2": 3.1967750958322005, "utci_c": 38.4, "p_base": 0.7821, "p_enhanced": 0.807, "delta_p": 0.0249, "rel_mitigation_pct": -3.18, "risk_level": "extreme", "quadrant": "Q3_双低安全区" }, "geometry": { "type": "Polygon", "coordinates": [ [ [ 121.72, 31.04 ], [ 121.72, 31.05 ], [ 121.73, 31.05 ], [ 121.73, 31.04 ], [ 121.72, 31.04 ] ] ] } },
{ "type": "Feature", "properties": { "grid_id": "r086_c006", "district_name": "青浦区", "green_fraction": 0.0, "water_fraction": 0.018294402745493699, "building_fraction": 0.0015334406615488999, "road_km_per_km2": 11.388862735446311, "utci_c": 38.45, "p_base": 0.7842, "p_enhanced": 0.8184, "delta_p": 0.0341, "rel_mitigation_pct": -4.35, "risk_level": "extreme", "quadrant": "Q1_双高极危区" }, "geometry": { "type": "Polygon", "coordinates": [ [ [ 120.91, 31.03 ], [ 120.91, 31.04 ], [ 120.92, 31.04 ], [ 120.92, 31.03 ], [ 120.91, 31.03 ] ] ] } },
{ "type": "Feature", "properties": { "grid_id": "r086_c021", "district_name": "青浦区", "green_fraction": 0.38628116290860021, "water_fraction": 0.23187886033577129, "building_fraction": 0.0, "road_km_per_km2": 1.6862458732485617, "utci_c": 37.23, "p_base": 0.7269, "p_enhanced": 0.7449, "delta_p": 0.018, "rel_mitigation_pct": -2.48, "risk_level": "extreme", "quadrant": "Q3_双低安全区" }, "geometry": { "type": "Polygon", "coordinates": [ [ [ 121.06, 31.03 ], [ 121.06, 31.04 ], [ 121.07, 31.04 ], [ 121.07, 31.03 ], [ 121.06, 31.03 ] ] ] } },
{ "type": "Feature", "properties": { "grid_id": "r086_c033", "district_name": "松江区", "green_fraction": 0.016743428885853499, "water_fraction": 0.043284863629799199, "building_fraction": 0.030371140927270099, "road_km_per_km2": 9.9763147254968807, "utci_c": 38.4, "p_base": 0.7819, "p_enhanced": 0.8086, "delta_p": 0.0267, "rel_mitigation_pct": -3.42, "risk_level": "extreme", "quadrant": "Q3_双低安全区" }, "geometry": { "type": "Polygon", "coordinates": [ [ [ 121.18, 31.03 ], [ 121.18, 31.04 ], [ 121.19, 31.04 ], [ 121.19, 31.03 ], [ 121.18, 31.03 ] ] ] } },
{ "type": "Feature", "properties": { "grid_id": "r086_c034", "district_name": "松江区", "green_fraction": 0.0164469189314197, "water_fraction": 0.2043450127602402, "building_fraction": 0.040961964845213299, "road_km_per_km2": 15.727522607089808, "utci_c": 37.96, "p_base": 0.7622, "p_enhanced": 0.7385, "delta_p": -0.0236, "rel_mitigation_pct": 3.1, "risk_level": "extreme", "quadrant": "Q3_双低安全区" }, "geometry": { "type": "Polygon", "coordinates": [ [ [ 121.19, 31.03 ], [ 121.19, 31.04 ], [ 121.2, 31.04 ], [ 121.2, 31.03 ], [ 121.19, 31.03 ] ] ] } },
{ "type": "Feature", "properties": { "grid_id": "r086_c035", "district_name": "松江区", "green_fraction": 0.2037201421687633, "water_fraction": 0.097370991748591304, "building_fraction": 0.092136662536747002, "road_km_per_km2": 14.877918936252168, "utci_c": 38.04, "p_base": 0.7657, "p_enhanced": 0.7923, "delta_p": 0.0266, "rel_mitigation_pct": -3.47, "risk_level": "extreme", "quadrant": "Q3_双低安全区" }, "geometry": { "type": "Polygon", "coordinates": [ [ [ 121.2, 31.03 ], [ 121.2, 31.04 ], [ 121.21, 31.04 ], [ 121.21, 31.03 ], [ 121.2, 31.03 ] ] ] } },
{ "type": "Feature", "properties": { "grid_id": "r086_c036", "district_name": "松江区", "green_fraction": 0.33485305849013419, "water_fraction": 0.092061123194389194, "building_fraction": 0.1154782916965965, "road_km_per_km2": 13.444730539201329, "utci_c": 37.88, "p_base": 0.7583, "p_enhanced": 0.7989, "delta_p": 0.0406, "rel_mitigation_pct": -5.36, "risk_level": "extreme", "quadrant": "Q3_双低安全区" }, "geometry": { "type": "Polygon", "coordinates": [ [ [ 121.21, 31.03 ], [ 121.21, 31.04 ], [ 121.22, 31.04 ], [ 121.22, 31.03 ], [ 121.21, 31.03 ] ] ] } },
{ "type": "Feature", "properties": { "grid_id": "r086_c037", "district_name": "松江区", "green_fraction": 0.27225625202738091, "water_fraction": 0.058064375743310602, "building_fraction": 0.097871520364937598, "road_km_per_km2": 12.209231337471602, "utci_c": 38.05, "p_base": 0.7661, "p_enhanced": 0.8103, "delta_p": 0.0442, "rel_mitigation_pct": -5.77, "risk_level": "extreme", "quadrant": "Q3_双低安全区" }, "geometry": { "type": "Polygon", "coordinates": [ [ [ 121.22, 31.03 ], [ 121.22, 31.04 ], [ 121.23, 31.04 ], [ 121.23, 31.03 ], [ 121.22, 31.03 ] ] ] } },
{ "type": "Feature", "properties": { "grid_id": "r086_c038", "district_name": "松江区", "green_fraction": 0.0092528348066170003, "water_fraction": 0.041067459773523503, "building_fraction": 0.14947714895007791, "road_km_per_km2": 12.1822071431609, "utci_c": 38.59, "p_base": 0.7905, "p_enhanced": 0.8053, "delta_p": 0.0148, "rel_mitigation_pct": -1.87, "risk_level": "extreme", "quadrant": "Q2_生态缓冲区" }, "geometry": { "type": "Polygon", "coordinates": [ [ [ 121.23, 31.03 ], [ 121.23, 31.04 ], [ 121.24, 31.04 ], [ 121.24, 31.03 ], [ 121.23, 31.03 ] ] ] } },
{ "type": "Feature", "properties": { "grid_id": "r086_c039", "district_name": "松江区", "green_fraction": 0.0, "water_fraction": 0.00028660466461500001, "building_fraction": 0.1042343432434317, "road_km_per_km2": 15.482107347926322, "utci_c": 38.66, "p_base": 0.7931, "p_enhanced": 0.8218, "delta_p": 0.0287, "rel_mitigation_pct": -3.62, "risk_level": "extreme", "quadrant": "Q1_双高极危区" }, "geometry": { "type": "Polygon", "coordinates": [ [ [ 121.24, 31.03 ], [ 121.24, 31.04 ], [ 121.25, 31.04 ], [ 121.25, 31.03 ], [ 121.24, 31.03 ] ] ] } },
{ "type": "Feature", "properties": { "grid_id": "r086_c058", "district_name": "闵行区", "green_fraction": 0.103569494111882, "water_fraction": 0.037730897413749603, "building_fraction": 0.068124126305792301, "road_km_per_km2": 21.763696850864999, "utci_c": 38.33, "p_base": 0.7789, "p_enhanced": 0.8127, "delta_p": 0.0338, "rel_mitigation_pct": -4.34, "risk_level": "extreme", "quadrant": "Q3_双低安全区" }, "geometry": { "type": "Polygon", "coordinates": [ [ [ 121.43, 31.03 ], [ 121.43, 31.04 ], [ 121.44, 31.04 ], [ 121.44, 31.03 ], [ 121.43, 31.03 ] ] ] } },
{ "type": "Feature", "properties": { "grid_id": "r086_c086", "district_name": "浦东新区", "green_fraction": 0.0, "water_fraction": 5.9559416170828902e-05, "building_fraction": 0.019613713709048301, "road_km_per_km2": 6.4581551973889191, "utci_c": 38.53, "p_base": 0.7877, "p_enhanced": 0.8245, "delta_p": 0.0368, "rel_mitigation_pct": -4.67, "risk_level": "extreme", "quadrant": "Q1_双高极危区" }, "geometry": { "type": "Polygon", "coordinates": [ [ [ 121.71, 31.03 ], [ 121.71, 31.04 ], [ 121.72, 31.04 ], [ 121.72, 31.03 ], [ 121.71, 31.03 ] ] ] } },
{ "type": "Feature", "properties": { "grid_id": "r087_c011", "district_name": "青浦区", "green_fraction": 0.011264852104377001, "water_fraction": 0.32363629437008568, "building_fraction": 0.0, "road_km_per_km2": 6.4982693008775181, "utci_c": 37.58, "p_base": 0.7438, "p_enhanced": 0.6792, "delta_p": -0.0646, "rel_mitigation_pct": 8.68, "risk_level": "high", "quadrant": "Q3_双低安全区" }, "geometry": { "type": "Polygon", "coordinates": [ [ [ 120.96, 31.03 ], [ 120.97, 31.03 ], [ 120.97, 31.02 ], [ 120.960812078352291, 31.02 ], [ 120.96, 31.020847476326466 ], [ 120.96, 31.03 ] ] ] } },
{ "type": "Feature", "properties": { "grid_id": "r087_c013", "district_name": "青浦区", "green_fraction": 0.071129666463466301, "water_fraction": 0.26124153041772441, "building_fraction": 0.0, "road_km_per_km2": 5.8131565305219022, "utci_c": 37.65, "p_base": 0.7476, "p_enhanced": 0.715, "delta_p": -0.0326, "rel_mitigation_pct": 4.36, "risk_level": "extreme", "quadrant": "Q3_双低安全区" }, "geometry": { "type": "Polygon", "coordinates": [ [ [ 120.98, 31.02 ], [ 120.98, 31.03 ], [ 120.99, 31.03 ], [ 120.99, 31.02 ], [ 120.98, 31.02 ] ] ] } },
{ "type": "Feature", "properties": { "grid_id": "r087_c018", "district_name": "青浦区", "green_fraction": 0.42658027735524201, "water_fraction": 0.1794408126133627, "building_fraction": 0.0, "road_km_per_km2": 10.318480992301639, "utci_c": 37.32, "p_base": 0.731, "p_enhanced": 0.7705, "delta_p": 0.0395, "rel_mitigation_pct": -5.41, "risk_level": "extreme", "quadrant": "Q3_双低安全区" }, "geometry": { "type": "Polygon", "coordinates": [ [ [ 121.03, 31.02 ], [ 121.03, 31.03 ], [ 121.04, 31.03 ], [ 121.04, 31.02 ], [ 121.03, 31.02 ] ] ] } },
{ "type": "Feature", "properties": { "grid_id": "r087_c040", "district_name": "松江区", "green_fraction": 0.0, "water_fraction": 0.034366092242250401, "building_fraction": 0.066669169245942406, "road_km_per_km2": 4.7966024783617573, "utci_c": 38.5, "p_base": 0.7865, "p_enhanced": 0.8102, "delta_p": 0.0237, "rel_mitigation_pct": -3.01, "risk_level": "extreme", "quadrant": "Q2_生态缓冲区" }, "geometry": { "type": "Polygon", "coordinates": [ [ [ 121.25, 31.02 ], [ 121.25, 31.03 ], [ 121.26, 31.03 ], [ 121.26, 31.02 ], [ 121.25, 31.02 ] ] ] } },
{ "type": "Feature", "properties": { "grid_id": "r087_c055", "district_name": "闵行区", "green_fraction": 0.1195877002966205, "water_fraction": 0.024104330739769201, "building_fraction": 0.058281280517587297, "road_km_per_km2": 10.854172663101741, "utci_c": 38.33, "p_base": 0.7788, "p_enhanced": 0.8187, "delta_p": 0.0399, "rel_mitigation_pct": -5.13, "risk_level": "extreme", "quadrant": "Q4_脆弱敏感区" }, "geometry": { "type": "Polygon", "coordinates": [ [ [ 121.4, 31.02 ], [ 121.4, 31.03 ], [ 121.41, 31.03 ], [ 121.41, 31.02 ], [ 121.4, 31.02 ] ] ] } },
{ "type": "Feature", "properties": { "grid_id": "r087_c057", "district_name": "闵行区", "green_fraction": 0.1218305685324919, "water_fraction": 0.0429163502764741, "building_fraction": 0.15230790363599661, "road_km_per_km2": 27.813414940140479, "utci_c": 38.41, "p_base": 0.7826, "p_enhanced": 0.8087, "delta_p": 0.0261, "rel_mitigation_pct": -3.34, "risk_level": "extreme", "quadrant": "Q3_双低安全区" }, "geometry": { "type": "Polygon", "coordinates": [ [ [ 121.42, 31.02 ], [ 121.42, 31.03 ], [ 121.43, 31.03 ], [ 121.43, 31.02 ], [ 121.42, 31.02 ] ] ] } },
{ "type": "Feature", "properties": { "grid_id": "r087_c058", "district_name": "闵行区", "green_fraction": 0.15818551574711029, "water_fraction": 0.055621753456366302, "building_fraction": 0.10823850717482709, "road_km_per_km2": 25.270024926384234, "utci_c": 38.25, "p_base": 0.7755, "p_enhanced": 0.8066, "delta_p": 0.0312, "rel_mitigation_pct": -4.02, "risk_level": "extreme", "quadrant": "Q3_双低安全区" }, "geometry": { "type": "Polygon", "coordinates": [ [ [ 121.43, 31.02 ], [ 121.43, 31.03 ], [ 121.44, 31.03 ], [ 121.44, 31.02 ], [ 121.43, 31.02 ] ] ] } },
{ "type": "Feature", "properties": { "grid_id": "r087_c059", "district_name": "闵行区", "green_fraction": 0.1073979618057655, "water_fraction": 0.018195047448700999, "building_fraction": 0.1747052994317666, "road_km_per_km2": 15.790197505649669, "utci_c": 38.54, "p_base": 0.7881, "p_enhanced": 0.8168, "delta_p": 0.0287, "rel_mitigation_pct": -3.65, "risk_level": "extreme", "quadrant": "Q2_生态缓冲区" }, "geometry": { "type": "Polygon", "coordinates": [ [ [ 121.44, 31.02 ], [ 121.44, 31.03 ], [ 121.45, 31.03 ], [ 121.45, 31.02 ], [ 121.44, 31.02 ] ] ] } },
{ "type": "Feature", "properties": { "grid_id": "r087_c061", "district_name": "闵行区", "green_fraction": 0.0075492815223882999, "water_fraction": 0.24332496069283949, "building_fraction": 0.036241868839697398, "road_km_per_km2": 11.057813806786616, "utci_c": 37.86, "p_base": 0.7574, "p_enhanced": 0.7192, "delta_p": -0.0382, "rel_mitigation_pct": 5.05, "risk_level": "extreme", "quadrant": "Q3_双低安全区" }, "geometry": { "type": "Polygon", "coordinates": [ [ [ 121.46, 31.02 ], [ 121.46, 31.03 ], [ 121.47, 31.03 ], [ 121.47, 31.02 ], [ 121.46, 31.02 ] ] ] } },
{ "type": "Feature", "properties": { "grid_id": "r087_c079", "district_name": "浦东新区", "green_fraction": 0.0, "water_fraction": 0.0, "building_fraction": 0.048023531723878098, "road_km_per_km2": 11.571858649780232, "utci_c": 38.57, "p_base": 0.7895, "p_enhanced": 0.8236, "delta_p": 0.0341, "rel_mitigation_pct": -4.32, "risk_level": "extreme", "quadrant": "Q1_双高极危区" }, "geometry": { "type": "Polygon", "coordinates": [ [ [ 121.64, 31.02 ], [ 121.64, 31.03 ], [ 121.65, 31.03 ], [ 121.65, 31.02 ], [ 121.64, 31.02 ] ] ] } },
{ "type": "Feature", "properties": { "grid_id": "r087_c084", "district_name": "浦东新区", "green_fraction": 0.0116427400938667, "water_fraction": 0.0, "building_fraction": 0.1003971143529344, "road_km_per_km2": 7.9495265394565546, "utci_c": 38.63, "p_base": 0.7921, "p_enhanced": 0.8224, "delta_p": 0.0303, "rel_mitigation_pct": -3.83, "risk_level": "extreme", "quadrant": "Q1_双高极危区" }, "geometry": { "type": "Polygon", "coordinates": [ [ [ 121.69, 31.02 ], [ 121.69, 31.03 ], [ 121.7, 31.03 ], [ 121.7, 31.02 ], [ 121.69, 31.02 ] ] ] } },
{ "type": "Feature", "properties": { "grid_id": "r088_c019", "district_name": "青浦区", "green_fraction": 0.35479617026474919, "water_fraction": 0.0019226463136877, "building_fraction": 0.1121112772695403, "road_km_per_km2": 10.273894199100344, "utci_c": 38.1, "p_base": 0.7683, "p_enhanced": 0.8333, "delta_p": 0.065, "rel_mitigation_pct": -8.46, "risk_level": "extreme", "quadrant": "Q4_脆弱敏感区" }, "geometry": { "type": "Polygon", "coordinates": [ [ [ 121.04, 31.01 ], [ 121.04, 31.02 ], [ 121.05, 31.02 ], [ 121.05, 31.01 ], [ 121.04, 31.01 ] ] ] } },
{ "type": "Feature", "properties": { "grid_id": "r088_c041", "district_name": "松江区", "green_fraction": 0.0461392589498682, "water_fraction": 0.027122481874781199, "building_fraction": 0.13878615157838389, "road_km_per_km2": 7.4643816521747581, "utci_c": 38.56, "p_base": 0.7889, "p_enhanced": 0.8124, "delta_p": 0.0235, "rel_mitigation_pct": -2.97, "risk_level": "extreme", "quadrant": "Q2_生态缓冲区" }, "geometry": { "type": "Polygon", "coordinates": [ [ [ 121.26, 31.01 ], [ 121.26, 31.02 ], [ 121.27, 31.02 ], [ 121.27, 31.01 ], [ 121.26, 31.01 ] ] ] } },
{ "type": "Feature", "properties": { "grid_id": "r088_c045", "district_name": "松江区", "green_fraction": 0.0, "water_fraction": 7.5542613995783948e-06, "building_fraction": 0.018789012333003001, "road_km_per_km2": 13.686718771045284, "utci_c": 38.53, "p_base": 0.7876, "p_enhanced": 0.8245, "delta_p": 0.0369, "rel_mitigation_pct": -4.69, "risk_level": "extreme", "quadrant": "Q1_双高极危区" }, "geometry": { "type": "Polygon", "coordinates": [ [ [ 121.3, 31.01 ], [ 121.3, 31.02 ], [ 121.31, 31.02 ], [ 121.31, 31.01 ], [ 121.3, 31.01 ] ] ] } },
{ "type": "Feature", "properties": { "grid_id": "r088_c079", "district_name": "浦东新区", "green_fraction": 0.11073666289713111, "water_fraction": 0.093328005108339607, "building_fraction": 0.0062047598996821003, "road_km_per_km2": 12.886433499604998, "utci_c": 38.07, "p_base": 0.7672, "p_enhanced": 0.7933, "delta_p": 0.0261, "rel_mitigation_pct": -3.4, "risk_level": "extreme", "quadrant": "Q3_双低安全区" }, "geometry": { "type": "Polygon", "coordinates": [ [ [ 121.64, 31.01 ], [ 121.64, 31.02 ], [ 121.65, 31.02 ], [ 121.65, 31.01 ], [ 121.64, 31.01 ] ] ] } },
{ "type": "Feature", "properties": { "grid_id": "r089_c035", "district_name": "松江区", "green_fraction": 0.0, "water_fraction": 0.0, "building_fraction": 0.0011852932725492, "road_km_per_km2": 5.8675686144797643, "utci_c": 38.5, "p_base": 0.7865, "p_enhanced": 0.8251, "delta_p": 0.0386, "rel_mitigation_pct": -4.91, "risk_level": "extreme", "quadrant": "Q1_双高极危区" }, "geometry": { "type": "Polygon", "coordinates": [ [ [ 121.2, 31.0 ], [ 121.2, 31.01 ], [ 121.21, 31.01 ], [ 121.21, 31.0 ], [ 121.2, 31.0 ] ] ] } },
{ "type": "Feature", "properties": { "grid_id": "r089_c036", "district_name": "松江区", "green_fraction": 0.0072051619146564997, "water_fraction": 0.0031792921253688002, "building_fraction": 0.0148589680357127, "road_km_per_km2": 4.8556411812946676, "utci_c": 38.5, "p_base": 0.7865, "p_enhanced": 0.8237, "delta_p": 0.0373, "rel_mitigation_pct": -4.74, "risk_level": "extreme", "quadrant": "Q1_双高极危区" }, "geometry": { "type": "Polygon", "coordinates": [ [ [ 121.21, 31.0 ], [ 121.21, 31.01 ], [ 121.22, 31.01 ], [ 121.22, 31.0 ], [ 121.21, 31.0 ] ] ] } },
{ "type": "Feature", "properties": { "grid_id": "r089_c037", "district_name": "松江区", "green_fraction": 0.054116873572991497, "water_fraction": 0.0022247213364452998, "building_fraction": 0.027078035906428901, "road_km_per_km2": 8.0097265464949707, "utci_c": 38.45, "p_base": 0.7841, "p_enhanced": 0.8254, "delta_p": 0.0413, "rel_mitigation_pct": -5.26, "risk_level": "extreme", "quadrant": "Q1_双高极危区" }, "geometry": { "type": "Polygon", "coordinates": [ [ [ 121.22, 31.0 ], [ 121.22, 31.01 ], [ 121.23, 31.01 ], [ 121.23, 31.0 ], [ 121.22, 31.0 ] ] ] } },
{ "type": "Feature", "properties": { "grid_id": "r089_c038", "district_name": "松江区", "green_fraction": 0.0081116636916960996, "water_fraction": 0.042273589470389498, "building_fraction": 0.0283889462449003, "road_km_per_km2": 6.6598839472914069, "utci_c": 38.41, "p_base": 0.7825, "p_enhanced": 0.8088, "delta_p": 0.0263, "rel_mitigation_pct": -3.36, "risk_level": "extreme", "quadrant": "Q3_双低安全区" }, "geometry": { "type": "Polygon", "coordinates": [ [ [ 121.23, 31.0 ], [ 121.23, 31.01 ], [ 121.24, 31.01 ], [ 121.24, 31.0 ], [ 121.23, 31.0 ] ] ] } },
{ "type": "Feature", "properties": { "grid_id": "r089_c039", "district_name": "松江区", "green_fraction": 0.142686665971272, "water_fraction": 0.0153312324375392, "building_fraction": 0.039395976099739598, "road_km_per_km2": 5.9809087502458365, "utci_c": 38.29, "p_base": 0.777, "p_enhanced": 0.8234, "delta_p": 0.0464, "rel_mitigation_pct": -5.97, "risk_level": "extreme", "quadrant": "Q4_脆弱敏感区" }, "geometry": { "type": "Polygon", "coordinates": [ [ [ 121.24, 31.0 ], [ 121.24, 31.01 ], [ 121.25, 31.01 ], [ 121.25, 31.0 ], [ 121.24, 31.0 ] ] ] } },
{ "type": "Feature", "properties": { "grid_id": "r089_c045", "district_name": "松江区", "green_fraction": 0.0, "water_fraction": 0.0066373908955132998, "building_fraction": 0.0, "road_km_per_km2": 7.652922773810328, "utci_c": 38.48, "p_base": 0.7856, "p_enhanced": 0.8227, "delta_p": 0.0371, "rel_mitigation_pct": -4.73, "risk_level": "extreme", "quadrant": "Q1_双高极危区" }, "geometry": { "type": "Polygon", "coordinates": [ [ [ 121.3, 31.0 ], [ 121.3, 31.01 ], [ 121.31, 31.01 ], [ 121.31, 31.0 ], [ 121.3, 31.0 ] ] ] } },
{ "type": "Feature", "properties": { "grid_id": "r089_c056", "district_name": "闵行区", "green_fraction": 0.035435426537854697, "water_fraction": 0.0, "building_fraction": 0.22371434265057469, "road_km_per_km2": 8.5525513540982416, "utci_c": 38.78, "p_base": 0.7983, "p_enhanced": 0.8195, "delta_p": 0.0212, "rel_mitigation_pct": -2.65, "risk_level": "extreme", "quadrant": "Q1_双高极危区" }, "geometry": { "type": "Polygon", "coordinates": [ [ [ 121.41, 31.0 ], [ 121.41, 31.01 ], [ 121.42, 31.01 ], [ 121.42, 31.0 ], [ 121.41, 31.0 ] ] ] } },
{ "type": "Feature", "properties": { "grid_id": "r089_c077", "district_name": "浦东新区", "green_fraction": 0.0, "water_fraction": 0.0, "building_fraction": 0.0, "road_km_per_km2": 6.6877198959876809, "utci_c": 38.5, "p_base": 0.7864, "p_enhanced": 0.8251, "delta_p": 0.0387, "rel_mitigation_pct": -4.92, "risk_level": "extreme", "quadrant": "Q1_双高极危区" }, "geometry": { "type": "Polygon", "coordinates": [ [ [ 121.62, 31.0 ], [ 121.62, 31.01 ], [ 121.63, 31.01 ], [ 121.63, 31.0 ], [ 121.62, 31.0 ] ] ] } },
{ "type": "Feature", "properties": { "grid_id": "r091_c047", "district_name": "闵行区", "green_fraction": 0.17252087075933151, "water_fraction": 0.32846471099244978, "building_fraction": 0.0, "road_km_per_km2": 7.889608182538379, "utci_c": 37.3, "p_base": 0.7305, "p_enhanced": 0.6855, "delta_p": -0.045, "rel_mitigation_pct": 6.16, "risk_level": "high", "quadrant": "Q3_双低安全区" }, "geometry": { "type": "Polygon", "coordinates": [ [ [ 121.32, 30.98 ], [ 121.32, 30.99 ], [ 121.33, 30.99 ], [ 121.33, 30.98 ], [ 121.32, 30.98 ] ] ] } },
{ "type": "Feature", "properties": { "grid_id": "r091_c063", "district_name": "奉贤区", "green_fraction": 0.0, "water_fraction": 0.0, "building_fraction": 0.0, "road_km_per_km2": 8.77839019248791, "utci_c": 38.5, "p_base": 0.7864, "p_enhanced": 0.8251, "delta_p": 0.0387, "rel_mitigation_pct": -4.92, "risk_level": "extreme", "quadrant": "Q1_双高极危区" }, "geometry": { "type": "Polygon", "coordinates": [ [ [ 121.48, 30.98 ], [ 121.48, 30.99 ], [ 121.49, 30.99 ], [ 121.49, 30.98 ], [ 121.48, 30.98 ] ] ] } },
{ "type": "Feature", "properties": { "grid_id": "r093_c044", "district_name": "松江区", "green_fraction": 0.1582270808812403, "water_fraction": 0.45781598684997798, "building_fraction": 0.0, "road_km_per_km2": 7.7303096798771058, "utci_c": 36.96, "p_base": 0.7133, "p_enhanced": 0.6121, "delta_p": -0.1013, "rel_mitigation_pct": 14.19, "risk_level": "high", "quadrant": "Q3_双低安全区" }, "geometry": { "type": "Polygon", "coordinates": [ [ [ 121.29, 30.96 ], [ 121.29, 30.97 ], [ 121.3, 30.97 ], [ 121.3, 30.96 ], [ 121.29, 30.96 ] ] ] } },
{ "type": "Feature", "properties": { "grid_id": "r093_c105", "district_name": "浦东新区", "green_fraction": 0.72202799197396161, "water_fraction": 0.1691774048516535, "building_fraction": 0.0, "road_km_per_km2": 6.9679428744942769, "utci_c": 36.87, "p_base": 0.7085, "p_enhanced": 0.7879, "delta_p": 0.0793, "rel_mitigation_pct": -11.2, "risk_level": "extreme", "quadrant": "Q3_双低安全区" }, "geometry": { "type": "Polygon", "coordinates": [ [ [ 121.9, 30.96 ], [ 121.9, 30.97 ], [ 121.91, 30.97 ], [ 121.91, 30.96 ], [ 121.9, 30.96 ] ] ] } },
{ "type": "Feature", "properties": { "grid_id": "r094_c040", "district_name": "松江区", "green_fraction": 0.0, "water_fraction": 0.0, "building_fraction": 0.0, "road_km_per_km2": 9.0249987786731598, "utci_c": 38.5, "p_base": 0.7864, "p_enhanced": 0.8251, "delta_p": 0.0387, "rel_mitigation_pct": -4.92, "risk_level": "extreme", "quadrant": "Q1_双高极危区" }, "geometry": { "type": "Polygon", "coordinates": [ [ [ 121.25, 30.95 ], [ 121.25, 30.96 ], [ 121.26, 30.96 ], [ 121.26, 30.95 ], [ 121.25, 30.95 ] ] ] } },
{ "type": "Feature", "properties": { "grid_id": "r095_c023", "district_name": "松江区", "green_fraction": 0.0, "water_fraction": 0.00020243629553570001, "building_fraction": 0.0077292932464134998, "road_km_per_km2": 8.8166860068330557, "utci_c": 38.51, "p_base": 0.7869, "p_enhanced": 0.8248, "delta_p": 0.0379, "rel_mitigation_pct": -4.82, "risk_level": "extreme", "quadrant": "Q1_双高极危区" }, "geometry": { "type": "Polygon", "coordinates": [ [ [ 121.08, 30.94 ], [ 121.08, 30.95 ], [ 121.09, 30.95 ], [ 121.09, 30.94 ], [ 121.08, 30.94 ] ] ] } },
{ "type": "Feature", "properties": { "grid_id": "r095_c064", "district_name": "奉贤区", "green_fraction": 0.0074453053909140999, "water_fraction": 0.0339591677046895, "building_fraction": 0.0018217470219903001, "road_km_per_km2": 4.9891212453473193, "utci_c": 38.4, "p_base": 0.7818, "p_enhanced": 0.8128, "delta_p": 0.031, "rel_mitigation_pct": -3.96, "risk_level": "extreme", "quadrant": "Q3_双低安全区" }, "geometry": { "type": "Polygon", "coordinates": [ [ [ 121.49, 30.94 ], [ 121.49, 30.95 ], [ 121.5, 30.95 ], [ 121.5, 30.94 ], [ 121.49, 30.94 ] ] ] } },
{ "type": "Feature", "properties": { "grid_id": "r095_c078", "district_name": "奉贤区", "green_fraction": 0.0, "water_fraction": 0.0, "building_fraction": 0.0, "road_km_per_km2": 5.1199335673309037, "utci_c": 38.5, "p_base": 0.7864, "p_enhanced": 0.8251, "delta_p": 0.0387, "rel_mitigation_pct": -4.92, "risk_level": "extreme", "quadrant": "Q1_双高极危区" }, "geometry": { "type": "Polygon", "coordinates": [ [ [ 121.63, 30.94 ], [ 121.63, 30.95 ], [ 121.64, 30.95 ], [ 121.64, 30.94 ], [ 121.63, 30.94 ] ] ] } },
{ "type": "Feature", "properties": { "grid_id": "r095_c105", "district_name": "浦东新区", "green_fraction": 0.18156430551908179, "water_fraction": 0.097385562203368095, "building_fraction": 0.052247660668167002, "road_km_per_km2": 5.8946343082959816, "utci_c": 38.02, "p_base": 0.7646, "p_enhanced": 0.7928, "delta_p": 0.0282, "rel_mitigation_pct": -3.69, "risk_level": "extreme", "quadrant": "Q3_双低安全区" }, "geometry": { "type": "Polygon", "coordinates": [ [ [ 121.9, 30.94 ], [ 121.9, 30.95 ], [ 121.91, 30.95 ], [ 121.91, 30.94 ], [ 121.9, 30.94 ] ] ] } },
{ "type": "Feature", "properties": { "grid_id": "r096_c063", "district_name": "奉贤区", "green_fraction": 0.0073703202567433996, "water_fraction": 0.0077004313337988997, "building_fraction": 0.0022227990486624002, "road_km_per_km2": 12.27599748328163, "utci_c": 38.47, "p_base": 0.7851, "p_enhanced": 0.8225, "delta_p": 0.0374, "rel_mitigation_pct": -4.77, "risk_level": "extreme", "quadrant": "Q1_双高极危区" }, "geometry": { "type": "Polygon", "coordinates": [ [ [ 121.48, 30.93 ], [ 121.48, 30.94 ], [ 121.49, 30.94 ], [ 121.49, 30.93 ], [ 121.48, 30.93 ] ] ] } },
{ "type": "Feature", "properties": { "grid_id": "r096_c064", "district_name": "奉贤区", "green_fraction": 0.34799533666987059, "water_fraction": 0.45872359886648362, "building_fraction": 0.0281862818912289, "road_km_per_km2": 14.580068192795141, "utci_c": 36.7, "p_base": 0.6997, "p_enhanced": 0.6216, "delta_p": -0.0781, "rel_mitigation_pct": 11.16, "risk_level": "high", "quadrant": "Q3_双低安全区" }, "geometry": { "type": "Polygon", "coordinates": [ [ [ 121.49, 30.93 ], [ 121.49, 30.94 ], [ 121.5, 30.94 ], [ 121.5, 30.93 ], [ 121.49, 30.93 ] ] ] } },
{ "type": "Feature", "properties": { "grid_id": "r097_c016", "district_name": "金山区", "green_fraction": 0.0, "water_fraction": 0.0, "building_fraction": 0.0, "road_km_per_km2": 2.0109363369400799, "utci_c": 38.5, "p_base": 0.7864, "p_enhanced": 0.8251, "delta_p": 0.0387, "rel_mitigation_pct": -4.92, "risk_level": "extreme", "quadrant": "Q1_双高极危区" }, "geometry": { "type": "Polygon", "coordinates": [ [ [ 121.01, 30.92 ], [ 121.01, 30.93 ], [ 121.02, 30.93 ], [ 121.02, 30.92 ], [ 121.01, 30.92 ] ] ] } },
{ "type": "Feature", "properties": { "grid_id": "r097_c042", "district_name": "松江区", "green_fraction": 0.0, "water_fraction": 0.0, "building_fraction": 0.0, "road_km_per_km2": 5.7928966848851822, "utci_c": 38.5, "p_base": 0.7864, "p_enhanced": 0.8251, "delta_p": 0.0387, "rel_mitigation_pct": -4.92, "risk_level": "extreme", "quadrant": "Q1_双高极危区" }, "geometry": { "type": "Polygon", "coordinates": [ [ [ 121.27, 30.92 ], [ 121.27, 30.93 ], [ 121.28, 30.93 ], [ 121.28, 30.92 ], [ 121.27, 30.92 ] ] ] } },
{ "type": "Feature", "properties": { "grid_id": "r097_c061", "district_name": "奉贤区", "green_fraction": 0.0955900726710113, "water_fraction": 0.0, "building_fraction": 0.11492772822373511, "road_km_per_km2": 8.8662296126549336, "utci_c": 38.52, "p_base": 0.7872, "p_enhanced": 0.8249, "delta_p": 0.0377, "rel_mitigation_pct": -4.79, "risk_level": "extreme", "quadrant": "Q1_双高极危区" }, "geometry": { "type": "Polygon", "coordinates": [ [ [ 121.46, 30.92 ], [ 121.46, 30.93 ], [ 121.47, 30.93 ], [ 121.47, 30.92 ], [ 121.46, 30.92 ] ] ] } },
{ "type": "Feature", "properties": { "grid_id": "r097_c063", "district_name": "奉贤区", "green_fraction": 0.0046471885827446, "water_fraction": 0.046607845621459698, "building_fraction": 0.052977591044039797, "road_km_per_km2": 11.044046583040634, "utci_c": 38.44, "p_base": 0.7838, "p_enhanced": 0.8061, "delta_p": 0.0223, "rel_mitigation_pct": -2.85, "risk_level": "extreme", "quadrant": "Q2_生态缓冲区" }, "geometry": { "type": "Polygon", "coordinates": [ [ [ 121.48, 30.92 ], [ 121.48, 30.93 ], [ 121.49, 30.93 ], [ 121.49, 30.92 ], [ 121.48, 30.92 ] ] ] } },
{ "type": "Feature", "properties": { "grid_id": "r097_c064", "district_name": "奉贤区", "green_fraction": 0.19109237925048639, "water_fraction": 0.084099381231446793, "building_fraction": 0.0041483046571601997, "road_km_per_km2": 15.626187727301556, "utci_c": 37.96, "p_base": 0.7623, "p_enhanced": 0.8002, "delta_p": 0.038, "rel_mitigation_pct": -4.98, "risk_level": "extreme", "quadrant": "Q3_双低安全区" }, "geometry": { "type": "Polygon", "coordinates": [ [ [ 121.49, 30.92 ], [ 121.49, 30.93 ], [ 121.5, 30.93 ], [ 121.5, 30.92 ], [ 121.49, 30.92 ] ] ] } },
{ "type": "Feature", "properties": { "grid_id": "r097_c072", "district_name": "奉贤区", "green_fraction": 0.0, "water_fraction": 0.0043171407730644004, "building_fraction": 0.074834338817295898, "road_km_per_km2": 8.8108949087835153, "utci_c": 38.6, "p_base": 0.7907, "p_enhanced": 0.8212, "delta_p": 0.0305, "rel_mitigation_pct": -3.86, "risk_level": "extreme", "quadrant": "Q1_双高极危区" }, "geometry": { "type": "Polygon", "coordinates": [ [ [ 121.57, 30.92 ], [ 121.57, 30.93 ], [ 121.58, 30.93 ], [ 121.58, 30.92 ], [ 121.57, 30.92 ] ] ] } },
{ "type": "Feature", "properties": { "grid_id": "r097_c079", "district_name": "奉贤区", "green_fraction": 0.0, "water_fraction": 0.036558227082196998, "building_fraction": 0.0, "road_km_per_km2": 4.1449508125010146, "utci_c": 38.4, "p_base": 0.7819, "p_enhanced": 0.8116, "delta_p": 0.0297, "rel_mitigation_pct": -3.8, "risk_level": "extreme", "quadrant": "Q3_双低安全区" }, "geometry": { "type": "Polygon", "coordinates": [ [ [ 121.64, 30.92 ], [ 121.64, 30.93 ], [ 121.65, 30.93 ], [ 121.65, 30.92 ], [ 121.64, 30.92 ] ] ] } },
{ "type": "Feature", "properties": { "grid_id": "r097_c083", "district_name": "奉贤区", "green_fraction": 0.0, "water_fraction": 0.0333777975801368, "building_fraction": 0.1099919754592999, "road_km_per_km2": 12.114977148439804, "utci_c": 38.57, "p_base": 0.7895, "p_enhanced": 0.8092, "delta_p": 0.0197, "rel_mitigation_pct": -2.5, "risk_level": "extreme", "quadrant": "Q2_生态缓冲区" }, "geometry": { "type": "Polygon", "coordinates": [ [ [ 121.68, 30.92 ], [ 121.68, 30.93 ], [ 121.69, 30.93 ], [ 121.69, 30.92 ], [ 121.68, 30.92 ] ] ] } },
{ "type": "Feature", "properties": { "grid_id": "r097_c105", "district_name": "浦东新区", "green_fraction": 0.065312989448743294, "water_fraction": 0.049544773316642497, "building_fraction": 0.062192809496197203, "road_km_per_km2": 9.0650798414680107, "utci_c": 38.35, "p_base": 0.7798, "p_enhanced": 0.807, "delta_p": 0.0272, "rel_mitigation_pct": -3.49, "risk_level": "extreme", "quadrant": "Q3_双低安全区" }, "geometry": { "type": "Polygon", "coordinates": [ [ [ 121.9, 30.92 ], [ 121.9, 30.93 ], [ 121.91, 30.93 ], [ 121.91, 30.92 ], [ 121.9, 30.92 ] ] ] } },
{ "type": "Feature", "properties": { "grid_id": "r098_c058", "district_name": "奉贤区", "green_fraction": 0.0, "water_fraction": 0.0, "building_fraction": 0.0, "road_km_per_km2": 6.9940443576789111, "utci_c": 38.5, "p_base": 0.7864, "p_enhanced": 0.8251, "delta_p": 0.0387, "rel_mitigation_pct": -4.92, "risk_level": "extreme", "quadrant": "Q1_双高极危区" }, "geometry": { "type": "Polygon", "coordinates": [ [ [ 121.43, 30.91 ], [ 121.43, 30.92 ], [ 121.44, 30.92 ], [ 121.44, 30.91 ], [ 121.43, 30.91 ] ] ] } },
{ "type": "Feature", "properties": { "grid_id": "r098_c060", "district_name": "奉贤区", "green_fraction": 0.039955185765455599, "water_fraction": 0.0, "building_fraction": 0.059265439160856997, "road_km_per_km2": 9.7691473003642244, "utci_c": 38.52, "p_base": 0.7875, "p_enhanced": 0.8247, "delta_p": 0.0372, "rel_mitigation_pct": -4.73, "risk_level": "extreme", "quadrant": "Q1_双高极危区" }, "geometry": { "type": "Polygon", "coordinates": [ [ [ 121.45, 30.91 ], [ 121.45, 30.92 ], [ 121.46, 30.92 ], [ 121.46, 30.91 ], [ 121.45, 30.91 ] ] ] } },
{ "type": "Feature", "properties": { "grid_id": "r098_c079", "district_name": "奉贤区", "green_fraction": 0.0023192725800079, "water_fraction": 0.0, "building_fraction": 0.020385623393456901, "road_km_per_km2": 6.0304261105334556, "utci_c": 38.53, "p_base": 0.7875, "p_enhanced": 0.8246, "delta_p": 0.037, "rel_mitigation_pct": -4.7, "risk_level": "extreme", "quadrant": "Q1_双高极危区" }, "geometry": { "type": "Polygon", "coordinates": [ [ [ 121.64, 30.91 ], [ 121.64, 30.92 ], [ 121.65, 30.92 ], [ 121.65, 30.91 ], [ 121.64, 30.91 ] ] ] } },
{ "type": "Feature", "properties": { "grid_id": "r098_c096", "district_name": "浦东新区", "green_fraction": 0.003632906145684, "water_fraction": 0.023625398030604799, "building_fraction": 0.015370864893817501, "road_km_per_km2": 12.88255941978808, "utci_c": 38.45, "p_base": 0.7842, "p_enhanced": 0.8161, "delta_p": 0.0318, "rel_mitigation_pct": -4.06, "risk_level": "extreme", "quadrant": "Q2_生态缓冲区" }, "geometry": { "type": "Polygon", "coordinates": [ [ [ 121.81, 30.91 ], [ 121.81, 30.92 ], [ 121.82, 30.92 ], [ 121.82, 30.91 ], [ 121.81, 30.91 ] ] ] } },
{ "type": "Feature", "properties": { "grid_id": "r098_c105", "district_name": "浦东新区", "green_fraction": 0.1446973152702743, "water_fraction": 0.1260296764415153, "building_fraction": 0.063357185442953101, "road_km_per_km2": 14.518975452798378, "utci_c": 38.01, "p_base": 0.7644, "p_enhanced": 0.7789, "delta_p": 0.0146, "rel_mitigation_pct": -1.9, "risk_level": "extreme", "quadrant": "Q3_双低安全区" }, "geometry": { "type": "Polygon", "coordinates": [ [ [ 121.9, 30.91 ], [ 121.9, 30.92 ], [ 121.91, 30.92 ], [ 121.91, 30.91 ], [ 121.9, 30.91 ] ] ] } },
{ "type": "Feature", "properties": { "grid_id": "r098_c107", "district_name": "浦东新区", "green_fraction": 0.35397443873276979, "water_fraction": 0.114513884524004, "building_fraction": 0.062281242482992299, "road_km_per_km2": 20.531770643356232, "utci_c": 37.71, "p_base": 0.7501, "p_enhanced": 0.7925, "delta_p": 0.0424, "rel_mitigation_pct": -5.66, "risk_level": "extreme", "quadrant": "Q3_双低安全区" }, "geometry": { "type": "Polygon", "coordinates": [ [ [ 121.92, 30.91 ], [ 121.92, 30.92 ], [ 121.93, 30.92 ], [ 121.93, 30.91 ], [ 121.92, 30.91 ] ] ] } },
{ "type": "Feature", "properties": { "grid_id": "r099_c105", "district_name": "浦东新区", "green_fraction": 0.12706906121090231, "water_fraction": 0.0405703631633915, "building_fraction": 0.067211274760912806, "road_km_per_km2": 13.257047660029579, "utci_c": 38.28, "p_base": 0.7768, "p_enhanced": 0.8126, "delta_p": 0.0357, "rel_mitigation_pct": -4.6, "risk_level": "extreme", "quadrant": "Q3_双低安全区" }, "geometry": { "type": "Polygon", "coordinates": [ [ [ 121.9, 30.9 ], [ 121.9, 30.91 ], [ 121.91, 30.91 ], [ 121.91, 30.9 ], [ 121.9, 30.9 ] ] ] } },
{ "type": "Feature", "properties": { "grid_id": "r099_c106", "district_name": "浦东新区", "green_fraction": 0.32199954979865741, "water_fraction": 0.1281935261848029, "building_fraction": 0.058398167613353799, "road_km_per_km2": 18.302586347801235, "utci_c": 37.71, "p_base": 0.7504, "p_enhanced": 0.7857, "delta_p": 0.0353, "rel_mitigation_pct": -4.7, "risk_level": "extreme", "quadrant": "Q3_双低安全区" }, "geometry": { "type": "Polygon", "coordinates": [ [ [ 121.91, 30.9 ], [ 121.91, 30.91 ], [ 121.92, 30.91 ], [ 121.92, 30.9 ], [ 121.91, 30.9 ] ] ] } },
{ "type": "Feature", "properties": { "grid_id": "r099_c107", "district_name": "浦东新区", "green_fraction": 0.18003157868462821, "water_fraction": 0.38332318541722049, "building_fraction": 0.024928819062551601, "road_km_per_km2": 20.330947779849371, "utci_c": 37.18, "p_base": 0.7241, "p_enhanced": 0.6547, "delta_p": -0.0693, "rel_mitigation_pct": 9.58, "risk_level": "high", "quadrant": "Q3_双低安全区" }, "geometry": { "type": "Polygon", "coordinates": [ [ [ 121.92, 30.9 ], [ 121.92, 30.91 ], [ 121.93, 30.91 ], [ 121.93, 30.9 ], [ 121.92, 30.9 ] ] ] } },
{ "type": "Feature", "properties": { "grid_id": "r100_c026", "district_name": "金山区", "green_fraction": 0.20758876840976881, "water_fraction": 0.061629994053955403, "building_fraction": 0.0, "road_km_per_km2": 10.372268559580313, "utci_c": 38.0, "p_base": 0.7637, "p_enhanced": 0.8098, "delta_p": 0.0461, "rel_mitigation_pct": -6.04, "risk_level": "extreme", "quadrant": "Q3_双低安全区" }, "geometry": { "type": "Polygon", "coordinates": [ [ [ 121.11, 30.89 ], [ 121.11, 30.9 ], [ 121.12, 30.9 ], [ 121.12, 30.89 ], [ 121.11, 30.89 ] ] ] } },
{ "type": "Feature", "properties": { "grid_id": "r100_c031", "district_name": "金山区", "green_fraction": 0.0, "water_fraction": 0.0, "building_fraction": 0.0032686750625693, "road_km_per_km2": 12.286650893037852, "utci_c": 38.5, "p_base": 0.7866, "p_enhanced": 0.825, "delta_p": 0.0384, "rel_mitigation_pct": -4.88, "risk_level": "extreme", "quadrant": "Q1_双高极危区" }, "geometry": { "type": "Polygon", "coordinates": [ [ [ 121.16, 30.89 ], [ 121.16, 30.9 ], [ 121.17, 30.9 ], [ 121.17, 30.89 ], [ 121.16, 30.89 ] ] ] } },
{ "type": "Feature", "properties": { "grid_id": "r100_c105", "district_name": "浦东新区", "green_fraction": 0.0088163486835166997, "water_fraction": 0.030367908354517199, "building_fraction": 0.018377216923705701, "road_km_per_km2": 17.382823848176439, "utci_c": 38.43, "p_base": 0.7832, "p_enhanced": 0.8136, "delta_p": 0.0304, "rel_mitigation_pct": -3.88, "risk_level": "extreme", "quadrant": "Q3_双低安全区" }, "geometry": { "type": "Polygon", "coordinates": [ [ [ 121.9, 30.89 ], [ 121.9, 30.9 ], [ 121.91, 30.9 ], [ 121.91, 30.89 ], [ 121.9, 30.89 ] ] ] } },
{ "type": "Feature", "properties": { "grid_id": "r100_c106", "district_name": "浦东新区", "green_fraction": 0.2960351263133571, "water_fraction": 0.1572883729249141, "building_fraction": 0.054395337590140397, "road_km_per_km2": 17.074947560894792, "utci_c": 37.67, "p_base": 0.7482, "p_enhanced": 0.7723, "delta_p": 0.0241, "rel_mitigation_pct": -3.22, "risk_level": "extreme", "quadrant": "Q3_双低安全区" }, "geometry": { "type": "Polygon", "coordinates": [ [ [ 121.91, 30.89 ], [ 121.91, 30.9 ], [ 121.92, 30.9 ], [ 121.92, 30.89 ], [ 121.91, 30.89 ] ] ] } },
{ "type": "Feature", "properties": { "grid_id": "r100_c107", "district_name": "浦东新区", "green_fraction": 0.17190287135439811, "water_fraction": 0.37841242490962168, "building_fraction": 0.058827318714532, "road_km_per_km2": 18.051496833122162, "utci_c": 37.25, "p_base": 0.728, "p_enhanced": 0.6553, "delta_p": -0.0727, "rel_mitigation_pct": 9.98, "risk_level": "high", "quadrant": "Q3_双低安全区" }, "geometry": { "type": "Polygon", "coordinates": [ [ [ 121.92, 30.89 ], [ 121.92, 30.9 ], [ 121.93, 30.9 ], [ 121.93, 30.89 ], [ 121.92, 30.89 ] ] ] } },
{ "type": "Feature", "properties": { "grid_id": "r101_c015", "district_name": "金山区", "green_fraction": 0.094171846556671407, "water_fraction": 0.0060978830412172997, "building_fraction": 0.052163289095339203, "road_km_per_km2": 7.7210550509008664, "utci_c": 38.41, "p_base": 0.7825, "p_enhanced": 0.8246, "delta_p": 0.0421, "rel_mitigation_pct": -5.39, "risk_level": "extreme", "quadrant": "Q4_脆弱敏感区" }, "geometry": { "type": "Polygon", "coordinates": [ [ [ 121.0, 30.89 ], [ 121.01, 30.89 ], [ 121.01, 30.88 ], [ 121.009636661499187, 30.88 ], [ 121.000885, 30.888693 ], [ 121.0, 30.88899443945634 ], [ 121.0, 30.89 ] ] ] } },
{ "type": "Feature", "properties": { "grid_id": "r101_c016", "district_name": "金山区", "green_fraction": 0.1147089920432942, "water_fraction": 0.041703313945357798, "building_fraction": 0.0010644050408768, "road_km_per_km2": 10.207714002474564, "utci_c": 38.2, "p_base": 0.7731, "p_enhanced": 0.8138, "delta_p": 0.0407, "rel_mitigation_pct": -5.27, "risk_level": "extreme", "quadrant": "Q3_双低安全区" }, "geometry": { "type": "Polygon", "coordinates": [ [ [ 121.01, 30.88 ], [ 121.01, 30.89 ], [ 121.02, 30.89 ], [ 121.02, 30.88 ], [ 121.01, 30.88 ] ] ] } },
{ "type": "Feature", "properties": { "grid_id": "r101_c024", "district_name": "金山区", "green_fraction": 0.0, "water_fraction": 0.0474708148318339, "building_fraction": 0.033748818769816197, "road_km_per_km2": 10.226474576231508, "utci_c": 38.42, "p_base": 0.7828, "p_enhanced": 0.8063, "delta_p": 0.0235, "rel_mitigation_pct": -3.0, "risk_level": "extreme", "quadrant": "Q3_双低安全区" }, "geometry": { "type": "Polygon", "coordinates": [ [ [ 121.09, 30.88 ], [ 121.09, 30.89 ], [ 121.1, 30.89 ], [ 121.1, 30.88 ], [ 121.09, 30.88 ] ] ] } },
{ "type": "Feature", "properties": { "grid_id": "r101_c031", "district_name": "金山区", "green_fraction": 0.0028896597728566998, "water_fraction": 0.0, "building_fraction": 0.0081345343521787, "road_km_per_km2": 9.1942422482748487, "utci_c": 38.51, "p_base": 0.7867, "p_enhanced": 0.8249, "delta_p": 0.0382, "rel_mitigation_pct": -4.86, "risk_level": "extreme", "quadrant": "Q1_双高极危区" }, "geometry": { "type": "Polygon", "coordinates": [ [ [ 121.16, 30.88 ], [ 121.16, 30.89 ], [ 121.17, 30.89 ], [ 121.17, 30.88 ], [ 121.16, 30.88 ] ] ] } },
{ "type": "Feature", "properties": { "grid_id": "r101_c054", "district_name": "奉贤区", "green_fraction": 0.0, "water_fraction": 0.0, "building_fraction": 0.0, "road_km_per_km2": 6.6695845487870757, "utci_c": 38.5, "p_base": 0.7864, "p_enhanced": 0.8251, "delta_p": 0.0387, "rel_mitigation_pct": -4.92, "risk_level": "extreme", "quadrant": "Q1_双高极危区" }, "geometry": { "type": "Polygon", "coordinates": [ [ [ 121.39, 30.88 ], [ 121.39, 30.89 ], [ 121.4, 30.89 ], [ 121.4, 30.88 ], [ 121.39, 30.88 ] ] ] } },
{ "type": "Feature", "properties": { "grid_id": "r101_c105", "district_name": "浦东新区", "green_fraction": 0.0201769304992531, "water_fraction": 0.54618239677128333, "building_fraction": 0.0155253041734563, "road_km_per_km2": 10.478759832267089, "utci_c": 36.96, "p_base": 0.7132, "p_enhanced": 0.5497, "delta_p": -0.1635, "rel_mitigation_pct": 22.92, "risk_level": "high", "quadrant": "Q3_双低安全区" }, "geometry": { "type": "Polygon", "coordinates": [ [ [ 121.9, 30.88 ], [ 121.9, 30.89 ], [ 121.91, 30.89 ], [ 121.91, 30.88 ], [ 121.9, 30.88 ] ] ] } },
{ "type": "Feature", "properties": { "grid_id": "r101_c106", "district_name": "浦东新区", "green_fraction": 0.047019430279534501, "water_fraction": 0.074132843775970195, "building_fraction": 0.0210399388557343, "road_km_per_km2": 15.294798117479711, "utci_c": 38.25, "p_base": 0.7752, "p_enhanced": 0.798, "delta_p": 0.0227, "rel_mitigation_pct": -2.93, "risk_level": "extreme", "quadrant": "Q3_双低安全区" }, "geometry": { "type": "Polygon", "coordinates": [ [ [ 121.91, 30.88 ], [ 121.91, 30.89 ], [ 121.92, 30.89 ], [ 121.92, 30.88 ], [ 121.91, 30.88 ] ] ] } },
{ "type": "Feature", "properties": { "grid_id": "r102_c100", "district_name": "浦东新区", "green_fraction": 0.00094828603331759999, "water_fraction": 0.058927278945089499, "building_fraction": 0.053577344029646597, "road_km_per_km2": 9.3123172817978475, "utci_c": 38.41, "p_base": 0.7826, "p_enhanced": 0.8011, "delta_p": 0.0185, "rel_mitigation_pct": -2.37, "risk_level": "extreme", "quadrant": "Q3_双低安全区" }, "geometry": { "type": "Polygon", "coordinates": [ [ [ 121.85, 30.87 ], [ 121.85, 30.88 ], [ 121.86, 30.88 ], [ 121.86, 30.87 ], [ 121.85, 30.87 ] ] ] } },
{ "type": "Feature", "properties": { "grid_id": "r102_c105", "district_name": "浦东新区", "green_fraction": 0.0260254970920154, "water_fraction": 0.10791597919501621, "building_fraction": 0.1105679474340262, "road_km_per_km2": 17.211247630814832, "utci_c": 38.32, "p_base": 0.7785, "p_enhanced": 0.78, "delta_p": 0.0014, "rel_mitigation_pct": -0.18, "risk_level": "extreme", "quadrant": "Q3_双低安全区" }, "geometry": { "type": "Polygon", "coordinates": [ [ [ 121.9, 30.87 ], [ 121.9, 30.88 ], [ 121.91, 30.88 ], [ 121.91, 30.87 ], [ 121.9, 30.87 ] ] ] } },
{ "type": "Feature", "properties": { "grid_id": "r103_c073", "district_name": "奉贤区", "green_fraction": 0.3657619449913776, "water_fraction": 0.036821679385142997, "building_fraction": 0.0247125542715569, "road_km_per_km2": 3.1280371990276961, "utci_c": 37.85, "p_base": 0.7568, "p_enhanced": 0.824, "delta_p": 0.0672, "rel_mitigation_pct": -8.88, "risk_level": "extreme", "quadrant": "Q4_脆弱敏感区" }, "geometry": { "type": "Polygon", "coordinates": [ [ [ 121.58, 30.86 ], [ 121.58, 30.87 ], [ 121.59, 30.87 ], [ 121.59, 30.86 ], [ 121.58, 30.86 ] ] ] } },
{ "type": "Feature", "properties": { "grid_id": "r103_c083", "district_name": "奉贤区", "green_fraction": 0.92437967846875102, "water_fraction": 0.2253598849573783, "building_fraction": 0.0, "road_km_per_km2": 8.6414510857936691, "utci_c": 36.39, "p_base": 0.6832, "p_enhanced": 0.7732, "delta_p": 0.09, "rel_mitigation_pct": -13.17, "risk_level": "extreme", "quadrant": "Q3_双低安全区" }, "geometry": { "type": "Polygon", "coordinates": [ [ [ 121.68, 30.86 ], [ 121.68, 30.87 ], [ 121.69, 30.87 ], [ 121.69, 30.86 ], [ 121.68, 30.86 ] ] ] } },
{ "type": "Feature", "properties": { "grid_id": "r103_c105", "district_name": "浦东新区", "green_fraction": 0.0, "water_fraction": 0.084639470020067095, "building_fraction": 0.013672926920437501, "road_km_per_km2": 11.60167733817867, "utci_c": 38.28, "p_base": 0.7768, "p_enhanced": 0.7921, "delta_p": 0.0153, "rel_mitigation_pct": -1.97, "risk_level": "extreme", "quadrant": "Q3_双低安全区" }, "geometry": { "type": "Polygon", "coordinates": [ [ [ 121.9, 30.86 ], [ 121.9, 30.87 ], [ 121.91, 30.87 ], [ 121.91, 30.86 ], [ 121.9, 30.86 ] ] ] } },
{ "type": "Feature", "properties": { "grid_id": "r104_c104", "district_name": "浦东新区", "green_fraction": 0.0, "water_fraction": 0.0, "building_fraction": 0.073027682833803703, "road_km_per_km2": 6.1059669979447291, "utci_c": 38.61, "p_base": 0.7911, "p_enhanced": 0.8229, "delta_p": 0.0317, "rel_mitigation_pct": -4.01, "risk_level": "extreme", "quadrant": "Q1_双高极危区" }, "geometry": { "type": "Polygon", "coordinates": [ [ [ 121.89, 30.85 ], [ 121.89, 30.86 ], [ 121.9, 30.86 ], [ 121.9, 30.853630144188088 ], [ 121.890915214312727, 30.85 ], [ 121.89, 30.85 ] ] ] } },
{ "type": "Feature", "properties": { "grid_id": "r106_c036", "district_name": "金山区", "green_fraction": 0.0, "water_fraction": 0.0, "building_fraction": 0.0, "road_km_per_km2": 4.4385208547039605, "utci_c": 38.5, "p_base": 0.7864, "p_enhanced": 0.8251, "delta_p": 0.0387, "rel_mitigation_pct": -4.92, "risk_level": "extreme", "quadrant": "Q1_双高极危区" }, "geometry": { "type": "Polygon", "coordinates": [ [ [ 121.21, 30.83 ], [ 121.21, 30.84 ], [ 121.22, 30.84 ], [ 121.22, 30.83 ], [ 121.21, 30.83 ] ] ] } },
{ "type": "Feature", "properties": { "grid_id": "r107_c067", "district_name": "奉贤区", "green_fraction": 0.095920739634520594, "water_fraction": 0.1101119877649008, "building_fraction": 0.0014623970083433001, "road_km_per_km2": 5.3544319817448933, "utci_c": 38.04, "p_base": 0.7658, "p_enhanced": 0.7859, "delta_p": 0.0201, "rel_mitigation_pct": -2.63, "risk_level": "extreme", "quadrant": "Q3_双低安全区" }, "geometry": { "type": "Polygon", "coordinates": [ [ [ 121.52, 30.82 ], [ 121.52, 30.83 ], [ 121.53, 30.83 ], [ 121.53, 30.82 ], [ 121.52, 30.82 ] ] ] } },
{ "type": "Feature", "properties": { "grid_id": "r107_c069", "district_name": "奉贤区", "green_fraction": 0.0, "water_fraction": 0.20866247085575751, "building_fraction": 0.0, "road_km_per_km2": 3.9109549424746799, "utci_c": 37.92, "p_base": 0.76, "p_enhanced": 0.7374, "delta_p": -0.0226, "rel_mitigation_pct": 2.97, "risk_level": "extreme", "quadrant": "Q3_双低安全区" }, "geometry": { "type": "Polygon", "coordinates": [ [ [ 121.54, 30.82 ], [ 121.54, 30.83 ], [ 121.55, 30.83 ], [ 121.55, 30.82 ], [ 121.54, 30.82 ] ] ] } },
{ "type": "Feature", "properties": { "grid_id": "r107_c071", "district_name": "奉贤区", "green_fraction": 0.0, "water_fraction": 0.39860186494962901, "building_fraction": 0.0, "road_km_per_km2": 1.1792127621162662, "utci_c": 37.38, "p_base": 0.7344, "p_enhanced": 0.6369, "delta_p": -0.0975, "rel_mitigation_pct": 13.28, "risk_level": "high", "quadrant": "Q3_双低安全区" }, "geometry": { "type": "Polygon", "coordinates": [ [ [ 121.56, 30.83 ], [ 121.57, 30.83 ], [ 121.57, 30.822688356210076 ], [ 121.56, 30.820011403665251 ], [ 121.56, 30.83 ] ] ] } },
{ "type": "Feature", "properties": { "grid_id": "r108_c066", "district_name": "奉贤区", "green_fraction": 0.0019533217261530999, "water_fraction": 0.0, "building_fraction": 0.0045611309391455999, "road_km_per_km2": 4.3500478466772794, "utci_c": 38.5, "p_base": 0.7865, "p_enhanced": 0.825, "delta_p": 0.0385, "rel_mitigation_pct": -4.89, "risk_level": "extreme", "quadrant": "Q1_双高极危区" }, "geometry": { "type": "Polygon", "coordinates": [ [ [ 121.51, 30.81 ], [ 121.51, 30.82 ], [ 121.52, 30.82 ], [ 121.52, 30.81 ], [ 121.51, 30.81 ] ] ] } },
{ "type": "Feature", "properties": { "grid_id": "r109_c043", "district_name": "金山区", "green_fraction": 0.000180003183097, "water_fraction": 0.022112597451014002, "building_fraction": 0.0022243796792992001, "road_km_per_km2": 8.9042888045606237, "utci_c": 38.44, "p_base": 0.7838, "p_enhanced": 0.8169, "delta_p": 0.0331, "rel_mitigation_pct": -4.23, "risk_level": "extreme", "quadrant": "Q2_生态缓冲区" }, "geometry": { "type": "Polygon", "coordinates": [ [ [ 121.28, 30.8 ], [ 121.28, 30.81 ], [ 121.29, 30.81 ], [ 121.29, 30.8 ], [ 121.28, 30.8 ] ] ] } },
{ "type": "Feature", "properties": { "grid_id": "r110_c049", "district_name": "金山区", "green_fraction": 0.0, "water_fraction": 0.0, "building_fraction": 0.0043939995693881, "road_km_per_km2": 6.7417056735811203, "utci_c": 38.51, "p_base": 0.7867, "p_enhanced": 0.825, "delta_p": 0.0383, "rel_mitigation_pct": -4.87, "risk_level": "extreme", "quadrant": "Q1_双高极危区" }, "geometry": { "type": "Polygon", "coordinates": [ [ [ 121.34, 30.79 ], [ 121.34, 30.8 ], [ 121.35, 30.8 ], [ 121.35, 30.79 ], [ 121.34, 30.79 ] ] ] } },
{ "type": "Feature", "properties": { "grid_id": "r111_c030", "district_name": "金山区", "green_fraction": 0.4175900464110695, "water_fraction": 0.038898495430348103, "building_fraction": 0.0002680152945108, "road_km_per_km2": 6.0865154332672216, "utci_c": 37.72, "p_base": 0.7509, "p_enhanced": 0.8259, "delta_p": 0.075, "rel_mitigation_pct": -9.99, "risk_level": "extreme", "quadrant": "Q4_脆弱敏感区" }, "geometry": { "type": "Polygon", "coordinates": [ [ [ 121.15, 30.79 ], [ 121.16, 30.79 ], [ 121.16, 30.784387277932964 ], [ 121.154579, 30.786594 ], [ 121.15, 30.785769805516857 ], [ 121.15, 30.79 ] ] ] } },
{ "type": "Feature", "properties": { "grid_id": "r115_c049", "district_name": "金山区", "green_fraction": 0.21203388778706311, "water_fraction": 0.0511726868426211, "building_fraction": 0.034336750621306103, "road_km_per_km2": 9.7558248572308077, "utci_c": 38.07, "p_base": 0.7671, "p_enhanced": 0.8128, "delta_p": 0.0457, "rel_mitigation_pct": -5.96, "risk_level": "extreme", "quadrant": "Q3_双低安全区" }, "geometry": { "type": "Polygon", "coordinates": [ [ [ 121.34, 30.74 ], [ 121.34, 30.75 ], [ 121.35, 30.75 ], [ 121.35, 30.74 ], [ 121.34, 30.74 ] ] ] } },
{ "type": "Feature", "properties": { "grid_id": "r116_c049", "district_name": "金山区", "green_fraction": 0.062636358909715403, "water_fraction": 0.023123331753815101, "building_fraction": 0.0167045188119995, "road_km_per_km2": 7.4088282301849882, "utci_c": 38.36, "p_base": 0.7802, "p_enhanced": 0.8184, "delta_p": 0.0381, "rel_mitigation_pct": -4.89, "risk_level": "extreme", "quadrant": "Q4_脆弱敏感区" }, "geometry": { "type": "Polygon", "coordinates": [ [ [ 121.34, 30.73 ], [ 121.34, 30.74 ], [ 121.35, 30.74 ], [ 121.35, 30.73 ], [ 121.34, 30.73 ] ] ] } },
{ "type": "Feature", "properties": { "grid_id": "r116_c050", "district_name": "金山区", "green_fraction": 0.0, "water_fraction": 0.0, "building_fraction": 0.0148997192860212, "road_km_per_km2": 10.123946274263757, "utci_c": 38.52, "p_base": 0.7874, "p_enhanced": 0.8246, "delta_p": 0.0373, "rel_mitigation_pct": -4.74, "risk_level": "extreme", "quadrant": "Q1_双高极危区" }, "geometry": { "type": "Polygon", "coordinates": [ [ [ 121.35, 30.73 ], [ 121.35, 30.74 ], [ 121.36, 30.74 ], [ 121.36, 30.73 ], [ 121.35, 30.73 ] ] ] } },
{ "type": "Feature", "properties": { "grid_id": "r116_c051", "district_name": "金山区", "green_fraction": 0.16754666444582841, "water_fraction": 0.032709851948475303, "building_fraction": 0.039731370307694698, "road_km_per_km2": 9.2387575207914701, "utci_c": 38.2, "p_base": 0.773, "p_enhanced": 0.8179, "delta_p": 0.0448, "rel_mitigation_pct": -5.8, "risk_level": "extreme", "quadrant": "Q4_脆弱敏感区" }, "geometry": { "type": "Polygon", "coordinates": [ [ [ 121.36, 30.73 ], [ 121.36, 30.74 ], [ 121.37, 30.74 ], [ 121.37, 30.73 ], [ 121.36, 30.73 ] ] ] } },
{ "type": "Feature", "properties": { "grid_id": "r118_c049", "district_name": "金山区", "green_fraction": 0.025255068212719799, "water_fraction": 0.087559852036802804, "building_fraction": 0.0036049645039747998, "road_km_per_km2": 6.6090475657262964, "utci_c": 38.22, "p_base": 0.7739, "p_enhanced": 0.7923, "delta_p": 0.0183, "rel_mitigation_pct": -2.37, "risk_level": "extreme", "quadrant": "Q3_双低安全区" }, "geometry": { "type": "Polygon", "coordinates": [ [ [ 121.34, 30.71 ], [ 121.34, 30.72 ], [ 121.35, 30.72 ], [ 121.35, 30.71051391093382 ], [ 121.349202078789716, 30.71 ], [ 121.34, 30.71 ] ] ] } },
{ "type": "Feature", "properties": { "grid_id": "r119_c048", "district_name": "金山区", "green_fraction": 0.0070953264780155003, "water_fraction": 0.37818134073954529, "building_fraction": 0.0033434898808159001, "road_km_per_km2": 11.361452761800235, "utci_c": 37.43, "p_base": 0.7369, "p_enhanced": 0.6488, "delta_p": -0.0882, "rel_mitigation_pct": 11.96, "risk_level": "high", "quadrant": "Q3_双低安全区" }, "geometry": { "type": "Polygon", "coordinates": [ [ [ 121.33, 30.7 ], [ 121.33, 30.71 ], [ 121.34, 30.71 ], [ 121.34, 30.704073288386077 ], [ 121.333675629403999, 30.7 ], [ 121.33, 30.7 ] ] ] } },
{ "type": "Feature", "properties": { "grid_id": "r119_c049", "district_name": "金山区", "green_fraction": 0.18807783949778539, "water_fraction": 0.42223446828198069, "building_fraction": 0.0, "road_km_per_km2": 4.2066163303522881, "utci_c": 37.02, "p_base": 0.716, "p_enhanced": 0.6345, "delta_p": -0.0815, "rel_mitigation_pct": 11.39, "risk_level": "high", "quadrant": "Q3_双低安全区" }, "geometry": { "type": "Polygon", "coordinates": [ [ [ 121.34, 30.71 ], [ 121.349202078789716, 30.71 ], [ 121.34, 30.704073288386077 ], [ 121.34, 30.71 ] ] ] } }
]
}
